scenario,lens_angle_deg,horizontal_angle_deg,theta_deg,phi_deg,gain_db
Simul_-45deg,-45,-180.00000000,90.00000000,-180.00000000,-4.21402073
Simul_-45deg,-45,-179.63998413,90.00000000,-179.63998413,-4.37205410
Simul_-45deg,-45,-179.27998352,90.00000000,-179.27998352,-4.53171635
Simul_-45deg,-45,-178.91999817,90.00000000,-178.91999817,-4.69296646
Simul_-45deg,-45,-178.55998230,90.00000000,-178.55998230,-4.85575724
Simul_-45deg,-45,-178.19999695,90.00000000,-178.19999695,-5.02002335
Simul_-45deg,-45,-177.83999634,90.00000000,-177.83999634,-5.17282677
Simul_-45deg,-45,-177.47999573,90.00000000,-177.47999573,-5.30674982
Simul_-45deg,-45,-177.11999512,90.00000000,-177.11999512,-5.43589354
Simul_-45deg,-45,-176.75997925,90.00000000,-176.75997925,-5.55968237
Simul_-45deg,-45,-176.39999390,90.00000000,-176.39999390,-5.67753601
Simul_-45deg,-45,-176.03999329,90.00000000,-176.03999329,-5.78886127
Simul_-45deg,-45,-175.67999268,90.00000000,-175.67999268,-5.90147114
Simul_-45deg,-45,-175.31999207,90.00000000,-175.31999207,-6.00110006
Simul_-45deg,-45,-174.95999146,90.00000000,-174.95999146,-6.08524752
Simul_-45deg,-45,-174.59999084,90.00000000,-174.59999084,-6.15296125
Simul_-45deg,-45,-174.23999023,90.00000000,-174.23999023,-6.20344543
Simul_-45deg,-45,-173.87998962,90.00000000,-173.87998962,-6.26593590
Simul_-45deg,-45,-173.51998901,90.00000000,-173.51998901,-6.36380959
Simul_-45deg,-45,-173.15998840,90.00000000,-173.15998840,-6.43280745
Simul_-45deg,-45,-172.79998779,90.00000000,-172.79998779,-6.47150707
Simul_-45deg,-45,-172.43998718,90.00000000,-172.43998718,-6.47908688
Simul_-45deg,-45,-172.08000183,90.00000000,-172.08000183,-6.45538712
Simul_-45deg,-45,-171.71998596,90.00000000,-171.71998596,-6.50848007
Simul_-45deg,-45,-171.35998535,90.00000000,-171.35998535,-6.54304314
Simul_-45deg,-45,-170.99998474,90.00000000,-170.99998474,-6.52493000
Simul_-45deg,-45,-170.63998413,90.00000000,-170.63998413,-6.45479488
Simul_-45deg,-45,-170.27999878,90.00000000,-170.27999878,-6.33510780
Simul_-45deg,-45,-169.91998291,90.00000000,-169.91998291,-6.19976234
Simul_-45deg,-45,-169.55999756,90.00000000,-169.55999756,-6.10940647
Simul_-45deg,-45,-169.19999695,90.00000000,-169.19999695,-5.95215988
Simul_-45deg,-45,-168.83998108,90.00000000,-168.83998108,-5.73505640
Simul_-45deg,-45,-168.47999573,90.00000000,-168.47999573,-5.46687841
Simul_-45deg,-45,-168.11999512,90.00000000,-168.11999512,-5.15714645
Simul_-45deg,-45,-167.75999451,90.00000000,-167.75999451,-4.89316177
Simul_-45deg,-45,-167.39999390,90.00000000,-167.39999390,-4.62514067
Simul_-45deg,-45,-167.03997803,90.00000000,-167.03997803,-4.31906509
Simul_-45deg,-45,-166.67999268,90.00000000,-166.67999268,-3.98352909
Simul_-45deg,-45,-166.31999207,90.00000000,-166.31999207,-3.62635565
Simul_-45deg,-45,-165.95999146,90.00000000,-165.95999146,-3.27144432
Simul_-45deg,-45,-165.59999084,90.00000000,-165.59999084,-3.03589606
Simul_-45deg,-45,-165.23999023,90.00000000,-165.23999023,-2.78152347
Simul_-45deg,-45,-164.87998962,90.00000000,-164.87998962,-2.51214838
Simul_-45deg,-45,-164.51998901,90.00000000,-164.51998901,-2.23125839
Simul_-45deg,-45,-164.15998840,90.00000000,-164.15998840,-1.94196236
Simul_-45deg,-45,-163.79998779,90.00000000,-163.79998779,-1.74961817
Simul_-45deg,-45,-163.44000244,90.00000000,-163.44000244,-1.62934780
Simul_-45deg,-45,-163.07998657,90.00000000,-163.07998657,-1.49828601
Simul_-45deg,-45,-162.71998596,90.00000000,-162.71998596,-1.35748005
Simul_-45deg,-45,-162.36000061,90.00000000,-162.36000061,-1.20797598
Simul_-45deg,-45,-161.99998474,90.00000000,-161.99998474,-1.05079055
Simul_-45deg,-45,-161.63999939,90.00000000,-161.63999939,-1.08492160
Simul_-45deg,-45,-161.27999878,90.00000000,-161.27999878,-1.11046660
Simul_-45deg,-45,-160.91998291,90.00000000,-160.91998291,-1.12726855
Simul_-45deg,-45,-160.55999756,90.00000000,-160.55999756,-1.13522637
Simul_-45deg,-45,-160.19998169,90.00000000,-160.19998169,-1.13429141
Simul_-45deg,-45,-159.83999634,90.00000000,-159.83999634,-1.21057367
Simul_-45deg,-45,-159.47999573,90.00000000,-159.47999573,-1.38757408
Simul_-45deg,-45,-159.11997986,90.00000000,-159.11997986,-1.55751050
Simul_-45deg,-45,-158.75999451,90.00000000,-158.75999451,-1.71922755
Simul_-45deg,-45,-158.39999390,90.00000000,-158.39999390,-1.87152851
Simul_-45deg,-45,-158.03999329,90.00000000,-158.03999329,-2.01316428
Simul_-45deg,-45,-157.67999268,90.00000000,-157.67999268,-2.30556107
Simul_-45deg,-45,-157.31999207,90.00000000,-157.31999207,-2.61001325
Simul_-45deg,-45,-156.95999146,90.00000000,-156.95999146,-2.90305591
Simul_-45deg,-45,-156.59999084,90.00000000,-156.59999084,-3.18065548
Simul_-45deg,-45,-156.23999023,90.00000000,-156.23999023,-3.43829012
Simul_-45deg,-45,-155.87998962,90.00000000,-155.87998962,-3.72930384
Simul_-45deg,-45,-155.52000427,90.00000000,-155.52000427,-4.11329842
Simul_-45deg,-45,-155.15998840,90.00000000,-155.15998840,-4.46863747
Simul_-45deg,-45,-154.79998779,90.00000000,-154.79998779,-4.78470755
Simul_-45deg,-45,-154.43998718,90.00000000,-154.43998718,-5.05010176
Simul_-45deg,-45,-154.07998657,90.00000000,-154.07998657,-5.25367022
Simul_-45deg,-45,-153.72000122,90.00000000,-153.72000122,-5.54636526
Simul_-45deg,-45,-153.35998535,90.00000000,-153.35998535,-5.82194901
Simul_-45deg,-45,-152.99998474,90.00000000,-152.99998474,-6.02328587
Simul_-45deg,-45,-152.63999939,90.00000000,-152.63999939,-6.13894892
Simul_-45deg,-45,-152.27998352,90.00000000,-152.27998352,-6.16180897
Simul_-45deg,-45,-151.91999817,90.00000000,-151.91999817,-6.15702391
Simul_-45deg,-45,-151.55999756,90.00000000,-151.55999756,-6.31024170
Simul_-45deg,-45,-151.19998169,90.00000000,-151.19998169,-6.39449024
Simul_-45deg,-45,-150.83999634,90.00000000,-150.83999634,-6.40564346
Simul_-45deg,-45,-150.47998047,90.00000000,-150.47998047,-6.34314299
Simul_-45deg,-45,-150.11999512,90.00000000,-150.11999512,-6.21008968
Simul_-45deg,-45,-149.75999451,90.00000000,-149.75999451,-6.28440809
Simul_-45deg,-45,-149.39999390,90.00000000,-149.39999390,-6.44815731
Simul_-45deg,-45,-149.03999329,90.00000000,-149.03999329,-6.56372356
Simul_-45deg,-45,-148.67999268,90.00000000,-148.67999268,-6.62702990
Simul_-45deg,-45,-148.31999207,90.00000000,-148.31999207,-6.63574600
Simul_-45deg,-45,-147.95999146,90.00000000,-147.95999146,-6.63687897
Simul_-45deg,-45,-147.59999084,90.00000000,-147.59999084,-6.97418928
Simul_-45deg,-45,-147.23999023,90.00000000,-147.23999023,-7.27118874
Simul_-45deg,-45,-146.87998962,90.00000000,-146.87998962,-7.51721954
Simul_-45deg,-45,-146.51998901,90.00000000,-146.51998901,-7.70204067
Simul_-45deg,-45,-146.15998840,90.00000000,-146.15998840,-7.81704903
Simul_-45deg,-45,-145.80000305,90.00000000,-145.80000305,-8.07416058
Simul_-45deg,-45,-145.43998718,90.00000000,-145.43998718,-8.43476868
Simul_-45deg,-45,-145.07998657,90.00000000,-145.07998657,-8.70854473
Simul_-45deg,-45,-144.72000122,90.00000000,-144.72000122,-8.87644768
Simul_-45deg,-45,-144.35998535,90.00000000,-144.35998535,-8.92539883
Simul_-45deg,-45,-144.00000000,90.00000000,-144.00000000,-8.85135269
Simul_-45deg,-45,-143.63998413,90.00000000,-143.63998413,-9.06633282
Simul_-45deg,-45,-143.27999878,90.00000000,-143.27999878,-9.15209770
Simul_-45deg,-45,-142.91999817,90.00000000,-142.91999817,-9.10085583
Simul_-45deg,-45,-142.55998230,90.00000000,-142.55998230,-8.91730309
Simul_-45deg,-45,-142.19999695,90.00000000,-142.19999695,-8.61729527
Simul_-45deg,-45,-141.83999634,90.00000000,-141.83999634,-8.42546749
Simul_-45deg,-45,-141.47999573,90.00000000,-141.47999573,-8.38016033
Simul_-45deg,-45,-141.11999512,90.00000000,-141.11999512,-8.22332478
Simul_-45deg,-45,-140.75997925,90.00000000,-140.75997925,-7.96646786
Simul_-45deg,-45,-140.39999390,90.00000000,-140.39999390,-7.62651396
Simul_-45deg,-45,-140.03999329,90.00000000,-140.03999329,-7.22253609
Simul_-45deg,-45,-139.67999268,90.00000000,-139.67999268,-7.10898018
Simul_-45deg,-45,-139.31999207,90.00000000,-139.31999207,-6.95489788
Simul_-45deg,-45,-138.95999146,90.00000000,-138.95999146,-6.72425842
Simul_-45deg,-45,-138.59999084,90.00000000,-138.59999084,-6.42885303
Simul_-45deg,-45,-138.23999023,90.00000000,-138.23999023,-6.08177185
Simul_-45deg,-45,-137.87998962,90.00000000,-137.87998962,-5.78940392
Simul_-45deg,-45,-137.51998901,90.00000000,-137.51998901,-5.62903023
Simul_-45deg,-45,-137.16000366,90.00000000,-137.16000366,-5.40822601
Simul_-45deg,-45,-136.79998779,90.00000000,-136.79998779,-5.13599348
Simul_-45deg,-45,-136.43998718,90.00000000,-136.43998718,-4.82208776
Simul_-45deg,-45,-136.08000183,90.00000000,-136.08000183,-4.47606468
Simul_-45deg,-45,-135.71998596,90.00000000,-135.71998596,-4.23958683
Simul_-45deg,-45,-135.36000061,90.00000000,-135.36000061,-3.99889684
Simul_-45deg,-45,-135.00000000,90.00000000,-135.00000000,-3.72030926
Simul_-45deg,-45,-134.63998413,90.00000000,-134.63998413,-3.41146326
Simul_-45deg,-45,-134.27999878,90.00000000,-134.27999878,-3.07957792
Simul_-45deg,-45,-133.91998291,90.00000000,-133.91998291,-2.75735831
Simul_-45deg,-45,-133.55999756,90.00000000,-133.55999756,-2.50432229
Simul_-45deg,-45,-133.19999695,90.00000000,-133.19999695,-2.22644711
Simul_-45deg,-45,-132.83998108,90.00000000,-132.83998108,-1.92909312
Simul_-45deg,-45,-132.47999573,90.00000000,-132.47999573,-1.61713576
Simul_-45deg,-45,-132.11999512,90.00000000,-132.11999512,-1.29481900
Simul_-45deg,-45,-131.75999451,90.00000000,-131.75999451,-1.03457069
Simul_-45deg,-45,-131.39999390,90.00000000,-131.39999390,-0.79485440
Simul_-45deg,-45,-131.03999329,90.00000000,-131.03999329,-0.54232144
Simul_-45deg,-45,-130.67999268,90.00000000,-130.67999268,-0.27981180
Simul_-45deg,-45,-130.31999207,90.00000000,-130.31999207,-0.00984134
Simul_-45deg,-45,-129.95999146,90.00000000,-129.95999146,0.25181571
Simul_-45deg,-45,-129.59999084,90.00000000,-129.59999084,0.41365865
Simul_-45deg,-45,-129.24000549,90.00000000,-129.24000549,0.58661127
Simul_-45deg,-45,-128.87998962,90.00000000,-128.87998962,0.76917899
Simul_-45deg,-45,-128.51998901,90.00000000,-128.51998901,0.95991480
Simul_-45deg,-45,-128.15998840,90.00000000,-128.15998840,1.15746546
Simul_-45deg,-45,-127.79998779,90.00000000,-127.79998779,1.27696502
Simul_-45deg,-45,-127.43999481,90.00000000,-127.43999481,1.34022021
Simul_-45deg,-45,-127.07999420,90.00000000,-127.07999420,1.41528225
Simul_-45deg,-45,-126.71998596,90.00000000,-126.71998596,1.50152707
Simul_-45deg,-45,-126.35999298,90.00000000,-126.35999298,1.59827590
Simul_-45deg,-45,-125.99999237,90.00000000,-125.99999237,1.70480680
Simul_-45deg,-45,-125.63999939,90.00000000,-125.63999939,1.64816725
Simul_-45deg,-45,-125.27999115,90.00000000,-125.27999115,1.60412657
Simul_-45deg,-45,-124.91998291,90.00000000,-124.91998291,1.57307887
Simul_-45deg,-45,-124.55999756,90.00000000,-124.55999756,1.55530906
Simul_-45deg,-45,-124.19998932,90.00000000,-124.19998932,1.55098069
Simul_-45deg,-45,-123.83999634,90.00000000,-123.83999634,1.48928535
Simul_-45deg,-45,-123.47998810,90.00000000,-123.47998810,1.34992146
Simul_-45deg,-45,-123.12000275,90.00000000,-123.12000275,1.22137892
Simul_-45deg,-45,-122.75999451,90.00000000,-122.75999451,1.10477066
Simul_-45deg,-45,-122.39998627,90.00000000,-122.39998627,1.00118637
Simul_-45deg,-45,-122.03999329,90.00000000,-122.03999329,0.91165972
Simul_-45deg,-45,-121.67999268,90.00000000,-121.67999268,0.72244501
Simul_-45deg,-45,-121.31999969,90.00000000,-121.31999969,0.52463895
Simul_-45deg,-45,-120.95999146,90.00000000,-120.95999146,0.33314511
Simul_-45deg,-45,-120.59999084,90.00000000,-120.59999084,0.14926431
Simul_-45deg,-45,-120.23999786,90.00000000,-120.23999786,-0.02562360
Simul_-45deg,-45,-119.87998962,90.00000000,-119.87998962,-0.22875705
Simul_-45deg,-45,-119.51999664,90.00000000,-119.51999664,-0.50812918
Simul_-45deg,-45,-119.15999603,90.00000000,-119.15999603,-0.79116094
Simul_-45deg,-45,-118.79998779,90.00000000,-118.79998779,-1.07730258
Simul_-45deg,-45,-118.43999481,90.00000000,-118.43999481,-1.36585832
Simul_-45deg,-45,-118.07998657,90.00000000,-118.07998657,-1.65596628
Simul_-45deg,-45,-117.72000122,90.00000000,-117.72000122,-2.02116728
Simul_-45deg,-45,-117.35999298,90.00000000,-117.35999298,-2.42085552
Simul_-45deg,-45,-117.00000000,90.00000000,-117.00000000,-2.83602691
Simul_-45deg,-45,-116.63999176,90.00000000,-116.63999176,-3.26751423
Simul_-45deg,-45,-116.27999115,90.00000000,-116.27999115,-3.71597004
Simul_-45deg,-45,-115.91999817,90.00000000,-115.91999817,-4.16162157
Simul_-45deg,-45,-115.55998993,90.00000000,-115.55998993,-4.53800678
Simul_-45deg,-45,-115.19999695,90.00000000,-115.19999695,-4.90206337
Simul_-45deg,-45,-114.83999634,90.00000000,-114.83999634,-5.24741268
Simul_-45deg,-45,-114.47999573,90.00000000,-114.47999573,-5.56653023
Simul_-45deg,-45,-114.11999512,90.00000000,-114.11999512,-5.85109472
Simul_-45deg,-45,-113.75999451,90.00000000,-113.75999451,-5.84894276
Simul_-45deg,-45,-113.39999390,90.00000000,-113.39999390,-5.67463779
Simul_-45deg,-45,-113.03999329,90.00000000,-113.03999329,-5.45472860
Simul_-45deg,-45,-112.67999268,90.00000000,-112.67999268,-5.19611835
Simul_-45deg,-45,-112.31999207,90.00000000,-112.31999207,-4.90596819
Simul_-45deg,-45,-111.95999908,90.00000000,-111.95999908,-4.57466984
Simul_-45deg,-45,-111.59999084,90.00000000,-111.59999084,-4.11237812
Simul_-45deg,-45,-111.23999023,90.00000000,-111.23999023,-3.66756797
Simul_-45deg,-45,-110.87999725,90.00000000,-110.87999725,-3.23962069
Simul_-45deg,-45,-110.51999664,90.00000000,-110.51999664,-2.82783937
Simul_-45deg,-45,-110.15999603,90.00000000,-110.15999603,-2.43141794
Simul_-45deg,-45,-109.79998779,90.00000000,-109.79998779,-2.06331205
Simul_-45deg,-45,-109.43999481,90.00000000,-109.43999481,-1.71795130
Simul_-45deg,-45,-109.07999420,90.00000000,-109.07999420,-1.38329268
Simul_-45deg,-45,-108.71999359,90.00000000,-108.71999359,-1.05888045
Simul_-45deg,-45,-108.35999298,90.00000000,-108.35999298,-0.74429798
Simul_-45deg,-45,-108.00000000,90.00000000,-108.00000000,-0.43910789
Simul_-45deg,-45,-107.63999176,90.00000000,-107.63999176,-0.21016629
Simul_-45deg,-45,-107.27999115,90.00000000,-107.27999115,0.02044623
Simul_-45deg,-45,-106.91999054,90.00000000,-106.91999054,0.25190073
Simul_-45deg,-45,-106.55999756,90.00000000,-106.55999756,0.48344836
Simul_-45deg,-45,-106.19999695,90.00000000,-106.19999695,0.71447980
Simul_-45deg,-45,-105.83998871,90.00000000,-105.83998871,0.89613372
Simul_-45deg,-45,-105.47999573,90.00000000,-105.47999573,1.02356422
Simul_-45deg,-45,-105.11999512,90.00000000,-105.11999512,1.15934658
Simul_-45deg,-45,-104.75999451,90.00000000,-104.75999451,1.30259871
Simul_-45deg,-45,-104.39999390,90.00000000,-104.39999390,1.45247638
Simul_-45deg,-45,-104.03999329,90.00000000,-104.03999329,1.60815382
Simul_-45deg,-45,-103.67999268,90.00000000,-103.67999268,1.65480208
Simul_-45deg,-45,-103.31999207,90.00000000,-103.31999207,1.69755459
Simul_-45deg,-45,-102.95999146,90.00000000,-102.95999146,1.75069571
Simul_-45deg,-45,-102.59999847,90.00000000,-102.59999847,1.81384206
Simul_-45deg,-45,-102.23999786,90.00000000,-102.23999786,1.88655519
Simul_-45deg,-45,-101.87999725,90.00000000,-101.87999725,1.93270278
Simul_-45deg,-45,-101.51998901,90.00000000,-101.51998901,1.91739440
Simul_-45deg,-45,-101.15999603,90.00000000,-101.15999603,1.91250789
Simul_-45deg,-45,-100.79999542,90.00000000,-100.79999542,1.91807985
Simul_-45deg,-45,-100.43999481,90.00000000,-100.43999481,1.93406916
Simul_-45deg,-45,-100.07999420,90.00000000,-100.07999420,1.96036029
Simul_-45deg,-45,-99.71999359,90.00000000,-99.71999359,1.93552959
Simul_-45deg,-45,-99.35999298,90.00000000,-99.35999298,1.90331686
Simul_-45deg,-45,-98.99999237,90.00000000,-98.99999237,1.88143504
Simul_-45deg,-45,-98.63999176,90.00000000,-98.63999176,1.87004542
Simul_-45deg,-45,-98.27999878,90.00000000,-98.27999878,1.86922908
Simul_-45deg,-45,-97.91999817,90.00000000,-97.91999817,1.86071634
Simul_-45deg,-45,-97.55998993,90.00000000,-97.55998993,1.79770350
Simul_-45deg,-45,-97.19999695,90.00000000,-97.19999695,1.74374747
Simul_-45deg,-45,-96.83999634,90.00000000,-96.83999634,1.69920516
Simul_-45deg,-45,-96.47999573,90.00000000,-96.47999573,1.66437078
Simul_-45deg,-45,-96.11999512,90.00000000,-96.11999512,1.63948405
Simul_-45deg,-45,-95.75999451,90.00000000,-95.75999451,1.57304752
Simul_-45deg,-45,-95.39999390,90.00000000,-95.39999390,1.48774266
Simul_-45deg,-45,-95.03999329,90.00000000,-95.03999329,1.40911937
Simul_-45deg,-45,-94.67999268,90.00000000,-94.67999268,1.33758354
Simul_-45deg,-45,-94.31999969,90.00000000,-94.31999969,1.27351427
Simul_-45deg,-45,-93.95999908,90.00000000,-93.95999908,1.21376026
Simul_-45deg,-45,-93.59999084,90.00000000,-93.59999084,1.13190281
Simul_-45deg,-45,-93.23999023,90.00000000,-93.23999023,1.05439889
Simul_-45deg,-45,-92.87999725,90.00000000,-92.87999725,0.98151714
Simul_-45deg,-45,-92.51999664,90.00000000,-92.51999664,0.91351479
Simul_-45deg,-45,-92.15999603,90.00000000,-92.15999603,0.85064244
Simul_-45deg,-45,-91.79999542,90.00000000,-91.79999542,0.79769683
Simul_-45deg,-45,-91.43999481,90.00000000,-91.43999481,0.75216776
Simul_-45deg,-45,-91.07999420,90.00000000,-91.07999420,0.71002120
Simul_-45deg,-45,-90.71999359,90.00000000,-90.71999359,0.67135864
Simul_-45deg,-45,-90.35999298,90.00000000,-90.35999298,0.63627946
Simul_-45deg,-45,-90.00000000,90.00000000,-90.00000000,0.60487092
Simul_-45deg,-45,-89.63999176,90.00000000,-89.63999176,0.58159184
Simul_-45deg,-45,-89.27999115,90.00000000,-89.27999115,0.56092358
Simul_-45deg,-45,-88.91999817,90.00000000,-88.91999817,0.54290503
Simul_-45deg,-45,-88.55999756,90.00000000,-88.55999756,0.52756971
Simul_-45deg,-45,-88.19999695,90.00000000,-88.19999695,0.51494545
Simul_-45deg,-45,-87.83999634,90.00000000,-87.83999634,0.49567714
Simul_-45deg,-45,-87.47999573,90.00000000,-87.47999573,0.46675760
Simul_-45deg,-45,-87.11999512,90.00000000,-87.11999512,0.43968832
Simul_-45deg,-45,-86.75999451,90.00000000,-86.75999451,0.41450346
Simul_-45deg,-45,-86.39999390,90.00000000,-86.39999390,0.39123639
Simul_-45deg,-45,-86.04000092,90.00000000,-86.04000092,0.36991981
Simul_-45deg,-45,-85.67999268,90.00000000,-85.67999268,0.32385272
Simul_-45deg,-45,-85.31999207,90.00000000,-85.31999207,0.27531695
Simul_-45deg,-45,-84.95999146,90.00000000,-84.95999146,0.22762217
Simul_-45deg,-45,-84.59999847,90.00000000,-84.59999847,0.18080442
Simul_-45deg,-45,-84.23999786,90.00000000,-84.23999786,0.13489452
Simul_-45deg,-45,-83.87999725,90.00000000,-83.87999725,0.08421361
Simul_-45deg,-45,-83.51998901,90.00000000,-83.51998901,0.02255479
Simul_-45deg,-45,-83.15999603,90.00000000,-83.15999603,-0.03887898
Simul_-45deg,-45,-82.79999542,90.00000000,-82.79999542,-0.10006991
Simul_-45deg,-45,-82.43999481,90.00000000,-82.43999481,-0.16099511
Simul_-45deg,-45,-82.07999420,90.00000000,-82.07999420,-0.22162843
Simul_-45deg,-45,-81.72000122,90.00000000,-81.72000122,-0.29622602
Simul_-45deg,-45,-81.35999298,90.00000000,-81.35999298,-0.37478483
Simul_-45deg,-45,-80.99999237,90.00000000,-80.99999237,-0.45322147
Simul_-45deg,-45,-80.63999939,90.00000000,-80.63999939,-0.53150141
Simul_-45deg,-45,-80.27999878,90.00000000,-80.27999878,-0.60959274
Simul_-45deg,-45,-79.91999817,90.00000000,-79.91999817,-0.69272590
Simul_-45deg,-45,-79.55998993,90.00000000,-79.55998993,-0.79363698
Simul_-45deg,-45,-79.19999695,90.00000000,-79.19999695,-0.89353615
Simul_-45deg,-45,-78.83999634,90.00000000,-78.83999634,-0.99230301
Simul_-45deg,-45,-78.47999573,90.00000000,-78.47999573,-1.08980012
Simul_-45deg,-45,-78.11999512,90.00000000,-78.11999512,-1.18589473
Simul_-45deg,-45,-77.76000214,90.00000000,-77.76000214,-1.27499938
Simul_-45deg,-45,-77.39999390,90.00000000,-77.39999390,-1.35680342
Simul_-45deg,-45,-77.03999329,90.00000000,-77.03999329,-1.43313468
Simul_-45deg,-45,-76.67999268,90.00000000,-76.67999268,-1.50367272
Simul_-45deg,-45,-76.31999969,90.00000000,-76.31999969,-1.56811297
Simul_-45deg,-45,-75.95999908,90.00000000,-75.95999908,-1.62317681
Simul_-45deg,-45,-75.59999084,90.00000000,-75.59999084,-1.64558530
Simul_-45deg,-45,-75.23999023,90.00000000,-75.23999023,-1.65733147
Simul_-45deg,-45,-74.87999725,90.00000000,-74.87999725,-1.65833056
Simul_-45deg,-45,-74.51999664,90.00000000,-74.51999664,-1.64857614
Simul_-45deg,-45,-74.15999603,90.00000000,-74.15999603,-1.62813830
Simul_-45deg,-45,-73.79999542,90.00000000,-73.79999542,-1.59615695
Simul_-45deg,-45,-73.43999481,90.00000000,-73.43999481,-1.55004930
Simul_-45deg,-45,-73.07999420,90.00000000,-73.07999420,-1.49020267
Simul_-45deg,-45,-72.71999359,90.00000000,-72.71999359,-1.41718400
Simul_-45deg,-45,-72.36000061,90.00000000,-72.36000061,-1.33165658
Simul_-45deg,-45,-72.00000000,90.00000000,-72.00000000,-1.23437023
Simul_-45deg,-45,-71.63999939,90.00000000,-71.63999939,-1.13253391
Simul_-45deg,-45,-71.27999115,90.00000000,-71.27999115,-1.01633191
Simul_-45deg,-45,-70.91999817,90.00000000,-70.91999817,-0.88695109
Simul_-45deg,-45,-70.55999756,90.00000000,-70.55999756,-0.74562609
Simul_-45deg,-45,-70.19999695,90.00000000,-70.19999695,-0.59360760
Simul_-45deg,-45,-69.83999634,90.00000000,-69.83999634,-0.44054270
Simul_-45deg,-45,-69.47999573,90.00000000,-69.47999573,-0.28816703
Simul_-45deg,-45,-69.11999512,90.00000000,-69.11999512,-0.12659614
Simul_-45deg,-45,-68.75999451,90.00000000,-68.75999451,0.04298918
Simul_-45deg,-45,-68.39999390,90.00000000,-68.39999390,0.21946906
Simul_-45deg,-45,-68.04000092,90.00000000,-68.04000092,0.40176567
Simul_-45deg,-45,-67.68000031,90.00000000,-67.68000031,0.54051167
Simul_-45deg,-45,-67.31999207,90.00000000,-67.31999207,0.67892599
Simul_-45deg,-45,-66.95999146,90.00000000,-66.95999146,0.82248122
Simul_-45deg,-45,-66.59999847,90.00000000,-66.59999847,0.97055197
Simul_-45deg,-45,-66.23999786,90.00000000,-66.23999786,1.12253404
Simul_-45deg,-45,-65.87999725,90.00000000,-65.87999725,1.25183487
Simul_-45deg,-45,-65.51999664,90.00000000,-65.51999664,1.33312607
Simul_-45deg,-45,-65.15999603,90.00000000,-65.15999603,1.41873693
Simul_-45deg,-45,-64.79999542,90.00000000,-64.79999542,1.50838852
Simul_-45deg,-45,-64.43999481,90.00000000,-64.43999481,1.60180032
Simul_-45deg,-45,-64.07999420,90.00000000,-64.07999420,1.69869435
Simul_-45deg,-45,-63.71999741,90.00000000,-63.71999741,1.74033260
Simul_-45deg,-45,-63.35999298,90.00000000,-63.35999298,1.76880586
Simul_-45deg,-45,-62.99999619,90.00000000,-62.99999619,1.80080652
Simul_-45deg,-45,-62.63999557,90.00000000,-62.63999557,1.83625746
Simul_-45deg,-45,-62.27999878,90.00000000,-62.27999878,1.87507260
Simul_-45deg,-45,-61.91999817,90.00000000,-61.91999817,1.90432572
Simul_-45deg,-45,-61.56000137,90.00000000,-61.56000137,1.89150107
Simul_-45deg,-45,-61.19999313,90.00000000,-61.19999313,1.88130021
Simul_-45deg,-45,-60.83999634,90.00000000,-60.83999634,1.87373936
Simul_-45deg,-45,-60.47999573,90.00000000,-60.47999573,1.86883581
Simul_-45deg,-45,-60.11999893,90.00000000,-60.11999893,1.86659598
Simul_-45deg,-45,-59.75999832,90.00000000,-59.75999832,1.84304762
Simul_-45deg,-45,-59.39999390,90.00000000,-59.39999390,1.80963969
Simul_-45deg,-45,-59.03999329,90.00000000,-59.03999329,1.77829909
Simul_-45deg,-45,-58.67999649,90.00000000,-58.67999649,1.74906898
Simul_-45deg,-45,-58.31999588,90.00000000,-58.31999588,1.72199714
Simul_-45deg,-45,-57.95999908,90.00000000,-57.95999908,1.69560623
Simul_-45deg,-45,-57.59999847,90.00000000,-57.59999847,1.65924597
Simul_-45deg,-45,-57.23999786,90.00000000,-57.23999786,1.62502694
Simul_-45deg,-45,-56.87999725,90.00000000,-56.87999725,1.59300327
Simul_-45deg,-45,-56.51999664,90.00000000,-56.51999664,1.56322587
Simul_-45deg,-45,-56.15999603,90.00000000,-56.15999603,1.53574455
Simul_-45deg,-45,-55.79999542,90.00000000,-55.79999542,1.51496232
Simul_-45deg,-45,-55.43999863,90.00000000,-55.43999863,1.50021672
Simul_-45deg,-45,-55.07999802,90.00000000,-55.07999802,1.48808587
Simul_-45deg,-45,-54.71999741,90.00000000,-54.71999741,1.47859704
Simul_-45deg,-45,-54.35999680,90.00000000,-54.35999680,1.47176552
Simul_-45deg,-45,-54.00000000,90.00000000,-54.00000000,1.46760368
Simul_-45deg,-45,-53.63999557,90.00000000,-53.63999557,1.48449802
Simul_-45deg,-45,-53.27999878,90.00000000,-53.27999878,1.50363147
Simul_-45deg,-45,-52.91999435,90.00000000,-52.91999435,1.52497303
Simul_-45deg,-45,-52.55999756,90.00000000,-52.55999756,1.54849100
Simul_-45deg,-45,-52.19999695,90.00000000,-52.19999695,1.57414842
Simul_-45deg,-45,-51.83999634,90.00000000,-51.83999634,1.60748351
Simul_-45deg,-45,-51.47999573,90.00000000,-51.47999573,1.64926744
Simul_-45deg,-45,-51.11999893,90.00000000,-51.11999893,1.69226277
Simul_-45deg,-45,-50.75999451,90.00000000,-50.75999451,1.73642898
Simul_-45deg,-45,-50.39999771,90.00000000,-50.39999771,1.78172815
Simul_-45deg,-45,-50.03999710,90.00000000,-50.03999710,1.82811832
Simul_-45deg,-45,-49.67999649,90.00000000,-49.67999649,1.87762082
Simul_-45deg,-45,-49.31999588,90.00000000,-49.31999588,1.92831504
Simul_-45deg,-45,-48.95999908,90.00000000,-48.95999908,1.97990108
Simul_-45deg,-45,-48.59999847,90.00000000,-48.59999847,2.03234172
Simul_-45deg,-45,-48.23999786,90.00000000,-48.23999786,2.08559656
Simul_-45deg,-45,-47.87999725,90.00000000,-47.87999725,2.13797784
Simul_-45deg,-45,-47.51999664,90.00000000,-47.51999664,2.18834567
Simul_-45deg,-45,-47.15999985,90.00000000,-47.15999985,2.24024916
Simul_-45deg,-45,-46.79999542,90.00000000,-46.79999542,2.29362392
Simul_-45deg,-45,-46.43999863,90.00000000,-46.43999863,2.34841037
Simul_-45deg,-45,-46.07999802,90.00000000,-46.07999802,2.40454698
Simul_-45deg,-45,-45.71999741,90.00000000,-45.71999741,2.44966125
Simul_-45deg,-45,-45.35999680,90.00000000,-45.35999680,2.49391246
Simul_-45deg,-45,-45.00000000,90.00000000,-45.00000000,2.54090834
Simul_-45deg,-45,-44.63999557,90.00000000,-44.63999557,2.59055567
Simul_-45deg,-45,-44.27999878,90.00000000,-44.27999878,2.64275837
Simul_-45deg,-45,-43.91999817,90.00000000,-43.91999817,2.68789673
Simul_-45deg,-45,-43.55999756,90.00000000,-43.55999756,2.70338583
Simul_-45deg,-45,-43.19999695,90.00000000,-43.19999695,2.72332644
Simul_-45deg,-45,-42.83999634,90.00000000,-42.83999634,2.74765635
Simul_-45deg,-45,-42.47999573,90.00000000,-42.47999573,2.77630210
Simul_-45deg,-45,-42.11999893,90.00000000,-42.11999893,2.80917931
Simul_-45deg,-45,-41.75999451,90.00000000,-41.75999451,2.79304385
Simul_-45deg,-45,-41.39999771,90.00000000,-41.39999771,2.75562501
Simul_-45deg,-45,-41.03999710,90.00000000,-41.03999710,2.72386408
Simul_-45deg,-45,-40.67999649,90.00000000,-40.67999649,2.69788718
Simul_-45deg,-45,-40.31999969,90.00000000,-40.31999969,2.67780042
Simul_-45deg,-45,-39.95999908,90.00000000,-39.95999908,2.65262032
Simul_-45deg,-45,-39.59999847,90.00000000,-39.59999847,2.54425573
Simul_-45deg,-45,-39.23999786,90.00000000,-39.23999786,2.44105554
Simul_-45deg,-45,-38.88000107,90.00000000,-38.88000107,2.34345150
Simul_-45deg,-45,-38.51999664,90.00000000,-38.51999664,2.25188851
Simul_-45deg,-45,-38.15999985,90.00000000,-38.15999985,2.16680026
Simul_-45deg,-45,-37.79999542,90.00000000,-37.79999542,2.04461718
Simul_-45deg,-45,-37.43999863,90.00000000,-37.43999863,1.89244580
Simul_-45deg,-45,-37.07999802,90.00000000,-37.07999802,1.74555016
Simul_-45deg,-45,-36.71999741,90.00000000,-36.71999741,1.60466897
Simul_-45deg,-45,-36.35999680,90.00000000,-36.35999680,1.47057295
Simul_-45deg,-45,-36.00000000,90.00000000,-36.00000000,1.34405267
Simul_-45deg,-45,-35.63999557,90.00000000,-35.63999557,1.19020605
Simul_-45deg,-45,-35.27999878,90.00000000,-35.27999878,1.04351830
Simul_-45deg,-45,-34.91999817,90.00000000,-34.91999817,0.90492558
Simul_-45deg,-45,-34.55999756,90.00000000,-34.55999756,0.77538896
Simul_-45deg,-45,-34.19999695,90.00000000,-34.19999695,0.65587544
Simul_-45deg,-45,-33.84000015,90.00000000,-33.84000015,0.53601706
Simul_-45deg,-45,-33.47999573,90.00000000,-33.47999573,0.41156220
Simul_-45deg,-45,-33.11999893,90.00000000,-33.11999893,0.29665115
Simul_-45deg,-45,-32.75999832,90.00000000,-32.75999832,0.19215494
Simul_-45deg,-45,-32.39999771,90.00000000,-32.39999771,0.09891576
Simul_-45deg,-45,-32.03999710,90.00000000,-32.03999710,0.01772363
Simul_-45deg,-45,-31.67999649,90.00000000,-31.67999649,-0.11103365
Simul_-45deg,-45,-31.31999779,90.00000000,-31.31999779,-0.23767564
Simul_-45deg,-45,-30.95999908,90.00000000,-30.95999908,-0.35392046
Simul_-45deg,-45,-30.59999657,90.00000000,-30.59999657,-0.45882720
Simul_-45deg,-45,-30.23999786,90.00000000,-30.23999786,-0.55146408
Simul_-45deg,-45,-29.87999916,90.00000000,-29.87999916,-0.66754544
Simul_-45deg,-45,-29.51999664,90.00000000,-29.51999664,-0.84453672
Simul_-45deg,-45,-29.15999794,90.00000000,-29.15999794,-1.00862217
Simul_-45deg,-45,-28.79999924,90.00000000,-28.79999924,-1.15800881
Simul_-45deg,-45,-28.43999863,90.00000000,-28.43999863,-1.29091692
Simul_-45deg,-45,-28.07999802,90.00000000,-28.07999802,-1.40563381
Simul_-45deg,-45,-27.71999931,90.00000000,-27.71999931,-1.59534073
Simul_-45deg,-45,-27.35999870,90.00000000,-27.35999870,-1.79026055
Simul_-45deg,-45,-27.00000000,90.00000000,-27.00000000,-1.95984721
Simul_-45deg,-45,-26.63999939,90.00000000,-26.63999939,-2.10069036
Simul_-45deg,-45,-26.27999878,90.00000000,-26.27999878,-2.20970798
Simul_-45deg,-45,-25.91999817,90.00000000,-25.91999817,-2.30920649
Simul_-45deg,-45,-25.55999947,90.00000000,-25.55999947,-2.45889616
Simul_-45deg,-45,-25.19999886,90.00000000,-25.19999886,-2.56806588
Simul_-45deg,-45,-24.83999825,90.00000000,-24.83999825,-2.63348484
Simul_-45deg,-45,-24.47999954,90.00000000,-24.47999954,-2.65312696
Simul_-45deg,-45,-24.11999893,90.00000000,-24.11999893,-2.62637043
Simul_-45deg,-45,-23.75999832,90.00000000,-23.75999832,-2.62902141
Simul_-45deg,-45,-23.39999771,90.00000000,-23.39999771,-2.62772322
Simul_-45deg,-45,-23.03999901,90.00000000,-23.03999901,-2.58579350
Simul_-45deg,-45,-22.67999840,90.00000000,-22.67999840,-2.50438809
Simul_-45deg,-45,-22.31999779,90.00000000,-22.31999779,-2.38568568
Simul_-45deg,-45,-21.95999908,90.00000000,-21.95999908,-2.24835467
Simul_-45deg,-45,-21.59999847,90.00000000,-21.59999847,-2.20904016
Simul_-45deg,-45,-21.23999786,90.00000000,-21.23999786,-2.14689422
Simul_-45deg,-45,-20.87999725,90.00000000,-20.87999725,-2.06288195
Simul_-45deg,-45,-20.51999855,90.00000000,-20.51999855,-1.95826459
Simul_-45deg,-45,-20.15999985,90.00000000,-20.15999985,-1.83453250
Simul_-45deg,-45,-19.79999924,90.00000000,-19.79999924,-1.79135489
Simul_-45deg,-45,-19.44000053,90.00000000,-19.44000053,-1.81452620
Simul_-45deg,-45,-19.07999992,90.00000000,-19.07999992,-1.82680035
Simul_-45deg,-45,-18.71999931,90.00000000,-18.71999931,-1.82808387
Simul_-45deg,-45,-18.35999870,90.00000000,-18.35999870,-1.81836712
Simul_-45deg,-45,-18.00000000,90.00000000,-18.00000000,-1.79772329
Simul_-45deg,-45,-17.63999939,90.00000000,-17.63999939,-1.94965947
Simul_-45deg,-45,-17.27999878,90.00000000,-17.27999878,-2.09539604
Simul_-45deg,-45,-16.92000008,90.00000000,-16.92000008,-2.23410416
Simul_-45deg,-45,-16.55999947,90.00000000,-16.55999947,-2.36492991
Simul_-45deg,-45,-16.19999886,90.00000000,-16.19999886,-2.48700428
Simul_-45deg,-45,-15.83999825,90.00000000,-15.83999825,-2.66394830
Simul_-45deg,-45,-15.47999954,90.00000000,-15.47999954,-2.91337466
Simul_-45deg,-45,-15.11999893,90.00000000,-15.11999893,-3.15359259
Simul_-45deg,-45,-14.75999832,90.00000000,-14.75999832,-3.38214278
Simul_-45deg,-45,-14.39999962,90.00000000,-14.39999962,-3.59635067
Simul_-45deg,-45,-14.03999901,90.00000000,-14.03999901,-3.79337502
Simul_-45deg,-45,-13.67999935,90.00000000,-13.67999935,-4.04122686
Simul_-45deg,-45,-13.31999969,90.00000000,-13.31999969,-4.27591181
Simul_-45deg,-45,-12.95999908,90.00000000,-12.95999908,-4.48412466
Simul_-45deg,-45,-12.59999943,90.00000000,-12.59999943,-4.66123629
Simul_-45deg,-45,-12.23999977,90.00000000,-12.23999977,-4.80293226
Simul_-45deg,-45,-11.87999916,90.00000000,-11.87999916,-4.92321205
Simul_-45deg,-45,-11.51999950,90.00000000,-11.51999950,-5.04188251
Simul_-45deg,-45,-11.15999889,90.00000000,-11.15999889,-5.12300062
Simul_-45deg,-45,-10.79999924,90.00000000,-10.79999924,-5.16438675
Simul_-45deg,-45,-10.43999863,90.00000000,-10.43999863,-5.16488791
Simul_-45deg,-45,-10.07999992,90.00000000,-10.07999992,-5.12448835
Simul_-45deg,-45,-9.72000027,90.00000000,-9.72000027,-5.12532234
Simul_-45deg,-45,-9.35999966,90.00000000,-9.35999966,-5.11282921
Simul_-45deg,-45,-9.00000000,90.00000000,-9.00000000,-5.06451988
Simul_-45deg,-45,-8.63999939,90.00000000,-8.63999939,-4.98157072
Simul_-45deg,-45,-8.27999973,90.00000000,-8.27999973,-4.86593437
Simul_-45deg,-45,-7.91999912,90.00000000,-7.91999912,-4.75488424
Simul_-45deg,-45,-7.55999947,90.00000000,-7.55999947,-4.73166943
Simul_-45deg,-45,-7.19999981,90.00000000,-7.19999981,-4.67209148
Simul_-45deg,-45,-6.83999968,90.00000000,-6.83999968,-4.57762003
Simul_-45deg,-45,-6.47999954,90.00000000,-6.47999954,-4.45049572
Simul_-45deg,-45,-6.11999989,90.00000000,-6.11999989,-4.29355717
Simul_-45deg,-45,-5.75999975,90.00000000,-5.75999975,-4.23365307
Simul_-45deg,-45,-5.39999962,90.00000000,-5.39999962,-4.20154572
Simul_-45deg,-45,-5.03999996,90.00000000,-5.03999996,-4.13440895
Simul_-45deg,-45,-4.67999983,90.00000000,-4.67999983,-4.03384018
Simul_-45deg,-45,-4.31999969,90.00000000,-4.31999969,-3.90213251
Simul_-45deg,-45,-3.95999956,90.00000000,-3.95999956,-3.76689053
Simul_-45deg,-45,-3.59999990,90.00000000,-3.59999990,-3.80140400
Simul_-45deg,-45,-3.23999977,90.00000000,-3.23999977,-3.80498314
Simul_-45deg,-45,-2.87999988,90.00000000,-2.87999988,-3.77755070
Simul_-45deg,-45,-2.51999998,90.00000000,-2.51999998,-3.71968770
Simul_-45deg,-45,-2.15999985,90.00000000,-2.15999985,-3.63259339
Simul_-45deg,-45,-1.79999995,90.00000000,-1.79999995,-3.65897536
Simul_-45deg,-45,-1.43999994,90.00000000,-1.43999994,-3.76907778
Simul_-45deg,-45,-1.07999992,90.00000000,-1.07999992,-3.84740400
Simul_-45deg,-45,-0.71999997,90.00000000,-0.71999997,-3.89216805
Simul_-45deg,-45,-0.35999998,90.00000000,-0.35999998,-3.90231657
Simul_-45deg,-45,0.00000000,90.00000000,0.00000000,-3.87760663
Simul_-45deg,-45,0.35999998,90.00000000,0.35999998,-4.07242489
Simul_-45deg,-45,0.71999997,90.00000000,0.71999997,-4.22239399
Simul_-45deg,-45,1.07999992,90.00000000,1.07999992,-4.32246399
Simul_-45deg,-45,1.43999994,90.00000000,1.43999994,-4.36902857
Simul_-45deg,-45,1.79999995,90.00000000,1.79999995,-4.36034489
Simul_-45deg,-45,2.15999985,90.00000000,2.15999985,-4.40008688
Simul_-45deg,-45,2.51999998,90.00000000,2.51999998,-4.50375748
Simul_-45deg,-45,2.87999988,90.00000000,2.87999988,-4.53408194
Simul_-45deg,-45,3.23999977,90.00000000,3.23999977,-4.48951674
Simul_-45deg,-45,3.59999990,90.00000000,3.59999990,-4.37232065
Simul_-45deg,-45,3.95999956,90.00000000,3.95999956,-4.18817711
Simul_-45deg,-45,4.31999969,90.00000000,4.31999969,-4.16395044
Simul_-45deg,-45,4.67999983,90.00000000,4.67999983,-4.10137606
Simul_-45deg,-45,5.03999996,90.00000000,5.03999996,-3.97529030
Simul_-45deg,-45,5.39999962,90.00000000,5.39999962,-3.79105616
Simul_-45deg,-45,5.75999975,90.00000000,5.75999975,-3.55588818
Simul_-45deg,-45,6.11999989,90.00000000,6.11999989,-3.38464379
Simul_-45deg,-45,6.47999954,90.00000000,6.47999954,-3.38605142
Simul_-45deg,-45,6.83999968,90.00000000,6.83999968,-3.34564972
Simul_-45deg,-45,7.19999981,90.00000000,7.19999981,-3.26458669
Simul_-45deg,-45,7.55999947,90.00000000,7.55999947,-3.14509392
Simul_-45deg,-45,7.91999912,90.00000000,7.91999912,-2.99029088
Simul_-45deg,-45,8.27999973,90.00000000,8.27999973,-3.10066462
Simul_-45deg,-45,8.63999939,90.00000000,8.63999939,-3.26667285
Simul_-45deg,-45,9.00000000,90.00000000,9.00000000,-3.40018153
Simul_-45deg,-45,9.35999966,90.00000000,9.35999966,-3.49793530
Simul_-45deg,-45,9.72000027,90.00000000,9.72000027,-3.55739498
Simul_-45deg,-45,10.07999992,90.00000000,10.07999992,-3.66636872
Simul_-45deg,-45,10.43999863,90.00000000,10.43999863,-4.05682087
Simul_-45deg,-45,10.79999924,90.00000000,10.79999924,-4.41328526
Simul_-45deg,-45,11.15999889,90.00000000,11.15999889,-4.72363138
Simul_-45deg,-45,11.51999950,90.00000000,11.51999950,-4.97516012
Simul_-45deg,-45,11.87999916,90.00000000,11.87999916,-5.15589619
Simul_-45deg,-45,12.23999977,90.00000000,12.23999977,-5.50428343
Simul_-45deg,-45,12.59999943,90.00000000,12.59999943,-5.89381599
Simul_-45deg,-45,12.95999908,90.00000000,12.95999908,-6.17590666
Simul_-45deg,-45,13.31999969,90.00000000,13.31999969,-6.32653666
Simul_-45deg,-45,13.67999935,90.00000000,13.67999935,-6.33131981
Simul_-45deg,-45,14.03999901,90.00000000,14.03999901,-6.22459793
Simul_-45deg,-45,14.39999962,90.00000000,14.39999962,-6.26318645
Simul_-45deg,-45,14.75999832,90.00000000,14.75999832,-6.17335415
Simul_-45deg,-45,15.11999893,90.00000000,15.11999893,-5.96275997
Simul_-45deg,-45,15.47999954,90.00000000,15.47999954,-5.64800501
Simul_-45deg,-45,15.83999825,90.00000000,15.83999825,-5.25070620
Simul_-45deg,-45,16.19999886,90.00000000,16.19999886,-4.98393583
Simul_-45deg,-45,16.55999947,90.00000000,16.55999947,-4.82402611
Simul_-45deg,-45,16.92000008,90.00000000,16.92000008,-4.62394094
Simul_-45deg,-45,17.27999878,90.00000000,17.27999878,-4.38923836
Simul_-45deg,-45,17.63999939,90.00000000,17.63999939,-4.12571096
Simul_-45deg,-45,18.00000000,90.00000000,18.00000000,-3.83902311
Simul_-45deg,-45,18.35999870,90.00000000,18.35999870,-3.90245795
Simul_-45deg,-45,18.71999931,90.00000000,18.71999931,-3.95391226
Simul_-45deg,-45,19.07999992,90.00000000,19.07999992,-3.99294567
Simul_-45deg,-45,19.44000053,90.00000000,19.44000053,-4.01921701
Simul_-45deg,-45,19.79999924,90.00000000,19.79999924,-4.03249025
Simul_-45deg,-45,20.15999985,90.00000000,20.15999985,-4.18072987
Simul_-45deg,-45,20.51999855,90.00000000,20.51999855,-4.51222992
Simul_-45deg,-45,20.87999725,90.00000000,20.87999725,-4.84501076
Simul_-45deg,-45,21.23999786,90.00000000,21.23999786,-5.17721081
Simul_-45deg,-45,21.59999847,90.00000000,21.59999847,-5.50648165
Simul_-45deg,-45,21.95999908,90.00000000,21.95999908,-5.83000422
Simul_-45deg,-45,22.31999779,90.00000000,22.31999779,-6.33132029
Simul_-45deg,-45,22.67999840,90.00000000,22.67999840,-6.83803797
Simul_-45deg,-45,23.03999901,90.00000000,23.03999901,-7.31111765
Simul_-45deg,-45,23.39999771,90.00000000,23.39999771,-7.73108435
Simul_-45deg,-45,23.75999832,90.00000000,23.75999832,-8.07573891
Simul_-45deg,-45,24.11999893,90.00000000,24.11999893,-8.32784843
Simul_-45deg,-45,24.47999954,90.00000000,24.47999954,-8.45573044
Simul_-45deg,-45,24.83999825,90.00000000,24.83999825,-8.42800522
Simul_-45deg,-45,25.19999886,90.00000000,25.19999886,-8.24757481
Simul_-45deg,-45,25.55999947,90.00000000,25.55999947,-7.93234348
Simul_-45deg,-45,25.91999817,90.00000000,25.91999817,-7.50981379
Simul_-45deg,-45,26.27999878,90.00000000,26.27999878,-7.08622026
Simul_-45deg,-45,26.63999939,90.00000000,26.63999939,-6.63406849
Simul_-45deg,-45,27.00000000,90.00000000,27.00000000,-6.14954710
Simul_-45deg,-45,27.35999870,90.00000000,27.35999870,-5.64692259
Simul_-45deg,-45,27.71999931,90.00000000,27.71999931,-5.13715315
Simul_-45deg,-45,28.07999802,90.00000000,28.07999802,-4.67078924
Simul_-45deg,-45,28.43999863,90.00000000,28.43999863,-4.34790802
Simul_-45deg,-45,28.79999924,90.00000000,28.79999924,-4.01630497
Simul_-45deg,-45,29.15999794,90.00000000,29.15999794,-3.67948723
Simul_-45deg,-45,29.51999664,90.00000000,29.51999664,-3.34033990
Simul_-45deg,-45,29.87999916,90.00000000,29.87999916,-3.00119114
Simul_-45deg,-45,30.23999786,90.00000000,30.23999786,-2.77411366
Simul_-45deg,-45,30.59999657,90.00000000,30.59999657,-2.59006786
Simul_-45deg,-45,30.95999908,90.00000000,30.95999908,-2.39287996
Simul_-45deg,-45,31.31999779,90.00000000,31.31999779,-2.18462992
Simul_-45deg,-45,31.67999649,90.00000000,31.67999649,-1.96722019
Simul_-45deg,-45,32.03999710,90.00000000,32.03999710,-1.75281024
Simul_-45deg,-45,32.39999771,90.00000000,32.39999771,-1.60747242
Simul_-45deg,-45,32.75999832,90.00000000,32.75999832,-1.44365978
Simul_-45deg,-45,33.11999893,90.00000000,33.11999893,-1.26356530
Simul_-45deg,-45,33.47999573,90.00000000,33.47999573,-1.06937921
Simul_-45deg,-45,33.84000015,90.00000000,33.84000015,-0.86323208
Simul_-45deg,-45,34.19999695,90.00000000,34.19999695,-0.66232383
Simul_-45deg,-45,34.55999756,90.00000000,34.55999756,-0.46009675
Simul_-45deg,-45,34.91999817,90.00000000,34.91999817,-0.24514399
Simul_-45deg,-45,35.27999878,90.00000000,35.27999878,-0.01970555
Simul_-45deg,-45,35.63999557,90.00000000,35.63999557,0.21414749
Simul_-45deg,-45,36.00000000,90.00000000,36.00000000,0.45453373
Simul_-45deg,-45,36.35999680,90.00000000,36.35999680,0.66160166
Simul_-45deg,-45,36.71999741,90.00000000,36.71999741,0.87439549
Simul_-45deg,-45,37.07999802,90.00000000,37.07999802,1.09165883
Simul_-45deg,-45,37.43999863,90.00000000,37.43999863,1.31226599
Simul_-45deg,-45,37.79999542,90.00000000,37.79999542,1.53521597
Simul_-45deg,-45,38.15999985,90.00000000,38.15999985,1.72142172
Simul_-45deg,-45,38.51999664,90.00000000,38.51999664,1.86279535
Simul_-45deg,-45,38.88000107,90.00000000,38.88000107,2.00742722
Simul_-45deg,-45,39.23999786,90.00000000,39.23999786,2.15485215
Simul_-45deg,-45,39.59999847,90.00000000,39.59999847,2.30463433
Simul_-45deg,-45,39.95999908,90.00000000,39.95999908,2.45639038
Simul_-45deg,-45,40.31999969,90.00000000,40.31999969,2.51665831
Simul_-45deg,-45,40.67999649,90.00000000,40.67999649,2.56880307
Simul_-45deg,-45,41.03999710,90.00000000,41.03999710,2.62444401
Simul_-45deg,-45,41.39999771,90.00000000,41.39999771,2.68343973
Simul_-45deg,-45,41.75999451,90.00000000,41.75999451,2.74564695
Simul_-45deg,-45,42.11999893,90.00000000,42.11999893,2.78319263
Simul_-45deg,-45,42.47999573,90.00000000,42.47999573,2.76851273
Simul_-45deg,-45,42.83999634,90.00000000,42.83999634,2.75720811
Simul_-45deg,-45,43.19999695,90.00000000,43.19999695,2.74930525
Simul_-45deg,-45,43.55999756,90.00000000,43.55999756,2.74482274
Simul_-45deg,-45,43.91999817,90.00000000,43.91999817,2.74377012
Simul_-45deg,-45,44.27999878,90.00000000,44.27999878,2.71224546
Simul_-45deg,-45,44.63999557,90.00000000,44.63999557,2.67384672
Simul_-45deg,-45,45.00000000,90.00000000,45.00000000,2.63825774
Simul_-45deg,-45,45.35999680,90.00000000,45.35999680,2.60554743
Simul_-45deg,-45,45.71999741,90.00000000,45.71999741,2.57578611
Simul_-45deg,-45,46.07999802,90.00000000,46.07999802,2.54621601
Simul_-45deg,-45,46.43999863,90.00000000,46.43999863,2.50893879
Simul_-45deg,-45,46.79999542,90.00000000,46.79999542,2.47329378
Simul_-45deg,-45,47.15999985,90.00000000,47.15999985,2.43932104
Simul_-45deg,-45,47.51999664,90.00000000,47.51999664,2.40706563
Simul_-45deg,-45,47.87999725,90.00000000,47.87999725,2.37656569
Simul_-45deg,-45,48.23999786,90.00000000,48.23999786,2.34714007
Simul_-45deg,-45,48.59999847,90.00000000,48.59999847,2.31815386
Simul_-45deg,-45,48.95999908,90.00000000,48.95999908,2.28977299
Simul_-45deg,-45,49.31999588,90.00000000,49.31999588,2.26201415
Simul_-45deg,-45,49.67999649,90.00000000,49.67999649,2.23488760
Simul_-45deg,-45,50.03999710,90.00000000,50.03999710,2.20847130
Simul_-45deg,-45,50.39999771,90.00000000,50.39999771,2.18322301
Simul_-45deg,-45,50.75999451,90.00000000,50.75999451,2.15860868
Simul_-45deg,-45,51.11999893,90.00000000,51.11999893,2.13464046
Simul_-45deg,-45,51.47999573,90.00000000,51.47999573,2.11133027
Simul_-45deg,-45,51.83999634,90.00000000,51.83999634,2.08868885
Simul_-45deg,-45,52.19999695,90.00000000,52.19999695,2.07517910
Simul_-45deg,-45,52.55999756,90.00000000,52.55999756,2.06979561
Simul_-45deg,-45,52.91999435,90.00000000,52.91999435,2.06597638
Simul_-45deg,-45,53.27999878,90.00000000,53.27999878,2.06372547
Simul_-45deg,-45,53.63999557,90.00000000,53.63999557,2.06304502
Simul_-45deg,-45,54.00000000,90.00000000,54.00000000,2.06393623
Simul_-45deg,-45,54.35999680,90.00000000,54.35999680,2.10202146
Simul_-45deg,-45,54.71999741,90.00000000,54.71999741,2.14222193
Simul_-45deg,-45,55.07999802,90.00000000,55.07999802,2.18447781
Simul_-45deg,-45,55.43999863,90.00000000,55.43999863,2.22872639
Simul_-45deg,-45,55.79999542,90.00000000,55.79999542,2.27490139
Simul_-45deg,-45,56.15999603,90.00000000,56.15999603,2.32682133
Simul_-45deg,-45,56.51999664,90.00000000,56.51999664,2.38572526
Simul_-45deg,-45,56.87999725,90.00000000,56.87999725,2.44679427
Simul_-45deg,-45,57.23999786,90.00000000,57.23999786,2.50993443
Simul_-45deg,-45,57.59999847,90.00000000,57.59999847,2.57503796
Simul_-45deg,-45,57.95999908,90.00000000,57.95999908,2.64200497
Simul_-45deg,-45,58.31999588,90.00000000,58.31999588,2.67074633
Simul_-45deg,-45,58.67999649,90.00000000,58.67999649,2.69752622
Simul_-45deg,-45,59.03999329,90.00000000,59.03999329,2.72736120
Simul_-45deg,-45,59.39999390,90.00000000,59.39999390,2.76019001
Simul_-45deg,-45,59.75999832,90.00000000,59.75999832,2.79594302
Simul_-45deg,-45,60.11999893,90.00000000,60.11999893,2.81521535
Simul_-45deg,-45,60.47999573,90.00000000,60.47999573,2.79907823
Simul_-45deg,-45,60.83999634,90.00000000,60.83999634,2.78644824
Simul_-45deg,-45,61.19999313,90.00000000,61.19999313,2.77735567
Simul_-45deg,-45,61.56000137,90.00000000,61.56000137,2.77182317
Simul_-45deg,-45,61.91999817,90.00000000,61.91999817,2.76986384
Simul_-45deg,-45,62.27999878,90.00000000,62.27999878,2.73218107
Simul_-45deg,-45,62.63999557,90.00000000,62.63999557,2.68694854
Simul_-45deg,-45,62.99999619,90.00000000,62.99999619,2.64552140
Simul_-45deg,-45,63.35999298,90.00000000,63.35999298,2.60801172
Simul_-45deg,-45,63.71999741,90.00000000,63.71999741,2.57452631
Simul_-45deg,-45,64.07999420,90.00000000,64.07999420,2.52841377
Simul_-45deg,-45,64.43999481,90.00000000,64.43999481,2.42744160
Simul_-45deg,-45,64.79999542,90.00000000,64.79999542,2.33018589
Simul_-45deg,-45,65.15999603,90.00000000,65.15999603,2.23694158
Simul_-45deg,-45,65.51999664,90.00000000,65.51999664,2.14803600
Simul_-45deg,-45,65.87999725,90.00000000,65.87999725,2.06376910
Simul_-45deg,-45,66.23999786,90.00000000,66.23999786,1.92166972
Simul_-45deg,-45,66.59999847,90.00000000,66.59999847,1.75042987
Simul_-45deg,-45,66.95999146,90.00000000,66.95999146,1.58129442
Simul_-45deg,-45,67.31999207,90.00000000,67.31999207,1.41480231
Simul_-45deg,-45,67.68000031,90.00000000,67.68000031,1.25152874
Simul_-45deg,-45,68.04000092,90.00000000,68.04000092,1.08511937
Simul_-45deg,-45,68.39999390,90.00000000,68.39999390,0.86427009
Simul_-45deg,-45,68.75999451,90.00000000,68.75999451,0.64327812
Simul_-45deg,-45,69.11999512,90.00000000,69.11999512,0.42273760
Simul_-45deg,-45,69.47999573,90.00000000,69.47999573,0.20333707
Simul_-45deg,-45,69.83999634,90.00000000,69.83999634,-0.01413212
Simul_-45deg,-45,70.19999695,90.00000000,70.19999695,-0.24849690
Simul_-45deg,-45,70.55999756,90.00000000,70.55999756,-0.49893376
Simul_-45deg,-45,70.91999817,90.00000000,70.91999817,-0.75012892
Simul_-45deg,-45,71.27999115,90.00000000,71.27999115,-1.00130808
Simul_-45deg,-45,71.63999939,90.00000000,71.63999939,-1.25155270
Simul_-45deg,-45,72.00000000,90.00000000,72.00000000,-1.49977994
Simul_-45deg,-45,72.36000061,90.00000000,72.36000061,-1.76890969
Simul_-45deg,-45,72.71999359,90.00000000,72.71999359,-2.03905964
Simul_-45deg,-45,73.07999420,90.00000000,73.07999420,-2.30929065
Simul_-45deg,-45,73.43999481,90.00000000,73.43999481,-2.57846069
Simul_-45deg,-45,73.79999542,90.00000000,73.79999542,-2.84525275
Simul_-45deg,-45,74.15999603,90.00000000,74.15999603,-3.08980846
Simul_-45deg,-45,74.51999664,90.00000000,74.51999664,-3.30654383
Simul_-45deg,-45,74.87999725,90.00000000,74.87999725,-3.51710820
Simul_-45deg,-45,75.23999023,90.00000000,75.23999023,-3.71996689
Simul_-45deg,-45,75.59999084,90.00000000,75.59999084,-3.91351652
Simul_-45deg,-45,75.95999908,90.00000000,75.95999908,-4.09601498
Simul_-45deg,-45,76.31999969,90.00000000,76.31999969,-4.20747280
Simul_-45deg,-45,76.67999268,90.00000000,76.67999268,-4.30096197
Simul_-45deg,-45,77.03999329,90.00000000,77.03999329,-4.38321257
Simul_-45deg,-45,77.39999390,90.00000000,77.39999390,-4.45352554
Simul_-45deg,-45,77.76000214,90.00000000,77.76000214,-4.51130009
Simul_-45deg,-45,78.11999512,90.00000000,78.11999512,-4.55297613
Simul_-45deg,-45,78.47999573,90.00000000,78.47999573,-4.57928371
Simul_-45deg,-45,78.83999634,90.00000000,78.83999634,-4.59818077
Simul_-45deg,-45,79.19999695,90.00000000,79.19999695,-4.60957241
Simul_-45deg,-45,79.55998993,90.00000000,79.55998993,-4.61339951
Simul_-45deg,-45,79.91999817,90.00000000,79.91999817,-4.60964060
Simul_-45deg,-45,80.27999878,90.00000000,80.27999878,-4.58311749
Simul_-45deg,-45,80.63999939,90.00000000,80.63999939,-4.54922962
Simul_-45deg,-45,80.99999237,90.00000000,80.99999237,-4.51293373
Simul_-45deg,-45,81.35999298,90.00000000,81.35999298,-4.47429705
Simul_-45deg,-45,81.72000122,90.00000000,81.72000122,-4.43338013
Simul_-45deg,-45,82.07999420,90.00000000,82.07999420,-4.38690710
Simul_-45deg,-45,82.43999481,90.00000000,82.43999481,-4.32795811
Simul_-45deg,-45,82.79999542,90.00000000,82.79999542,-4.26917505
Simul_-45deg,-45,83.15999603,90.00000000,83.15999603,-4.21055222
Simul_-45deg,-45,83.51998901,90.00000000,83.51998901,-4.15210295
Simul_-45deg,-45,83.87999725,90.00000000,83.87999725,-4.09382296
Simul_-45deg,-45,84.23999786,90.00000000,84.23999786,-4.05964422
Simul_-45deg,-45,84.59999847,90.00000000,84.59999847,-4.03633547
Simul_-45deg,-45,84.95999146,90.00000000,84.95999146,-4.01170588
Simul_-45deg,-45,85.31999207,90.00000000,85.31999207,-3.98577547
Simul_-45deg,-45,85.67999268,90.00000000,85.67999268,-3.95857072
Simul_-45deg,-45,86.04000092,90.00000000,86.04000092,-3.93214369
Simul_-45deg,-45,86.39999390,90.00000000,86.39999390,-3.91964173
Simul_-45deg,-45,86.75999451,90.00000000,86.75999451,-3.90395617
Simul_-45deg,-45,87.11999512,90.00000000,87.11999512,-3.88512421
Simul_-45deg,-45,87.47999573,90.00000000,87.47999573,-3.86318660
Simul_-45deg,-45,87.83999634,90.00000000,87.83999634,-3.83818889
Simul_-45deg,-45,88.19999695,90.00000000,88.19999695,-3.81274724
Simul_-45deg,-45,88.55999756,90.00000000,88.55999756,-3.78321886
Simul_-45deg,-45,88.91999817,90.00000000,88.91999817,-3.74678111
Simul_-45deg,-45,89.27999115,90.00000000,89.27999115,-3.70360351
Simul_-45deg,-45,89.63999176,90.00000000,89.63999176,-3.65389585
Simul_-45deg,-45,90.00000000,90.00000000,90.00000000,-3.59787464
Simul_-45deg,-45,90.35999298,90.00000000,90.35999298,-3.59968042
Simul_-45deg,-45,90.71999359,90.00000000,90.71999359,-3.58868170
Simul_-45deg,-45,91.07999420,90.00000000,91.07999420,-3.56497812
Simul_-45deg,-45,91.43999481,90.00000000,91.43999481,-3.52877045
Simul_-45deg,-45,91.79999542,90.00000000,91.79999542,-3.48037624
Simul_-45deg,-45,92.15999603,90.00000000,92.15999603,-3.45207715
Simul_-45deg,-45,92.51999664,90.00000000,92.51999664,-3.44943047
Simul_-45deg,-45,92.87999725,90.00000000,92.87999725,-3.43160367
Simul_-45deg,-45,93.23999023,90.00000000,93.23999023,-3.39878368
Simul_-45deg,-45,93.59999084,90.00000000,93.59999084,-3.35130453
Simul_-45deg,-45,93.95999908,90.00000000,93.95999908,-3.28964949
Simul_-45deg,-45,94.31999969,90.00000000,94.31999969,-3.22654676
Simul_-45deg,-45,94.67999268,90.00000000,94.67999268,-3.15153980
Simul_-45deg,-45,95.03999329,90.00000000,95.03999329,-3.06377053
Simul_-45deg,-45,95.39999390,90.00000000,95.39999390,-2.96403885
Simul_-45deg,-45,95.75999451,90.00000000,95.75999451,-2.85318398
Simul_-45deg,-45,96.11999512,90.00000000,96.11999512,-2.74306750
Simul_-45deg,-45,96.47999573,90.00000000,96.47999573,-2.64369917
Simul_-45deg,-45,96.83999634,90.00000000,96.83999634,-2.53304434
Simul_-45deg,-45,97.19999695,90.00000000,97.19999695,-2.41199207
Simul_-45deg,-45,97.55998993,90.00000000,97.55998993,-2.28145623
Simul_-45deg,-45,97.91999817,90.00000000,97.91999817,-2.14238667
Simul_-45deg,-45,98.27999878,90.00000000,98.27999878,-2.07173634
Simul_-45deg,-45,98.63999176,90.00000000,98.63999176,-2.01158428
Simul_-45deg,-45,98.99999237,90.00000000,98.99999237,-1.94014382
Simul_-45deg,-45,99.35999298,90.00000000,99.35999298,-1.85798776
Simul_-45deg,-45,99.71999359,90.00000000,99.71999359,-1.76572216
Simul_-45deg,-45,100.07999420,90.00000000,100.07999420,-1.68972147
Simul_-45deg,-45,100.43999481,90.00000000,100.43999481,-1.69385195
Simul_-45deg,-45,100.79999542,90.00000000,100.79999542,-1.68765175
Simul_-45deg,-45,101.15999603,90.00000000,101.15999603,-1.67116284
Simul_-45deg,-45,101.51998901,90.00000000,101.51998901,-1.64450598
Simul_-45deg,-45,101.87999725,90.00000000,101.87999725,-1.60786152
Simul_-45deg,-45,102.23999786,90.00000000,102.23999786,-1.64215946
Simul_-45deg,-45,102.59999847,90.00000000,102.59999847,-1.70777416
Simul_-45deg,-45,102.95999146,90.00000000,102.95999146,-1.76410306
Simul_-45deg,-45,103.31999207,90.00000000,103.31999207,-1.81077671
Simul_-45deg,-45,103.67999268,90.00000000,103.67999268,-1.84746838
Simul_-45deg,-45,104.03999329,90.00000000,104.03999329,-1.89153850
Simul_-45deg,-45,104.39999390,90.00000000,104.39999390,-2.06949019
Simul_-45deg,-45,104.75999451,90.00000000,104.75999451,-2.24251318
Simul_-45deg,-45,105.11999512,90.00000000,105.11999512,-2.40966129
Simul_-45deg,-45,105.47999573,90.00000000,105.47999573,-2.56997013
Simul_-45deg,-45,105.83998871,90.00000000,105.83998871,-2.72242069
Simul_-45deg,-45,106.19999695,90.00000000,106.19999695,-2.95997047
Simul_-45deg,-45,106.55999756,90.00000000,106.55999756,-3.27559257
Simul_-45deg,-45,106.91999054,90.00000000,106.91999054,-3.59734201
Simul_-45deg,-45,107.27999115,90.00000000,107.27999115,-3.92479777
Simul_-45deg,-45,107.63999176,90.00000000,107.63999176,-4.25725842
Simul_-45deg,-45,108.00000000,90.00000000,108.00000000,-4.59388733
Simul_-45deg,-45,108.35999298,90.00000000,108.35999298,-5.02826262
Simul_-45deg,-45,108.71999359,90.00000000,108.71999359,-5.47882175
Simul_-45deg,-45,109.07999420,90.00000000,109.07999420,-5.94569921
Simul_-45deg,-45,109.43999481,90.00000000,109.43999481,-6.42883825
Simul_-45deg,-45,109.79998779,90.00000000,109.79998779,-6.92749500
Simul_-45deg,-45,110.15999603,90.00000000,110.15999603,-7.42087841
Simul_-45deg,-45,110.51999664,90.00000000,110.51999664,-7.88360310
Simul_-45deg,-45,110.87999725,90.00000000,110.87999725,-8.32358265
Simul_-45deg,-45,111.23999023,90.00000000,111.23999023,-8.72746086
Simul_-45deg,-45,111.59999084,90.00000000,111.59999084,-9.07978630
Simul_-45deg,-45,111.95999908,90.00000000,111.95999908,-9.36381245
Simul_-45deg,-45,112.31999207,90.00000000,112.31999207,-9.31497955
Simul_-45deg,-45,112.67999268,90.00000000,112.67999268,-9.11694145
Simul_-45deg,-45,113.03999329,90.00000000,113.03999329,-8.81427860
Simul_-45deg,-45,113.39999390,90.00000000,113.39999390,-8.42788219
Simul_-45deg,-45,113.75999451,90.00000000,113.75999451,-7.97984982
Simul_-45deg,-45,114.11999512,90.00000000,114.11999512,-7.42723417
Simul_-45deg,-45,114.47999573,90.00000000,114.47999573,-6.75290346
Simul_-45deg,-45,114.83999634,90.00000000,114.83999634,-6.10488796
Simul_-45deg,-45,115.19999695,90.00000000,115.19999695,-5.48520994
Simul_-45deg,-45,115.55998993,90.00000000,115.55998993,-4.89433336
Simul_-45deg,-45,115.91999817,90.00000000,115.91999817,-4.33149147
Simul_-45deg,-45,116.27999115,90.00000000,116.27999115,-3.84468102
Simul_-45deg,-45,116.63999176,90.00000000,116.63999176,-3.38936996
Simul_-45deg,-45,117.00000000,90.00000000,117.00000000,-2.95025468
Simul_-45deg,-45,117.35999298,90.00000000,117.35999298,-2.52702904
Simul_-45deg,-45,117.72000122,90.00000000,117.72000122,-2.11908674
Simul_-45deg,-45,118.07998657,90.00000000,118.07998657,-1.75653791
Simul_-45deg,-45,118.43999481,90.00000000,118.43999481,-1.50395644
Simul_-45deg,-45,118.79998779,90.00000000,118.79998779,-1.24776375
Simul_-45deg,-45,119.15999603,90.00000000,119.15999603,-0.98931873
Simul_-45deg,-45,119.51999664,90.00000000,119.51999664,-0.72986794
Simul_-45deg,-45,119.87998962,90.00000000,119.87998962,-0.47040522
Simul_-45deg,-45,120.23999786,90.00000000,120.23999786,-0.29709688
Simul_-45deg,-45,120.59999084,90.00000000,120.59999084,-0.15561470
Simul_-45deg,-45,120.95999146,90.00000000,120.95999146,-0.00212161
Simul_-45deg,-45,121.31999969,90.00000000,121.31999969,0.16201787
Simul_-45deg,-45,121.67999268,90.00000000,121.67999268,0.33541825
Simul_-45deg,-45,122.03999329,90.00000000,122.03999329,0.50026810
Simul_-45deg,-45,122.39998627,90.00000000,122.39998627,0.54659641
Simul_-45deg,-45,122.75999451,90.00000000,122.75999451,0.61139786
Simul_-45deg,-45,123.12000275,90.00000000,123.12000275,0.69383925
Simul_-45deg,-45,123.47998810,90.00000000,123.47998810,0.79292387
Simul_-45deg,-45,123.83999634,90.00000000,123.83999634,0.90751165
Simul_-45deg,-45,124.19998932,90.00000000,124.19998932,0.93718195
Simul_-45deg,-45,124.55999756,90.00000000,124.55999756,0.90470707
Simul_-45deg,-45,124.91998291,90.00000000,124.91998291,0.89076781
Simul_-45deg,-45,125.27999115,90.00000000,125.27999115,0.89554143
Simul_-45deg,-45,125.63999939,90.00000000,125.63999939,0.91896921
Simul_-45deg,-45,125.99999237,90.00000000,125.99999237,0.96074605
Simul_-45deg,-45,126.35999298,90.00000000,126.35999298,0.84176892
Simul_-45deg,-45,126.71998596,90.00000000,126.71998596,0.73566085
Simul_-45deg,-45,127.07999420,90.00000000,127.07999420,0.64348304
Simul_-45deg,-45,127.43999481,90.00000000,127.43999481,0.56617600
Simul_-45deg,-45,127.79998779,90.00000000,127.79998779,0.50459009
Simul_-45deg,-45,128.15998840,90.00000000,128.15998840,0.39948875
Simul_-45deg,-45,128.51998901,90.00000000,128.51998901,0.23018101
Simul_-45deg,-45,128.87998962,90.00000000,128.87998962,0.07027564
Simul_-45deg,-45,129.24000549,90.00000000,129.24000549,-0.07887408
Simul_-45deg,-45,129.59999084,90.00000000,129.59999084,-0.21593276
Simul_-45deg,-45,129.95999146,90.00000000,129.95999146,-0.33956891
Simul_-45deg,-45,130.31999207,90.00000000,130.31999207,-0.54725999
Simul_-45deg,-45,130.67999268,90.00000000,130.67999268,-0.75821662
Simul_-45deg,-45,131.03999329,90.00000000,131.03999329,-0.95864892
Simul_-45deg,-45,131.39999390,90.00000000,131.39999390,-1.14655423
Simul_-45deg,-45,131.75999451,90.00000000,131.75999451,-1.31980371
Simul_-45deg,-45,132.11999512,90.00000000,132.11999512,-1.52277374
Simul_-45deg,-45,132.47999573,90.00000000,132.47999573,-1.80790377
Simul_-45deg,-45,132.83998108,90.00000000,132.83998108,-2.08333588
Simul_-45deg,-45,133.19999695,90.00000000,133.19999695,-2.34585357
Simul_-45deg,-45,133.55999756,90.00000000,133.55999756,-2.59186697
Simul_-45deg,-45,133.91998291,90.00000000,133.91998291,-2.81742549
Simul_-45deg,-45,134.27999878,90.00000000,134.27999878,-3.16223884
Simul_-45deg,-45,134.63998413,90.00000000,134.63998413,-3.54346251
Simul_-45deg,-45,135.00000000,90.00000000,135.00000000,-3.91915202
Simul_-45deg,-45,135.36000061,90.00000000,135.36000061,-4.28442764
Simul_-45deg,-45,135.71998596,90.00000000,135.71998596,-4.63335180
Simul_-45deg,-45,136.08000183,90.00000000,136.08000183,-5.00067282
Simul_-45deg,-45,136.43998718,90.00000000,136.43998718,-5.51129770
Simul_-45deg,-45,136.79998779,90.00000000,136.79998779,-6.03314686
Simul_-45deg,-45,137.16000366,90.00000000,137.16000366,-6.56214285
Simul_-45deg,-45,137.51998901,90.00000000,137.51998901,-7.09188366
Simul_-45deg,-45,137.87998962,90.00000000,137.87998962,-7.61333036
Simul_-45deg,-45,138.23999023,90.00000000,138.23999023,-8.26732159
Simul_-45deg,-45,138.59999084,90.00000000,138.59999084,-9.02350903
Simul_-45deg,-45,138.95999146,90.00000000,138.95999146,-9.81065083
Simul_-45deg,-45,139.31999207,90.00000000,139.31999207,-10.61699677
Simul_-45deg,-45,139.67999268,90.00000000,139.67999268,-11.41997242
Simul_-45deg,-45,140.03999329,90.00000000,140.03999329,-12.22377205
Simul_-45deg,-45,140.39999390,90.00000000,140.39999390,-13.33800793
Simul_-45deg,-45,140.75997925,90.00000000,140.75997925,-14.38172340
Simul_-45deg,-45,141.11999512,90.00000000,141.11999512,-15.19826984
Simul_-45deg,-45,141.47999573,90.00000000,141.47999573,-15.58794403
Simul_-45deg,-45,141.83999634,90.00000000,141.83999634,-15.42382050
Simul_-45deg,-45,142.19999695,90.00000000,142.19999695,-15.04112053
Simul_-45deg,-45,142.55998230,90.00000000,142.55998230,-14.36656380
Simul_-45deg,-45,142.91999817,90.00000000,142.91999817,-13.34276772
Simul_-45deg,-45,143.27999878,90.00000000,143.27999878,-12.18198776
Simul_-45deg,-45,143.63998413,90.00000000,143.63998413,-11.01495838
Simul_-45deg,-45,144.00000000,90.00000000,144.00000000,-9.90216637
Simul_-45deg,-45,144.35998535,90.00000000,144.35998535,-9.16039085
Simul_-45deg,-45,144.72000122,90.00000000,144.72000122,-8.39643002
Simul_-45deg,-45,145.07998657,90.00000000,145.07998657,-7.63767767
Simul_-45deg,-45,145.43998718,90.00000000,145.43998718,-6.89984846
Simul_-45deg,-45,145.80000305,90.00000000,145.80000305,-6.19131804
Simul_-45deg,-45,146.15998840,90.00000000,146.15998840,-5.66864586
Simul_-45deg,-45,146.51998901,90.00000000,146.51998901,-5.33275509
Simul_-45deg,-45,146.87998962,90.00000000,146.87998962,-4.98232412
Simul_-45deg,-45,147.23999023,90.00000000,147.23999023,-4.62246370
Simul_-45deg,-45,147.59999084,90.00000000,147.59999084,-4.25745010
Simul_-45deg,-45,147.95999146,90.00000000,147.95999146,-3.89073563
Simul_-45deg,-45,148.31999207,90.00000000,148.31999207,-3.80698895
Simul_-45deg,-45,148.67999268,90.00000000,148.67999268,-3.74580121
Simul_-45deg,-45,149.03999329,90.00000000,149.03999329,-3.67160916
Simul_-45deg,-45,149.39999390,90.00000000,149.39999390,-3.58507204
Simul_-45deg,-45,149.75999451,90.00000000,149.75999451,-3.48694682
Simul_-45deg,-45,150.11999512,90.00000000,150.11999512,-3.45772934
Simul_-45deg,-45,150.47998047,90.00000000,150.47998047,-3.58039761
Simul_-45deg,-45,150.83999634,90.00000000,150.83999634,-3.69653511
Simul_-45deg,-45,151.19998169,90.00000000,151.19998169,-3.80548835
Simul_-45deg,-45,151.55999756,90.00000000,151.55999756,-3.90664554
Simul_-45deg,-45,151.91999817,90.00000000,151.91999817,-3.99937487
Simul_-45deg,-45,152.27998352,90.00000000,152.27998352,-4.18197536
Simul_-45deg,-45,152.63999939,90.00000000,152.63999939,-4.38743401
Simul_-45deg,-45,152.99998474,90.00000000,152.99998474,-4.58685350
Simul_-45deg,-45,153.35998535,90.00000000,153.35998535,-4.77885628
Simul_-45deg,-45,153.72000122,90.00000000,153.72000122,-4.96202612
Simul_-45deg,-45,154.07998657,90.00000000,154.07998657,-5.14271641
Simul_-45deg,-45,154.43998718,90.00000000,154.43998718,-5.33947945
Simul_-45deg,-45,154.79998779,90.00000000,154.79998779,-5.52276134
Simul_-45deg,-45,155.15998840,90.00000000,155.15998840,-5.69042921
Simul_-45deg,-45,155.52000427,90.00000000,155.52000427,-5.84027863
Simul_-45deg,-45,155.87998962,90.00000000,155.87998962,-5.97021008
Simul_-45deg,-45,156.23999023,90.00000000,156.23999023,-6.09699965
Simul_-45deg,-45,156.59999084,90.00000000,156.59999084,-6.21371937
Simul_-45deg,-45,156.95999146,90.00000000,156.95999146,-6.31018734
Simul_-45deg,-45,157.31999207,90.00000000,157.31999207,-6.38495016
Simul_-45deg,-45,157.67999268,90.00000000,157.67999268,-6.43683529
Simul_-45deg,-45,158.03999329,90.00000000,158.03999329,-6.47591972
Simul_-45deg,-45,158.39999390,90.00000000,158.39999390,-6.58159065
Simul_-45deg,-45,158.75999451,90.00000000,158.75999451,-6.66841745
Simul_-45deg,-45,159.11997986,90.00000000,159.11997986,-6.73520613
Simul_-45deg,-45,159.47999573,90.00000000,159.47999573,-6.78098583
Simul_-45deg,-45,159.83999634,90.00000000,159.83999634,-6.80508614
Simul_-45deg,-45,160.19998169,90.00000000,160.19998169,-6.91018629
Simul_-45deg,-45,160.55999756,90.00000000,160.55999756,-7.07384062
Simul_-45deg,-45,160.91998291,90.00000000,160.91998291,-7.21043968
Simul_-45deg,-45,161.27999878,90.00000000,161.27999878,-7.31719875
Simul_-45deg,-45,161.63999939,90.00000000,161.63999939,-7.39175987
Simul_-45deg,-45,161.99998474,90.00000000,161.99998474,-7.43240595
Simul_-45deg,-45,162.36000061,90.00000000,162.36000061,-7.66244936
Simul_-45deg,-45,162.71998596,90.00000000,162.71998596,-7.83548164
Simul_-45deg,-45,163.07998657,90.00000000,163.07998657,-7.94399834
Simul_-45deg,-45,163.44000244,90.00000000,163.44000244,-7.98297024
Simul_-45deg,-45,163.79998779,90.00000000,163.79998779,-7.95050240
Simul_-45deg,-45,164.15998840,90.00000000,164.15998840,-7.93742847
Simul_-45deg,-45,164.51998901,90.00000000,164.51998901,-7.94112158
Simul_-45deg,-45,164.87998962,90.00000000,164.87998962,-7.84030914
Simul_-45deg,-45,165.23999023,90.00000000,165.23999023,-7.64197111
Simul_-45deg,-45,165.59999084,90.00000000,165.59999084,-7.35885811
Simul_-45deg,-45,165.95999146,90.00000000,165.95999146,-7.00701332
Simul_-45deg,-45,166.31999207,90.00000000,166.31999207,-6.74920559
Simul_-45deg,-45,166.67999268,90.00000000,166.67999268,-6.44116783
Simul_-45deg,-45,167.03997803,90.00000000,167.03997803,-6.07754612
Simul_-45deg,-45,167.39999390,90.00000000,167.39999390,-5.67281771
Simul_-45deg,-45,167.75999451,90.00000000,167.75999451,-5.24003553
Simul_-45deg,-45,168.11999512,90.00000000,168.11999512,-4.85514498
Simul_-45deg,-45,168.47999573,90.00000000,168.47999573,-4.57723522
Simul_-45deg,-45,168.83998108,90.00000000,168.83998108,-4.27557659
Simul_-45deg,-45,169.19999695,90.00000000,169.19999695,-3.95595407
Simul_-45deg,-45,169.55999756,90.00000000,169.55999756,-3.62349248
Simul_-45deg,-45,169.91998291,90.00000000,169.91998291,-3.28253984
Simul_-45deg,-45,170.27999878,90.00000000,170.27999878,-3.09706163
Simul_-45deg,-45,170.63998413,90.00000000,170.63998413,-2.94396996
Simul_-45deg,-45,170.99998474,90.00000000,170.99998474,-2.77771425
Simul_-45deg,-45,171.35998535,90.00000000,171.35998535,-2.59997702
Simul_-45deg,-45,171.71998596,90.00000000,171.71998596,-2.41233492
Simul_-45deg,-45,172.08000183,90.00000000,172.08000183,-2.25936365
Simul_-45deg,-45,172.43998718,90.00000000,172.43998718,-2.24776840
Simul_-45deg,-45,172.79998779,90.00000000,172.79998779,-2.22595310
Simul_-45deg,-45,173.15998840,90.00000000,173.15998840,-2.19407225
Simul_-45deg,-45,173.51998901,90.00000000,173.51998901,-2.15234327
Simul_-45deg,-45,173.87998962,90.00000000,173.87998962,-2.10104942
Simul_-45deg,-45,174.23999023,90.00000000,174.23999023,-2.14166522
Simul_-45deg,-45,174.59999084,90.00000000,174.59999084,-2.22642779
Simul_-45deg,-45,174.95999146,90.00000000,174.95999146,-2.30494452
Simul_-45deg,-45,175.31999207,90.00000000,175.31999207,-2.37684941
Simul_-45deg,-45,175.67999268,90.00000000,175.67999268,-2.44179010
Simul_-45deg,-45,176.03999329,90.00000000,176.03999329,-2.50953865
Simul_-45deg,-45,176.39999390,90.00000000,176.39999390,-2.65423346
Simul_-45deg,-45,176.75997925,90.00000000,176.75997925,-2.79741144
Simul_-45deg,-45,177.11999512,90.00000000,177.11999512,-2.93877697
Simul_-45deg,-45,177.47999573,90.00000000,177.47999573,-3.07797313
Simul_-45deg,-45,177.83999634,90.00000000,177.83999634,-3.21462107
Simul_-45deg,-45,178.19999695,90.00000000,178.19999695,-3.36551571
Simul_-45deg,-45,178.55998230,90.00000000,178.55998230,-3.53097081
Simul_-45deg,-45,178.91999817,90.00000000,178.91999817,-3.69838953
Simul_-45deg,-45,179.27998352,90.00000000,179.27998352,-3.86776423
Simul_-45deg,-45,179.63998413,90.00000000,179.63998413,-4.03903341
Simul_+0deg,0,-180.00000000,90.00000000,-180.00000000,-2.20228052
Simul_+0deg,0,-179.63998413,90.00000000,-179.63998413,-2.24875259
Simul_+0deg,0,-179.27998352,90.00000000,-179.27998352,-2.29397202
Simul_+0deg,0,-178.91999817,90.00000000,-178.91999817,-2.33789492
Simul_+0deg,0,-178.55998230,90.00000000,-178.55998230,-2.38047695
Simul_+0deg,0,-178.19999695,90.00000000,-178.19999695,-2.42167234
Simul_+0deg,0,-177.83999634,90.00000000,-177.83999634,-2.51033187
Simul_+0deg,0,-177.47999573,90.00000000,-177.47999573,-2.66155529
Simul_+0deg,0,-177.11999512,90.00000000,-177.11999512,-2.81545663
Simul_+0deg,0,-176.75997925,90.00000000,-176.75997925,-2.97212625
Simul_+0deg,0,-176.39999390,90.00000000,-176.39999390,-3.13166499
Simul_+0deg,0,-176.03999329,90.00000000,-176.03999329,-3.29417753
Simul_+0deg,0,-175.67999268,90.00000000,-175.67999268,-3.55669880
Simul_+0deg,0,-175.31999207,90.00000000,-175.31999207,-3.83729219
Simul_+0deg,0,-174.95999146,90.00000000,-174.95999146,-4.12397671
Simul_+0deg,0,-174.59999084,90.00000000,-174.59999084,-4.41670465
Simul_+0deg,0,-174.23999023,90.00000000,-174.23999023,-4.71539402
Simul_+0deg,0,-173.87998962,90.00000000,-173.87998962,-5.04265070
Simul_+0deg,0,-173.51998901,90.00000000,-173.51998901,-5.41626024
Simul_+0deg,0,-173.15998840,90.00000000,-173.15998840,-5.78533125
Simul_+0deg,0,-172.79998779,90.00000000,-172.79998779,-6.14552069
Simul_+0deg,0,-172.43998718,90.00000000,-172.43998718,-6.49152231
Simul_+0deg,0,-172.08000183,90.00000000,-172.08000183,-6.81703186
Simul_+0deg,0,-171.71998596,90.00000000,-171.71998596,-7.06311226
Simul_+0deg,0,-171.35998535,90.00000000,-171.35998535,-7.23747158
Simul_+0deg,0,-170.99998474,90.00000000,-170.99998474,-7.34446001
Simul_+0deg,0,-170.63998413,90.00000000,-170.63998413,-7.37888575
Simul_+0deg,0,-170.27999878,90.00000000,-170.27999878,-7.33901978
Simul_+0deg,0,-169.91998291,90.00000000,-169.91998291,-7.20182705
Simul_+0deg,0,-169.55999756,90.00000000,-169.55999756,-6.92495298
Simul_+0deg,0,-169.19999695,90.00000000,-169.19999695,-6.61337566
Simul_+0deg,0,-168.83998108,90.00000000,-168.83998108,-6.27523947
Simul_+0deg,0,-168.47999573,90.00000000,-168.47999573,-5.91787863
Simul_+0deg,0,-168.11999512,90.00000000,-168.11999512,-5.54762459
Simul_+0deg,0,-167.75999451,90.00000000,-167.75999451,-5.22388554
Simul_+0deg,0,-167.39999390,90.00000000,-167.39999390,-4.93149328
Simul_+0deg,0,-167.03997803,90.00000000,-167.03997803,-4.64544868
Simul_+0deg,0,-166.67999268,90.00000000,-166.67999268,-4.36574316
Simul_+0deg,0,-166.31999207,90.00000000,-166.31999207,-4.09228992
Simul_+0deg,0,-165.95999146,90.00000000,-165.95999146,-3.85161781
Simul_+0deg,0,-165.59999084,90.00000000,-165.59999084,-3.82613850
Simul_+0deg,0,-165.23999023,90.00000000,-165.23999023,-3.80005884
Simul_+0deg,0,-164.87998962,90.00000000,-164.87998962,-3.77339149
Simul_+0deg,0,-164.51998901,90.00000000,-164.51998901,-3.74614573
Simul_+0deg,0,-164.15998840,90.00000000,-164.15998840,-3.71833706
Simul_+0deg,0,-163.79998779,90.00000000,-163.79998779,-3.86441755
Simul_+0deg,0,-163.44000244,90.00000000,-163.44000244,-4.15494061
Simul_+0deg,0,-163.07998657,90.00000000,-163.07998657,-4.45188475
Simul_+0deg,0,-162.71998596,90.00000000,-162.71998596,-4.75517273
Simul_+0deg,0,-162.36000061,90.00000000,-162.36000061,-5.06462765
Simul_+0deg,0,-161.99998474,90.00000000,-161.99998474,-5.38001060
Simul_+0deg,0,-161.63999939,90.00000000,-161.63999939,-6.01633978
Simul_+0deg,0,-161.27999878,90.00000000,-161.27999878,-6.69878531
Simul_+0deg,0,-160.91998291,90.00000000,-160.91998291,-7.43355322
Simul_+0deg,0,-160.55999756,90.00000000,-160.55999756,-8.22792816
Simul_+0deg,0,-160.19998169,90.00000000,-160.19998169,-9.09024811
Simul_+0deg,0,-159.83999634,90.00000000,-159.83999634,-10.10758877
Simul_+0deg,0,-159.47999573,90.00000000,-159.47999573,-11.36283493
Simul_+0deg,0,-159.11997986,90.00000000,-159.11997986,-12.82310486
Simul_+0deg,0,-158.75999451,90.00000000,-158.75999451,-14.56415367
Simul_+0deg,0,-158.39999390,90.00000000,-158.39999390,-16.70772362
Simul_+0deg,0,-158.03999329,90.00000000,-158.03999329,-19.45206833
Simul_+0deg,0,-157.67999268,90.00000000,-157.67999268,-22.92258453
Simul_+0deg,0,-157.31999207,90.00000000,-157.31999207,-27.90174675
Simul_+0deg,0,-156.95999146,90.00000000,-156.95999146,-30.78919220
Simul_+0deg,0,-156.59999084,90.00000000,-156.59999084,-25.62207985
Simul_+0deg,0,-156.23999023,90.00000000,-156.23999023,-21.34293556
Simul_+0deg,0,-155.87998962,90.00000000,-155.87998962,-18.51943588
Simul_+0deg,0,-155.52000427,90.00000000,-155.52000427,-16.62132263
Simul_+0deg,0,-155.15998840,90.00000000,-155.15998840,-15.04097939
Simul_+0deg,0,-154.79998779,90.00000000,-154.79998779,-13.69282818
Simul_+0deg,0,-154.43998718,90.00000000,-154.43998718,-12.51989746
Simul_+0deg,0,-154.07998657,90.00000000,-154.07998657,-11.48290634
Simul_+0deg,0,-153.72000122,90.00000000,-153.72000122,-10.67206287
Simul_+0deg,0,-153.35998535,90.00000000,-153.35998535,-9.95129108
Simul_+0deg,0,-152.99998474,90.00000000,-152.99998474,-9.27740288
Simul_+0deg,0,-152.63999939,90.00000000,-152.63999939,-8.64590740
Simul_+0deg,0,-152.27998352,90.00000000,-152.27998352,-8.05258846
Simul_+0deg,0,-151.91999817,90.00000000,-151.91999817,-7.54865837
Simul_+0deg,0,-151.55999756,90.00000000,-151.55999756,-7.24238873
Simul_+0deg,0,-151.19998169,90.00000000,-151.19998169,-6.92701864
Simul_+0deg,0,-150.83999634,90.00000000,-150.83999634,-6.60582018
Simul_+0deg,0,-150.47998047,90.00000000,-150.47998047,-6.28150892
Simul_+0deg,0,-150.11999512,90.00000000,-150.11999512,-5.95634460
Simul_+0deg,0,-149.75999451,90.00000000,-149.75999451,-5.88581944
Simul_+0deg,0,-149.39999390,90.00000000,-149.39999390,-5.91905546
Simul_+0deg,0,-149.03999329,90.00000000,-149.03999329,-5.92371845
Simul_+0deg,0,-148.67999268,90.00000000,-148.67999268,-5.89971542
Simul_+0deg,0,-148.31999207,90.00000000,-148.31999207,-5.84751654
Simul_+0deg,0,-147.95999146,90.00000000,-147.95999146,-5.81866932
Simul_+0deg,0,-147.59999084,90.00000000,-147.59999084,-6.17586327
Simul_+0deg,0,-147.23999023,90.00000000,-147.23999023,-6.51722050
Simul_+0deg,0,-146.87998962,90.00000000,-146.87998962,-6.83616924
Simul_+0deg,0,-146.51998901,90.00000000,-146.51998901,-7.12527037
Simul_+0deg,0,-146.15998840,90.00000000,-146.15998840,-7.37657738
Simul_+0deg,0,-145.80000305,90.00000000,-145.80000305,-7.84526253
Simul_+0deg,0,-145.43998718,90.00000000,-145.43998718,-8.53375053
Simul_+0deg,0,-145.07998657,90.00000000,-145.07998657,-9.24285030
Simul_+0deg,0,-144.72000122,90.00000000,-144.72000122,-9.96120071
Simul_+0deg,0,-144.35998535,90.00000000,-144.35998535,-10.66962433
Simul_+0deg,0,-144.00000000,90.00000000,-144.00000000,-11.33774376
Simul_+0deg,0,-143.63998413,90.00000000,-143.63998413,-12.54860020
Simul_+0deg,0,-143.27999878,90.00000000,-143.27999878,-13.89003754
Simul_+0deg,0,-142.91999817,90.00000000,-142.91999817,-15.35235977
Simul_+0deg,0,-142.55998230,90.00000000,-142.55998230,-16.86361694
Simul_+0deg,0,-142.19999695,90.00000000,-142.19999695,-18.20332909
Simul_+0deg,0,-141.83999634,90.00000000,-141.83999634,-19.69582748
Simul_+0deg,0,-141.47999573,90.00000000,-141.47999573,-21.60342979
Simul_+0deg,0,-141.11999512,90.00000000,-141.11999512,-22.04628754
Simul_+0deg,0,-140.75997925,90.00000000,-140.75997925,-20.59725189
Simul_+0deg,0,-140.39999390,90.00000000,-140.39999390,-18.43752289
Simul_+0deg,0,-140.03999329,90.00000000,-140.03999329,-16.36620903
Simul_+0deg,0,-139.67999268,90.00000000,-139.67999268,-15.31818771
Simul_+0deg,0,-139.31999207,90.00000000,-139.31999207,-14.19811440
Simul_+0deg,0,-138.95999146,90.00000000,-138.95999146,-13.03458118
Simul_+0deg,0,-138.59999084,90.00000000,-138.59999084,-11.90805626
Simul_+0deg,0,-138.23999023,90.00000000,-138.23999023,-10.85076427
Simul_+0deg,0,-137.87998962,90.00000000,-137.87998962,-10.08367062
Simul_+0deg,0,-137.51998901,90.00000000,-137.51998901,-9.70991707
Simul_+0deg,0,-137.16000366,90.00000000,-137.16000366,-9.26776409
Simul_+0deg,0,-136.79998779,90.00000000,-136.79998779,-8.77897072
Simul_+0deg,0,-136.43998718,90.00000000,-136.43998718,-8.26208401
Simul_+0deg,0,-136.08000183,90.00000000,-136.08000183,-7.73163271
Simul_+0deg,0,-135.71998596,90.00000000,-135.71998596,-7.61465645
Simul_+0deg,0,-135.36000061,90.00000000,-135.36000061,-7.56961870
Simul_+0deg,0,-135.00000000,90.00000000,-135.00000000,-7.47320366
Simul_+0deg,0,-134.63998413,90.00000000,-134.63998413,-7.32874107
Simul_+0deg,0,-134.27999878,90.00000000,-134.27999878,-7.14093733
Simul_+0deg,0,-133.91998291,90.00000000,-133.91998291,-7.00935125
Simul_+0deg,0,-133.55999756,90.00000000,-133.55999756,-7.17383957
Simul_+0deg,0,-133.19999695,90.00000000,-133.19999695,-7.30347729
Simul_+0deg,0,-132.83998108,90.00000000,-132.83998108,-7.39489174
Simul_+0deg,0,-132.47999573,90.00000000,-132.47999573,-7.44555855
Simul_+0deg,0,-132.11999512,90.00000000,-132.11999512,-7.45402622
Simul_+0deg,0,-131.75999451,90.00000000,-131.75999451,-7.64288950
Simul_+0deg,0,-131.39999390,90.00000000,-131.39999390,-7.91454697
Simul_+0deg,0,-131.03999329,90.00000000,-131.03999329,-8.15464401
Simul_+0deg,0,-130.67999268,90.00000000,-130.67999268,-8.35671139
Simul_+0deg,0,-130.31999207,90.00000000,-130.31999207,-8.51462936
Simul_+0deg,0,-129.95999146,90.00000000,-129.95999146,-8.66183662
Simul_+0deg,0,-129.59999084,90.00000000,-129.59999084,-9.08371639
Simul_+0deg,0,-129.24000549,90.00000000,-129.24000549,-9.47607803
Simul_+0deg,0,-128.87998962,90.00000000,-128.87998962,-9.82617188
Simul_+0deg,0,-128.51998901,90.00000000,-128.51998901,-10.11995125
Simul_+0deg,0,-128.15998840,90.00000000,-128.15998840,-10.34337997
Simul_+0deg,0,-127.79998779,90.00000000,-127.79998779,-10.69817066
Simul_+0deg,0,-127.43999481,90.00000000,-127.43999481,-11.17533779
Simul_+0deg,0,-127.07999420,90.00000000,-127.07999420,-11.59716511
Simul_+0deg,0,-126.71998596,90.00000000,-126.71998596,-11.94052124
Simul_+0deg,0,-126.35999298,90.00000000,-126.35999298,-12.18228722
Simul_+0deg,0,-125.99999237,90.00000000,-125.99999237,-12.30347633
Simul_+0deg,0,-125.63999939,90.00000000,-125.63999939,-12.60316086
Simul_+0deg,0,-125.27999115,90.00000000,-125.27999115,-12.81818962
Simul_+0deg,0,-124.91998291,90.00000000,-124.91998291,-12.93459797
Simul_+0deg,0,-124.55999756,90.00000000,-124.55999756,-12.94413567
Simul_+0deg,0,-124.19998932,90.00000000,-124.19998932,-12.84610844
Simul_+0deg,0,-123.83999634,90.00000000,-123.83999634,-12.72349548
Simul_+0deg,0,-123.47998810,90.00000000,-123.47998810,-12.62340736
Simul_+0deg,0,-123.12000275,90.00000000,-123.12000275,-12.46327019
Simul_+0deg,0,-122.75999451,90.00000000,-122.75999451,-12.24952793
Simul_+0deg,0,-122.39998627,90.00000000,-122.39998627,-11.98997307
Simul_+0deg,0,-122.03999329,90.00000000,-122.03999329,-11.69295216
Simul_+0deg,0,-121.67999268,90.00000000,-121.67999268,-11.46745777
Simul_+0deg,0,-121.31999969,90.00000000,-121.31999969,-11.24100685
Simul_+0deg,0,-120.95999146,90.00000000,-120.95999146,-11.00407600
Simul_+0deg,0,-120.59999084,90.00000000,-120.59999084,-10.75890446
Simul_+0deg,0,-120.23999786,90.00000000,-120.23999786,-10.50749302
Simul_+0deg,0,-119.87998962,90.00000000,-119.87998962,-10.23600101
Simul_+0deg,0,-119.51999664,90.00000000,-119.51999664,-9.93752480
Simul_+0deg,0,-119.15999603,90.00000000,-119.15999603,-9.64691448
Simul_+0deg,0,-118.79998779,90.00000000,-118.79998779,-9.36392879
Simul_+0deg,0,-118.43999481,90.00000000,-118.43999481,-9.08830929
Simul_+0deg,0,-118.07998657,90.00000000,-118.07998657,-8.81977272
Simul_+0deg,0,-117.72000122,90.00000000,-117.72000122,-8.46100426
Simul_+0deg,0,-117.35999298,90.00000000,-117.35999298,-8.08839035
Simul_+0deg,0,-117.00000000,90.00000000,-117.00000000,-7.72972775
Simul_+0deg,0,-116.63999176,90.00000000,-116.63999176,-7.38406563
Simul_+0deg,0,-116.27999115,90.00000000,-116.27999115,-7.05061913
Simul_+0deg,0,-115.91999817,90.00000000,-115.91999817,-6.73406696
Simul_+0deg,0,-115.55998993,90.00000000,-115.55998993,-6.44511032
Simul_+0deg,0,-115.19999695,90.00000000,-115.19999695,-6.16311073
Simul_+0deg,0,-114.83999634,90.00000000,-114.83999634,-5.88789368
Simul_+0deg,0,-114.47999573,90.00000000,-114.47999573,-5.61932278
Simul_+0deg,0,-114.11999512,90.00000000,-114.11999512,-5.35719013
Simul_+0deg,0,-113.75999451,90.00000000,-113.75999451,-5.10915756
Simul_+0deg,0,-113.39999390,90.00000000,-113.39999390,-4.87073517
Simul_+0deg,0,-113.03999329,90.00000000,-113.03999329,-4.63773918
Simul_+0deg,0,-112.67999268,90.00000000,-112.67999268,-4.40996838
Simul_+0deg,0,-112.31999207,90.00000000,-112.31999207,-4.18725920
Simul_+0deg,0,-111.95999908,90.00000000,-111.95999908,-3.96297479
Simul_+0deg,0,-111.59999084,90.00000000,-111.59999084,-3.69278455
Simul_+0deg,0,-111.23999023,90.00000000,-111.23999023,-3.42885137
Simul_+0deg,0,-110.87999725,90.00000000,-110.87999725,-3.17101479
Simul_+0deg,0,-110.51999664,90.00000000,-110.51999664,-2.91912985
Simul_+0deg,0,-110.15999603,90.00000000,-110.15999603,-2.67300868
Simul_+0deg,0,-109.79998779,90.00000000,-109.79998779,-2.45581436
Simul_+0deg,0,-109.43999481,90.00000000,-109.43999481,-2.25834155
Simul_+0deg,0,-109.07999420,90.00000000,-109.07999420,-2.06100368
Simul_+0deg,0,-108.71999359,90.00000000,-108.71999359,-1.86415422
Simul_+0deg,0,-108.35999298,90.00000000,-108.35999298,-1.66811991
Simul_+0deg,0,-108.00000000,90.00000000,-108.00000000,-1.47317064
Simul_+0deg,0,-107.63999176,90.00000000,-107.63999176,-1.35298276
Simul_+0deg,0,-107.27999115,90.00000000,-107.27999115,-1.23099136
Simul_+0deg,0,-106.91999054,90.00000000,-106.91999054,-1.10742271
Simul_+0deg,0,-106.55999756,90.00000000,-106.55999756,-0.98251188
Simul_+0deg,0,-106.19999695,90.00000000,-106.19999695,-0.85646224
Simul_+0deg,0,-105.83998871,90.00000000,-105.83998871,-0.73781025
Simul_+0deg,0,-105.47999573,90.00000000,-105.47999573,-0.62822199
Simul_+0deg,0,-105.11999512,90.00000000,-105.11999512,-0.51721931
Simul_+0deg,0,-104.75999451,90.00000000,-104.75999451,-0.40498495
Simul_+0deg,0,-104.39999390,90.00000000,-104.39999390,-0.29167458
Simul_+0deg,0,-104.03999329,90.00000000,-104.03999329,-0.17744902
Simul_+0deg,0,-103.67999268,90.00000000,-103.67999268,-0.10551265
Simul_+0deg,0,-103.31999207,90.00000000,-103.31999207,-0.03610006
Simul_+0deg,0,-102.95999146,90.00000000,-102.95999146,0.03615057
Simul_+0deg,0,-102.59999847,90.00000000,-102.59999847,0.11107656
Simul_+0deg,0,-102.23999786,90.00000000,-102.23999786,0.18852478
Simul_+0deg,0,-101.87999725,90.00000000,-101.87999725,0.24651802
Simul_+0deg,0,-101.51998901,90.00000000,-101.51998901,0.26319778
Simul_+0deg,0,-101.15999603,90.00000000,-101.15999603,0.28221005
Simul_+0deg,0,-100.79999542,90.00000000,-100.79999542,0.30352306
Simul_+0deg,0,-100.43999481,90.00000000,-100.43999481,0.32710269
Simul_+0deg,0,-100.07999420,90.00000000,-100.07999420,0.35291165
Simul_+0deg,0,-99.71999359,90.00000000,-99.71999359,0.37004340
Simul_+0deg,0,-99.35999298,90.00000000,-99.35999298,0.38561064
Simul_+0deg,0,-98.99999237,90.00000000,-98.99999237,0.40262458
Simul_+0deg,0,-98.63999176,90.00000000,-98.63999176,0.42106748
Simul_+0deg,0,-98.27999878,90.00000000,-98.27999878,0.44092193
Simul_+0deg,0,-97.91999817,90.00000000,-97.91999817,0.45743111
Simul_+0deg,0,-97.55998993,90.00000000,-97.55998993,0.45878828
Simul_+0deg,0,-97.19999695,90.00000000,-97.19999695,0.46158695
Simul_+0deg,0,-96.83999634,90.00000000,-96.83999634,0.46582526
Simul_+0deg,0,-96.47999573,90.00000000,-96.47999573,0.47149998
Simul_+0deg,0,-96.11999512,90.00000000,-96.11999512,0.47860357
Simul_+0deg,0,-95.75999451,90.00000000,-95.75999451,0.47518525
Simul_+0deg,0,-95.39999390,90.00000000,-95.39999390,0.46656555
Simul_+0deg,0,-95.03999329,90.00000000,-95.03999329,0.45858797
Simul_+0deg,0,-94.67999268,90.00000000,-94.67999268,0.45125929
Simul_+0deg,0,-94.31999969,90.00000000,-94.31999969,0.44457954
Simul_+0deg,0,-93.95999908,90.00000000,-93.95999908,0.44354516
Simul_+0deg,0,-93.59999084,90.00000000,-93.59999084,0.48284295
Simul_+0deg,0,-93.23999023,90.00000000,-93.23999023,0.52232498
Simul_+0deg,0,-92.87999725,90.00000000,-92.87999725,0.56198126
Simul_+0deg,0,-92.51999664,90.00000000,-92.51999664,0.60180300
Simul_+0deg,0,-92.15999603,90.00000000,-92.15999603,0.64178538
Simul_+0deg,0,-91.79999542,90.00000000,-91.79999542,0.69412524
Simul_+0deg,0,-91.43999481,90.00000000,-91.43999481,0.75666606
Simul_+0deg,0,-91.07999420,90.00000000,-91.07999420,0.81968546
Simul_+0deg,0,-90.71999359,90.00000000,-90.71999359,0.88315678
Simul_+0deg,0,-90.35999298,90.00000000,-90.35999298,0.94704324
Simul_+0deg,0,-90.00000000,90.00000000,-90.00000000,1.01131701
Simul_+0deg,0,-89.63999176,90.00000000,-89.63999176,1.06276536
Simul_+0deg,0,-89.27999115,90.00000000,-89.27999115,1.11497927
Simul_+0deg,0,-88.91999817,90.00000000,-88.91999817,1.16792142
Simul_+0deg,0,-88.55999756,90.00000000,-88.55999756,1.22155595
Simul_+0deg,0,-88.19999695,90.00000000,-88.19999695,1.27585435
Simul_+0deg,0,-87.83999634,90.00000000,-87.83999634,1.33638144
Simul_+0deg,0,-87.47999573,90.00000000,-87.47999573,1.40452206
Simul_+0deg,0,-87.11999512,90.00000000,-87.11999512,1.47323084
Simul_+0deg,0,-86.75999451,90.00000000,-86.75999451,1.54246640
Simul_+0deg,0,-86.39999390,90.00000000,-86.39999390,1.61218822
Simul_+0deg,0,-86.04000092,90.00000000,-86.04000092,1.68235350
Simul_+0deg,0,-85.67999268,90.00000000,-85.67999268,1.73960519
Simul_+0deg,0,-85.31999207,90.00000000,-85.31999207,1.79669404
Simul_+0deg,0,-84.95999146,90.00000000,-84.95999146,1.85527730
Simul_+0deg,0,-84.59999847,90.00000000,-84.59999847,1.91528738
Simul_+0deg,0,-84.23999786,90.00000000,-84.23999786,1.97665560
Simul_+0deg,0,-83.87999725,90.00000000,-83.87999725,2.02308726
Simul_+0deg,0,-83.51998901,90.00000000,-83.51998901,2.03866625
Simul_+0deg,0,-83.15999603,90.00000000,-83.15999603,2.05599689
Simul_+0deg,0,-82.79999542,90.00000000,-82.79999542,2.07506251
Simul_+0deg,0,-82.43999481,90.00000000,-82.43999481,2.09583712
Simul_+0deg,0,-82.07999420,90.00000000,-82.07999420,2.11829638
Simul_+0deg,0,-81.72000122,90.00000000,-81.72000122,2.12680745
Simul_+0deg,0,-81.35999298,90.00000000,-81.35999298,2.13227487
Simul_+0deg,0,-80.99999237,90.00000000,-80.99999237,2.13912082
Simul_+0deg,0,-80.63999939,90.00000000,-80.63999939,2.14734173
Simul_+0deg,0,-80.27999878,90.00000000,-80.27999878,2.15692663
Simul_+0deg,0,-79.91999817,90.00000000,-79.91999817,2.16086888
Simul_+0deg,0,-79.55998993,90.00000000,-79.55998993,2.14191651
Simul_+0deg,0,-79.19999695,90.00000000,-79.19999695,2.12474442
Simul_+0deg,0,-78.83999634,90.00000000,-78.83999634,2.10937309
Simul_+0deg,0,-78.47999573,90.00000000,-78.47999573,2.09582257
Simul_+0deg,0,-78.11999512,90.00000000,-78.11999512,2.08411026
Simul_+0deg,0,-77.76000214,90.00000000,-77.76000214,2.03244996
Simul_+0deg,0,-77.39999390,90.00000000,-77.39999390,1.96100938
Simul_+0deg,0,-77.03999329,90.00000000,-77.03999329,1.89060938
Simul_+0deg,0,-76.67999268,90.00000000,-76.67999268,1.82131946
Simul_+0deg,0,-76.31999969,90.00000000,-76.31999969,1.75320995
Simul_+0deg,0,-75.95999908,90.00000000,-75.95999908,1.68195355
Simul_+0deg,0,-75.59999084,90.00000000,-75.59999084,1.57578778
Simul_+0deg,0,-75.23999023,90.00000000,-75.23999023,1.46917570
Simul_+0deg,0,-74.87999725,90.00000000,-74.87999725,1.36214149
Simul_+0deg,0,-74.51999664,90.00000000,-74.51999664,1.25472713
Simul_+0deg,0,-74.15999603,90.00000000,-74.15999603,1.14696681
Simul_+0deg,0,-73.79999542,90.00000000,-73.79999542,1.01690567
Simul_+0deg,0,-73.43999481,90.00000000,-73.43999481,0.86737567
Simul_+0deg,0,-73.07999420,90.00000000,-73.07999420,0.71548724
Simul_+0deg,0,-72.71999359,90.00000000,-72.71999359,0.56117332
Simul_+0deg,0,-72.36000061,90.00000000,-72.36000061,0.40435976
Simul_+0deg,0,-72.00000000,90.00000000,-72.00000000,0.24498133
Simul_+0deg,0,-71.63999939,90.00000000,-71.63999939,0.07254702
Simul_+0deg,0,-71.27999115,90.00000000,-71.27999115,-0.10255745
Simul_+0deg,0,-70.91999817,90.00000000,-70.91999817,-0.28037530
Simul_+0deg,0,-70.55999756,90.00000000,-70.55999756,-0.46094325
Simul_+0deg,0,-70.19999695,90.00000000,-70.19999695,-0.64429408
Simul_+0deg,0,-69.83999634,90.00000000,-69.83999634,-0.77335960
Simul_+0deg,0,-69.47999573,90.00000000,-69.47999573,-0.82803619
Simul_+0deg,0,-69.11999512,90.00000000,-69.11999512,-0.87726629
Simul_+0deg,0,-68.75999451,90.00000000,-68.75999451,-0.92085671
Simul_+0deg,0,-68.39999390,90.00000000,-68.39999390,-0.95863307
Simul_+0deg,0,-68.04000092,90.00000000,-68.04000092,-0.99043453
Simul_+0deg,0,-67.68000031,90.00000000,-67.68000031,-0.88808787
Simul_+0deg,0,-67.31999207,90.00000000,-67.31999207,-0.76641947
Simul_+0deg,0,-66.95999146,90.00000000,-66.95999146,-0.64194167
Simul_+0deg,0,-66.59999847,90.00000000,-66.59999847,-0.51497662
Simul_+0deg,0,-66.23999786,90.00000000,-66.23999786,-0.38583961
Simul_+0deg,0,-65.87999725,90.00000000,-65.87999725,-0.23314632
Simul_+0deg,0,-65.51999664,90.00000000,-65.51999664,-0.03869250
Simul_+0deg,0,-65.15999603,90.00000000,-65.15999603,0.15254256
Simul_+0deg,0,-64.79999542,90.00000000,-64.79999542,0.34061199
Simul_+0deg,0,-64.43999481,90.00000000,-64.43999481,0.52556789
Simul_+0deg,0,-64.07999420,90.00000000,-64.07999420,0.70746744
Simul_+0deg,0,-63.71999741,90.00000000,-63.71999741,0.87761104
Simul_+0deg,0,-63.35999298,90.00000000,-63.35999298,1.04216802
Simul_+0deg,0,-62.99999619,90.00000000,-62.99999619,1.20371759
Simul_+0deg,0,-62.63999557,90.00000000,-62.63999557,1.36237919
Simul_+0deg,0,-62.27999878,90.00000000,-62.27999878,1.51824498
Simul_+0deg,0,-61.91999817,90.00000000,-61.91999817,1.65369272
Simul_+0deg,0,-61.56000137,90.00000000,-61.56000137,1.72594452
Simul_+0deg,0,-61.19999313,90.00000000,-61.19999313,1.79794133
Simul_+0deg,0,-60.83999634,90.00000000,-60.83999634,1.86967587
Simul_+0deg,0,-60.47999573,90.00000000,-60.47999573,1.94114280
Simul_+0deg,0,-60.11999893,90.00000000,-60.11999893,2.01233435
Simul_+0deg,0,-59.75999832,90.00000000,-59.75999832,2.04064822
Simul_+0deg,0,-59.39999390,90.00000000,-59.39999390,2.04772210
Simul_+0deg,0,-59.03999329,90.00000000,-59.03999329,2.05492592
Simul_+0deg,0,-58.67999649,90.00000000,-58.67999649,2.06225967
Simul_+0deg,0,-58.31999588,90.00000000,-58.31999588,2.06972146
Simul_+0deg,0,-57.95999908,90.00000000,-57.95999908,2.06996417
Simul_+0deg,0,-57.59999847,90.00000000,-57.59999847,2.01127434
Simul_+0deg,0,-57.23999786,90.00000000,-57.23999786,1.95221722
Simul_+0deg,0,-56.87999725,90.00000000,-56.87999725,1.89279079
Simul_+0deg,0,-56.51999664,90.00000000,-56.51999664,1.83298802
Simul_+0deg,0,-56.15999603,90.00000000,-56.15999603,1.77280593
Simul_+0deg,0,-55.79999542,90.00000000,-55.79999542,1.67625964
Simul_+0deg,0,-55.43999863,90.00000000,-55.43999863,1.55057693
Simul_+0deg,0,-55.07999802,90.00000000,-55.07999802,1.42461443
Simul_+0deg,0,-54.71999741,90.00000000,-54.71999741,1.29844964
Simul_+0deg,0,-54.35999680,90.00000000,-54.35999680,1.17218828
Simul_+0deg,0,-54.00000000,90.00000000,-54.00000000,1.04592061
Simul_+0deg,0,-53.63999557,90.00000000,-53.63999557,1.04780173
Simul_+0deg,0,-53.27999878,90.00000000,-53.27999878,1.05905819
Simul_+0deg,0,-52.91999435,90.00000000,-52.91999435,1.07961786
Simul_+0deg,0,-52.55999756,90.00000000,-52.55999756,1.10934985
Simul_+0deg,0,-52.19999695,90.00000000,-52.19999695,1.14806437
Simul_+0deg,0,-51.83999634,90.00000000,-51.83999634,1.26577449
Simul_+0deg,0,-51.47999573,90.00000000,-51.47999573,1.47289157
Simul_+0deg,0,-51.11999893,90.00000000,-51.11999893,1.67867076
Simul_+0deg,0,-50.75999451,90.00000000,-50.75999451,1.88285887
Simul_+0deg,0,-50.39999771,90.00000000,-50.39999771,2.08524513
Simul_+0deg,0,-50.03999710,90.00000000,-50.03999710,2.28564548
Simul_+0deg,0,-49.67999649,90.00000000,-49.67999649,2.43557143
Simul_+0deg,0,-49.31999588,90.00000000,-49.31999588,2.57723856
Simul_+0deg,0,-48.95999908,90.00000000,-48.95999908,2.71675801
Simul_+0deg,0,-48.59999847,90.00000000,-48.59999847,2.85419178
Simul_+0deg,0,-48.23999786,90.00000000,-48.23999786,2.98958993
Simul_+0deg,0,-47.87999725,90.00000000,-47.87999725,3.09584022
Simul_+0deg,0,-47.51999664,90.00000000,-47.51999664,3.14698577
Simul_+0deg,0,-47.15999985,90.00000000,-47.15999985,3.19800091
Simul_+0deg,0,-46.79999542,90.00000000,-46.79999542,3.24887967
Simul_+0deg,0,-46.43999863,90.00000000,-46.43999863,3.29962134
Simul_+0deg,0,-46.07999802,90.00000000,-46.07999802,3.35022306
Simul_+0deg,0,-45.71999741,90.00000000,-45.71999741,3.35275674
Simul_+0deg,0,-45.35999680,90.00000000,-45.35999680,3.34174681
Simul_+0deg,0,-45.00000000,90.00000000,-45.00000000,3.33092237
Simul_+0deg,0,-44.63999557,90.00000000,-44.63999557,3.32028532
Simul_+0deg,0,-44.27999878,90.00000000,-44.27999878,3.30983829
Simul_+0deg,0,-43.91999817,90.00000000,-43.91999817,3.27039981
Simul_+0deg,0,-43.55999756,90.00000000,-43.55999756,3.12802315
Simul_+0deg,0,-43.19999695,90.00000000,-43.19999695,2.98423004
Simul_+0deg,0,-42.83999634,90.00000000,-42.83999634,2.83903837
Simul_+0deg,0,-42.47999573,90.00000000,-42.47999573,2.69247055
Simul_+0deg,0,-42.11999893,90.00000000,-42.11999893,2.54455566
Simul_+0deg,0,-41.75999451,90.00000000,-41.75999451,2.35712481
Simul_+0deg,0,-41.39999771,90.00000000,-41.39999771,2.15660715
Simul_+0deg,0,-41.03999710,90.00000000,-41.03999710,1.96494806
Simul_+0deg,0,-40.67999649,90.00000000,-40.67999649,1.78379583
Simul_+0deg,0,-40.31999969,90.00000000,-40.31999969,1.61488676
Simul_+0deg,0,-39.95999908,90.00000000,-39.95999908,1.48446798
Simul_+0deg,0,-39.59999847,90.00000000,-39.59999847,1.57396102
Simul_+0deg,0,-39.23999786,90.00000000,-39.23999786,1.69341445
Simul_+0deg,0,-38.88000107,90.00000000,-38.88000107,1.84038877
Simul_+0deg,0,-38.51999664,90.00000000,-38.51999664,2.01207161
Simul_+0deg,0,-38.15999985,90.00000000,-38.15999985,2.20545578
Simul_+0deg,0,-37.79999542,90.00000000,-37.79999542,2.48709178
Simul_+0deg,0,-37.43999863,90.00000000,-37.43999863,2.82333136
Simul_+0deg,0,-37.07999802,90.00000000,-37.07999802,3.15284753
Simul_+0deg,0,-36.71999741,90.00000000,-36.71999741,3.47531414
Simul_+0deg,0,-36.35999680,90.00000000,-36.35999680,3.79054594
Simul_+0deg,0,-36.00000000,90.00000000,-36.00000000,4.09846592
Simul_+0deg,0,-35.63999557,90.00000000,-35.63999557,4.29105949
Simul_+0deg,0,-35.27999878,90.00000000,-35.27999878,4.47950840
Simul_+0deg,0,-34.91999817,90.00000000,-34.91999817,4.66398430
Simul_+0deg,0,-34.55999756,90.00000000,-34.55999756,4.84465170
Simul_+0deg,0,-34.19999695,90.00000000,-34.19999695,5.02166319
Simul_+0deg,0,-33.84000015,90.00000000,-33.84000015,5.10604572
Simul_+0deg,0,-33.47999573,90.00000000,-33.47999573,5.07854843
Simul_+0deg,0,-33.11999893,90.00000000,-33.11999893,5.05170536
Simul_+0deg,0,-32.75999832,90.00000000,-32.75999832,5.02553225
Simul_+0deg,0,-32.39999771,90.00000000,-32.39999771,5.00004101
Simul_+0deg,0,-32.03999710,90.00000000,-32.03999710,4.97524405
Simul_+0deg,0,-31.67999649,90.00000000,-31.67999649,4.72578621
Simul_+0deg,0,-31.31999779,90.00000000,-31.31999779,4.44041300
Simul_+0deg,0,-30.95999908,90.00000000,-30.95999908,4.14638424
Simul_+0deg,0,-30.59999657,90.00000000,-30.59999657,3.84320855
Simul_+0deg,0,-30.23999786,90.00000000,-30.23999786,3.53044891
Simul_+0deg,0,-29.87999916,90.00000000,-29.87999916,3.10910439
Simul_+0deg,0,-29.51999664,90.00000000,-29.51999664,2.45595121
Simul_+0deg,0,-29.15999794,90.00000000,-29.15999794,1.74970436
Simul_+0deg,0,-28.79999924,90.00000000,-28.79999924,0.98097569
Simul_+0deg,0,-28.43999863,90.00000000,-28.43999863,0.13764097
Simul_+0deg,0,-28.07999802,90.00000000,-28.07999802,-0.79632932
Simul_+0deg,0,-27.71999931,90.00000000,-27.71999931,-2.00196218
Simul_+0deg,0,-27.35999870,90.00000000,-27.35999870,-3.42952394
Simul_+0deg,0,-27.00000000,90.00000000,-27.00000000,-5.08011913
Simul_+0deg,0,-26.63999939,90.00000000,-26.63999939,-6.98882341
Simul_+0deg,0,-26.27999878,90.00000000,-26.27999878,-9.10906887
Simul_+0deg,0,-25.91999817,90.00000000,-25.91999817,-10.74975872
Simul_+0deg,0,-25.55999947,90.00000000,-25.55999947,-10.29159451
Simul_+0deg,0,-25.19999886,90.00000000,-25.19999886,-8.90195847
Simul_+0deg,0,-24.83999825,90.00000000,-24.83999825,-7.21415281
Simul_+0deg,0,-24.47999954,90.00000000,-24.47999954,-5.57545185
Simul_+0deg,0,-24.11999893,90.00000000,-24.11999893,-4.09001684
Simul_+0deg,0,-23.75999832,90.00000000,-23.75999832,-3.13170481
Simul_+0deg,0,-23.39999771,90.00000000,-23.39999771,-2.43084335
Simul_+0deg,0,-23.03999901,90.00000000,-23.03999901,-1.78135467
Simul_+0deg,0,-22.67999840,90.00000000,-22.67999840,-1.17633951
Simul_+0deg,0,-22.31999779,90.00000000,-22.31999779,-0.61018103
Simul_+0deg,0,-21.95999908,90.00000000,-21.95999908,-0.16267575
Simul_+0deg,0,-21.59999847,90.00000000,-21.59999847,-0.39515281
Simul_+0deg,0,-21.23999786,90.00000000,-21.23999786,-0.60812122
Simul_+0deg,0,-20.87999725,90.00000000,-20.87999725,-0.79797953
Simul_+0deg,0,-20.51999855,90.00000000,-20.51999855,-0.96110255
Simul_+0deg,0,-20.15999985,90.00000000,-20.15999985,-1.09407198
Simul_+0deg,0,-19.79999924,90.00000000,-19.79999924,-1.66350484
Simul_+0deg,0,-19.44000053,90.00000000,-19.44000053,-2.56239748
Simul_+0deg,0,-19.07999992,90.00000000,-19.07999992,-3.33479834
Simul_+0deg,0,-18.71999931,90.00000000,-18.71999931,-3.86330819
Simul_+0deg,0,-18.35999870,90.00000000,-18.35999870,-4.03598261
Simul_+0deg,0,-18.00000000,90.00000000,-18.00000000,-3.80948806
Simul_+0deg,0,-17.63999939,90.00000000,-17.63999939,-3.32488537
Simul_+0deg,0,-17.27999878,90.00000000,-17.27999878,-2.31059837
Simul_+0deg,0,-16.92000008,90.00000000,-16.92000008,-1.06239867
Simul_+0deg,0,-16.55999947,90.00000000,-16.55999947,0.21945083
Simul_+0deg,0,-16.19999886,90.00000000,-16.19999886,1.44232631
Simul_+0deg,0,-15.83999825,90.00000000,-15.83999825,2.59629345
Simul_+0deg,0,-15.47999954,90.00000000,-15.47999954,3.67826605
Simul_+0deg,0,-15.11999893,90.00000000,-15.11999893,4.66583157
Simul_+0deg,0,-14.75999832,90.00000000,-14.75999832,5.56882954
Simul_+0deg,0,-14.39999962,90.00000000,-14.39999962,6.39757919
Simul_+0deg,0,-14.03999901,90.00000000,-14.03999901,7.16154861
Simul_+0deg,0,-13.67999935,90.00000000,-13.67999935,7.80802250
Simul_+0deg,0,-13.31999969,90.00000000,-13.31999969,8.40311146
Simul_+0deg,0,-12.95999908,90.00000000,-12.95999908,8.96034431
Simul_+0deg,0,-12.59999943,90.00000000,-12.59999943,9.48413754
Simul_+0deg,0,-12.23999977,90.00000000,-12.23999977,9.97831535
Simul_+0deg,0,-11.87999916,90.00000000,-11.87999916,10.41619396
Simul_+0deg,0,-11.51999950,90.00000000,-11.51999950,10.77790737
Simul_+0deg,0,-11.15999889,90.00000000,-11.15999889,11.12771893
Simul_+0deg,0,-10.79999924,90.00000000,-10.79999924,11.46616745
Simul_+0deg,0,-10.43999863,90.00000000,-10.43999863,11.79379368
Simul_+0deg,0,-10.07999992,90.00000000,-10.07999992,12.11111641
Simul_+0deg,0,-9.72000027,90.00000000,-9.72000027,12.37191010
Simul_+0deg,0,-9.35999966,90.00000000,-9.35999966,12.62016869
Simul_+0deg,0,-9.00000000,90.00000000,-9.00000000,12.86954880
Simul_+0deg,0,-8.63999939,90.00000000,-8.63999939,13.11911488
Simul_+0deg,0,-8.27999973,90.00000000,-8.27999973,13.36808205
Simul_+0deg,0,-7.91999912,90.00000000,-7.91999912,13.60744095
Simul_+0deg,0,-7.55999947,90.00000000,-7.55999947,13.82123566
Simul_+0deg,0,-7.19999981,90.00000000,-7.19999981,14.04096127
Simul_+0deg,0,-6.83999968,90.00000000,-6.83999968,14.26526451
Simul_+0deg,0,-6.47999954,90.00000000,-6.47999954,14.49293518
Simul_+0deg,0,-6.11999989,90.00000000,-6.11999989,14.72290421
Simul_+0deg,0,-5.75999975,90.00000000,-5.75999975,14.92292881
Simul_+0deg,0,-5.39999962,90.00000000,-5.39999962,15.11103153
Simul_+0deg,0,-5.03999996,90.00000000,-5.03999996,15.30265236
Simul_+0deg,0,-4.67999983,90.00000000,-4.67999983,15.49700642
Simul_+0deg,0,-4.31999969,90.00000000,-4.31999969,15.69337749
Simul_+0deg,0,-3.95999956,90.00000000,-3.95999956,15.88145161
Simul_+0deg,0,-3.59999990,90.00000000,-3.59999990,15.99342155
Simul_+0deg,0,-3.23999977,90.00000000,-3.23999977,16.10710335
Simul_+0deg,0,-2.87999988,90.00000000,-2.87999988,16.22229385
Simul_+0deg,0,-2.51999998,90.00000000,-2.51999998,16.33879662
Simul_+0deg,0,-2.15999985,90.00000000,-2.15999985,16.45643425
Simul_+0deg,0,-1.79999995,90.00000000,-1.79999995,16.50648499
Simul_+0deg,0,-1.43999994,90.00000000,-1.43999994,16.50223160
Simul_+0deg,0,-1.07999992,90.00000000,-1.07999992,16.49840164
Simul_+0deg,0,-0.71999997,90.00000000,-0.71999997,16.49500084
Simul_+0deg,0,-0.35999998,90.00000000,-0.35999998,16.49203110
Simul_+0deg,0,0.00000000,90.00000000,0.00000000,16.48949242
Simul_+0deg,0,0.35999998,90.00000000,0.35999998,16.35356331
Simul_+0deg,0,0.71999997,90.00000000,0.71999997,16.21569443
Simul_+0deg,0,1.07999992,90.00000000,1.07999992,16.07583618
Simul_+0deg,0,1.43999994,90.00000000,1.43999994,15.93394279
Simul_+0deg,0,1.79999995,90.00000000,1.79999995,15.78996086
Simul_+0deg,0,2.15999985,90.00000000,2.15999985,15.59698868
Simul_+0deg,0,2.51999998,90.00000000,2.51999998,15.34148407
Simul_+0deg,0,2.87999988,90.00000000,2.87999988,15.08137321
Simul_+0deg,0,3.23999977,90.00000000,3.23999977,14.81677437
Simul_+0deg,0,3.59999990,90.00000000,3.59999990,14.54786205
Simul_+0deg,0,3.95999956,90.00000000,3.95999956,14.27488708
Simul_+0deg,0,4.31999969,90.00000000,4.31999969,13.96254063
Simul_+0deg,0,4.67999983,90.00000000,4.67999983,13.64333630
Simul_+0deg,0,5.03999996,90.00000000,5.03999996,13.32306862
Simul_+0deg,0,5.39999962,90.00000000,5.39999962,13.00343704
Simul_+0deg,0,5.75999975,90.00000000,5.75999975,12.68653393
Simul_+0deg,0,6.11999989,90.00000000,6.11999989,12.38262177
Simul_+0deg,0,6.47999954,90.00000000,6.47999954,12.09989738
Simul_+0deg,0,6.83999968,90.00000000,6.83999968,11.82424068
Simul_+0deg,0,7.19999981,90.00000000,7.19999981,11.55834961
Simul_+0deg,0,7.55999947,90.00000000,7.55999947,11.30528355
Simul_+0deg,0,7.91999912,90.00000000,7.91999912,11.06841946
Simul_+0deg,0,8.27999973,90.00000000,8.27999973,10.84757614
Simul_+0deg,0,8.63999939,90.00000000,8.63999939,10.63116455
Simul_+0deg,0,9.00000000,90.00000000,9.00000000,10.41935825
Simul_+0deg,0,9.35999966,90.00000000,9.35999966,10.21342087
Simul_+0deg,0,9.72000027,90.00000000,9.72000027,10.01474857
Simul_+0deg,0,10.07999992,90.00000000,10.07999992,9.80266190
Simul_+0deg,0,10.43999863,90.00000000,10.43999863,9.51105595
Simul_+0deg,0,10.79999924,90.00000000,10.79999924,9.20980263
Simul_+0deg,0,11.15999889,90.00000000,11.15999889,8.89827919
Simul_+0deg,0,11.51999950,90.00000000,11.51999950,8.57581139
Simul_+0deg,0,11.87999916,90.00000000,11.87999916,8.24165535
Simul_+0deg,0,12.23999977,90.00000000,12.23999977,7.77424812
Simul_+0deg,0,12.59999943,90.00000000,12.59999943,7.21998215
Simul_+0deg,0,12.95999908,90.00000000,12.95999908,6.63428402
Simul_+0deg,0,13.31999969,90.00000000,13.31999969,6.01449585
Simul_+0deg,0,13.67999935,90.00000000,13.67999935,5.35826206
Simul_+0deg,0,14.03999901,90.00000000,14.03999901,4.64228964
Simul_+0deg,0,14.39999962,90.00000000,14.39999962,3.70944977
Simul_+0deg,0,14.75999832,90.00000000,14.75999832,2.73215055
Simul_+0deg,0,15.11999893,90.00000000,15.11999893,1.73773646
Simul_+0deg,0,15.47999954,90.00000000,15.47999954,0.78316891
Simul_+0deg,0,15.83999825,90.00000000,15.83999825,-0.03174529
Simul_+0deg,0,16.19999886,90.00000000,16.19999886,-0.72738659
Simul_+0deg,0,16.55999947,90.00000000,16.55999947,-1.18646550
Simul_+0deg,0,16.92000008,90.00000000,16.92000008,-1.17591739
Simul_+0deg,0,17.27999878,90.00000000,17.27999878,-0.69897419
Simul_+0deg,0,17.63999939,90.00000000,17.63999939,0.11390722
Simul_+0deg,0,18.00000000,90.00000000,18.00000000,1.10085857
Simul_+0deg,0,18.35999870,90.00000000,18.35999870,1.57013190
Simul_+0deg,0,18.71999931,90.00000000,18.71999931,2.12180352
Simul_+0deg,0,19.07999992,90.00000000,19.07999992,2.72264838
Simul_+0deg,0,19.44000053,90.00000000,19.44000053,3.34671593
Simul_+0deg,0,19.79999924,90.00000000,19.79999924,3.97549844
Simul_+0deg,0,20.15999985,90.00000000,20.15999985,4.33675241
Simul_+0deg,0,20.51999855,90.00000000,20.51999855,4.38661146
Simul_+0deg,0,20.87999725,90.00000000,20.87999725,4.45921707
Simul_+0deg,0,21.23999786,90.00000000,21.23999786,4.55344152
Simul_+0deg,0,21.59999847,90.00000000,21.59999847,4.66787624
Simul_+0deg,0,21.95999908,90.00000000,21.95999908,4.80092907
Simul_+0deg,0,22.31999779,90.00000000,22.31999779,4.46177387
Simul_+0deg,0,22.67999840,90.00000000,22.67999840,4.05196095
Simul_+0deg,0,23.03999901,90.00000000,23.03999901,3.63170862
Simul_+0deg,0,23.39999771,90.00000000,23.39999771,3.20205879
Simul_+0deg,0,23.75999832,90.00000000,23.75999832,2.76465917
Simul_+0deg,0,24.11999893,90.00000000,24.11999893,2.17257810
Simul_+0deg,0,24.47999954,90.00000000,24.47999954,1.21429539
Simul_+0deg,0,24.83999825,90.00000000,24.83999825,0.13744335
Simul_+0deg,0,25.19999886,90.00000000,25.19999886,-1.09136415
Simul_+0deg,0,25.55999947,90.00000000,25.55999947,-2.52184749
Simul_+0deg,0,25.91999817,90.00000000,25.91999817,-4.23272705
Simul_+0deg,0,26.27999878,90.00000000,26.27999878,-6.33379269
Simul_+0deg,0,26.63999939,90.00000000,26.63999939,-8.94391251
Simul_+0deg,0,27.00000000,90.00000000,27.00000000,-12.06835270
Simul_+0deg,0,27.35999870,90.00000000,27.35999870,-14.39489460
Simul_+0deg,0,27.71999931,90.00000000,27.71999931,-12.98871994
Simul_+0deg,0,28.07999802,90.00000000,28.07999802,-9.89006042
Simul_+0deg,0,28.43999863,90.00000000,28.43999863,-7.43916464
Simul_+0deg,0,28.79999924,90.00000000,28.79999924,-5.50296831
Simul_+0deg,0,29.15999794,90.00000000,29.15999794,-3.90948439
Simul_+0deg,0,29.51999664,90.00000000,29.51999664,-2.55805445
Simul_+0deg,0,29.87999916,90.00000000,29.87999916,-1.38589132
Simul_+0deg,0,30.23999786,90.00000000,30.23999786,-0.67218035
Simul_+0deg,0,30.59999657,90.00000000,30.59999657,-0.16405407
Simul_+0deg,0,30.95999908,90.00000000,30.95999908,0.31711832
Simul_+0deg,0,31.31999779,90.00000000,31.31999779,0.77386945
Simul_+0deg,0,31.67999649,90.00000000,31.67999649,1.20852876
Simul_+0deg,0,32.03999710,90.00000000,32.03999710,1.58011365
Simul_+0deg,0,32.39999771,90.00000000,32.39999771,1.59981990
Simul_+0deg,0,32.75999832,90.00000000,32.75999832,1.61983240
Simul_+0deg,0,33.11999893,90.00000000,33.11999893,1.64014554
Simul_+0deg,0,33.47999573,90.00000000,33.47999573,1.66075611
Simul_+0deg,0,33.84000015,90.00000000,33.84000015,1.68165922
Simul_+0deg,0,34.19999695,90.00000000,34.19999695,1.53719974
Simul_+0deg,0,34.55999756,90.00000000,34.55999756,1.25415504
Simul_+0deg,0,34.91999817,90.00000000,34.91999817,0.96293157
Simul_+0deg,0,35.27999878,90.00000000,35.27999878,0.66315341
Simul_+0deg,0,35.63999557,90.00000000,35.63999557,0.35444114
Simul_+0deg,0,36.00000000,90.00000000,36.00000000,0.03640676
Simul_+0deg,0,36.35999680,90.00000000,36.35999680,-0.39281979
Simul_+0deg,0,36.71999741,90.00000000,36.71999741,-0.81099188
Simul_+0deg,0,37.07999802,90.00000000,37.07999802,-1.20994735
Simul_+0deg,0,37.43999863,90.00000000,37.43999863,-1.57976139
Simul_+0deg,0,37.79999542,90.00000000,37.79999542,-1.90896654
Simul_+0deg,0,38.15999985,90.00000000,38.15999985,-2.00366688
Simul_+0deg,0,38.51999664,90.00000000,38.51999664,-1.78520417
Simul_+0deg,0,38.88000107,90.00000000,38.88000107,-1.48225164
Simul_+0deg,0,39.23999786,90.00000000,39.23999786,-1.11194873
Simul_+0deg,0,39.59999847,90.00000000,39.59999847,-0.69176543
Simul_+0deg,0,39.95999908,90.00000000,39.95999908,-0.23754248
Simul_+0deg,0,40.31999969,90.00000000,40.31999969,0.35486770
Simul_+0deg,0,40.67999649,90.00000000,40.67999649,0.93049061
Simul_+0deg,0,41.03999710,90.00000000,41.03999710,1.47465229
Simul_+0deg,0,41.39999771,90.00000000,41.39999771,1.99009895
Simul_+0deg,0,41.75999451,90.00000000,41.75999451,2.47933125
Simul_+0deg,0,42.11999893,90.00000000,42.11999893,2.89149714
Simul_+0deg,0,42.47999573,90.00000000,42.47999573,3.18367863
Simul_+0deg,0,42.83999634,90.00000000,42.83999634,3.46702218
Simul_+0deg,0,43.19999695,90.00000000,43.19999695,3.74200296
Simul_+0deg,0,43.55999756,90.00000000,43.55999756,4.00906420
Simul_+0deg,0,43.91999817,90.00000000,43.91999817,4.26861858
Simul_+0deg,0,44.27999878,90.00000000,44.27999878,4.40325928
Simul_+0deg,0,44.63999557,90.00000000,44.63999557,4.50337458
Simul_+0deg,0,45.00000000,90.00000000,45.00000000,4.60333776
Simul_+0deg,0,45.35999680,90.00000000,45.35999680,4.70310974
Simul_+0deg,0,45.71999741,90.00000000,45.71999741,4.80265188
Simul_+0deg,0,46.07999802,90.00000000,46.07999802,4.88082838
Simul_+0deg,0,46.43999863,90.00000000,46.43999863,4.88561106
Simul_+0deg,0,46.79999542,90.00000000,46.79999542,4.89131498
Simul_+0deg,0,47.15999985,90.00000000,47.15999985,4.89793539
Simul_+0deg,0,47.51999664,90.00000000,47.51999664,4.90546942
Simul_+0deg,0,47.87999725,90.00000000,47.87999725,4.91391182
Simul_+0deg,0,48.23999786,90.00000000,48.23999786,4.85031366
Simul_+0deg,0,48.59999847,90.00000000,48.59999847,4.74979591
Simul_+0deg,0,48.95999908,90.00000000,48.95999908,4.64855051
Simul_+0deg,0,49.31999588,90.00000000,49.31999588,4.54658890
Simul_+0deg,0,49.67999649,90.00000000,49.67999649,4.44391394
Simul_+0deg,0,50.03999710,90.00000000,50.03999710,4.33543682
Simul_+0deg,0,50.39999771,90.00000000,50.39999771,4.18471384
Simul_+0deg,0,50.75999451,90.00000000,50.75999451,4.03180218
Simul_+0deg,0,51.11999893,90.00000000,51.11999893,3.87666607
Simul_+0deg,0,51.47999573,90.00000000,51.47999573,3.71926284
Simul_+0deg,0,51.83999634,90.00000000,51.83999634,3.55954981
Simul_+0deg,0,52.19999695,90.00000000,52.19999695,3.46698546
Simul_+0deg,0,52.55999756,90.00000000,52.55999756,3.43156290
Simul_+0deg,0,52.91999435,90.00000000,52.91999435,3.39885473
Simul_+0deg,0,53.27999878,90.00000000,53.27999878,3.36892653
Simul_+0deg,0,53.63999557,90.00000000,53.63999557,3.34183741
Simul_+0deg,0,54.00000000,90.00000000,54.00000000,3.31764197
Simul_+0deg,0,54.35999680,90.00000000,54.35999680,3.38152409
Simul_+0deg,0,54.71999741,90.00000000,54.71999741,3.44546652
Simul_+0deg,0,55.07999802,90.00000000,55.07999802,3.50945044
Simul_+0deg,0,55.43999863,90.00000000,55.43999863,3.57346153
Simul_+0deg,0,55.79999542,90.00000000,55.79999542,3.63748670
Simul_+0deg,0,56.15999603,90.00000000,56.15999603,3.68980646
Simul_+0deg,0,56.51999664,90.00000000,56.51999664,3.72739601
Simul_+0deg,0,56.87999725,90.00000000,56.87999725,3.76484513
Simul_+0deg,0,57.23999786,90.00000000,57.23999786,3.80215883
Simul_+0deg,0,57.59999847,90.00000000,57.59999847,3.83933330
Simul_+0deg,0,57.95999908,90.00000000,57.95999908,3.87637162
Simul_+0deg,0,58.31999588,90.00000000,58.31999588,3.88262010
Simul_+0deg,0,58.67999649,90.00000000,58.67999649,3.88541460
Simul_+0deg,0,59.03999329,90.00000000,59.03999329,3.88861561
Simul_+0deg,0,59.39999390,90.00000000,59.39999390,3.89222264
Simul_+0deg,0,59.75999832,90.00000000,59.75999832,3.89623404
Simul_+0deg,0,60.11999893,90.00000000,60.11999893,3.87502575
Simul_+0deg,0,60.47999573,90.00000000,60.47999573,3.80300474
Simul_+0deg,0,60.83999634,90.00000000,60.83999634,3.73146653
Simul_+0deg,0,61.19999313,90.00000000,61.19999313,3.66045713
Simul_+0deg,0,61.56000137,90.00000000,61.56000137,3.59002256
Simul_+0deg,0,61.91999817,90.00000000,61.91999817,3.52021027
Simul_+0deg,0,62.27999878,90.00000000,62.27999878,3.38656926
Simul_+0deg,0,62.63999557,90.00000000,62.63999557,3.23253775
Simul_+0deg,0,62.99999619,90.00000000,62.99999619,3.07616091
Simul_+0deg,0,63.35999298,90.00000000,63.35999298,2.91738725
Simul_+0deg,0,63.71999741,90.00000000,63.71999741,2.75616193
Simul_+0deg,0,64.07999420,90.00000000,64.07999420,2.59161520
Simul_+0deg,0,64.43999481,90.00000000,64.43999481,2.42120361
Simul_+0deg,0,64.79999542,90.00000000,64.79999542,2.24739552
Simul_+0deg,0,65.15999603,90.00000000,65.15999603,2.07003212
Simul_+0deg,0,65.51999664,90.00000000,65.51999664,1.88899589
Simul_+0deg,0,65.87999725,90.00000000,65.87999725,1.70409942
Simul_+0deg,0,66.23999786,90.00000000,66.23999786,1.52414536
Simul_+0deg,0,66.59999847,90.00000000,66.59999847,1.34520984
Simul_+0deg,0,66.95999146,90.00000000,66.95999146,1.16282690
Simul_+0deg,0,67.31999207,90.00000000,67.31999207,0.97688460
Simul_+0deg,0,67.68000031,90.00000000,67.68000031,0.78725255
Simul_+0deg,0,68.04000092,90.00000000,68.04000092,0.60129273
Simul_+0deg,0,68.39999390,90.00000000,68.39999390,0.47355980
Simul_+0deg,0,68.75999451,90.00000000,68.75999451,0.34630489
Simul_+0deg,0,69.11999512,90.00000000,69.11999512,0.21968660
Simul_+0deg,0,69.47999573,90.00000000,69.47999573,0.09387651
Simul_+0deg,0,69.83999634,90.00000000,69.83999634,-0.03094379
Simul_+0deg,0,70.19999695,90.00000000,70.19999695,-0.07506694
Simul_+0deg,0,70.55999756,90.00000000,70.55999756,-0.05397440
Simul_+0deg,0,70.91999817,90.00000000,70.91999817,-0.03120425
Simul_+0deg,0,71.27999115,90.00000000,71.27999115,-0.00678405
Simul_+0deg,0,71.63999939,90.00000000,71.63999939,0.01925782
Simul_+0deg,0,72.00000000,90.00000000,72.00000000,0.04689307
Simul_+0deg,0,72.36000061,90.00000000,72.36000061,0.09211100
Simul_+0deg,0,72.71999359,90.00000000,72.71999359,0.13710475
Simul_+0deg,0,73.07999420,90.00000000,73.07999420,0.18187696
Simul_+0deg,0,73.43999481,90.00000000,73.43999481,0.22642672
Simul_+0deg,0,73.79999542,90.00000000,73.79999542,0.27076346
Simul_+0deg,0,74.15999603,90.00000000,74.15999603,0.30648577
Simul_+0deg,0,74.51999664,90.00000000,74.51999664,0.33169007
Simul_+0deg,0,74.87999725,90.00000000,74.87999725,0.35694641
Simul_+0deg,0,75.23999023,90.00000000,75.23999023,0.38224679
Simul_+0deg,0,75.59999084,90.00000000,75.59999084,0.40759534
Simul_+0deg,0,75.95999908,90.00000000,75.95999908,0.43298748
Simul_+0deg,0,76.31999969,90.00000000,76.31999969,0.46159810
Simul_+0deg,0,76.67999268,90.00000000,76.67999268,0.49152333
Simul_+0deg,0,77.03999329,90.00000000,77.03999329,0.52240258
Simul_+0deg,0,77.39999390,90.00000000,77.39999390,0.55420864
Simul_+0deg,0,77.76000214,90.00000000,77.76000214,0.58692467
Simul_+0deg,0,78.11999512,90.00000000,78.11999512,0.59624875
Simul_+0deg,0,78.47999573,90.00000000,78.47999573,0.55918837
Simul_+0deg,0,78.83999634,90.00000000,78.83999634,0.52500135
Simul_+0deg,0,79.19999695,90.00000000,79.19999695,0.49375716
Simul_+0deg,0,79.55998993,90.00000000,79.55998993,0.46551737
Simul_+0deg,0,79.91999817,90.00000000,79.91999817,0.44034752
Simul_+0deg,0,80.27999878,90.00000000,80.27999878,0.35535145
Simul_+0deg,0,80.63999939,90.00000000,80.63999939,0.25397068
Simul_+0deg,0,80.99999237,90.00000000,80.99999237,0.15413378
Simul_+0deg,0,81.35999298,90.00000000,81.35999298,0.05602397
Simul_+0deg,0,81.72000122,90.00000000,81.72000122,-0.04020550
Simul_+0deg,0,82.07999420,90.00000000,82.07999420,-0.13823745
Simul_+0deg,0,82.43999481,90.00000000,82.43999481,-0.24844262
Simul_+0deg,0,82.79999542,90.00000000,82.79999542,-0.35759676
Simul_+0deg,0,83.15999603,90.00000000,83.15999603,-0.46556619
Simul_+0deg,0,83.51998901,90.00000000,83.51998901,-0.57217008
Simul_+0deg,0,83.87999725,90.00000000,83.87999725,-0.67725652
Simul_+0deg,0,84.23999786,90.00000000,84.23999786,-0.80546731
Simul_+0deg,0,84.59999847,90.00000000,84.59999847,-0.94475508
Simul_+0deg,0,84.95999146,90.00000000,84.95999146,-1.08251798
Simul_+0deg,0,85.31999207,90.00000000,85.31999207,-1.21848309
Simul_+0deg,0,85.67999268,90.00000000,85.67999268,-1.35230958
Simul_+0deg,0,86.04000092,90.00000000,86.04000092,-1.49161553
Simul_+0deg,0,86.39999390,90.00000000,86.39999390,-1.69409764
Simul_+0deg,0,86.75999451,90.00000000,86.75999451,-1.89809549
Simul_+0deg,0,87.11999512,90.00000000,87.11999512,-2.10331869
Simul_+0deg,0,87.47999573,90.00000000,87.47999573,-2.30947995
Simul_+0deg,0,87.83999634,90.00000000,87.83999634,-2.51624298
Simul_+0deg,0,88.19999695,90.00000000,88.19999695,-2.72779202
Simul_+0deg,0,88.55999756,90.00000000,88.55999756,-2.94604301
Simul_+0deg,0,88.91999817,90.00000000,88.91999817,-3.16813993
Simul_+0deg,0,89.27999115,90.00000000,89.27999115,-3.39413500
Simul_+0deg,0,89.63999176,90.00000000,89.63999176,-3.62398171
Simul_+0deg,0,90.00000000,90.00000000,90.00000000,-3.85768652
Simul_+0deg,0,90.35999298,90.00000000,90.35999298,-4.04414463
Simul_+0deg,0,90.71999359,90.00000000,90.71999359,-4.23295450
Simul_+0deg,0,91.07999420,90.00000000,91.07999420,-4.42407894
Simul_+0deg,0,91.43999481,90.00000000,91.43999481,-4.61746740
Simul_+0deg,0,91.79999542,90.00000000,91.79999542,-4.81299639
Simul_+0deg,0,92.15999603,90.00000000,92.15999603,-5.01468182
Simul_+0deg,0,92.51999664,90.00000000,92.51999664,-5.22382545
Simul_+0deg,0,92.87999725,90.00000000,92.87999725,-5.43539095
Simul_+0deg,0,93.23999023,90.00000000,93.23999023,-5.64917803
Simul_+0deg,0,93.59999084,90.00000000,93.59999084,-5.86502266
Simul_+0deg,0,93.95999908,90.00000000,93.95999908,-6.08263874
Simul_+0deg,0,94.31999969,90.00000000,94.31999969,-6.28667355
Simul_+0deg,0,94.67999268,90.00000000,94.67999268,-6.49230242
Simul_+0deg,0,95.03999329,90.00000000,95.03999329,-6.70162773
Simul_+0deg,0,95.39999390,90.00000000,95.39999390,-6.91466379
Simul_+0deg,0,95.75999451,90.00000000,95.75999451,-7.13146639
Simul_+0deg,0,96.11999512,90.00000000,96.11999512,-7.29775953
Simul_+0deg,0,96.47999573,90.00000000,96.47999573,-7.35606575
Simul_+0deg,0,96.83999634,90.00000000,96.83999634,-7.41342783
Simul_+0deg,0,97.19999695,90.00000000,97.19999695,-7.46980667
Simul_+0deg,0,97.55998993,90.00000000,97.55998993,-7.52515507
Simul_+0deg,0,97.91999817,90.00000000,97.91999817,-7.57941484
Simul_+0deg,0,98.27999878,90.00000000,98.27999878,-7.59972811
Simul_+0deg,0,98.63999176,90.00000000,98.63999176,-7.60476160
Simul_+0deg,0,98.99999237,90.00000000,98.99999237,-7.60328007
Simul_+0deg,0,99.35999298,90.00000000,99.35999298,-7.59528923
Simul_+0deg,0,99.71999359,90.00000000,99.71999359,-7.58082581
Simul_+0deg,0,100.07999420,90.00000000,100.07999420,-7.58094215
Simul_+0deg,0,100.43999481,90.00000000,100.43999481,-7.64847374
Simul_+0deg,0,100.79999542,90.00000000,100.79999542,-7.70997286
Simul_+0deg,0,101.15999603,90.00000000,101.15999603,-7.76516867
Simul_+0deg,0,101.51998901,90.00000000,101.51998901,-7.81379938
Simul_+0deg,0,101.87999725,90.00000000,101.87999725,-7.85564327
Simul_+0deg,0,102.23999786,90.00000000,102.23999786,-7.86966610
Simul_+0deg,0,102.59999847,90.00000000,102.59999847,-7.86910343
Simul_+0deg,0,102.95999146,90.00000000,102.95999146,-7.86494827
Simul_+0deg,0,103.31999207,90.00000000,103.31999207,-7.85721111
Simul_+0deg,0,103.67999268,90.00000000,103.67999268,-7.84591150
Simul_+0deg,0,104.03999329,90.00000000,104.03999329,-7.82788563
Simul_+0deg,0,104.39999390,90.00000000,104.39999390,-7.77901936
Simul_+0deg,0,104.75999451,90.00000000,104.75999451,-7.72352600
Simul_+0deg,0,105.11999512,90.00000000,105.11999512,-7.66167164
Simul_+0deg,0,105.47999573,90.00000000,105.47999573,-7.59373140
Simul_+0deg,0,105.83998871,90.00000000,105.83998871,-7.51999140
Simul_+0deg,0,106.19999695,90.00000000,106.19999695,-7.52334118
Simul_+0deg,0,106.55999756,90.00000000,106.55999756,-7.58351994
Simul_+0deg,0,106.91999054,90.00000000,106.91999054,-7.63299179
Simul_+0deg,0,107.27999115,90.00000000,107.27999115,-7.67138386
Simul_+0deg,0,107.63999176,90.00000000,107.63999176,-7.69838572
Simul_+0deg,0,108.00000000,90.00000000,108.00000000,-7.71378899
Simul_+0deg,0,108.35999298,90.00000000,108.35999298,-7.87949276
Simul_+0deg,0,108.71999359,90.00000000,108.71999359,-8.03863907
Simul_+0deg,0,109.07999420,90.00000000,109.07999420,-8.19021606
Simul_+0deg,0,109.43999481,90.00000000,109.43999481,-8.33321762
Simul_+0deg,0,109.79998779,90.00000000,109.79998779,-8.46656990
Simul_+0deg,0,110.15999603,90.00000000,110.15999603,-8.63629246
Simul_+0deg,0,110.51999664,90.00000000,110.51999664,-8.85932732
Simul_+0deg,0,110.87999725,90.00000000,110.87999725,-9.07814407
Simul_+0deg,0,111.23999023,90.00000000,111.23999023,-9.29141808
Simul_+0deg,0,111.59999084,90.00000000,111.59999084,-9.49775314
Simul_+0deg,0,111.95999908,90.00000000,111.95999908,-9.69555187
Simul_+0deg,0,112.31999207,90.00000000,112.31999207,-9.97219658
Simul_+0deg,0,112.67999268,90.00000000,112.67999268,-10.26067734
Simul_+0deg,0,113.03999329,90.00000000,113.03999329,-10.54953671
Simul_+0deg,0,113.39999390,90.00000000,113.39999390,-10.83739376
Simul_+0deg,0,113.75999451,90.00000000,113.75999451,-11.12266064
Simul_+0deg,0,114.11999512,90.00000000,114.11999512,-11.41010475
Simul_+0deg,0,114.47999573,90.00000000,114.47999573,-11.71289921
Simul_+0deg,0,114.83999634,90.00000000,114.83999634,-12.02132416
Simul_+0deg,0,115.19999695,90.00000000,115.19999695,-12.33504486
Simul_+0deg,0,115.55998993,90.00000000,115.55998993,-12.65345383
Simul_+0deg,0,115.91999817,90.00000000,115.91999817,-12.97585106
Simul_+0deg,0,116.27999115,90.00000000,116.27999115,-13.29688549
Simul_+0deg,0,116.63999176,90.00000000,116.63999176,-13.62635040
Simul_+0deg,0,117.00000000,90.00000000,117.00000000,-13.96691895
Simul_+0deg,0,117.35999298,90.00000000,117.35999298,-14.31910706
Simul_+0deg,0,117.72000122,90.00000000,117.72000122,-14.68356895
Simul_+0deg,0,118.07998657,90.00000000,118.07998657,-15.04572105
Simul_+0deg,0,118.43999481,90.00000000,118.43999481,-15.36155701
Simul_+0deg,0,118.79998779,90.00000000,118.79998779,-15.67871284
Simul_+0deg,0,119.15999603,90.00000000,119.15999603,-15.99568272
Simul_+0deg,0,119.51999664,90.00000000,119.51999664,-16.31047440
Simul_+0deg,0,119.87998962,90.00000000,119.87998962,-16.62075043
Simul_+0deg,0,120.23999786,90.00000000,120.23999786,-16.52044487
Simul_+0deg,0,120.59999084,90.00000000,120.59999084,-16.20201874
Simul_+0deg,0,120.95999146,90.00000000,120.95999146,-15.87021446
Simul_+0deg,0,121.31999969,90.00000000,121.31999969,-15.52944183
Simul_+0deg,0,121.67999268,90.00000000,121.67999268,-15.18349457
Simul_+0deg,0,122.03999329,90.00000000,122.03999329,-14.81425285
Simul_+0deg,0,122.39998627,90.00000000,122.39998627,-14.29119968
Simul_+0deg,0,122.75999451,90.00000000,122.75999451,-13.79406166
Simul_+0deg,0,123.12000275,90.00000000,123.12000275,-13.32088566
Simul_+0deg,0,123.47998810,90.00000000,123.47998810,-12.86974430
Simul_+0deg,0,123.83999634,90.00000000,123.83999634,-12.43888283
Simul_+0deg,0,124.19998932,90.00000000,124.19998932,-12.15686703
Simul_+0deg,0,124.55999756,90.00000000,124.55999756,-11.96653748
Simul_+0deg,0,124.91998291,90.00000000,124.91998291,-11.75772095
Simul_+0deg,0,125.27999115,90.00000000,125.27999115,-11.53330898
Simul_+0deg,0,125.63999939,90.00000000,125.63999939,-11.29610920
Simul_+0deg,0,125.99999237,90.00000000,125.99999237,-11.04871845
Simul_+0deg,0,126.35999298,90.00000000,126.35999298,-11.06901550
Simul_+0deg,0,126.71998596,90.00000000,126.71998596,-11.05240726
Simul_+0deg,0,127.07999420,90.00000000,127.07999420,-10.99931622
Simul_+0deg,0,127.43999481,90.00000000,127.43999481,-10.91104984
Simul_+0deg,0,127.79998779,90.00000000,127.79998779,-10.78972912
Simul_+0deg,0,128.15998840,90.00000000,128.15998840,-10.78008556
Simul_+0deg,0,128.51998901,90.00000000,128.51998901,-10.89239979
Simul_+0deg,0,128.87998962,90.00000000,128.87998962,-10.93489647
Simul_+0deg,0,129.24000549,90.00000000,129.24000549,-10.90549850
Simul_+0deg,0,129.59999084,90.00000000,129.59999084,-10.80564976
Simul_+0deg,0,129.95999146,90.00000000,129.95999146,-10.64004326
Simul_+0deg,0,130.31999207,90.00000000,130.31999207,-10.81422997
Simul_+0deg,0,130.67999268,90.00000000,130.67999268,-10.91681385
Simul_+0deg,0,131.03999329,90.00000000,131.03999329,-10.88568592
Simul_+0deg,0,131.39999390,90.00000000,131.39999390,-10.72363091
Simul_+0deg,0,131.75999451,90.00000000,131.75999451,-10.44453430
Simul_+0deg,0,132.11999512,90.00000000,132.11999512,-10.26906013
Simul_+0deg,0,132.47999573,90.00000000,132.47999573,-10.35919094
Simul_+0deg,0,132.83998108,90.00000000,132.83998108,-10.28555393
Simul_+0deg,0,133.19999695,90.00000000,133.19999695,-10.05615997
Simul_+0deg,0,133.55999756,90.00000000,133.55999756,-9.69402409
Simul_+0deg,0,133.91998291,90.00000000,133.91998291,-9.23040295
Simul_+0deg,0,134.27999878,90.00000000,134.27999878,-9.17848396
Simul_+0deg,0,134.63998413,90.00000000,134.63998413,-9.14607620
Simul_+0deg,0,135.00000000,90.00000000,135.00000000,-8.99112034
Simul_+0deg,0,135.36000061,90.00000000,135.36000061,-8.72607803
Simul_+0deg,0,135.71998596,90.00000000,135.71998596,-8.37008858
Simul_+0deg,0,136.08000183,90.00000000,136.08000183,-8.07692814
Simul_+0deg,0,136.43998718,90.00000000,136.43998718,-8.17812634
Simul_+0deg,0,136.79998779,90.00000000,136.79998779,-8.20072937
Simul_+0deg,0,137.16000366,90.00000000,137.16000366,-8.14351273
Simul_+0deg,0,137.51998901,90.00000000,137.51998901,-8.00956249
Simul_+0deg,0,137.87998962,90.00000000,137.87998962,-7.80570602
Simul_+0deg,0,138.23999023,90.00000000,138.23999023,-7.87915325
Simul_+0deg,0,138.59999084,90.00000000,138.59999084,-8.07330894
Simul_+0deg,0,138.95999146,90.00000000,138.95999146,-8.21471405
Simul_+0deg,0,139.31999207,90.00000000,139.31999207,-8.29785538
Simul_+0deg,0,139.67999268,90.00000000,139.67999268,-8.31928349
Simul_+0deg,0,140.03999329,90.00000000,140.03999329,-8.32636261
Simul_+0deg,0,140.39999390,90.00000000,140.39999390,-8.67616367
Simul_+0deg,0,140.75997925,90.00000000,140.75997925,-8.99036503
Simul_+0deg,0,141.11999512,90.00000000,141.11999512,-9.25858402
Simul_+0deg,0,141.47999573,90.00000000,141.47999573,-9.47038078
Simul_+0deg,0,141.83999634,90.00000000,141.83999634,-9.61638737
Simul_+0deg,0,142.19999695,90.00000000,142.19999695,-9.97020340
Simul_+0deg,0,142.55998230,90.00000000,142.55998230,-10.51264668
Simul_+0deg,0,142.91999817,90.00000000,142.91999817,-11.01287937
Simul_+0deg,0,143.27999878,90.00000000,143.27999878,-11.44584560
Simul_+0deg,0,143.63998413,90.00000000,143.63998413,-11.78335381
Simul_+0deg,0,144.00000000,90.00000000,144.00000000,-11.99852085
Simul_+0deg,0,144.35998535,90.00000000,144.35998535,-12.85227013
Simul_+0deg,0,144.72000122,90.00000000,144.72000122,-13.64343071
Simul_+0deg,0,145.07998657,90.00000000,145.07998657,-14.29320526
Simul_+0deg,0,145.43998718,90.00000000,145.43998718,-14.70630550
Simul_+0deg,0,145.80000305,90.00000000,145.80000305,-14.80323029
Simul_+0deg,0,146.15998840,90.00000000,146.15998840,-15.03641224
Simul_+0deg,0,146.51998901,90.00000000,146.51998901,-15.56503105
Simul_+0deg,0,146.87998962,90.00000000,146.87998962,-15.71368599
Simul_+0deg,0,147.23999023,90.00000000,147.23999023,-15.44300270
Simul_+0deg,0,147.59999084,90.00000000,147.59999084,-14.82255363
Simul_+0deg,0,147.95999146,90.00000000,147.95999146,-13.98088837
Simul_+0deg,0,148.31999207,90.00000000,148.31999207,-13.79358387
Simul_+0deg,0,148.67999268,90.00000000,148.67999268,-13.54239941
Simul_+0deg,0,149.03999329,90.00000000,149.03999329,-13.15322113
Simul_+0deg,0,149.39999390,90.00000000,149.39999390,-12.66081333
Simul_+0deg,0,149.75999451,90.00000000,149.75999451,-12.09996986
Simul_+0deg,0,150.11999512,90.00000000,150.11999512,-11.71744537
Simul_+0deg,0,150.47998047,90.00000000,150.47998047,-11.74222374
Simul_+0deg,0,150.83999634,90.00000000,150.83999634,-11.73863029
Simul_+0deg,0,151.19998169,90.00000000,151.19998169,-11.70673370
Simul_+0deg,0,151.55999756,90.00000000,151.55999756,-11.64714909
Simul_+0deg,0,151.91999817,90.00000000,151.91999817,-11.56099892
Simul_+0deg,0,152.27998352,90.00000000,152.27998352,-11.80772877
Simul_+0deg,0,152.63999939,90.00000000,152.63999939,-12.16613674
Simul_+0deg,0,152.99998474,90.00000000,152.99998474,-12.53921700
Simul_+0deg,0,153.35998535,90.00000000,153.35998535,-12.92807102
Simul_+0deg,0,153.72000122,90.00000000,153.72000122,-13.33406067
Simul_+0deg,0,154.07998657,90.00000000,154.07998657,-13.81616497
Simul_+0deg,0,154.43998718,90.00000000,154.43998718,-14.52373028
Simul_+0deg,0,154.79998779,90.00000000,154.79998779,-15.25210571
Simul_+0deg,0,155.15998840,90.00000000,155.15998840,-15.98854446
Simul_+0deg,0,155.52000427,90.00000000,155.52000427,-16.71083069
Simul_+0deg,0,155.87998962,90.00000000,155.87998962,-17.38447571
Simul_+0deg,0,156.23999023,90.00000000,156.23999023,-18.01056862
Simul_+0deg,0,156.59999084,90.00000000,156.59999084,-18.29821968
Simul_+0deg,0,156.95999146,90.00000000,156.95999146,-18.10766220
Simul_+0deg,0,157.31999207,90.00000000,157.31999207,-17.49538231
Simul_+0deg,0,157.67999268,90.00000000,157.67999268,-16.61159706
Simul_+0deg,0,158.03999329,90.00000000,158.03999329,-15.56432343
Simul_+0deg,0,158.39999390,90.00000000,158.39999390,-14.19616890
Simul_+0deg,0,158.75999451,90.00000000,158.75999451,-12.91410446
Simul_+0deg,0,159.11997986,90.00000000,159.11997986,-11.74100304
Simul_+0deg,0,159.47999573,90.00000000,159.47999573,-10.67479134
Simul_+0deg,0,159.83999634,90.00000000,159.83999634,-9.70487022
Simul_+0deg,0,160.19998169,90.00000000,160.19998169,-8.78155327
Simul_+0deg,0,160.55999756,90.00000000,160.55999756,-7.91386223
Simul_+0deg,0,160.91998291,90.00000000,160.91998291,-7.12196732
Simul_+0deg,0,161.27999878,90.00000000,161.27999878,-6.39402962
Simul_+0deg,0,161.63999939,90.00000000,161.63999939,-5.72083855
Simul_+0deg,0,161.99998474,90.00000000,161.99998474,-5.09498310
Simul_+0deg,0,162.36000061,90.00000000,162.36000061,-4.64558887
Simul_+0deg,0,162.71998596,90.00000000,162.71998596,-4.21815300
Simul_+0deg,0,163.07998657,90.00000000,163.07998657,-3.81070805
Simul_+0deg,0,163.44000244,90.00000000,163.44000244,-3.42141104
Simul_+0deg,0,163.79998779,90.00000000,163.79998779,-3.04877949
Simul_+0deg,0,164.15998840,90.00000000,164.15998840,-2.78749895
Simul_+0deg,0,164.51998901,90.00000000,164.51998901,-2.65182686
Simul_+0deg,0,164.87998962,90.00000000,164.87998962,-2.51805186
Simul_+0deg,0,165.23999023,90.00000000,165.23999023,-2.38611627
Simul_+0deg,0,165.59999084,90.00000000,165.59999084,-2.25598788
Simul_+0deg,0,165.95999146,90.00000000,165.95999146,-2.12763405
Simul_+0deg,0,166.31999207,90.00000000,166.31999207,-2.17761946
Simul_+0deg,0,166.67999268,90.00000000,166.67999268,-2.24783230
Simul_+0deg,0,167.03997803,90.00000000,167.03997803,-2.31587076
Simul_+0deg,0,167.39999390,90.00000000,167.39999390,-2.38161683
Simul_+0deg,0,167.75999451,90.00000000,167.75999451,-2.44494295
Simul_+0deg,0,168.11999512,90.00000000,168.11999512,-2.54698491
Simul_+0deg,0,168.47999573,90.00000000,168.47999573,-2.72544861
Simul_+0deg,0,168.83998108,90.00000000,168.83998108,-2.89504576
Simul_+0deg,0,169.19999695,90.00000000,169.19999695,-3.05438876
Simul_+0deg,0,169.55999756,90.00000000,169.55999756,-3.20204306
Simul_+0deg,0,169.91998291,90.00000000,169.91998291,-3.33659530
Simul_+0deg,0,170.27999878,90.00000000,170.27999878,-3.48999476
Simul_+0deg,0,170.63998413,90.00000000,170.63998413,-3.62861633
Simul_+0deg,0,170.99998474,90.00000000,170.99998474,-3.73933816
Simul_+0deg,0,171.35998535,90.00000000,171.35998535,-3.81985521
Simul_+0deg,0,171.71998596,90.00000000,171.71998596,-3.86843348
Simul_+0deg,0,172.08000183,90.00000000,172.08000183,-3.89261103
Simul_+0deg,0,172.43998718,90.00000000,172.43998718,-3.91318035
Simul_+0deg,0,172.79998779,90.00000000,172.79998779,-3.89936876
Simul_+0deg,0,173.15998840,90.00000000,173.15998840,-3.85150075
Simul_+0deg,0,173.51998901,90.00000000,173.51998901,-3.77068138
Simul_+0deg,0,173.87998962,90.00000000,173.87998962,-3.65871811
Simul_+0deg,0,174.23999023,90.00000000,174.23999023,-3.57343006
Simul_+0deg,0,174.59999084,90.00000000,174.59999084,-3.49142027
Simul_+0deg,0,174.95999146,90.00000000,174.95999146,-3.38684225
Simul_+0deg,0,175.31999207,90.00000000,175.31999207,-3.26131868
Simul_+0deg,0,175.67999268,90.00000000,175.67999268,-3.11667156
Simul_+0deg,0,176.03999329,90.00000000,176.03999329,-2.96627235
Simul_+0deg,0,176.39999390,90.00000000,176.39999390,-2.89275908
Simul_+0deg,0,176.75997925,90.00000000,176.75997925,-2.80686998
Simul_+0deg,0,177.11999512,90.00000000,177.11999512,-2.70933294
Simul_+0deg,0,177.47999573,90.00000000,177.47999573,-2.60096264
Simul_+0deg,0,177.83999634,90.00000000,177.83999634,-2.48261237
Simul_+0deg,0,178.19999695,90.00000000,178.19999695,-2.41226220
Simul_+0deg,0,178.55998230,90.00000000,178.55998230,-2.38122082
Simul_+0deg,0,178.91999817,90.00000000,178.91999817,-2.34454894
Simul_+0deg,0,179.27998352,90.00000000,179.27998352,-2.30238652
Simul_+0deg,0,179.63998413,90.00000000,179.63998413,-2.25490189
Simul_+15deg,15,-180.00000000,90.00000000,-180.00000000,-0.54285115
Simul_+15deg,15,-179.63998413,90.00000000,-179.63998413,-0.61776257
Simul_+15deg,15,-179.27998352,90.00000000,-179.27998352,-0.68209177
Simul_+15deg,15,-178.91999817,90.00000000,-178.91999817,-0.73534656
Simul_+15deg,15,-178.55998230,90.00000000,-178.55998230,-0.77710330
Simul_+15deg,15,-178.19999695,90.00000000,-178.19999695,-0.80701971
Simul_+15deg,15,-177.83999634,90.00000000,-177.83999634,-0.88312417
Simul_+15deg,15,-177.47999573,90.00000000,-177.47999573,-1.02331507
Simul_+15deg,15,-177.11999512,90.00000000,-177.11999512,-1.15538430
Simul_+15deg,15,-176.75997925,90.00000000,-176.75997925,-1.27842021
Simul_+15deg,15,-176.39999390,90.00000000,-176.39999390,-1.39151835
Simul_+15deg,15,-176.03999329,90.00000000,-176.03999329,-1.49379396
Simul_+15deg,15,-175.67999268,90.00000000,-175.67999268,-1.70129323
Simul_+15deg,15,-175.31999207,90.00000000,-175.31999207,-1.92131948
Simul_+15deg,15,-174.95999146,90.00000000,-174.95999146,-2.13898373
Simul_+15deg,15,-174.59999084,90.00000000,-174.59999084,-2.35331440
Simul_+15deg,15,-174.23999023,90.00000000,-174.23999023,-2.56324482
Simul_+15deg,15,-173.87998962,90.00000000,-173.87998962,-2.80566931
Simul_+15deg,15,-173.51998901,90.00000000,-173.51998901,-3.12670922
Simul_+15deg,15,-173.15998840,90.00000000,-173.15998840,-3.45425797
Simul_+15deg,15,-172.79998779,90.00000000,-172.79998779,-3.78787541
Simul_+15deg,15,-172.43998718,90.00000000,-172.43998718,-4.12692356
Simul_+15deg,15,-172.08000183,90.00000000,-172.08000183,-4.47049046
Simul_+15deg,15,-171.71998596,90.00000000,-171.71998596,-4.86260366
Simul_+15deg,15,-171.35998535,90.00000000,-171.35998535,-5.27449560
Simul_+15deg,15,-170.99998474,90.00000000,-170.99998474,-5.69204760
Simul_+15deg,15,-170.63998413,90.00000000,-170.63998413,-6.11268425
Simul_+15deg,15,-170.27999878,90.00000000,-170.27999878,-6.53285456
Simul_+15deg,15,-169.91998291,90.00000000,-169.91998291,-6.93082905
Simul_+15deg,15,-169.55999756,90.00000000,-169.55999756,-7.24919033
Simul_+15deg,15,-169.19999695,90.00000000,-169.19999695,-7.53458500
Simul_+15deg,15,-168.83998108,90.00000000,-168.83998108,-7.77849197
Simul_+15deg,15,-168.47999573,90.00000000,-168.47999573,-7.97251463
Simul_+15deg,15,-168.11999512,90.00000000,-168.11999512,-8.10913467
Simul_+15deg,15,-167.75999451,90.00000000,-167.75999451,-8.10156345
Simul_+15deg,15,-167.39999390,90.00000000,-167.39999390,-8.00716209
Simul_+15deg,15,-167.03997803,90.00000000,-167.03997803,-7.87272072
Simul_+15deg,15,-166.67999268,90.00000000,-166.67999268,-7.70190430
Simul_+15deg,15,-166.31999207,90.00000000,-166.31999207,-7.49897575
Simul_+15deg,15,-165.95999146,90.00000000,-165.95999146,-7.27549934
Simul_+15deg,15,-165.59999084,90.00000000,-165.59999084,-7.09423971
Simul_+15deg,15,-165.23999023,90.00000000,-165.23999023,-6.90903664
Simul_+15deg,15,-164.87998962,90.00000000,-164.87998962,-6.72067738
Simul_+15deg,15,-164.51998901,90.00000000,-164.51998901,-6.52987957
Simul_+15deg,15,-164.15998840,90.00000000,-164.15998840,-6.33729935
Simul_+15deg,15,-163.79998779,90.00000000,-163.79998779,-6.25971603
Simul_+15deg,15,-163.44000244,90.00000000,-163.44000244,-6.27179527
Simul_+15deg,15,-163.07998657,90.00000000,-163.07998657,-6.27985954
Simul_+15deg,15,-162.71998596,90.00000000,-162.71998596,-6.28388691
Simul_+15deg,15,-162.36000061,90.00000000,-162.36000061,-6.28386450
Simul_+15deg,15,-161.99998474,90.00000000,-161.99998474,-6.27980423
Simul_+15deg,15,-161.63999939,90.00000000,-161.63999939,-6.54610157
Simul_+15deg,15,-161.27999878,90.00000000,-161.27999878,-6.81070852
Simul_+15deg,15,-160.91998291,90.00000000,-160.91998291,-7.07217932
Simul_+15deg,15,-160.55999756,90.00000000,-160.55999756,-7.32885742
Simul_+15deg,15,-160.19998169,90.00000000,-160.19998169,-7.57884884
Simul_+15deg,15,-159.83999634,90.00000000,-159.83999634,-7.95820713
Simul_+15deg,15,-159.47999573,90.00000000,-159.47999573,-8.51902103
Simul_+15deg,15,-159.11997986,90.00000000,-159.11997986,-9.09245110
Simul_+15deg,15,-158.75999451,90.00000000,-158.75999451,-9.67240334
Simul_+15deg,15,-158.39999390,90.00000000,-158.39999390,-10.24945450
Simul_+15deg,15,-158.03999329,90.00000000,-158.03999329,-10.80972099
Simul_+15deg,15,-157.67999268,90.00000000,-157.67999268,-11.67143822
Simul_+15deg,15,-157.31999207,90.00000000,-157.31999207,-12.58687782
Simul_+15deg,15,-156.95999146,90.00000000,-156.95999146,-13.47598934
Simul_+15deg,15,-156.59999084,90.00000000,-156.59999084,-14.26647282
Simul_+15deg,15,-156.23999023,90.00000000,-156.23999023,-14.85489082
Simul_+15deg,15,-155.87998962,90.00000000,-155.87998962,-15.29086685
Simul_+15deg,15,-155.52000427,90.00000000,-155.52000427,-15.69159985
Simul_+15deg,15,-155.15998840,90.00000000,-155.15998840,-15.67102432
Simul_+15deg,15,-154.79998779,90.00000000,-154.79998779,-15.23478317
Simul_+15deg,15,-154.43998718,90.00000000,-154.43998718,-14.49084473
Simul_+15deg,15,-154.07998657,90.00000000,-154.07998657,-13.57642269
Simul_+15deg,15,-153.72000122,90.00000000,-153.72000122,-13.05256271
Simul_+15deg,15,-153.35998535,90.00000000,-153.35998535,-12.53415298
Simul_+15deg,15,-152.99998474,90.00000000,-152.99998474,-11.92392254
Simul_+15deg,15,-152.63999939,90.00000000,-152.63999939,-11.26290894
Simul_+15deg,15,-152.27998352,90.00000000,-152.27998352,-10.58178139
Simul_+15deg,15,-151.91999817,90.00000000,-151.91999817,-10.05413246
Simul_+15deg,15,-151.55999756,90.00000000,-151.55999756,-10.01340103
Simul_+15deg,15,-151.19998169,90.00000000,-151.19998169,-9.89086246
Simul_+15deg,15,-150.83999634,90.00000000,-150.83999634,-9.69319630
Simul_+15deg,15,-150.47998047,90.00000000,-150.47998047,-9.43028545
Simul_+15deg,15,-150.11999512,90.00000000,-150.11999512,-9.11378098
Simul_+15deg,15,-149.75999451,90.00000000,-149.75999451,-9.25009918
Simul_+15deg,15,-149.39999390,90.00000000,-149.39999390,-9.55700779
Simul_+15deg,15,-149.03999329,90.00000000,-149.03999329,-9.76087475
Simul_+15deg,15,-148.67999268,90.00000000,-148.67999268,-9.84583759
Simul_+15deg,15,-148.31999207,90.00000000,-148.31999207,-9.80478859
Simul_+15deg,15,-147.95999146,90.00000000,-147.95999146,-9.73071480
Simul_+15deg,15,-147.59999084,90.00000000,-147.59999084,-10.24292755
Simul_+15deg,15,-147.23999023,90.00000000,-147.23999023,-10.57229996
Simul_+15deg,15,-146.87998962,90.00000000,-146.87998962,-10.67129040
Simul_+15deg,15,-146.51998901,90.00000000,-146.51998901,-10.52400017
Simul_+15deg,15,-146.15998840,90.00000000,-146.15998840,-10.15380859
Simul_+15deg,15,-145.80000305,90.00000000,-145.80000305,-10.00896645
Simul_+15deg,15,-145.43998718,90.00000000,-145.43998718,-9.93974304
Simul_+15deg,15,-145.07998657,90.00000000,-145.07998657,-9.61534882
Simul_+15deg,15,-144.72000122,90.00000000,-144.72000122,-9.08741665
Simul_+15deg,15,-144.35998535,90.00000000,-144.35998535,-8.42337322
Simul_+15deg,15,-144.00000000,90.00000000,-144.00000000,-7.68501997
Simul_+15deg,15,-143.63998413,90.00000000,-143.63998413,-7.40220308
Simul_+15deg,15,-143.27999878,90.00000000,-143.27999878,-6.98925972
Simul_+15deg,15,-142.91999817,90.00000000,-142.91999817,-6.48127556
Simul_+15deg,15,-142.55998230,90.00000000,-142.55998230,-5.91191530
Simul_+15deg,15,-142.19999695,90.00000000,-142.19999695,-5.30905247
Simul_+15deg,15,-141.83999634,90.00000000,-141.83999634,-4.88526297
Simul_+15deg,15,-141.47999573,90.00000000,-141.47999573,-4.64299297
Simul_+15deg,15,-141.11999512,90.00000000,-141.11999512,-4.33264542
Simul_+15deg,15,-140.75997925,90.00000000,-140.75997925,-3.96868038
Simul_+15deg,15,-140.39999390,90.00000000,-140.39999390,-3.56521130
Simul_+15deg,15,-140.03999329,90.00000000,-140.03999329,-3.13480735
Simul_+15deg,15,-139.67999268,90.00000000,-139.67999268,-3.04581404
Simul_+15deg,15,-139.31999207,90.00000000,-139.31999207,-2.94552469
Simul_+15deg,15,-138.95999146,90.00000000,-138.95999146,-2.79055333
Simul_+15deg,15,-138.59999084,90.00000000,-138.59999084,-2.58660936
Simul_+15deg,15,-138.23999023,90.00000000,-138.23999023,-2.34050369
Simul_+15deg,15,-137.87998962,90.00000000,-137.87998962,-2.19120884
Simul_+15deg,15,-137.51998901,90.00000000,-137.51998901,-2.26642895
Simul_+15deg,15,-137.16000366,90.00000000,-137.16000366,-2.29718924
Simul_+15deg,15,-136.79998779,90.00000000,-136.79998779,-2.28253937
Simul_+15deg,15,-136.43998718,90.00000000,-136.43998718,-2.22293329
Simul_+15deg,15,-136.08000183,90.00000000,-136.08000183,-2.12019014
Simul_+15deg,15,-135.71998596,90.00000000,-135.71998596,-2.24212456
Simul_+15deg,15,-135.36000061,90.00000000,-135.36000061,-2.41133833
Simul_+15deg,15,-135.00000000,90.00000000,-135.00000000,-2.55016327
Simul_+15deg,15,-134.63998413,90.00000000,-134.63998413,-2.65540171
Simul_+15deg,15,-134.27999878,90.00000000,-134.27999878,-2.72446203
Simul_+15deg,15,-133.91998291,90.00000000,-133.91998291,-2.81411505
Simul_+15deg,15,-133.55999756,90.00000000,-133.55999756,-3.08512735
Simul_+15deg,15,-133.19999695,90.00000000,-133.19999695,-3.33939028
Simul_+15deg,15,-132.83998108,90.00000000,-132.83998108,-3.57274437
Simul_+15deg,15,-132.47999573,90.00000000,-132.47999573,-3.78080606
Simul_+15deg,15,-132.11999512,90.00000000,-132.11999512,-3.95918822
Simul_+15deg,15,-131.75999451,90.00000000,-131.75999451,-4.25004244
Simul_+15deg,15,-131.39999390,90.00000000,-131.39999390,-4.59815407
Simul_+15deg,15,-131.03999329,90.00000000,-131.03999329,-4.92922497
Simul_+15deg,15,-130.67999268,90.00000000,-130.67999268,-5.23672581
Simul_+15deg,15,-130.31999207,90.00000000,-130.31999207,-5.51341248
Simul_+15deg,15,-129.95999146,90.00000000,-129.95999146,-5.76513958
Simul_+15deg,15,-129.59999084,90.00000000,-129.59999084,-6.08937263
Simul_+15deg,15,-129.24000549,90.00000000,-129.24000549,-6.37720346
Simul_+15deg,15,-128.87998962,90.00000000,-128.87998962,-6.61931276
Simul_+15deg,15,-128.51998901,90.00000000,-128.51998901,-6.80660677
Simul_+15deg,15,-128.15998840,90.00000000,-128.15998840,-6.93120241
Simul_+15deg,15,-127.79998779,90.00000000,-127.79998779,-6.98369312
Simul_+15deg,15,-127.43999481,90.00000000,-127.43999481,-6.97758436
Simul_+15deg,15,-127.07999420,90.00000000,-127.07999420,-6.92039919
Simul_+15deg,15,-126.71998596,90.00000000,-126.71998596,-6.81411743
Simul_+15deg,15,-126.35999298,90.00000000,-126.35999298,-6.66225863
Simul_+15deg,15,-125.99999237,90.00000000,-125.99999237,-6.46950960
Simul_+15deg,15,-125.63999939,90.00000000,-125.63999939,-6.31617165
Simul_+15deg,15,-125.27999115,90.00000000,-125.27999115,-6.14372492
Simul_+15deg,15,-124.91998291,90.00000000,-124.91998291,-5.95456028
Simul_+15deg,15,-124.55999756,90.00000000,-124.55999756,-5.75107384
Simul_+15deg,15,-124.19998932,90.00000000,-124.19998932,-5.53554106
Simul_+15deg,15,-123.83999634,90.00000000,-123.83999634,-5.36770391
Simul_+15deg,15,-123.47998810,90.00000000,-123.47998810,-5.26215601
Simul_+15deg,15,-123.12000275,90.00000000,-123.12000275,-5.14724827
Simul_+15deg,15,-122.75999451,90.00000000,-122.75999451,-5.02376842
Simul_+15deg,15,-122.39998627,90.00000000,-122.39998627,-4.89251089
Simul_+15deg,15,-122.03999329,90.00000000,-122.03999329,-4.75427389
Simul_+15deg,15,-121.67999268,90.00000000,-121.67999268,-4.69478941
Simul_+15deg,15,-121.31999969,90.00000000,-121.31999969,-4.63967133
Simul_+15deg,15,-120.95999146,90.00000000,-120.95999146,-4.57851601
Simul_+15deg,15,-120.59999084,90.00000000,-120.59999084,-4.51158333
Simul_+15deg,15,-120.23999786,90.00000000,-120.23999786,-4.43915367
Simul_+15deg,15,-119.87998962,90.00000000,-119.87998962,-4.38354397
Simul_+15deg,15,-119.51999664,90.00000000,-119.51999664,-4.36700392
Simul_+15deg,15,-119.15999603,90.00000000,-119.15999603,-4.34553719
Simul_+15deg,15,-118.79998779,90.00000000,-118.79998779,-4.31921434
Simul_+15deg,15,-118.43999481,90.00000000,-118.43999481,-4.28812885
Simul_+15deg,15,-118.07998657,90.00000000,-118.07998657,-4.25237846
Simul_+15deg,15,-117.72000122,90.00000000,-117.72000122,-4.22067451
Simul_+15deg,15,-117.35999298,90.00000000,-117.35999298,-4.18564987
Simul_+15deg,15,-117.00000000,90.00000000,-117.00000000,-4.14482880
Simul_+15deg,15,-116.63999176,90.00000000,-116.63999176,-4.09837151
Simul_+15deg,15,-116.27999115,90.00000000,-116.27999115,-4.04646254
Simul_+15deg,15,-115.91999817,90.00000000,-115.91999817,-3.97756362
Simul_+15deg,15,-115.55998993,90.00000000,-115.55998993,-3.86202860
Simul_+15deg,15,-115.19999695,90.00000000,-115.19999695,-3.74108505
Simul_+15deg,15,-114.83999634,90.00000000,-114.83999634,-3.61524534
Simul_+15deg,15,-114.47999573,90.00000000,-114.47999573,-3.48503304
Simul_+15deg,15,-114.11999512,90.00000000,-114.11999512,-3.35092568
Simul_+15deg,15,-113.75999451,90.00000000,-113.75999451,-3.19584036
Simul_+15deg,15,-113.39999390,90.00000000,-113.39999390,-3.02824783
Simul_+15deg,15,-113.03999329,90.00000000,-113.03999329,-2.85741210
Simul_+15deg,15,-112.67999268,90.00000000,-112.67999268,-2.68393183
Simul_+15deg,15,-112.31999207,90.00000000,-112.31999207,-2.50838232
Simul_+15deg,15,-111.95999908,90.00000000,-111.95999908,-2.33573389
Simul_+15deg,15,-111.59999084,90.00000000,-111.59999084,-2.19569731
Simul_+15deg,15,-111.23999023,90.00000000,-111.23999023,-2.05132985
Simul_+15deg,15,-110.87999725,90.00000000,-110.87999725,-1.90318835
Simul_+15deg,15,-110.51999664,90.00000000,-110.51999664,-1.75181389
Simul_+15deg,15,-110.15999603,90.00000000,-110.15999603,-1.59769344
Simul_+15deg,15,-109.79998779,90.00000000,-109.79998779,-1.47775185
Simul_+15deg,15,-109.43999481,90.00000000,-109.43999481,-1.38261974
Simul_+15deg,15,-109.07999420,90.00000000,-109.07999420,-1.28278863
Simul_+15deg,15,-108.71999359,90.00000000,-108.71999359,-1.17861712
Simul_+15deg,15,-108.35999298,90.00000000,-108.35999298,-1.07046986
Simul_+15deg,15,-108.00000000,90.00000000,-108.00000000,-0.95869732
Simul_+15deg,15,-107.63999176,90.00000000,-107.63999176,-0.89860153
Simul_+15deg,15,-107.27999115,90.00000000,-107.27999115,-0.83240086
Simul_+15deg,15,-106.91999054,90.00000000,-106.91999054,-0.76037765
Simul_+15deg,15,-106.55999756,90.00000000,-106.55999756,-0.68283880
Simul_+15deg,15,-106.19999695,90.00000000,-106.19999695,-0.60009193
Simul_+15deg,15,-105.83998871,90.00000000,-105.83998871,-0.54099917
Simul_+15deg,15,-105.47999573,90.00000000,-105.47999573,-0.51084703
Simul_+15deg,15,-105.11999512,90.00000000,-105.11999512,-0.47331139
Simul_+15deg,15,-104.75999451,90.00000000,-104.75999451,-0.42858678
Simul_+15deg,15,-104.39999390,90.00000000,-104.39999390,-0.37689358
Simul_+15deg,15,-104.03999329,90.00000000,-104.03999329,-0.31848598
Simul_+15deg,15,-103.67999268,90.00000000,-103.67999268,-0.32542869
Simul_+15deg,15,-103.31999207,90.00000000,-103.31999207,-0.33493462
Simul_+15deg,15,-102.95999146,90.00000000,-102.95999146,-0.33798659
Simul_+15deg,15,-102.59999847,90.00000000,-102.59999847,-0.33457059
Simul_+15deg,15,-102.23999786,90.00000000,-102.23999786,-0.32470223
Simul_+15deg,15,-101.87999725,90.00000000,-101.87999725,-0.32062721
Simul_+15deg,15,-101.51998901,90.00000000,-101.51998901,-0.33558172
Simul_+15deg,15,-101.15999603,90.00000000,-101.15999603,-0.34562260
Simul_+15deg,15,-100.79999542,90.00000000,-100.79999542,-0.35071474
Simul_+15deg,15,-100.43999481,90.00000000,-100.43999481,-0.35084102
Simul_+15deg,15,-100.07999420,90.00000000,-100.07999420,-0.34600243
Simul_+15deg,15,-99.71999359,90.00000000,-99.71999359,-0.32548785
Simul_+15deg,15,-99.35999298,90.00000000,-99.35999298,-0.29737738
Simul_+15deg,15,-98.99999237,90.00000000,-98.99999237,-0.26486480
Simul_+15deg,15,-98.63999176,90.00000000,-98.63999176,-0.22805013
Simul_+15deg,15,-98.27999878,90.00000000,-98.27999878,-0.18704696
Simul_+15deg,15,-97.91999817,90.00000000,-97.91999817,-0.14196773
Simul_+15deg,15,-97.55998993,90.00000000,-97.55998993,-0.09319396
Simul_+15deg,15,-97.19999695,90.00000000,-97.19999695,-0.04103013
Simul_+15deg,15,-96.83999634,90.00000000,-96.83999634,0.01439409
Simul_+15deg,15,-96.47999573,90.00000000,-96.47999573,0.07295024
Simul_+15deg,15,-96.11999512,90.00000000,-96.11999512,0.13450302
Simul_+15deg,15,-95.75999451,90.00000000,-95.75999451,0.19848290
Simul_+15deg,15,-95.39999390,90.00000000,-95.39999390,0.26466617
Simul_+15deg,15,-95.03999329,90.00000000,-95.03999329,0.33308950
Simul_+15deg,15,-94.67999268,90.00000000,-94.67999268,0.40363050
Simul_+15deg,15,-94.31999969,90.00000000,-94.31999969,0.47616804
Simul_+15deg,15,-93.95999908,90.00000000,-93.95999908,0.55152333
Simul_+15deg,15,-93.59999084,90.00000000,-93.59999084,0.63655710
Simul_+15deg,15,-93.23999023,90.00000000,-93.23999023,0.72398216
Simul_+15deg,15,-92.87999725,90.00000000,-92.87999725,0.81361806
Simul_+15deg,15,-92.51999664,90.00000000,-92.51999664,0.90530050
Simul_+15deg,15,-92.15999603,90.00000000,-92.15999603,0.99886328
Simul_+15deg,15,-91.79999542,90.00000000,-91.79999542,1.08261478
Simul_+15deg,15,-91.43999481,90.00000000,-91.43999481,1.16075563
Simul_+15deg,15,-91.07999420,90.00000000,-91.07999420,1.24285436
Simul_+15deg,15,-90.71999359,90.00000000,-90.71999359,1.32866991
Simul_+15deg,15,-90.35999298,90.00000000,-90.35999298,1.41795325
Simul_+15deg,15,-90.00000000,90.00000000,-90.00000000,1.51046288
Simul_+15deg,15,-89.63999176,90.00000000,-89.63999176,1.56949890
Simul_+15deg,15,-89.27999115,90.00000000,-89.27999115,1.63379073
Simul_+15deg,15,-88.91999817,90.00000000,-88.91999817,1.70309329
Simul_+15deg,15,-88.55999756,90.00000000,-88.55999756,1.77715445
Simul_+15deg,15,-88.19999695,90.00000000,-88.19999695,1.85572040
Simul_+15deg,15,-87.83999634,90.00000000,-87.83999634,1.92417848
Simul_+15deg,15,-87.47999573,90.00000000,-87.47999573,1.97992992
Simul_+15deg,15,-87.11999512,90.00000000,-87.11999512,2.04114246
Simul_+15deg,15,-86.75999451,90.00000000,-86.75999451,2.10758471
Simul_+15deg,15,-86.39999390,90.00000000,-86.39999390,2.17900491
Simul_+15deg,15,-86.04000092,90.00000000,-86.04000092,2.25514197
Simul_+15deg,15,-85.67999268,90.00000000,-85.67999268,2.29818606
Simul_+15deg,15,-85.31999207,90.00000000,-85.31999207,2.34256291
Simul_+15deg,15,-84.95999146,90.00000000,-84.95999146,2.39287782
Simul_+15deg,15,-84.59999847,90.00000000,-84.59999847,2.44892287
Simul_+15deg,15,-84.23999786,90.00000000,-84.23999786,2.51047254
Simul_+15deg,15,-83.87999725,90.00000000,-83.87999725,2.55711579
Simul_+15deg,15,-83.51998901,90.00000000,-83.51998901,2.56946802
Simul_+15deg,15,-83.15999603,90.00000000,-83.15999603,2.58828163
Simul_+15deg,15,-82.79999542,90.00000000,-82.79999542,2.61347294
Simul_+15deg,15,-82.43999481,90.00000000,-82.43999481,2.64493108
Simul_+15deg,15,-82.07999420,90.00000000,-82.07999420,2.68251872
Simul_+15deg,15,-81.72000122,90.00000000,-81.72000122,2.66902924
Simul_+15deg,15,-81.35999298,90.00000000,-81.35999298,2.64505601
Simul_+15deg,15,-80.99999237,90.00000000,-80.99999237,2.62697697
Simul_+15deg,15,-80.63999939,90.00000000,-80.63999939,2.61486745
Simul_+15deg,15,-80.27999878,90.00000000,-80.27999878,2.60877609
Simul_+15deg,15,-79.91999817,90.00000000,-79.91999817,2.59312057
Simul_+15deg,15,-79.55998993,90.00000000,-79.55998993,2.52747631
Simul_+15deg,15,-79.19999695,90.00000000,-79.19999695,2.46572137
Simul_+15deg,15,-78.83999634,90.00000000,-78.83999634,2.40803838
Simul_+15deg,15,-78.47999573,90.00000000,-78.47999573,2.35460258
Simul_+15deg,15,-78.11999512,90.00000000,-78.11999512,2.30558038
Simul_+15deg,15,-77.76000214,90.00000000,-77.76000214,2.23560023
Simul_+15deg,15,-77.39999390,90.00000000,-77.39999390,2.15527463
Simul_+15deg,15,-77.03999329,90.00000000,-77.03999329,2.07705593
Simul_+15deg,15,-76.67999268,90.00000000,-76.67999268,2.00108480
Simul_+15deg,15,-76.31999969,90.00000000,-76.31999969,1.92750573
Simul_+15deg,15,-75.95999908,90.00000000,-75.95999908,1.85425830
Simul_+15deg,15,-75.59999084,90.00000000,-75.59999084,1.76504552
Simul_+15deg,15,-75.23999023,90.00000000,-75.23999023,1.67682052
Simul_+15deg,15,-74.87999725,90.00000000,-74.87999725,1.58967721
Simul_+15deg,15,-74.51999664,90.00000000,-74.51999664,1.50372124
Simul_+15deg,15,-74.15999603,90.00000000,-74.15999603,1.41906095
Simul_+15deg,15,-73.79999542,90.00000000,-73.79999542,1.31449354
Simul_+15deg,15,-73.43999481,90.00000000,-73.43999481,1.19261396
Simul_+15deg,15,-73.07999420,90.00000000,-73.07999420,1.07002008
Simul_+15deg,15,-72.71999359,90.00000000,-72.71999359,0.94675219
Simul_+15deg,15,-72.36000061,90.00000000,-72.36000061,0.82284576
Simul_+15deg,15,-72.00000000,90.00000000,-72.00000000,0.69835299
Simul_+15deg,15,-71.63999939,90.00000000,-71.63999939,0.55775839
Simul_+15deg,15,-71.27999115,90.00000000,-71.27999115,0.41511330
Simul_+15deg,15,-70.91999817,90.00000000,-70.91999817,0.27036506
Simul_+15deg,15,-70.55999756,90.00000000,-70.55999756,0.12346359
Simul_+15deg,15,-70.19999695,90.00000000,-70.19999695,-0.02564573
Simul_+15deg,15,-69.83999634,90.00000000,-69.83999634,-0.16276874
Simul_+15deg,15,-69.47999573,90.00000000,-69.47999573,-0.28332916
Simul_+15deg,15,-69.11999512,90.00000000,-69.11999512,-0.40470195
Simul_+15deg,15,-68.75999451,90.00000000,-68.75999451,-0.52685863
Simul_+15deg,15,-68.39999390,90.00000000,-68.39999390,-0.64977551
Simul_+15deg,15,-68.04000092,90.00000000,-68.04000092,-0.77340537
Simul_+15deg,15,-67.68000031,90.00000000,-67.68000031,-0.86854368
Simul_+15deg,15,-67.31999207,90.00000000,-67.31999207,-0.95874834
Simul_+15deg,15,-66.95999146,90.00000000,-66.95999146,-1.04742074
Simul_+15deg,15,-66.59999847,90.00000000,-66.59999847,-1.13443303
Simul_+15deg,15,-66.23999786,90.00000000,-66.23999786,-1.21964359
Simul_+15deg,15,-65.87999725,90.00000000,-65.87999725,-1.28661585
Simul_+15deg,15,-65.51999664,90.00000000,-65.51999664,-1.31780291
Simul_+15deg,15,-65.15999603,90.00000000,-65.15999603,-1.34513390
Simul_+15deg,15,-64.79999542,90.00000000,-64.79999542,-1.36853576
Simul_+15deg,15,-64.43999481,90.00000000,-64.43999481,-1.38794398
Simul_+15deg,15,-64.07999420,90.00000000,-64.07999420,-1.40330315
Simul_+15deg,15,-63.71999741,90.00000000,-63.71999741,-1.39456487
Simul_+15deg,15,-63.35999298,90.00000000,-63.35999298,-1.37701333
Simul_+15deg,15,-62.99999619,90.00000000,-62.99999619,-1.35652649
Simul_+15deg,15,-62.63999557,90.00000000,-62.63999557,-1.33314657
Simul_+15deg,15,-62.27999878,90.00000000,-62.27999878,-1.30691910
Simul_+15deg,15,-61.91999817,90.00000000,-61.91999817,-1.28192306
Simul_+15deg,15,-61.56000137,90.00000000,-61.56000137,-1.26806021
Simul_+15deg,15,-61.19999313,90.00000000,-61.19999313,-1.25113750
Simul_+15deg,15,-60.83999634,90.00000000,-60.83999634,-1.23119104
Simul_+15deg,15,-60.47999573,90.00000000,-60.47999573,-1.20826042
Simul_+15deg,15,-60.11999893,90.00000000,-60.11999893,-1.18239677
Simul_+15deg,15,-59.75999832,90.00000000,-59.75999832,-1.13229442
Simul_+15deg,15,-59.39999390,90.00000000,-59.39999390,-1.06797218
Simul_+15deg,15,-59.03999329,90.00000000,-59.03999329,-1.00012362
Simul_+15deg,15,-58.67999649,90.00000000,-58.67999649,-0.92892253
Simul_+15deg,15,-58.31999588,90.00000000,-58.31999588,-0.85455394
Simul_+15deg,15,-57.95999908,90.00000000,-57.95999908,-0.77455431
Simul_+15deg,15,-57.59999847,90.00000000,-57.59999847,-0.67121321
Simul_+15deg,15,-57.23999786,90.00000000,-57.23999786,-0.56629437
Simul_+15deg,15,-56.87999725,90.00000000,-56.87999725,-0.45996726
Simul_+15deg,15,-56.51999664,90.00000000,-56.51999664,-0.35239434
Simul_+15deg,15,-56.15999603,90.00000000,-56.15999603,-0.24372903
Simul_+15deg,15,-55.79999542,90.00000000,-55.79999542,-0.13231961
Simul_+15deg,15,-55.43999863,90.00000000,-55.43999863,-0.01835773
Simul_+15deg,15,-55.07999802,90.00000000,-55.07999802,0.09665155
Simul_+15deg,15,-54.71999741,90.00000000,-54.71999741,0.21255739
Simul_+15deg,15,-54.35999680,90.00000000,-54.35999680,0.32920334
Simul_+15deg,15,-54.00000000,90.00000000,-54.00000000,0.44645643
Simul_+15deg,15,-53.63999557,90.00000000,-53.63999557,0.62415290
Simul_+15deg,15,-53.27999878,90.00000000,-53.27999878,0.80009514
Simul_+15deg,15,-52.91999435,90.00000000,-52.91999435,0.97421342
Simul_+15deg,15,-52.55999756,90.00000000,-52.55999756,1.14644992
Simul_+15deg,15,-52.19999695,90.00000000,-52.19999695,1.31676078
Simul_+15deg,15,-51.83999634,90.00000000,-51.83999634,1.48714709
Simul_+15deg,15,-51.47999573,90.00000000,-51.47999573,1.65768397
Simul_+15deg,15,-51.11999893,90.00000000,-51.11999893,1.82569885
Simul_+15deg,15,-50.75999451,90.00000000,-50.75999451,1.99122894
Simul_+15deg,15,-50.39999771,90.00000000,-50.39999771,2.15431857
Simul_+15deg,15,-50.03999710,90.00000000,-50.03999710,2.31500006
Simul_+15deg,15,-49.67999649,90.00000000,-49.67999649,2.39652419
Simul_+15deg,15,-49.31999588,90.00000000,-49.31999588,2.46862197
Simul_+15deg,15,-48.95999908,90.00000000,-48.95999908,2.54101515
Simul_+15deg,15,-48.59999847,90.00000000,-48.59999847,2.61366701
Simul_+15deg,15,-48.23999786,90.00000000,-48.23999786,2.68654466
Simul_+15deg,15,-47.87999725,90.00000000,-47.87999725,2.73701286
Simul_+15deg,15,-47.51999664,90.00000000,-47.51999664,2.74264717
Simul_+15deg,15,-47.15999985,90.00000000,-47.15999985,2.74877310
Simul_+15deg,15,-46.79999542,90.00000000,-46.79999542,2.75538826
Simul_+15deg,15,-46.43999863,90.00000000,-46.43999863,2.76249170
Simul_+15deg,15,-46.07999802,90.00000000,-46.07999802,2.77008104
Simul_+15deg,15,-45.71999741,90.00000000,-45.71999741,2.74919391
Simul_+15deg,15,-45.35999680,90.00000000,-45.35999680,2.72031927
Simul_+15deg,15,-45.00000000,90.00000000,-45.00000000,2.69171238
Simul_+15deg,15,-44.63999557,90.00000000,-44.63999557,2.66337967
Simul_+15deg,15,-44.27999878,90.00000000,-44.27999878,2.63532877
Simul_+15deg,15,-43.91999817,90.00000000,-43.91999817,2.59192348
Simul_+15deg,15,-43.55999756,90.00000000,-43.55999756,2.49357104
Simul_+15deg,15,-43.19999695,90.00000000,-43.19999695,2.39472055
Simul_+15deg,15,-42.83999634,90.00000000,-42.83999634,2.29539084
Simul_+15deg,15,-42.47999573,90.00000000,-42.47999573,2.19559979
Simul_+15deg,15,-42.11999893,90.00000000,-42.11999893,2.09537029
Simul_+15deg,15,-41.75999451,90.00000000,-41.75999451,1.96225572
Simul_+15deg,15,-41.39999771,90.00000000,-41.39999771,1.81362379
Simul_+15deg,15,-41.03999710,90.00000000,-41.03999710,1.66618919
Simul_+15deg,15,-40.67999649,90.00000000,-40.67999649,1.52025712
Simul_+15deg,15,-40.31999969,90.00000000,-40.31999969,1.37615943
Simul_+15deg,15,-39.95999908,90.00000000,-39.95999908,1.24017370
Simul_+15deg,15,-39.59999847,90.00000000,-39.59999847,1.15771687
Simul_+15deg,15,-39.23999786,90.00000000,-39.23999786,1.08494353
Simul_+15deg,15,-38.88000107,90.00000000,-38.88000107,1.02236521
Simul_+15deg,15,-38.51999664,90.00000000,-38.51999664,0.97044474
Simul_+15deg,15,-38.15999985,90.00000000,-38.15999985,0.92958248
Simul_+15deg,15,-37.79999542,90.00000000,-37.79999542,0.94066608
Simul_+15deg,15,-37.43999863,90.00000000,-37.43999863,0.99471903
Simul_+15deg,15,-37.07999802,90.00000000,-37.07999802,1.05866790
Simul_+15deg,15,-36.71999741,90.00000000,-36.71999741,1.13206840
Simul_+15deg,15,-36.35999680,90.00000000,-36.35999680,1.21443748
Simul_+15deg,15,-36.00000000,90.00000000,-36.00000000,1.30524826
Simul_+15deg,15,-35.63999557,90.00000000,-35.63999557,1.40281034
Simul_+15deg,15,-35.27999878,90.00000000,-35.27999878,1.50400305
Simul_+15deg,15,-34.91999817,90.00000000,-34.91999817,1.60853136
Simul_+15deg,15,-34.55999756,90.00000000,-34.55999756,1.71610105
Simul_+15deg,15,-34.19999695,90.00000000,-34.19999695,1.82643580
Simul_+15deg,15,-33.84000015,90.00000000,-33.84000015,1.90433788
Simul_+15deg,15,-33.47999573,90.00000000,-33.47999573,1.93999004
Simul_+15deg,15,-33.11999893,90.00000000,-33.11999893,1.97665429
Simul_+15deg,15,-32.75999832,90.00000000,-32.75999832,2.01430130
Simul_+15deg,15,-32.39999771,90.00000000,-32.39999771,2.05290365
Simul_+15deg,15,-32.03999710,90.00000000,-32.03999710,2.09243202
Simul_+15deg,15,-31.67999649,90.00000000,-31.67999649,1.97581792
Simul_+15deg,15,-31.31999779,90.00000000,-31.31999779,1.83909845
Simul_+15deg,15,-30.95999908,90.00000000,-30.95999908,1.70190811
Simul_+15deg,15,-30.59999657,90.00000000,-30.59999657,1.56432450
Simul_+15deg,15,-30.23999786,90.00000000,-30.23999786,1.42647874
Simul_+15deg,15,-29.87999916,90.00000000,-29.87999916,1.20050502
Simul_+15deg,15,-29.51999664,90.00000000,-29.51999664,0.78881615
Simul_+15deg,15,-29.15999794,90.00000000,-29.15999794,0.36214307
Simul_+15deg,15,-28.79999924,90.00000000,-28.79999924,-0.07986324
Simul_+15deg,15,-28.43999863,90.00000000,-28.43999863,-0.53732836
Simul_+15deg,15,-28.07999802,90.00000000,-28.07999802,-1.01003301
Simul_+15deg,15,-27.71999931,90.00000000,-27.71999931,-1.72263861
Simul_+15deg,15,-27.35999870,90.00000000,-27.35999870,-2.55417466
Simul_+15deg,15,-27.00000000,90.00000000,-27.00000000,-3.44975924
Simul_+15deg,15,-26.63999939,90.00000000,-26.63999939,-4.41171312
Simul_+15deg,15,-26.27999878,90.00000000,-26.27999878,-5.43591738
Simul_+15deg,15,-25.91999817,90.00000000,-25.91999817,-6.53613377
Simul_+15deg,15,-25.55999947,90.00000000,-25.55999947,-7.80292749
Simul_+15deg,15,-25.19999886,90.00000000,-25.19999886,-9.09342003
Simul_+15deg,15,-24.83999825,90.00000000,-24.83999825,-10.26332664
Simul_+15deg,15,-24.47999954,90.00000000,-24.47999954,-11.04814148
Simul_+15deg,15,-24.11999893,90.00000000,-24.11999893,-11.16143131
Simul_+15deg,15,-23.75999832,90.00000000,-23.75999832,-10.90334892
Simul_+15deg,15,-23.39999771,90.00000000,-23.39999771,-10.46439266
Simul_+15deg,15,-23.03999901,90.00000000,-23.03999901,-9.80345631
Simul_+15deg,15,-22.67999840,90.00000000,-22.67999840,-9.01243591
Simul_+15deg,15,-22.31999779,90.00000000,-22.31999779,-8.16536999
Simul_+15deg,15,-21.95999908,90.00000000,-21.95999908,-7.39414024
Simul_+15deg,15,-21.59999847,90.00000000,-21.59999847,-7.28247118
Simul_+15deg,15,-21.23999786,90.00000000,-21.23999786,-7.15239906
Simul_+15deg,15,-20.87999725,90.00000000,-20.87999725,-7.00559807
Simul_+15deg,15,-20.51999855,90.00000000,-20.51999855,-6.84384346
Simul_+15deg,15,-20.15999985,90.00000000,-20.15999985,-6.66892338
Simul_+15deg,15,-19.79999924,90.00000000,-19.79999924,-6.78805399
Simul_+15deg,15,-19.44000053,90.00000000,-19.44000053,-7.06732273
Simul_+15deg,15,-19.07999992,90.00000000,-19.07999992,-7.22256660
Simul_+15deg,15,-18.71999931,90.00000000,-18.71999931,-7.23976564
Simul_+15deg,15,-18.35999870,90.00000000,-18.35999870,-7.11729574
Simul_+15deg,15,-18.00000000,90.00000000,-18.00000000,-6.86641169
Simul_+15deg,15,-17.63999939,90.00000000,-17.63999939,-6.25169373
Simul_+15deg,15,-17.27999878,90.00000000,-17.27999878,-5.40721130
Simul_+15deg,15,-16.92000008,90.00000000,-16.92000008,-4.45633888
Simul_+15deg,15,-16.55999947,90.00000000,-16.55999947,-3.48270464
Simul_+15deg,15,-16.19999886,90.00000000,-16.19999886,-2.53266430
Simul_+15deg,15,-15.83999825,90.00000000,-15.83999825,-1.52892876
Simul_+15deg,15,-15.47999954,90.00000000,-15.47999954,-0.47562537
Simul_+15deg,15,-15.11999893,90.00000000,-15.11999893,0.49460775
Simul_+15deg,15,-14.75999832,90.00000000,-14.75999832,1.38720322
Simul_+15deg,15,-14.39999962,90.00000000,-14.39999962,2.20985508
Simul_+15deg,15,-14.03999901,90.00000000,-14.03999901,2.97044325
Simul_+15deg,15,-13.67999935,90.00000000,-13.67999935,3.68527889
Simul_+15deg,15,-13.31999969,90.00000000,-13.31999969,4.35340357
Simul_+15deg,15,-12.95999908,90.00000000,-12.95999908,4.97884846
Simul_+15deg,15,-12.59999943,90.00000000,-12.59999943,5.56598949
Simul_+15deg,15,-12.23999977,90.00000000,-12.23999977,6.11885309
Simul_+15deg,15,-11.87999916,90.00000000,-11.87999916,6.61609125
Simul_+15deg,15,-11.51999950,90.00000000,-11.51999950,7.04233837
Simul_+15deg,15,-11.15999889,90.00000000,-11.15999889,7.45174980
Simul_+15deg,15,-10.79999924,90.00000000,-10.79999924,7.84530735
Simul_+15deg,15,-10.43999863,90.00000000,-10.43999863,8.22395897
Simul_+15deg,15,-10.07999992,90.00000000,-10.07999992,8.58860111
Simul_+15deg,15,-9.72000027,90.00000000,-9.72000027,8.86747932
Simul_+15deg,15,-9.35999966,90.00000000,-9.35999966,9.12069988
Simul_+15deg,15,-9.00000000,90.00000000,-9.00000000,9.36985016
Simul_+15deg,15,-8.63999939,90.00000000,-8.63999939,9.61482143
Simul_+15deg,15,-8.27999973,90.00000000,-8.27999973,9.85554790
Simul_+15deg,15,-7.91999912,90.00000000,-7.91999912,10.07222748
Simul_+15deg,15,-7.55999947,90.00000000,-7.55999947,10.21902275
Simul_+15deg,15,-7.19999981,90.00000000,-7.19999981,10.36717415
Simul_+15deg,15,-6.83999968,90.00000000,-6.83999968,10.51638508
Simul_+15deg,15,-6.47999954,90.00000000,-6.47999954,10.66637993
Simul_+15deg,15,-6.11999989,90.00000000,-6.11999989,10.81691742
Simul_+15deg,15,-5.75999975,90.00000000,-5.75999975,10.91792965
Simul_+15deg,15,-5.39999962,90.00000000,-5.39999962,10.99658775
Simul_+15deg,15,-5.03999996,90.00000000,-5.03999996,11.07810879
Simul_+15deg,15,-4.67999983,90.00000000,-4.67999983,11.16231155
Simul_+15deg,15,-4.31999969,90.00000000,-4.31999969,11.24900913
Simul_+15deg,15,-3.95999956,90.00000000,-3.95999956,11.33051872
Simul_+15deg,15,-3.59999990,90.00000000,-3.59999990,11.35441208
Simul_+15deg,15,-3.23999977,90.00000000,-3.23999977,11.38097763
Simul_+15deg,15,-2.87999988,90.00000000,-2.87999988,11.41016388
Simul_+15deg,15,-2.51999998,90.00000000,-2.51999998,11.44191742
Simul_+15deg,15,-2.15999985,90.00000000,-2.15999985,11.47618103
Simul_+15deg,15,-1.79999995,90.00000000,-1.79999995,11.47593594
Simul_+15deg,15,-1.43999994,90.00000000,-1.43999994,11.44814491
Simul_+15deg,15,-1.07999992,90.00000000,-1.07999992,11.42229176
Simul_+15deg,15,-0.71999997,90.00000000,-0.71999997,11.39841461
Simul_+15deg,15,-0.35999998,90.00000000,-0.35999998,11.37654686
Simul_+15deg,15,0.00000000,90.00000000,0.00000000,11.35671711
Simul_+15deg,15,0.35999998,90.00000000,0.35999998,11.27290249
Simul_+15deg,15,0.71999997,90.00000000,0.71999997,11.19065380
Simul_+15deg,15,1.07999992,90.00000000,1.07999992,11.11009407
Simul_+15deg,15,1.43999994,90.00000000,1.43999994,11.03134918
Simul_+15deg,15,1.79999995,90.00000000,1.79999995,10.95454407
Simul_+15deg,15,2.15999985,90.00000000,2.15999985,10.85166359
Simul_+15deg,15,2.51999998,90.00000000,2.51999998,10.71521950
Simul_+15deg,15,2.87999988,90.00000000,2.87999988,10.58043098
Simul_+15deg,15,3.23999977,90.00000000,3.23999977,10.44759560
Simul_+15deg,15,3.59999990,90.00000000,3.59999990,10.31702995
Simul_+15deg,15,3.95999956,90.00000000,3.95999956,10.18907166
Simul_+15deg,15,4.31999969,90.00000000,4.31999969,10.00547791
Simul_+15deg,15,4.67999983,90.00000000,4.67999983,9.81537342
Simul_+15deg,15,5.03999996,90.00000000,5.03999996,9.62639809
Simul_+15deg,15,5.39999962,90.00000000,5.39999962,9.43909931
Simul_+15deg,15,5.75999975,90.00000000,5.75999975,9.25408268
Simul_+15deg,15,6.11999989,90.00000000,6.11999989,9.04558468
Simul_+15deg,15,6.47999954,90.00000000,6.47999954,8.78339767
Simul_+15deg,15,6.83999968,90.00000000,6.83999968,8.51865768
Simul_+15deg,15,7.19999981,90.00000000,7.19999981,8.25193310
Simul_+15deg,15,7.55999947,90.00000000,7.55999947,7.98392534
Simul_+15deg,15,7.91999912,90.00000000,7.91999912,7.71549416
Simul_+15deg,15,8.27999973,90.00000000,8.27999973,7.36677265
Simul_+15deg,15,8.63999939,90.00000000,8.63999939,6.98527527
Simul_+15deg,15,9.00000000,90.00000000,9.00000000,6.59282875
Simul_+15deg,15,9.35999966,90.00000000,9.35999966,6.18970203
Simul_+15deg,15,9.72000027,90.00000000,9.72000027,5.77647114
Simul_+15deg,15,10.07999992,90.00000000,10.07999992,5.32971811
Simul_+15deg,15,10.43999863,90.00000000,10.43999863,4.77801752
Simul_+15deg,15,10.79999924,90.00000000,10.79999924,4.19865894
Simul_+15deg,15,11.15999889,90.00000000,11.15999889,3.59068751
Simul_+15deg,15,11.51999950,90.00000000,11.51999950,2.95395470
Simul_+15deg,15,11.87999916,90.00000000,11.87999916,2.28973007
Simul_+15deg,15,12.23999977,90.00000000,12.23999977,1.54977894
Simul_+15deg,15,12.59999943,90.00000000,12.59999943,0.74323356
Simul_+15deg,15,12.95999908,90.00000000,12.95999908,-0.10400483
Simul_+15deg,15,13.31999969,90.00000000,13.31999969,-0.98078841
Simul_+15deg,15,13.67999935,90.00000000,13.67999935,-1.86270583
Simul_+15deg,15,14.03999901,90.00000000,14.03999901,-2.70162868
Simul_+15deg,15,14.39999962,90.00000000,14.39999962,-3.44224882
Simul_+15deg,15,14.75999832,90.00000000,14.75999832,-4.07034874
Simul_+15deg,15,15.11999893,90.00000000,15.11999893,-4.51030540
Simul_+15deg,15,15.47999954,90.00000000,15.47999954,-4.69225311
Simul_+15deg,15,15.83999825,90.00000000,15.83999825,-4.58245468
Simul_+15deg,15,16.19999886,90.00000000,16.19999886,-4.33840322
Simul_+15deg,15,16.55999947,90.00000000,16.55999947,-4.06823206
Simul_+15deg,15,16.92000008,90.00000000,16.92000008,-3.71057892
Simul_+15deg,15,17.27999878,90.00000000,17.27999878,-3.28655744
Simul_+15deg,15,17.63999939,90.00000000,17.63999939,-2.81637907
Simul_+15deg,15,18.00000000,90.00000000,18.00000000,-2.31745410
Simul_+15deg,15,18.35999870,90.00000000,18.35999870,-2.24526119
Simul_+15deg,15,18.71999931,90.00000000,18.71999931,-2.16165280
Simul_+15deg,15,19.07999992,90.00000000,19.07999992,-2.06729913
Simul_+15deg,15,19.44000053,90.00000000,19.44000053,-1.96292019
Simul_+15deg,15,19.79999924,90.00000000,19.79999924,-1.84927130
Simul_+15deg,15,20.15999985,90.00000000,20.15999985,-1.94202065
Simul_+15deg,15,20.51999855,90.00000000,20.51999855,-2.30255795
Simul_+15deg,15,20.87999725,90.00000000,20.87999725,-2.66324878
Simul_+15deg,15,21.23999786,90.00000000,21.23999786,-3.02131748
Simul_+15deg,15,21.59999847,90.00000000,21.59999847,-3.37325811
Simul_+15deg,15,21.95999908,90.00000000,21.95999908,-3.71482849
Simul_+15deg,15,22.31999779,90.00000000,22.31999779,-4.45558691
Simul_+15deg,15,22.67999840,90.00000000,22.67999840,-5.23970985
Simul_+15deg,15,23.03999901,90.00000000,23.03999901,-5.97839880
Simul_+15deg,15,23.39999771,90.00000000,23.39999771,-6.61454964
Simul_+15deg,15,23.75999832,90.00000000,23.75999832,-7.07618999
Simul_+15deg,15,24.11999893,90.00000000,24.11999893,-7.37098026
Simul_+15deg,15,24.47999954,90.00000000,24.47999954,-7.47304535
Simul_+15deg,15,24.83999825,90.00000000,24.83999825,-7.18389082
Simul_+15deg,15,25.19999886,90.00000000,25.19999886,-6.57286406
Simul_+15deg,15,25.55999947,90.00000000,25.55999947,-5.75747776
Simul_+15deg,15,25.91999817,90.00000000,25.91999817,-4.84581566
Simul_+15deg,15,26.27999878,90.00000000,26.27999878,-4.11718702
Simul_+15deg,15,26.63999939,90.00000000,26.63999939,-3.42866564
Simul_+15deg,15,27.00000000,90.00000000,27.00000000,-2.73947191
Simul_+15deg,15,27.35999870,90.00000000,27.35999870,-2.06360102
Simul_+15deg,15,27.71999931,90.00000000,27.71999931,-1.40912521
Simul_+15deg,15,28.07999802,90.00000000,28.07999802,-0.86034304
Simul_+15deg,15,28.43999863,90.00000000,28.43999863,-0.60183161
Simul_+15deg,15,28.79999924,90.00000000,28.79999924,-0.34294122
Simul_+15deg,15,29.15999794,90.00000000,29.15999794,-0.08457746
Simul_+15deg,15,29.51999664,90.00000000,29.51999664,0.17250910
Simul_+15deg,15,29.87999916,90.00000000,29.87999916,0.42770323
Simul_+15deg,15,30.23999786,90.00000000,30.23999786,0.47349945
Simul_+15deg,15,30.59999657,90.00000000,30.59999657,0.41536361
Simul_+15deg,15,30.95999908,90.00000000,30.95999908,0.35722107
Simul_+15deg,15,31.31999779,90.00000000,31.31999779,0.29909185
Simul_+15deg,15,31.67999649,90.00000000,31.67999649,0.24097927
Simul_+15deg,15,32.03999710,90.00000000,32.03999710,0.16537124
Simul_+15deg,15,32.39999771,90.00000000,32.39999771,-0.04925084
Simul_+15deg,15,32.75999832,90.00000000,32.75999832,-0.26104537
Simul_+15deg,15,33.11999893,90.00000000,33.11999893,-0.46902594
Simul_+15deg,15,33.47999573,90.00000000,33.47999573,-0.67209244
Simul_+15deg,15,33.84000015,90.00000000,33.84000015,-0.86902773
Simul_+15deg,15,34.19999695,90.00000000,34.19999695,-1.03787136
Simul_+15deg,15,34.55999756,90.00000000,34.55999756,-1.16518795
Simul_+15deg,15,34.91999817,90.00000000,34.91999817,-1.26031041
Simul_+15deg,15,35.27999878,90.00000000,35.27999878,-1.32101393
Simul_+15deg,15,35.63999557,90.00000000,35.63999557,-1.34582090
Simul_+15deg,15,36.00000000,90.00000000,36.00000000,-1.33411002
Simul_+15deg,15,36.35999680,90.00000000,36.35999680,-1.18045354
Simul_+15deg,15,36.71999741,90.00000000,36.71999741,-0.99283105
Simul_+15deg,15,37.07999802,90.00000000,37.07999802,-0.77568257
Simul_+15deg,15,37.43999863,90.00000000,37.43999863,-0.53361064
Simul_+15deg,15,37.79999542,90.00000000,37.79999542,-0.27113175
Simul_+15deg,15,38.15999985,90.00000000,38.15999985,0.03566022
Simul_+15deg,15,38.51999664,90.00000000,38.51999664,0.38125440
Simul_+15deg,15,38.88000107,90.00000000,38.88000107,0.72490579
Simul_+15deg,15,39.23999786,90.00000000,39.23999786,1.06511211
Simul_+15deg,15,39.59999847,90.00000000,39.59999847,1.40072095
Simul_+15deg,15,39.95999908,90.00000000,39.95999908,1.73093450
Simul_+15deg,15,40.31999969,90.00000000,40.31999969,2.02594113
Simul_+15deg,15,40.67999649,90.00000000,40.67999649,2.31002712
Simul_+15deg,15,41.03999710,90.00000000,41.03999710,2.58695960
Simul_+15deg,15,41.39999771,90.00000000,41.39999771,2.85696173
Simul_+15deg,15,41.75999451,90.00000000,41.75999451,3.12025976
Simul_+15deg,15,42.11999893,90.00000000,42.11999893,3.33851695
Simul_+15deg,15,42.47999573,90.00000000,42.47999573,3.47738600
Simul_+15deg,15,42.83999634,90.00000000,42.83999634,3.61595821
Simul_+15deg,15,43.19999695,90.00000000,43.19999695,3.75412846
Simul_+15deg,15,43.55999756,90.00000000,43.55999756,3.89179945
Simul_+15deg,15,43.91999817,90.00000000,43.91999817,4.02888489
Simul_+15deg,15,44.27999878,90.00000000,44.27999878,4.07773542
Simul_+15deg,15,44.63999557,90.00000000,44.63999557,4.10303307
Simul_+15deg,15,45.00000000,90.00000000,45.00000000,4.13003874
Simul_+15deg,15,45.35999680,90.00000000,45.35999680,4.15872002
Simul_+15deg,15,45.71999741,90.00000000,45.71999741,4.18904209
Simul_+15deg,15,46.07999802,90.00000000,46.07999802,4.20671034
Simul_+15deg,15,46.43999863,90.00000000,46.43999863,4.17599058
Simul_+15deg,15,46.79999542,90.00000000,46.79999542,4.14678097
Simul_+15deg,15,47.15999985,90.00000000,47.15999985,4.11911345
Simul_+15deg,15,47.51999664,90.00000000,47.51999664,4.09301949
Simul_+15deg,15,47.87999725,90.00000000,47.87999725,4.06853056
Simul_+15deg,15,48.23999786,90.00000000,48.23999786,4.00850487
Simul_+15deg,15,48.59999847,90.00000000,48.59999847,3.93090034
Simul_+15deg,15,48.95999908,90.00000000,48.95999908,3.85422850
Simul_+15deg,15,49.31999588,90.00000000,49.31999588,3.77856827
Simul_+15deg,15,49.67999649,90.00000000,49.67999649,3.70399523
Simul_+15deg,15,50.03999710,90.00000000,50.03999710,3.62554121
Simul_+15deg,15,50.39999771,90.00000000,50.39999771,3.50713921
Simul_+15deg,15,50.75999451,90.00000000,50.75999451,3.38856411
Simul_+15deg,15,51.11999893,90.00000000,51.11999893,3.26989913
Simul_+15deg,15,51.47999573,90.00000000,51.47999573,3.15122938
Simul_+15deg,15,51.83999634,90.00000000,51.83999634,3.03264666
Simul_+15deg,15,52.19999695,90.00000000,52.19999695,2.93130136
Simul_+15deg,15,52.55999756,90.00000000,52.55999756,2.84445548
Simul_+15deg,15,52.91999435,90.00000000,52.91999435,2.75873542
Simul_+15deg,15,53.27999878,90.00000000,53.27999878,2.67424226
Simul_+15deg,15,53.63999557,90.00000000,53.63999557,2.59108424
Simul_+15deg,15,54.00000000,90.00000000,54.00000000,2.50936985
Simul_+15deg,15,54.35999680,90.00000000,54.35999680,2.48072338
Simul_+15deg,15,54.71999741,90.00000000,54.71999741,2.45334315
Simul_+15deg,15,55.07999802,90.00000000,55.07999802,2.42725635
Simul_+15deg,15,55.43999863,90.00000000,55.43999863,2.40248752
Simul_+15deg,15,55.79999542,90.00000000,55.79999542,2.37905812
Simul_+15deg,15,56.15999603,90.00000000,56.15999603,2.35106421
Simul_+15deg,15,56.51999664,90.00000000,56.51999664,2.31658077
Simul_+15deg,15,56.87999725,90.00000000,56.87999725,2.28285980
Simul_+15deg,15,57.23999786,90.00000000,57.23999786,2.24991703
Simul_+15deg,15,57.59999847,90.00000000,57.59999847,2.21777773
Simul_+15deg,15,57.95999908,90.00000000,57.95999908,2.18645906
Simul_+15deg,15,58.31999588,90.00000000,58.31999588,2.12686706
Simul_+15deg,15,58.67999649,90.00000000,58.67999649,2.06405139
Simul_+15deg,15,59.03999329,90.00000000,59.03999329,2.00165439
Simul_+15deg,15,59.39999390,90.00000000,59.39999390,1.93970919
Simul_+15deg,15,59.75999832,90.00000000,59.75999832,1.87824953
Simul_+15deg,15,60.11999893,90.00000000,60.11999893,1.80721879
Simul_+15deg,15,60.47999573,90.00000000,60.47999573,1.71604061
Simul_+15deg,15,60.83999634,90.00000000,60.83999634,1.62466192
Simul_+15deg,15,61.19999313,90.00000000,61.19999313,1.53311145
Simul_+15deg,15,61.56000137,90.00000000,61.56000137,1.44141960
Simul_+15deg,15,61.91999817,90.00000000,61.91999817,1.34961951
Simul_+15deg,15,62.27999878,90.00000000,62.27999878,1.23602223
Simul_+15deg,15,62.63999557,90.00000000,62.63999557,1.11537290
Simul_+15deg,15,62.99999619,90.00000000,62.99999619,0.99379295
Simul_+15deg,15,63.35999298,90.00000000,63.35999298,0.87129962
Simul_+15deg,15,63.71999741,90.00000000,63.71999741,0.74791497
Simul_+15deg,15,64.07999420,90.00000000,64.07999420,0.62500608
Simul_+15deg,15,64.43999481,90.00000000,64.43999481,0.50616062
Simul_+15deg,15,64.79999542,90.00000000,64.79999542,0.38686350
Simul_+15deg,15,65.15999603,90.00000000,65.15999603,0.26715511
Simul_+15deg,15,65.51999664,90.00000000,65.51999664,0.14711428
Simul_+15deg,15,65.87999725,90.00000000,65.87999725,0.02678788
Simul_+15deg,15,66.23999786,90.00000000,66.23999786,-0.08220177
Simul_+15deg,15,66.59999847,90.00000000,66.59999847,-0.18515533
Simul_+15deg,15,66.95999146,90.00000000,66.95999146,-0.28768712
Simul_+15deg,15,67.31999207,90.00000000,67.31999207,-0.38969964
Simul_+15deg,15,67.68000031,90.00000000,67.68000031,-0.49110389
Simul_+15deg,15,68.04000092,90.00000000,68.04000092,-0.58807307
Simul_+15deg,15,68.39999390,90.00000000,68.39999390,-0.65418112
Simul_+15deg,15,68.75999451,90.00000000,68.75999451,-0.71875036
Simul_+15deg,15,69.11999512,90.00000000,69.11999512,-0.78169376
Simul_+15deg,15,69.47999573,90.00000000,69.47999573,-0.84292775
Simul_+15deg,15,69.83999634,90.00000000,69.83999634,-0.90236473
Simul_+15deg,15,70.19999695,90.00000000,70.19999695,-0.92091793
Simul_+15deg,15,70.55999756,90.00000000,70.55999756,-0.90690321
Simul_+15deg,15,70.91999817,90.00000000,70.91999817,-0.89169317
Simul_+15deg,15,71.27999115,90.00000000,71.27999115,-0.87530005
Simul_+15deg,15,71.63999939,90.00000000,71.63999939,-0.85773778
Simul_+15deg,15,72.00000000,90.00000000,72.00000000,-0.83902013
Simul_+15deg,15,72.36000061,90.00000000,72.36000061,-0.79111964
Simul_+15deg,15,72.71999359,90.00000000,72.71999359,-0.74297488
Simul_+15deg,15,73.07999420,90.00000000,73.07999420,-0.69459760
Simul_+15deg,15,73.43999481,90.00000000,73.43999481,-0.64600438
Simul_+15deg,15,73.79999542,90.00000000,73.79999542,-0.59720451
Simul_+15deg,15,74.15999603,90.00000000,74.15999603,-0.55258197
Simul_+15deg,15,74.51999664,90.00000000,74.51999664,-0.51258916
Simul_+15deg,15,74.87999725,90.00000000,74.87999725,-0.47153646
Simul_+15deg,15,75.23999023,90.00000000,75.23999023,-0.42946371
Simul_+15deg,15,75.59999084,90.00000000,75.59999084,-0.38639921
Simul_+15deg,15,75.95999908,90.00000000,75.95999908,-0.34237623
Simul_+15deg,15,76.31999969,90.00000000,76.31999969,-0.30656788
Simul_+15deg,15,76.67999268,90.00000000,76.67999268,-0.26972398
Simul_+15deg,15,77.03999329,90.00000000,77.03999329,-0.23068142
Simul_+15deg,15,77.39999390,90.00000000,77.39999390,-0.18950640
Simul_+15deg,15,77.76000214,90.00000000,77.76000214,-0.14625672
Simul_+15deg,15,78.11999512,90.00000000,78.11999512,-0.11487459
Simul_+15deg,15,78.47999573,90.00000000,78.47999573,-0.10756810
Simul_+15deg,15,78.83999634,90.00000000,78.83999634,-0.09576885
Simul_+15deg,15,79.19999695,90.00000000,79.19999695,-0.07951310
Simul_+15deg,15,79.55998993,90.00000000,79.55998993,-0.05884873
Simul_+15deg,15,79.91999817,90.00000000,79.91999817,-0.03384073
Simul_+15deg,15,80.27999878,90.00000000,80.27999878,-0.05741185
Simul_+15deg,15,80.63999939,90.00000000,80.63999939,-0.09016836
Simul_+15deg,15,80.99999237,90.00000000,80.99999237,-0.11667442
Simul_+15deg,15,81.35999298,90.00000000,81.35999298,-0.13681012
Simul_+15deg,15,81.72000122,90.00000000,81.72000122,-0.15048912
Simul_+15deg,15,82.07999420,90.00000000,82.07999420,-0.17124705
Simul_+15deg,15,82.43999481,90.00000000,82.43999481,-0.23293737
Simul_+15deg,15,82.79999542,90.00000000,82.79999542,-0.28763956
Simul_+15deg,15,83.15999603,90.00000000,83.15999603,-0.33508646
Simul_+15deg,15,83.51998901,90.00000000,83.51998901,-0.37502187
Simul_+15deg,15,83.87999725,90.00000000,83.87999725,-0.40723979
Simul_+15deg,15,84.23999786,90.00000000,84.23999786,-0.48135155
Simul_+15deg,15,84.59999847,90.00000000,84.59999847,-0.57235140
Simul_+15deg,15,84.95999146,90.00000000,84.95999146,-0.65482128
Simul_+15deg,15,85.31999207,90.00000000,85.31999207,-0.72824490
Simul_+15deg,15,85.67999268,90.00000000,85.67999268,-0.79211980
Simul_+15deg,15,86.04000092,90.00000000,86.04000092,-0.85884339
Simul_+15deg,15,86.39999390,90.00000000,86.39999390,-1.01962161
Simul_+15deg,15,86.75999451,90.00000000,86.75999451,-1.17242205
Simul_+15deg,15,87.11999512,90.00000000,87.11999512,-1.31613088
Simul_+15deg,15,87.47999573,90.00000000,87.47999573,-1.44964886
Simul_+15deg,15,87.83999634,90.00000000,87.83999634,-1.57187343
Simul_+15deg,15,88.19999695,90.00000000,88.19999695,-1.74304342
Simul_+15deg,15,88.55999756,90.00000000,88.55999756,-1.95734680
Simul_+15deg,15,88.91999817,90.00000000,88.91999817,-2.16662979
Simul_+15deg,15,89.27999115,90.00000000,89.27999115,-2.36962771
Simul_+15deg,15,89.63999176,90.00000000,89.63999176,-2.56488180
Simul_+15deg,15,90.00000000,90.00000000,90.00000000,-2.75089073
Simul_+15deg,15,90.35999298,90.00000000,90.35999298,-2.98442173
Simul_+15deg,15,90.71999359,90.00000000,90.71999359,-3.21641922
Simul_+15deg,15,91.07999420,90.00000000,91.07999420,-3.44592381
Simul_+15deg,15,91.43999481,90.00000000,91.43999481,-3.67183185
Simul_+15deg,15,91.79999542,90.00000000,91.79999542,-3.89283538
Simul_+15deg,15,92.15999603,90.00000000,92.15999603,-4.13186502
Simul_+15deg,15,92.51999664,90.00000000,92.51999664,-4.40040016
Simul_+15deg,15,92.87999725,90.00000000,92.87999725,-4.66982985
Simul_+15deg,15,93.23999023,90.00000000,93.23999023,-4.93914604
Simul_+15deg,15,93.59999084,90.00000000,93.59999084,-5.20724010
Simul_+15deg,15,93.95999908,90.00000000,93.95999908,-5.47269058
Simul_+15deg,15,94.31999969,90.00000000,94.31999969,-5.78485918
Simul_+15deg,15,94.67999268,90.00000000,94.67999268,-6.10864401
Simul_+15deg,15,95.03999329,90.00000000,95.03999329,-6.43780041
Simul_+15deg,15,95.39999390,90.00000000,95.39999390,-6.77152109
Simul_+15deg,15,95.75999451,90.00000000,95.75999451,-7.10880518
Simul_+15deg,15,96.11999512,90.00000000,96.11999512,-7.41826820
Simul_+15deg,15,96.47999573,90.00000000,96.47999573,-7.66592026
Simul_+15deg,15,96.83999634,90.00000000,96.83999634,-7.90925074
Simul_+15deg,15,97.19999695,90.00000000,97.19999695,-8.14666557
Simul_+15deg,15,97.55998993,90.00000000,97.55998993,-8.37635994
Simul_+15deg,15,97.91999817,90.00000000,97.91999817,-8.59627247
Simul_+15deg,15,98.27999878,90.00000000,98.27999878,-8.69633293
Simul_+15deg,15,98.63999176,90.00000000,98.63999176,-8.74789429
Simul_+15deg,15,98.99999237,90.00000000,98.99999237,-8.78059864
Simul_+15deg,15,99.35999298,90.00000000,99.35999298,-8.79401112
Simul_+15deg,15,99.71999359,90.00000000,99.71999359,-8.78795147
Simul_+15deg,15,100.07999420,90.00000000,100.07999420,-8.76620197
Simul_+15deg,15,100.43999481,90.00000000,100.43999481,-8.73669910
Simul_+15deg,15,100.79999542,90.00000000,100.79999542,-8.68592453
Simul_+15deg,15,101.15999603,90.00000000,101.15999603,-8.61461067
Simul_+15deg,15,101.51998901,90.00000000,101.51998901,-8.52377129
Simul_+15deg,15,101.87999725,90.00000000,101.87999725,-8.41461754
Simul_+15deg,15,102.23999786,90.00000000,102.23999786,-8.30073643
Simul_+15deg,15,102.59999847,90.00000000,102.59999847,-8.17254639
Simul_+15deg,15,102.95999146,90.00000000,102.95999146,-8.02487183
Simul_+15deg,15,103.31999207,90.00000000,103.31999207,-7.85973644
Simul_+15deg,15,103.67999268,90.00000000,103.67999268,-7.67927170
Simul_+15deg,15,104.03999329,90.00000000,104.03999329,-7.49244404
Simul_+15deg,15,104.39999390,90.00000000,104.39999390,-7.34443426
Simul_+15deg,15,104.75999451,90.00000000,104.75999451,-7.17788601
Simul_+15deg,15,105.11999512,90.00000000,105.11999512,-6.99506712
Simul_+15deg,15,105.47999573,90.00000000,105.47999573,-6.79819632
Simul_+15deg,15,105.83998871,90.00000000,105.83998871,-6.58941841
Simul_+15deg,15,106.19999695,90.00000000,106.19999695,-6.45877361
Simul_+15deg,15,106.55999756,90.00000000,106.55999756,-6.38395405
Simul_+15deg,15,106.91999054,90.00000000,106.91999054,-6.29368591
Simul_+15deg,15,107.27999115,90.00000000,107.27999115,-6.18892860
Simul_+15deg,15,107.63999176,90.00000000,107.63999176,-6.07076740
Simul_+15deg,15,108.00000000,90.00000000,108.00000000,-5.94031715
Simul_+15deg,15,108.35999298,90.00000000,108.35999298,-5.94356537
Simul_+15deg,15,108.71999359,90.00000000,108.71999359,-5.93586874
Simul_+15deg,15,109.07999420,90.00000000,109.07999420,-5.91728783
Simul_+15deg,15,109.43999481,90.00000000,109.43999481,-5.88795948
Simul_+15deg,15,109.79998779,90.00000000,109.79998779,-5.84810209
Simul_+15deg,15,110.15999603,90.00000000,110.15999603,-5.85228491
Simul_+15deg,15,110.51999664,90.00000000,110.51999664,-5.91514158
Simul_+15deg,15,110.87999725,90.00000000,110.87999725,-5.96884155
Simul_+15deg,15,111.23999023,90.00000000,111.23999023,-6.01302195
Simul_+15deg,15,111.59999084,90.00000000,111.59999084,-6.04739237
Simul_+15deg,15,111.95999908,90.00000000,111.95999908,-6.07170677
Simul_+15deg,15,112.31999207,90.00000000,112.31999207,-6.22435331
Simul_+15deg,15,112.67999268,90.00000000,112.67999268,-6.38836193
Simul_+15deg,15,113.03999329,90.00000000,113.03999329,-6.54580069
Simul_+15deg,15,113.39999390,90.00000000,113.39999390,-6.69566631
Simul_+15deg,15,113.75999451,90.00000000,113.75999451,-6.83696365
Simul_+15deg,15,114.11999512,90.00000000,114.11999512,-7.00258350
Simul_+15deg,15,114.47999573,90.00000000,114.47999573,-7.23105621
Simul_+15deg,15,114.83999634,90.00000000,114.83999634,-7.45628738
Simul_+15deg,15,115.19999695,90.00000000,115.19999695,-7.67711830
Simul_+15deg,15,115.55998993,90.00000000,115.55998993,-7.89216900
Simul_+15deg,15,115.91999817,90.00000000,115.91999817,-8.09998512
Simul_+15deg,15,116.27999115,90.00000000,116.27999115,-8.28575230
Simul_+15deg,15,116.63999176,90.00000000,116.63999176,-8.45906162
Simul_+15deg,15,117.00000000,90.00000000,117.00000000,-8.62252140
Simul_+15deg,15,117.35999298,90.00000000,117.35999298,-8.77468014
Simul_+15deg,15,117.72000122,90.00000000,117.72000122,-8.91411877
Simul_+15deg,15,118.07998657,90.00000000,118.07998657,-9.03376198
Simul_+15deg,15,118.43999481,90.00000000,118.43999481,-9.11816025
Simul_+15deg,15,118.79998779,90.00000000,118.79998779,-9.18587589
Simul_+15deg,15,119.15999603,90.00000000,119.15999603,-9.23610878
Simul_+15deg,15,119.51999664,90.00000000,119.51999664,-9.26822758
Simul_+15deg,15,119.87998962,90.00000000,119.87998962,-9.28182983
Simul_+15deg,15,120.23999786,90.00000000,120.23999786,-9.28619766
Simul_+15deg,15,120.59999084,90.00000000,120.59999084,-9.27795792
Simul_+15deg,15,120.95999146,90.00000000,120.95999146,-9.25275230
Simul_+15deg,15,121.31999969,90.00000000,121.31999969,-9.21087265
Simul_+15deg,15,121.67999268,90.00000000,121.67999268,-9.15280437
Simul_+15deg,15,122.03999329,90.00000000,122.03999329,-9.08373070
Simul_+15deg,15,122.39998627,90.00000000,122.39998627,-9.03730202
Simul_+15deg,15,122.75999451,90.00000000,122.75999451,-8.97849941
Simul_+15deg,15,123.12000275,90.00000000,123.12000275,-8.90783501
Simul_+15deg,15,123.47998810,90.00000000,123.47998810,-8.82588768
Simul_+15deg,15,123.83999634,90.00000000,123.83999634,-8.73329735
Simul_+15deg,15,124.19998932,90.00000000,124.19998932,-8.68457699
Simul_+15deg,15,124.55999756,90.00000000,124.55999756,-8.66481209
Simul_+15deg,15,124.91998291,90.00000000,124.91998291,-8.62987041
Simul_+15deg,15,125.27999115,90.00000000,125.27999115,-8.58011150
Simul_+15deg,15,125.63999939,90.00000000,125.63999939,-8.51604271
Simul_+15deg,15,125.99999237,90.00000000,125.99999237,-8.43830299
Simul_+15deg,15,126.35999298,90.00000000,126.35999298,-8.49418259
Simul_+15deg,15,126.71998596,90.00000000,126.71998596,-8.51744270
Simul_+15deg,15,127.07999420,90.00000000,127.07999420,-8.50755405
Simul_+15deg,15,127.43999481,90.00000000,127.43999481,-8.46473885
Simul_+15deg,15,127.79998779,90.00000000,127.79998779,-8.38996506
Simul_+15deg,15,128.15998840,90.00000000,128.15998840,-8.35139751
Simul_+15deg,15,128.51998901,90.00000000,128.51998901,-8.34276295
Simul_+15deg,15,128.87998962,90.00000000,128.87998962,-8.27225208
Simul_+15deg,15,129.24000549,90.00000000,129.24000549,-8.14281464
Simul_+15deg,15,129.59999084,90.00000000,129.59999084,-7.95956564
Simul_+15deg,15,129.95999146,90.00000000,129.95999146,-7.72914934
Simul_+15deg,15,130.31999207,90.00000000,130.31999207,-7.56757545
Simul_+15deg,15,130.67999268,90.00000000,130.67999268,-7.35577297
Simul_+15deg,15,131.03999329,90.00000000,131.03999329,-7.08762884
Simul_+15deg,15,131.39999390,90.00000000,131.39999390,-6.77351189
Simul_+15deg,15,131.75999451,90.00000000,131.75999451,-6.42383099
Simul_+15deg,15,132.11999512,90.00000000,132.11999512,-6.09920979
Simul_+15deg,15,132.47999573,90.00000000,132.47999573,-5.83812904
Simul_+15deg,15,132.83998108,90.00000000,132.83998108,-5.53696203
Simul_+15deg,15,133.19999695,90.00000000,133.19999695,-5.20449162
Simul_+15deg,15,133.55999756,90.00000000,133.55999756,-4.84881973
Simul_+15deg,15,133.91998291,90.00000000,133.91998291,-4.47714567
Simul_+15deg,15,134.27999878,90.00000000,134.27999878,-4.24201155
Simul_+15deg,15,134.63998413,90.00000000,134.63998413,-4.01379824
Simul_+15deg,15,135.00000000,90.00000000,135.00000000,-3.75295591
Simul_+15deg,15,135.36000061,90.00000000,135.36000061,-3.46571684
Simul_+15deg,15,135.71998596,90.00000000,135.71998596,-3.15798020
Simul_+15deg,15,136.08000183,90.00000000,136.08000183,-2.89387202
Simul_+15deg,15,136.43998718,90.00000000,136.43998718,-2.80620956
Simul_+15deg,15,136.79998779,90.00000000,136.79998779,-2.68004322
Simul_+15deg,15,137.16000366,90.00000000,137.16000366,-2.51865411
Simul_+15deg,15,137.51998901,90.00000000,137.51998901,-2.32598066
Simul_+15deg,15,137.87998962,90.00000000,137.87998962,-2.10622978
Simul_+15deg,15,138.23999023,90.00000000,138.23999023,-2.08678126
Simul_+15deg,15,138.59999084,90.00000000,138.59999084,-2.14643073
Simul_+15deg,15,138.95999146,90.00000000,138.95999146,-2.17010474
Simul_+15deg,15,139.31999207,90.00000000,139.31999207,-2.15722013
Simul_+15deg,15,139.67999268,90.00000000,139.67999268,-2.10809255
Simul_+15deg,15,140.03999329,90.00000000,140.03999329,-2.06600928
Simul_+15deg,15,140.39999390,90.00000000,140.39999390,-2.33527207
Simul_+15deg,15,140.75997925,90.00000000,140.75997925,-2.58303761
Simul_+15deg,15,141.11999512,90.00000000,141.11999512,-2.80444860
Simul_+15deg,15,141.47999573,90.00000000,141.47999573,-2.99452209
Simul_+15deg,15,141.83999634,90.00000000,141.83999634,-3.14848399
Simul_+15deg,15,142.19999695,90.00000000,142.19999695,-3.47732353
Simul_+15deg,15,142.55998230,90.00000000,142.55998230,-3.97363615
Simul_+15deg,15,142.91999817,90.00000000,142.91999817,-4.47160435
Simul_+15deg,15,143.27999878,90.00000000,143.27999878,-4.96416569
Simul_+15deg,15,143.63998413,90.00000000,143.63998413,-5.44152832
Simul_+15deg,15,144.00000000,90.00000000,144.00000000,-5.89109135
Simul_+15deg,15,144.35998535,90.00000000,144.35998535,-6.68859100
Simul_+15deg,15,144.72000122,90.00000000,144.72000122,-7.53725958
Simul_+15deg,15,145.07998657,90.00000000,145.07998657,-8.43376350
Simul_+15deg,15,145.43998718,90.00000000,145.43998718,-9.36665440
Simul_+15deg,15,145.80000305,90.00000000,145.80000305,-10.30860710
Simul_+15deg,15,146.15998840,90.00000000,146.15998840,-11.37778282
Simul_+15deg,15,146.51998901,90.00000000,146.51998901,-12.72172832
Simul_+15deg,15,146.87998962,90.00000000,146.87998962,-14.15198803
Simul_+15deg,15,147.23999023,90.00000000,147.23999023,-15.55429554
Simul_+15deg,15,147.59999084,90.00000000,147.59999084,-16.65287209
Simul_+15deg,15,147.95999146,90.00000000,147.95999146,-17.03790855
Simul_+15deg,15,148.31999207,90.00000000,148.31999207,-17.45597458
Simul_+15deg,15,148.67999268,90.00000000,148.67999268,-17.33373451
Simul_+15deg,15,149.03999329,90.00000000,149.03999329,-16.62052917
Simul_+15deg,15,149.39999390,90.00000000,149.39999390,-15.55056190
Simul_+15deg,15,149.75999451,90.00000000,149.75999451,-14.35025215
Simul_+15deg,15,150.11999512,90.00000000,150.11999512,-13.44877720
Simul_+15deg,15,150.47998047,90.00000000,150.47998047,-13.08658504
Simul_+15deg,15,150.83999634,90.00000000,150.83999634,-12.64414310
Simul_+15deg,15,151.19998169,90.00000000,151.19998169,-12.14639854
Simul_+15deg,15,151.55999756,90.00000000,151.55999756,-11.61476707
Simul_+15deg,15,151.91999817,90.00000000,151.91999817,-11.06627560
Simul_+15deg,15,152.27998352,90.00000000,152.27998352,-11.05808449
Simul_+15deg,15,152.63999939,90.00000000,152.63999939,-11.15927601
Simul_+15deg,15,152.99998474,90.00000000,152.99998474,-11.20512962
Simul_+15deg,15,153.35998535,90.00000000,153.35998535,-11.19386292
Simul_+15deg,15,153.72000122,90.00000000,153.72000122,-11.12591362
Simul_+15deg,15,154.07998657,90.00000000,154.07998657,-11.14842415
Simul_+15deg,15,154.43998718,90.00000000,154.43998718,-11.63261890
Simul_+15deg,15,154.79998779,90.00000000,154.79998779,-12.06126690
Simul_+15deg,15,155.15998840,90.00000000,155.15998840,-12.41071129
Simul_+15deg,15,155.52000427,90.00000000,155.52000427,-12.65701389
Simul_+15deg,15,155.87998962,90.00000000,155.87998962,-12.78051853
Simul_+15deg,15,156.23999023,90.00000000,156.23999023,-13.19604111
Simul_+15deg,15,156.59999084,90.00000000,156.59999084,-13.68049240
Simul_+15deg,15,156.95999146,90.00000000,156.95999146,-13.96544266
Simul_+15deg,15,157.31999207,90.00000000,157.31999207,-14.00734138
Simul_+15deg,15,157.67999268,90.00000000,157.67999268,-13.79928017
Simul_+15deg,15,158.03999329,90.00000000,158.03999329,-13.43024349
Simul_+15deg,15,158.39999390,90.00000000,158.39999390,-13.30210209
Simul_+15deg,15,158.75999451,90.00000000,158.75999451,-12.96650314
Simul_+15deg,15,159.11997986,90.00000000,159.11997986,-12.46723557
Simul_+15deg,15,159.47999573,90.00000000,159.47999573,-11.85689735
Simul_+15deg,15,159.83999634,90.00000000,159.83999634,-11.18292904
Simul_+15deg,15,160.19998169,90.00000000,160.19998169,-10.64646816
Simul_+15deg,15,160.55999756,90.00000000,160.55999756,-10.20378113
Simul_+15deg,15,160.91998291,90.00000000,160.91998291,-9.72989750
Simul_+15deg,15,161.27999878,90.00000000,161.27999878,-9.23821259
Simul_+15deg,15,161.63999939,90.00000000,161.63999939,-8.73918533
Simul_+15deg,15,161.99998474,90.00000000,161.99998474,-8.24055099
Simul_+15deg,15,162.36000061,90.00000000,162.36000061,-7.97136545
Simul_+15deg,15,162.71998596,90.00000000,162.71998596,-7.69628906
Simul_+15deg,15,163.07998657,90.00000000,163.07998657,-7.41738605
Simul_+15deg,15,163.44000244,90.00000000,163.44000244,-7.13632965
Simul_+15deg,15,163.79998779,90.00000000,163.79998779,-6.85460949
Simul_+15deg,15,164.15998840,90.00000000,164.15998840,-6.65295219
Simul_+15deg,15,164.51998901,90.00000000,164.51998901,-6.54722595
Simul_+15deg,15,164.87998962,90.00000000,164.87998962,-6.43652916
Simul_+15deg,15,165.23999023,90.00000000,165.23999023,-6.32129097
Simul_+15deg,15,165.59999084,90.00000000,165.59999084,-6.20194054
Simul_+15deg,15,165.95999146,90.00000000,165.95999146,-6.07890368
Simul_+15deg,15,166.31999207,90.00000000,166.31999207,-6.04072666
Simul_+15deg,15,166.67999268,90.00000000,166.67999268,-6.00096750
Simul_+15deg,15,167.03997803,90.00000000,167.03997803,-5.94839525
Simul_+15deg,15,167.39999390,90.00000000,167.39999390,-5.88346577
Simul_+15deg,15,167.75999451,90.00000000,167.75999451,-5.80674076
Simul_+15deg,15,168.11999512,90.00000000,168.11999512,-5.72131443
Simul_+15deg,15,168.47999573,90.00000000,168.47999573,-5.62205839
Simul_+15deg,15,168.83998108,90.00000000,168.83998108,-5.50132751
Simul_+15deg,15,169.19999695,90.00000000,169.19999695,-5.36093426
Simul_+15deg,15,169.55999756,90.00000000,169.55999756,-5.20284271
Simul_+15deg,15,169.91998291,90.00000000,169.91998291,-5.02907181
Simul_+15deg,15,170.27999878,90.00000000,170.27999878,-4.82042503
Simul_+15deg,15,170.63998413,90.00000000,170.63998413,-4.59172678
Simul_+15deg,15,170.99998474,90.00000000,170.99998474,-4.35132694
Simul_+15deg,15,171.35998535,90.00000000,171.35998535,-4.10172653
Simul_+15deg,15,171.71998596,90.00000000,171.71998596,-3.84509897
Simul_+15deg,15,172.08000183,90.00000000,172.08000183,-3.58753800
Simul_+15deg,15,172.43998718,90.00000000,172.43998718,-3.34029484
Simul_+15deg,15,172.79998779,90.00000000,172.79998779,-3.09003353
Simul_+15deg,15,173.15998840,90.00000000,173.15998840,-2.83803678
Simul_+15deg,15,173.51998901,90.00000000,173.51998901,-2.58531833
Simul_+15deg,15,173.87998962,90.00000000,173.87998962,-2.33279657
Simul_+15deg,15,174.23999023,90.00000000,174.23999023,-2.13010764
Simul_+15deg,15,174.59999084,90.00000000,174.59999084,-1.94873333
Simul_+15deg,15,174.95999146,90.00000000,174.95999146,-1.76408827
Simul_+15deg,15,175.31999207,90.00000000,175.31999207,-1.57686222
Simul_+15deg,15,175.67999268,90.00000000,175.67999268,-1.38767958
Simul_+15deg,15,176.03999329,90.00000000,176.03999329,-1.20935118
Simul_+15deg,15,176.39999390,90.00000000,176.39999390,-1.12379599
Simul_+15deg,15,176.75997925,90.00000000,176.75997925,-1.03055048
Simul_+15deg,15,177.11999512,90.00000000,177.11999512,-0.93012071
Simul_+15deg,15,177.47999573,90.00000000,177.47999573,-0.82304651
Simul_+15deg,15,177.83999634,90.00000000,177.83999634,-0.70987415
Simul_+15deg,15,178.19999695,90.00000000,178.19999695,-0.66052628
Simul_+15deg,15,178.55998230,90.00000000,178.55998230,-0.65743375
Simul_+15deg,15,178.91999817,90.00000000,178.91999817,-0.64397103
Simul_+15deg,15,179.27998352,90.00000000,179.27998352,-0.62022978
Simul_+15deg,15,179.63998413,90.00000000,179.63998413,-0.58638364
Simul_+30deg,30,-180.00000000,90.00000000,-180.00000000,-4.05814886
Simul_+30deg,30,-179.63998413,90.00000000,-179.63998413,-4.12213421
Simul_+30deg,30,-179.27998352,90.00000000,-179.27998352,-4.15785074
Simul_+30deg,30,-178.91999817,90.00000000,-178.91999817,-4.16459274
Simul_+30deg,30,-178.55998230,90.00000000,-178.55998230,-4.14222527
Simul_+30deg,30,-178.19999695,90.00000000,-178.19999695,-4.09119749
Simul_+30deg,30,-177.83999634,90.00000000,-177.83999634,-4.15945578
Simul_+30deg,30,-177.47999573,90.00000000,-177.47999573,-4.38245773
Simul_+30deg,30,-177.11999512,90.00000000,-177.11999512,-4.57142830
Simul_+30deg,30,-176.75997925,90.00000000,-176.75997925,-4.72125101
Simul_+30deg,30,-176.39999390,90.00000000,-176.39999390,-4.82749224
Simul_+30deg,30,-176.03999329,90.00000000,-176.03999329,-4.88678646
Simul_+30deg,30,-175.67999268,90.00000000,-175.67999268,-5.17788935
Simul_+30deg,30,-175.31999207,90.00000000,-175.31999207,-5.45241070
Simul_+30deg,30,-174.95999146,90.00000000,-174.95999146,-5.66368580
Simul_+30deg,30,-174.59999084,90.00000000,-174.59999084,-5.80134630
Simul_+30deg,30,-174.23999023,90.00000000,-174.23999023,-5.85798836
Simul_+30deg,30,-173.87998962,90.00000000,-173.87998962,-5.92401743
Simul_+30deg,30,-173.51998901,90.00000000,-173.51998901,-6.09055805
Simul_+30deg,30,-173.15998840,90.00000000,-173.15998840,-6.16154718
Simul_+30deg,30,-172.79998779,90.00000000,-172.79998779,-6.13221931
Simul_+30deg,30,-172.43998718,90.00000000,-172.43998718,-6.00456333
Simul_+30deg,30,-172.08000183,90.00000000,-172.08000183,-5.78691244
Simul_+30deg,30,-171.71998596,90.00000000,-171.71998596,-5.68105268
Simul_+30deg,30,-171.35998535,90.00000000,-171.35998535,-5.55451965
Simul_+30deg,30,-170.99998474,90.00000000,-170.99998474,-5.35897541
Simul_+30deg,30,-170.63998413,90.00000000,-170.63998413,-5.10344505
Simul_+30deg,30,-170.27999878,90.00000000,-170.27999878,-4.79839563
Simul_+30deg,30,-169.91998291,90.00000000,-169.91998291,-4.50698471
Simul_+30deg,30,-169.55999756,90.00000000,-169.55999756,-4.36632586
Simul_+30deg,30,-169.19999695,90.00000000,-169.19999695,-4.19501495
Simul_+30deg,30,-168.83998108,90.00000000,-168.83998108,-3.99671650
Simul_+30deg,30,-168.47999573,90.00000000,-168.47999573,-3.77525902
Simul_+30deg,30,-168.11999512,90.00000000,-168.11999512,-3.53445196
Simul_+30deg,30,-167.75999451,90.00000000,-167.75999451,-3.43484592
Simul_+30deg,30,-167.39999390,90.00000000,-167.39999390,-3.40011072
Simul_+30deg,30,-167.03997803,90.00000000,-167.03997803,-3.35221648
Simul_+30deg,30,-166.67999268,90.00000000,-166.67999268,-3.29159784
Simul_+30deg,30,-166.31999207,90.00000000,-166.31999207,-3.21878219
Simul_+30deg,30,-165.95999146,90.00000000,-165.95999146,-3.15897918
Simul_+30deg,30,-165.59999084,90.00000000,-165.59999084,-3.28902483
Simul_+30deg,30,-165.23999023,90.00000000,-165.23999023,-3.41537213
Simul_+30deg,30,-164.87998962,90.00000000,-164.87998962,-3.53757262
Simul_+30deg,30,-164.51998901,90.00000000,-164.51998901,-3.65516043
Simul_+30deg,30,-164.15998840,90.00000000,-164.15998840,-3.76764989
Simul_+30deg,30,-163.79998779,90.00000000,-163.79998779,-3.97682476
Simul_+30deg,30,-163.44000244,90.00000000,-163.44000244,-4.27216578
Simul_+30deg,30,-163.07998657,90.00000000,-163.07998657,-4.57487297
Simul_+30deg,30,-162.71998596,90.00000000,-162.71998596,-4.88502455
Simul_+30deg,30,-162.36000061,90.00000000,-162.36000061,-5.20262814
Simul_+30deg,30,-161.99998474,90.00000000,-161.99998474,-5.52764463
Simul_+30deg,30,-161.63999939,90.00000000,-161.63999939,-5.95925617
Simul_+30deg,30,-161.27999878,90.00000000,-161.27999878,-6.40720177
Simul_+30deg,30,-160.91998291,90.00000000,-160.91998291,-6.87176752
Simul_+30deg,30,-160.55999756,90.00000000,-160.55999756,-7.35298395
Simul_+30deg,30,-160.19998169,90.00000000,-160.19998169,-7.85044479
Simul_+30deg,30,-159.83999634,90.00000000,-159.83999634,-8.33288765
Simul_+30deg,30,-159.47999573,90.00000000,-159.47999573,-8.77533340
Simul_+30deg,30,-159.11997986,90.00000000,-159.11997986,-9.20223808
Simul_+30deg,30,-158.75999451,90.00000000,-158.75999451,-9.60352898
Simul_+30deg,30,-158.39999390,90.00000000,-158.39999390,-9.96717262
Simul_+30deg,30,-158.03999329,90.00000000,-158.03999329,-10.27959633
Simul_+30deg,30,-157.67999268,90.00000000,-157.67999268,-10.35508537
Simul_+30deg,30,-157.31999207,90.00000000,-157.31999207,-10.32368851
Simul_+30deg,30,-156.95999146,90.00000000,-156.95999146,-10.20788097
Simul_+30deg,30,-156.59999084,90.00000000,-156.59999084,-10.01416302
Simul_+30deg,30,-156.23999023,90.00000000,-156.23999023,-9.75259018
Simul_+30deg,30,-155.87998962,90.00000000,-155.87998962,-9.44431877
Simul_+30deg,30,-155.52000427,90.00000000,-155.52000427,-9.09954166
Simul_+30deg,30,-155.15998840,90.00000000,-155.15998840,-8.70840263
Simul_+30deg,30,-154.79998779,90.00000000,-154.79998779,-8.28458023
Simul_+30deg,30,-154.43998718,90.00000000,-154.43998718,-7.83986521
Simul_+30deg,30,-154.07998657,90.00000000,-154.07998657,-7.38370228
Simul_+30deg,30,-153.72000122,90.00000000,-153.72000122,-7.09397888
Simul_+30deg,30,-153.35998535,90.00000000,-153.35998535,-6.80790138
Simul_+30deg,30,-152.99998474,90.00000000,-152.99998474,-6.48085070
Simul_+30deg,30,-152.63999939,90.00000000,-152.63999939,-6.12273693
Simul_+30deg,30,-152.27998352,90.00000000,-152.27998352,-5.74247360
Simul_+30deg,30,-151.91999817,90.00000000,-151.91999817,-5.42089081
Simul_+30deg,30,-151.55999756,90.00000000,-151.55999756,-5.31259346
Simul_+30deg,30,-151.19998169,90.00000000,-151.19998169,-5.14484215
Simul_+30deg,30,-150.83999634,90.00000000,-150.83999634,-4.92434025
Simul_+30deg,30,-150.47998047,90.00000000,-150.47998047,-4.65901375
Simul_+30deg,30,-150.11999512,90.00000000,-150.11999512,-4.35724449
Simul_+30deg,30,-149.75999451,90.00000000,-149.75999451,-4.26435900
Simul_+30deg,30,-149.39999390,90.00000000,-149.39999390,-4.22532129
Simul_+30deg,30,-149.03999329,90.00000000,-149.03999329,-4.11552048
Simul_+30deg,30,-148.67999268,90.00000000,-148.67999268,-3.94015884
Simul_+30deg,30,-148.31999207,90.00000000,-148.31999207,-3.70693588
Simul_+30deg,30,-147.95999146,90.00000000,-147.95999146,-3.46680427
Simul_+30deg,30,-147.59999084,90.00000000,-147.59999084,-3.49729323
Simul_+30deg,30,-147.23999023,90.00000000,-147.23999023,-3.44683528
Simul_+30deg,30,-146.87998962,90.00000000,-146.87998962,-3.31818008
Simul_+30deg,30,-146.51998901,90.00000000,-146.51998901,-3.11804152
Simul_+30deg,30,-146.15998840,90.00000000,-146.15998840,-2.85596371
Simul_+30deg,30,-145.80000305,90.00000000,-145.80000305,-2.74923897
Simul_+30deg,30,-145.43998718,90.00000000,-145.43998718,-2.73694539
Simul_+30deg,30,-145.07998657,90.00000000,-145.07998657,-2.64786530
Simul_+30deg,30,-144.72000122,90.00000000,-144.72000122,-2.48659515
Simul_+30deg,30,-144.35998535,90.00000000,-144.35998535,-2.26087046
Simul_+30deg,30,-144.00000000,90.00000000,-144.00000000,-1.98052526
Simul_+30deg,30,-143.63998413,90.00000000,-143.63998413,-2.04375982
Simul_+30deg,30,-143.27999878,90.00000000,-143.27999878,-2.04295301
Simul_+30deg,30,-142.91999817,90.00000000,-142.91999817,-1.97814155
Simul_+30deg,30,-142.55998230,90.00000000,-142.55998230,-1.85211873
Simul_+30deg,30,-142.19999695,90.00000000,-142.19999695,-1.67006254
Simul_+30deg,30,-141.83999634,90.00000000,-141.83999634,-1.62638330
Simul_+30deg,30,-141.47999573,90.00000000,-141.47999573,-1.77105522
Simul_+30deg,30,-141.11999512,90.00000000,-141.11999512,-1.86548090
Simul_+30deg,30,-140.75997925,90.00000000,-140.75997925,-1.90624547
Simul_+30deg,30,-140.39999390,90.00000000,-140.39999390,-1.89182258
Simul_+30deg,30,-140.03999329,90.00000000,-140.03999329,-1.82275558
Simul_+30deg,30,-139.67999268,90.00000000,-139.67999268,-2.08803868
Simul_+30deg,30,-139.31999207,90.00000000,-139.31999207,-2.37107611
Simul_+30deg,30,-138.95999146,90.00000000,-138.95999146,-2.61742568
Simul_+30deg,30,-138.59999084,90.00000000,-138.59999084,-2.81946063
Simul_+30deg,30,-138.23999023,90.00000000,-138.23999023,-2.97013569
Simul_+30deg,30,-137.87998962,90.00000000,-137.87998962,-3.19954371
Simul_+30deg,30,-137.51998901,90.00000000,-137.51998901,-3.67949295
Simul_+30deg,30,-137.16000366,90.00000000,-137.16000366,-4.15152931
Simul_+30deg,30,-136.79998779,90.00000000,-136.79998779,-4.60609770
Simul_+30deg,30,-136.43998718,90.00000000,-136.43998718,-5.03092670
Simul_+30deg,30,-136.08000183,90.00000000,-136.08000183,-5.41126347
Simul_+30deg,30,-135.71998596,90.00000000,-135.71998596,-6.04650497
Simul_+30deg,30,-135.36000061,90.00000000,-135.36000061,-6.78997087
Simul_+30deg,30,-135.00000000,90.00000000,-135.00000000,-7.55370426
Simul_+30deg,30,-134.63998413,90.00000000,-134.63998413,-8.32083988
Simul_+30deg,30,-134.27999878,90.00000000,-134.27999878,-9.06242943
Simul_+30deg,30,-133.91998291,90.00000000,-133.91998291,-9.80054760
Simul_+30deg,30,-133.55999756,90.00000000,-133.55999756,-10.69361210
Simul_+30deg,30,-133.19999695,90.00000000,-133.19999695,-11.45364666
Simul_+30deg,30,-132.83998108,90.00000000,-132.83998108,-11.96232319
Simul_+30deg,30,-132.47999573,90.00000000,-132.47999573,-12.11032772
Simul_+30deg,30,-132.11999512,90.00000000,-132.11999512,-11.86039734
Simul_+30deg,30,-131.75999451,90.00000000,-131.75999451,-11.22462463
Simul_+30deg,30,-131.39999390,90.00000000,-131.39999390,-10.33685112
Simul_+30deg,30,-131.03999329,90.00000000,-131.03999329,-9.34862137
Simul_+30deg,30,-130.67999268,90.00000000,-130.67999268,-8.34571171
Simul_+30deg,30,-130.31999207,90.00000000,-130.31999207,-7.37359715
Simul_+30deg,30,-129.95999146,90.00000000,-129.95999146,-6.46775627
Simul_+30deg,30,-129.59999084,90.00000000,-129.59999084,-5.71859932
Simul_+30deg,30,-129.24000549,90.00000000,-129.24000549,-4.99425983
Simul_+30deg,30,-128.87998962,90.00000000,-128.87998962,-4.30073071
Simul_+30deg,30,-128.51998901,90.00000000,-128.51998901,-3.64032888
Simul_+30deg,30,-128.15998840,90.00000000,-128.15998840,-3.01316524
Simul_+30deg,30,-127.79998779,90.00000000,-127.79998779,-2.54434085
Simul_+30deg,30,-127.43999481,90.00000000,-127.43999481,-2.17748475
Simul_+30deg,30,-127.07999420,90.00000000,-127.07999420,-1.80638194
Simul_+30deg,30,-126.71998596,90.00000000,-126.71998596,-1.43440473
Simul_+30deg,30,-126.35999298,90.00000000,-126.35999298,-1.06415176
Simul_+30deg,30,-125.99999237,90.00000000,-125.99999237,-0.69759154
Simul_+30deg,30,-125.63999939,90.00000000,-125.63999939,-0.55857217
Simul_+30deg,30,-125.27999115,90.00000000,-125.27999115,-0.40305224
Simul_+30deg,30,-124.91998291,90.00000000,-124.91998291,-0.23289531
Simul_+30deg,30,-124.55999756,90.00000000,-124.55999756,-0.04998266
Simul_+30deg,30,-124.19998932,90.00000000,-124.19998932,0.14388552
Simul_+30deg,30,-123.83999634,90.00000000,-123.83999634,0.25719088
Simul_+30deg,30,-123.47998810,90.00000000,-123.47998810,0.27390900
Simul_+30deg,30,-123.12000275,90.00000000,-123.12000275,0.30884331
Simul_+30deg,30,-122.75999451,90.00000000,-122.75999451,0.36156148
Simul_+30deg,30,-122.39998627,90.00000000,-122.39998627,0.43142116
Simul_+30deg,30,-122.03999329,90.00000000,-122.03999329,0.51759374
Simul_+30deg,30,-121.67999268,90.00000000,-121.67999268,0.46120471
Simul_+30deg,30,-121.31999969,90.00000000,-121.31999969,0.40107462
Simul_+30deg,30,-120.95999146,90.00000000,-120.95999146,0.35765499
Simul_+30deg,30,-120.59999084,90.00000000,-120.59999084,0.33146030
Simul_+30deg,30,-120.23999786,90.00000000,-120.23999786,0.32280460
Simul_+30deg,30,-119.87998962,90.00000000,-119.87998962,0.28175497
Simul_+30deg,30,-119.51999664,90.00000000,-119.51999664,0.15382048
Simul_+30deg,30,-119.15999603,90.00000000,-119.15999603,0.03769315
Simul_+30deg,30,-118.79998779,90.00000000,-118.79998779,-0.06554907
Simul_+30deg,30,-118.43999481,90.00000000,-118.43999481,-0.15489545
Simul_+30deg,30,-118.07998657,90.00000000,-118.07998657,-0.22942998
Simul_+30deg,30,-117.72000122,90.00000000,-117.72000122,-0.38436139
Simul_+30deg,30,-117.35999298,90.00000000,-117.35999298,-0.55886596
Simul_+30deg,30,-117.00000000,90.00000000,-117.00000000,-0.72540998
Simul_+30deg,30,-116.63999176,90.00000000,-116.63999176,-0.88279492
Simul_+30deg,30,-116.27999115,90.00000000,-116.27999115,-1.02973342
Simul_+30deg,30,-115.91999817,90.00000000,-115.91999817,-1.18378294
Simul_+30deg,30,-115.55998993,90.00000000,-115.55998993,-1.39589965
Simul_+30deg,30,-115.19999695,90.00000000,-115.19999695,-1.60206318
Simul_+30deg,30,-114.83999634,90.00000000,-114.83999634,-1.80088234
Simul_+30deg,30,-114.47999573,90.00000000,-114.47999573,-1.99080360
Simul_+30deg,30,-114.11999512,90.00000000,-114.11999512,-2.17021489
Simul_+30deg,30,-113.75999451,90.00000000,-113.75999451,-2.34009171
Simul_+30deg,30,-113.39999390,90.00000000,-113.39999390,-2.49890447
Simul_+30deg,30,-113.03999329,90.00000000,-113.03999329,-2.64397478
Simul_+30deg,30,-112.67999268,90.00000000,-112.67999268,-2.77369547
Simul_+30deg,30,-112.31999207,90.00000000,-112.31999207,-2.88649917
Simul_+30deg,30,-111.95999908,90.00000000,-111.95999908,-2.97469187
Simul_+30deg,30,-111.59999084,90.00000000,-111.59999084,-2.99520874
Simul_+30deg,30,-111.23999023,90.00000000,-111.23999023,-2.99921417
Simul_+30deg,30,-110.87999725,90.00000000,-110.87999725,-2.98666263
Simul_+30deg,30,-110.51999664,90.00000000,-110.51999664,-2.95769954
Simul_+30deg,30,-110.15999603,90.00000000,-110.15999603,-2.91264749
Simul_+30deg,30,-109.79998779,90.00000000,-109.79998779,-2.83976173
Simul_+30deg,30,-109.43999481,90.00000000,-109.43999481,-2.74785018
Simul_+30deg,30,-109.07999420,90.00000000,-109.07999420,-2.64887810
Simul_+30deg,30,-108.71999359,90.00000000,-108.71999359,-2.54335260
Simul_+30deg,30,-108.35999298,90.00000000,-108.35999298,-2.43180203
Simul_+30deg,30,-108.00000000,90.00000000,-108.00000000,-2.31474304
Simul_+30deg,30,-107.63999176,90.00000000,-107.63999176,-2.16644144
Simul_+30deg,30,-107.27999115,90.00000000,-107.27999115,-2.01850700
Simul_+30deg,30,-106.91999054,90.00000000,-106.91999054,-1.87105584
Simul_+30deg,30,-106.55999756,90.00000000,-106.55999756,-1.72421432
Simul_+30deg,30,-106.19999695,90.00000000,-106.19999695,-1.57807302
Simul_+30deg,30,-105.83998871,90.00000000,-105.83998871,-1.42370832
Simul_+30deg,30,-105.47999573,90.00000000,-105.47999573,-1.25977063
Simul_+30deg,30,-105.11999512,90.00000000,-105.11999512,-1.09786582
Simul_+30deg,30,-104.75999451,90.00000000,-104.75999451,-0.93800253
Simul_+30deg,30,-104.39999390,90.00000000,-104.39999390,-0.78016335
Simul_+30deg,30,-104.03999329,90.00000000,-104.03999329,-0.62434196
Simul_+30deg,30,-103.67999268,90.00000000,-103.67999268,-0.50795692
Simul_+30deg,30,-103.31999207,90.00000000,-103.31999207,-0.39568695
Simul_+30deg,30,-102.95999146,90.00000000,-102.95999146,-0.28281140
Simul_+30deg,30,-102.59999847,90.00000000,-102.59999847,-0.16945946
Simul_+30deg,30,-102.23999786,90.00000000,-102.23999786,-0.05573369
Simul_+30deg,30,-101.87999725,90.00000000,-101.87999725,0.04185819
Simul_+30deg,30,-101.51998901,90.00000000,-101.51998901,0.10797188
Simul_+30deg,30,-101.15999603,90.00000000,-101.15999603,0.17588571
Simul_+30deg,30,-100.79999542,90.00000000,-100.79999542,0.24549705
Simul_+30deg,30,-100.43999481,90.00000000,-100.43999481,0.31671309
Simul_+30deg,30,-100.07999420,90.00000000,-100.07999420,0.38943437
Simul_+30deg,30,-99.71999359,90.00000000,-99.71999359,0.45166522
Simul_+30deg,30,-99.35999298,90.00000000,-99.35999298,0.51303530
Simul_+30deg,30,-98.99999237,90.00000000,-98.99999237,0.57698411
Simul_+30deg,30,-98.63999176,90.00000000,-98.63999176,0.64338213
Simul_+30deg,30,-98.27999878,90.00000000,-98.27999878,0.71210408
Simul_+30deg,30,-97.91999817,90.00000000,-97.91999817,0.77654892
Simul_+30deg,30,-97.55998993,90.00000000,-97.55998993,0.82143068
Simul_+30deg,30,-97.19999695,90.00000000,-97.19999695,0.86997223
Simul_+30deg,30,-96.83999634,90.00000000,-96.83999634,0.92204559
Simul_+30deg,30,-96.47999573,90.00000000,-96.47999573,0.97751963
Simul_+30deg,30,-96.11999512,90.00000000,-96.11999512,1.03625739
Simul_+30deg,30,-95.75999451,90.00000000,-95.75999451,1.07617676
Simul_+30deg,30,-95.39999390,90.00000000,-95.39999390,1.10850930
Simul_+30deg,30,-95.03999329,90.00000000,-95.03999329,1.14422166
Simul_+30deg,30,-94.67999268,90.00000000,-94.67999268,1.18322909
Simul_+30deg,30,-94.31999969,90.00000000,-94.31999969,1.22543907
Simul_+30deg,30,-93.95999908,90.00000000,-93.95999908,1.27037883
Simul_+30deg,30,-93.59999084,90.00000000,-93.59999084,1.31543934
Simul_+30deg,30,-93.23999023,90.00000000,-93.23999023,1.36365628
Simul_+30deg,30,-92.87999725,90.00000000,-92.87999725,1.41491747
Simul_+30deg,30,-92.51999664,90.00000000,-92.51999664,1.46911263
Simul_+30deg,30,-92.15999603,90.00000000,-92.15999603,1.52612555
Simul_+30deg,30,-91.79999542,90.00000000,-91.79999542,1.57378018
Simul_+30deg,30,-91.43999481,90.00000000,-91.43999481,1.61518812
Simul_+30deg,30,-91.07999420,90.00000000,-91.07999420,1.66011214
Simul_+30deg,30,-90.71999359,90.00000000,-90.71999359,1.70844328
Simul_+30deg,30,-90.35999298,90.00000000,-90.35999298,1.76006246
Simul_+30deg,30,-90.00000000,90.00000000,-90.00000000,1.81484985
Simul_+30deg,30,-89.63999176,90.00000000,-89.63999176,1.82459712
Simul_+30deg,30,-89.27999115,90.00000000,-89.27999115,1.83744013
Simul_+30deg,30,-88.91999817,90.00000000,-88.91999817,1.85335255
Simul_+30deg,30,-88.55999756,90.00000000,-88.55999756,1.87229884
Simul_+30deg,30,-88.19999695,90.00000000,-88.19999695,1.89423990
Simul_+30deg,30,-87.83999634,90.00000000,-87.83999634,1.90907407
Simul_+30deg,30,-87.47999573,90.00000000,-87.47999573,1.91370058
Simul_+30deg,30,-87.11999512,90.00000000,-87.11999512,1.92046547
Simul_+30deg,30,-86.75999451,90.00000000,-86.75999451,1.92935777
Simul_+30deg,30,-86.39999390,90.00000000,-86.39999390,1.94036663
Simul_+30deg,30,-86.04000092,90.00000000,-86.04000092,1.95347333
Simul_+30deg,30,-85.67999268,90.00000000,-85.67999268,1.95464706
Simul_+30deg,30,-85.31999207,90.00000000,-85.31999207,1.95617986
Simul_+30deg,30,-84.95999146,90.00000000,-84.95999146,1.95982325
Simul_+30deg,30,-84.59999847,90.00000000,-84.59999847,1.96557295
Simul_+30deg,30,-84.23999786,90.00000000,-84.23999786,1.97341967
Simul_+30deg,30,-83.87999725,90.00000000,-83.87999725,1.96880960
Simul_+30deg,30,-83.51998901,90.00000000,-83.51998901,1.93713486
Simul_+30deg,30,-83.15999603,90.00000000,-83.15999603,1.90749466
Simul_+30deg,30,-82.79999542,90.00000000,-82.79999542,1.87992823
Simul_+30deg,30,-82.43999481,90.00000000,-82.43999481,1.85447884
Simul_+30deg,30,-82.07999420,90.00000000,-82.07999420,1.83118439
Simul_+30deg,30,-81.72000122,90.00000000,-81.72000122,1.77779651
Simul_+30deg,30,-81.35999298,90.00000000,-81.35999298,1.71659231
Simul_+30deg,30,-80.99999237,90.00000000,-80.99999237,1.65676105
Simul_+30deg,30,-80.63999939,90.00000000,-80.63999939,1.59837151
Simul_+30deg,30,-80.27999878,90.00000000,-80.27999878,1.54149294
Simul_+30deg,30,-79.91999817,90.00000000,-79.91999817,1.48151398
Simul_+30deg,30,-79.55998993,90.00000000,-79.55998993,1.40659714
Simul_+30deg,30,-79.19999695,90.00000000,-79.19999695,1.33309460
Simul_+30deg,30,-78.83999634,90.00000000,-78.83999634,1.26109576
Simul_+30deg,30,-78.47999573,90.00000000,-78.47999573,1.19070041
Simul_+30deg,30,-78.11999512,90.00000000,-78.11999512,1.12200391
Simul_+30deg,30,-77.76000214,90.00000000,-77.76000214,1.04489660
Simul_+30deg,30,-77.39999390,90.00000000,-77.39999390,0.96475327
Simul_+30deg,30,-77.03999329,90.00000000,-77.03999329,0.88686556
Simul_+30deg,30,-76.67999268,90.00000000,-76.67999268,0.81138265
Simul_+30deg,30,-76.31999969,90.00000000,-76.31999969,0.73845357
Simul_+30deg,30,-75.95999908,90.00000000,-75.95999908,0.66679060
Simul_+30deg,30,-75.59999084,90.00000000,-75.59999084,0.58684015
Simul_+30deg,30,-75.23999023,90.00000000,-75.23999023,0.51066828
Simul_+30deg,30,-74.87999725,90.00000000,-74.87999725,0.43849793
Simul_+30deg,30,-74.51999664,90.00000000,-74.51999664,0.37055540
Simul_+30deg,30,-74.15999603,90.00000000,-74.15999603,0.30706033
Simul_+30deg,30,-73.79999542,90.00000000,-73.79999542,0.24292715
Simul_+30deg,30,-73.43999481,90.00000000,-73.43999481,0.18079349
Simul_+30deg,30,-73.07999420,90.00000000,-73.07999420,0.12558158
Simul_+30deg,30,-72.71999359,90.00000000,-72.71999359,0.07757088
Simul_+30deg,30,-72.36000061,90.00000000,-72.36000061,0.03700688
Simul_+30deg,30,-72.00000000,90.00000000,-72.00000000,0.00410564
Simul_+30deg,30,-71.63999939,90.00000000,-71.63999939,-0.03305215
Simul_+30deg,30,-71.27999115,90.00000000,-71.27999115,-0.06105652
Simul_+30deg,30,-70.91999817,90.00000000,-70.91999817,-0.07972692
Simul_+30deg,30,-70.55999756,90.00000000,-70.55999756,-0.08894197
Simul_+30deg,30,-70.19999695,90.00000000,-70.19999695,-0.08864130
Simul_+30deg,30,-69.83999634,90.00000000,-69.83999634,-0.09689606
Simul_+30deg,30,-69.47999573,90.00000000,-69.47999573,-0.11893868
Simul_+30deg,30,-69.11999512,90.00000000,-69.11999512,-0.13234684
Simul_+30deg,30,-68.75999451,90.00000000,-68.75999451,-0.13704175
Simul_+30deg,30,-68.39999390,90.00000000,-68.39999390,-0.13299406
Simul_+30deg,30,-68.04000092,90.00000000,-68.04000092,-0.12023027
Simul_+30deg,30,-67.68000031,90.00000000,-67.68000031,-0.16886009
Simul_+30deg,30,-67.31999207,90.00000000,-67.31999207,-0.21947256
Simul_+30deg,30,-66.95999146,90.00000000,-66.95999146,-0.26318130
Simul_+30deg,30,-66.59999847,90.00000000,-66.59999847,-0.29977450
Simul_+30deg,30,-66.23999786,90.00000000,-66.23999786,-0.32906786
Simul_+30deg,30,-65.87999725,90.00000000,-65.87999725,-0.37905729
Simul_+30deg,30,-65.51999664,90.00000000,-65.51999664,-0.47982481
Simul_+30deg,30,-65.15999603,90.00000000,-65.15999603,-0.57579094
Simul_+30deg,30,-64.79999542,90.00000000,-64.79999542,-0.66657537
Simul_+30deg,30,-64.43999481,90.00000000,-64.43999481,-0.75180447
Simul_+30deg,30,-64.07999420,90.00000000,-64.07999420,-0.83110541
Simul_+30deg,30,-63.71999741,90.00000000,-63.71999741,-0.95825934
Simul_+30deg,30,-63.35999298,90.00000000,-63.35999298,-1.09733951
Simul_+30deg,30,-62.99999619,90.00000000,-62.99999619,-1.23279512
Simul_+30deg,30,-62.63999557,90.00000000,-62.63999557,-1.36414301
Simul_+30deg,30,-62.27999878,90.00000000,-62.27999878,-1.49086261
Simul_+30deg,30,-61.91999817,90.00000000,-61.91999817,-1.61786032
Simul_+30deg,30,-61.56000137,90.00000000,-61.56000137,-1.75803471
Simul_+30deg,30,-61.19999313,90.00000000,-61.19999313,-1.89155281
Simul_+30deg,30,-60.83999634,90.00000000,-60.83999634,-2.01764131
Simul_+30deg,30,-60.47999573,90.00000000,-60.47999573,-2.13551116
Simul_+30deg,30,-60.11999893,90.00000000,-60.11999893,-2.24437690
Simul_+30deg,30,-59.75999832,90.00000000,-59.75999832,-2.30341578
Simul_+30deg,30,-59.39999390,90.00000000,-59.39999390,-2.32764935
Simul_+30deg,30,-59.03999329,90.00000000,-59.03999329,-2.33594990
Simul_+30deg,30,-58.67999649,90.00000000,-58.67999649,-2.32822418
Simul_+30deg,30,-58.31999588,90.00000000,-58.31999588,-2.30456042
Simul_+30deg,30,-57.95999908,90.00000000,-57.95999908,-2.25402927
Simul_+30deg,30,-57.59999847,90.00000000,-57.59999847,-2.10016561
Simul_+30deg,30,-57.23999786,90.00000000,-57.23999786,-1.93475485
Simul_+30deg,30,-56.87999725,90.00000000,-56.87999725,-1.75927067
Simul_+30deg,30,-56.51999664,90.00000000,-56.51999664,-1.57513011
Simul_+30deg,30,-56.15999603,90.00000000,-56.15999603,-1.38367760
Simul_+30deg,30,-55.79999542,90.00000000,-55.79999542,-1.13783157
Simul_+30deg,30,-55.43999863,90.00000000,-55.43999863,-0.85537970
Simul_+30deg,30,-55.07999802,90.00000000,-55.07999802,-0.57742304
Simul_+30deg,30,-54.71999741,90.00000000,-54.71999741,-0.30419675
Simul_+30deg,30,-54.35999680,90.00000000,-54.35999680,-0.03589124
Simul_+30deg,30,-54.00000000,90.00000000,-54.00000000,0.22740306
Simul_+30deg,30,-53.63999557,90.00000000,-53.63999557,0.51263601
Simul_+30deg,30,-53.27999878,90.00000000,-53.27999878,0.78906780
Simul_+30deg,30,-52.91999435,90.00000000,-52.91999435,1.05721438
Simul_+30deg,30,-52.55999756,90.00000000,-52.55999756,1.31753993
Simul_+30deg,30,-52.19999695,90.00000000,-52.19999695,1.57047677
Simul_+30deg,30,-51.83999634,90.00000000,-51.83999634,1.79072118
Simul_+30deg,30,-51.47999573,90.00000000,-51.47999573,1.97534859
Simul_+30deg,30,-51.11999893,90.00000000,-51.11999893,2.15772128
Simul_+30deg,30,-50.75999451,90.00000000,-50.75999451,2.33780384
Simul_+30deg,30,-50.39999771,90.00000000,-50.39999771,2.51557398
Simul_+30deg,30,-50.03999710,90.00000000,-50.03999710,2.69100928
Simul_+30deg,30,-49.67999649,90.00000000,-49.67999649,2.78301477
Simul_+30deg,30,-49.31999588,90.00000000,-49.31999588,2.86655164
Simul_+30deg,30,-48.95999908,90.00000000,-48.95999908,2.95187116
Simul_+30deg,30,-48.59999847,90.00000000,-48.59999847,3.03883743
Simul_+30deg,30,-48.23999786,90.00000000,-48.23999786,3.12731695
Simul_+30deg,30,-47.87999725,90.00000000,-47.87999725,3.19582343
Simul_+30deg,30,-47.51999664,90.00000000,-47.51999664,3.22384644
Simul_+30deg,30,-47.15999985,90.00000000,-47.15999985,3.25455809
Simul_+30deg,30,-46.79999542,90.00000000,-46.79999542,3.28789926
Simul_+30deg,30,-46.43999863,90.00000000,-46.43999863,3.32380676
Simul_+30deg,30,-46.07999802,90.00000000,-46.07999802,3.36221719
Simul_+30deg,30,-45.71999741,90.00000000,-45.71999741,3.37822104
Simul_+30deg,30,-45.35999680,90.00000000,-45.35999680,3.39010859
Simul_+30deg,30,-45.00000000,90.00000000,-45.00000000,3.40502715
Simul_+30deg,30,-44.63999557,90.00000000,-44.63999557,3.42294192
Simul_+30deg,30,-44.27999878,90.00000000,-44.27999878,3.44382000
Simul_+30deg,30,-43.91999817,90.00000000,-43.91999817,3.45851469
Simul_+30deg,30,-43.55999756,90.00000000,-43.55999756,3.44428825
Simul_+30deg,30,-43.19999695,90.00000000,-43.19999695,3.43304443
Simul_+30deg,30,-42.83999634,90.00000000,-42.83999634,3.42480659
Simul_+30deg,30,-42.47999573,90.00000000,-42.47999573,3.41959119
Simul_+30deg,30,-42.11999893,90.00000000,-42.11999893,3.41740847
Simul_+30deg,30,-41.75999451,90.00000000,-41.75999451,3.37037921
Simul_+30deg,30,-41.39999771,90.00000000,-41.39999771,3.30157614
Simul_+30deg,30,-41.03999710,90.00000000,-41.03999710,3.23486781
Simul_+30deg,30,-40.67999649,90.00000000,-40.67999649,3.17037129
Simul_+30deg,30,-40.31999969,90.00000000,-40.31999969,3.10819960
Simul_+30deg,30,-39.95999908,90.00000000,-39.95999908,3.03957272
Simul_+30deg,30,-39.59999847,90.00000000,-39.59999847,2.90138912
Simul_+30deg,30,-39.23999786,90.00000000,-39.23999786,2.76435351
Simul_+30deg,30,-38.88000107,90.00000000,-38.88000107,2.62870097
Simul_+30deg,30,-38.51999664,90.00000000,-38.51999664,2.49471521
Simul_+30deg,30,-38.15999985,90.00000000,-38.15999985,2.36269045
Simul_+30deg,30,-37.79999542,90.00000000,-37.79999542,2.21398377
Simul_+30deg,30,-37.43999863,90.00000000,-37.43999863,2.05522680
Simul_+30deg,30,-37.07999802,90.00000000,-37.07999802,1.90311801
Simul_+30deg,30,-36.71999741,90.00000000,-36.71999741,1.75858915
Simul_+30deg,30,-36.35999680,90.00000000,-36.35999680,1.62260222
Simul_+30deg,30,-36.00000000,90.00000000,-36.00000000,1.49613929
Simul_+30deg,30,-35.63999557,90.00000000,-35.63999557,1.43552959
Simul_+30deg,30,-35.27999878,90.00000000,-35.27999878,1.39429379
Simul_+30deg,30,-34.91999817,90.00000000,-34.91999817,1.37299275
Simul_+30deg,30,-34.55999756,90.00000000,-34.55999756,1.37192190
Simul_+30deg,30,-34.19999695,90.00000000,-34.19999695,1.39109671
Simul_+30deg,30,-33.84000015,90.00000000,-33.84000015,1.46133399
Simul_+30deg,30,-33.47999573,90.00000000,-33.47999573,1.58768702
Simul_+30deg,30,-33.11999893,90.00000000,-33.11999893,1.72912383
Simul_+30deg,30,-32.75999832,90.00000000,-32.75999832,1.88410151
Simul_+30deg,30,-32.39999771,90.00000000,-32.39999771,2.05105925
Simul_+30deg,30,-32.03999710,90.00000000,-32.03999710,2.22846293
Simul_+30deg,30,-31.67999649,90.00000000,-31.67999649,2.38670373
Simul_+30deg,30,-31.31999779,90.00000000,-31.31999779,2.54610801
Simul_+30deg,30,-30.95999908,90.00000000,-30.95999908,2.70931959
Simul_+30deg,30,-30.59999657,90.00000000,-30.59999657,2.87573385
Simul_+30deg,30,-30.23999786,90.00000000,-30.23999786,3.04474711
Simul_+30deg,30,-29.87999916,90.00000000,-29.87999916,3.16747665
Simul_+30deg,30,-29.51999664,90.00000000,-29.51999664,3.19637203
Simul_+30deg,30,-29.15999794,90.00000000,-29.15999794,3.22869039
Simul_+30deg,30,-28.79999924,90.00000000,-28.79999924,3.26435518
Simul_+30deg,30,-28.43999863,90.00000000,-28.43999863,3.30328202
Simul_+30deg,30,-28.07999802,90.00000000,-28.07999802,3.34538221
Simul_+30deg,30,-27.71999931,90.00000000,-27.71999931,3.22139454
Simul_+30deg,30,-27.35999870,90.00000000,-27.35999870,3.04959631
Simul_+30deg,30,-27.00000000,90.00000000,-27.00000000,2.87829661
Simul_+30deg,30,-26.63999939,90.00000000,-26.63999939,2.70783949
Simul_+30deg,30,-26.27999878,90.00000000,-26.27999878,2.53860855
Simul_+30deg,30,-25.91999817,90.00000000,-25.91999817,2.31863451
Simul_+30deg,30,-25.55999947,90.00000000,-25.55999947,1.90855038
Simul_+30deg,30,-25.19999886,90.00000000,-25.19999886,1.48643434
Simul_+30deg,30,-24.83999825,90.00000000,-24.83999825,1.05283701
Simul_+30deg,30,-24.47999954,90.00000000,-24.47999954,0.60878408
Simul_+30deg,30,-24.11999893,90.00000000,-24.11999893,0.15594970
Simul_+30deg,30,-23.75999832,90.00000000,-23.75999832,-0.43351722
Simul_+30deg,30,-23.39999771,90.00000000,-23.39999771,-1.10480213
Simul_+30deg,30,-23.03999901,90.00000000,-23.03999901,-1.78694034
Simul_+30deg,30,-22.67999840,90.00000000,-22.67999840,-2.46507859
Simul_+30deg,30,-22.31999779,90.00000000,-22.31999779,-3.11594963
Simul_+30deg,30,-21.95999908,90.00000000,-21.95999908,-3.71377802
Simul_+30deg,30,-21.59999847,90.00000000,-21.59999847,-4.26813555
Simul_+30deg,30,-21.23999786,90.00000000,-21.23999786,-4.65927315
Simul_+30deg,30,-20.87999725,90.00000000,-20.87999725,-4.83438969
Simul_+30deg,30,-20.51999855,90.00000000,-20.51999855,-4.76616001
Simul_+30deg,30,-20.15999985,90.00000000,-20.15999985,-4.46551323
Simul_+30deg,30,-19.79999924,90.00000000,-19.79999924,-4.04623604
Simul_+30deg,30,-19.44000053,90.00000000,-19.44000053,-3.56016135
Simul_+30deg,30,-19.07999992,90.00000000,-19.07999992,-2.99486637
Simul_+30deg,30,-18.71999931,90.00000000,-18.71999931,-2.38360906
Simul_+30deg,30,-18.35999870,90.00000000,-18.35999870,-1.75193644
Simul_+30deg,30,-18.00000000,90.00000000,-18.00000000,-1.11780822
Simul_+30deg,30,-17.63999939,90.00000000,-17.63999939,-0.70444858
Simul_+30deg,30,-17.27999878,90.00000000,-17.27999878,-0.28856152
Simul_+30deg,30,-16.92000008,90.00000000,-16.92000008,0.12591603
Simul_+30deg,30,-16.55999947,90.00000000,-16.55999947,0.53605551
Simul_+30deg,30,-16.19999886,90.00000000,-16.19999886,0.93974674
Simul_+30deg,30,-15.83999825,90.00000000,-15.83999825,1.23984253
Simul_+30deg,30,-15.47999954,90.00000000,-15.47999954,1.42131317
Simul_+30deg,30,-15.11999893,90.00000000,-15.11999893,1.60669792
Simul_+30deg,30,-14.75999832,90.00000000,-14.75999832,1.79521036
Simul_+30deg,30,-14.39999962,90.00000000,-14.39999962,1.98613513
Simul_+30deg,30,-14.03999901,90.00000000,-14.03999901,2.17883062
Simul_+30deg,30,-13.67999935,90.00000000,-13.67999935,2.20454478
Simul_+30deg,30,-13.31999969,90.00000000,-13.31999969,2.21559429
Simul_+30deg,30,-12.95999908,90.00000000,-12.95999908,2.23326540
Simul_+30deg,30,-12.59999943,90.00000000,-12.59999943,2.25747609
Simul_+30deg,30,-12.23999977,90.00000000,-12.23999977,2.28811908
Simul_+30deg,30,-11.87999916,90.00000000,-11.87999916,2.27251196
Simul_+30deg,30,-11.51999950,90.00000000,-11.51999950,2.15815020
Simul_+30deg,30,-11.15999889,90.00000000,-11.15999889,2.05066252
Simul_+30deg,30,-10.79999924,90.00000000,-10.79999924,1.95064569
Simul_+30deg,30,-10.43999863,90.00000000,-10.43999863,1.85868800
Simul_+30deg,30,-10.07999992,90.00000000,-10.07999992,1.77536082
Simul_+30deg,30,-9.72000027,90.00000000,-9.72000027,1.60639501
Simul_+30deg,30,-9.35999966,90.00000000,-9.35999966,1.41684985
Simul_+30deg,30,-9.00000000,90.00000000,-9.00000000,1.23460114
Simul_+30deg,30,-8.63999939,90.00000000,-8.63999939,1.06097007
Simul_+30deg,30,-8.27999973,90.00000000,-8.27999973,0.89734703
Simul_+30deg,30,-7.91999912,90.00000000,-7.91999912,0.72582668
Simul_+30deg,30,-7.55999947,90.00000000,-7.55999947,0.49448904
Simul_+30deg,30,-7.19999981,90.00000000,-7.19999981,0.26938567
Simul_+30deg,30,-6.83999968,90.00000000,-6.83999968,0.05221575
Simul_+30deg,30,-6.47999954,90.00000000,-6.47999954,-0.15515192
Simul_+30deg,30,-6.11999989,90.00000000,-6.11999989,-0.35070354
Simul_+30deg,30,-5.75999975,90.00000000,-5.75999975,-0.57455033
Simul_+30deg,30,-5.39999962,90.00000000,-5.39999962,-0.81398040
Simul_+30deg,30,-5.03999996,90.00000000,-5.03999996,-1.04847324
Simul_+30deg,30,-4.67999983,90.00000000,-4.67999983,-1.27642107
Simul_+30deg,30,-4.31999969,90.00000000,-4.31999969,-1.49602115
Simul_+30deg,30,-3.95999956,90.00000000,-3.95999956,-1.70874727
Simul_+30deg,30,-3.59999990,90.00000000,-3.59999990,-1.94309020
Simul_+30deg,30,-3.23999977,90.00000000,-3.23999977,-2.17565393
Simul_+30deg,30,-2.87999988,90.00000000,-2.87999988,-2.40540743
Simul_+30deg,30,-2.51999998,90.00000000,-2.51999998,-2.63117051
Simul_+30deg,30,-2.15999985,90.00000000,-2.15999985,-2.85161114
Simul_+30deg,30,-1.79999995,90.00000000,-1.79999995,-3.05627155
Simul_+30deg,30,-1.43999994,90.00000000,-1.43999994,-3.24904299
Simul_+30deg,30,-1.07999992,90.00000000,-1.07999992,-3.43710923
Simul_+30deg,30,-0.71999997,90.00000000,-0.71999997,-3.61944318
Simul_+30deg,30,-0.35999998,90.00000000,-0.35999998,-3.79493284
Simul_+30deg,30,0.00000000,90.00000000,0.00000000,-3.96239400
Simul_+30deg,30,0.35999998,90.00000000,0.35999998,-4.05600882
Simul_+30deg,30,0.71999997,90.00000000,0.71999997,-4.13913918
Simul_+30deg,30,1.07999992,90.00000000,1.07999992,-4.21113729
Simul_+30deg,30,1.43999994,90.00000000,1.43999994,-4.27141476
Simul_+30deg,30,1.79999995,90.00000000,1.79999995,-4.31946135
Simul_+30deg,30,2.15999985,90.00000000,2.15999985,-4.33360100
Simul_+30deg,30,2.51999998,90.00000000,2.51999998,-4.31003666
Simul_+30deg,30,2.87999988,90.00000000,2.87999988,-4.27614403
Simul_+30deg,30,3.23999977,90.00000000,3.23999977,-4.23216009
Simul_+30deg,30,3.59999990,90.00000000,3.59999990,-4.17839479
Simul_+30deg,30,3.95999956,90.00000000,3.95999956,-4.11521101
Simul_+30deg,30,4.31999969,90.00000000,4.31999969,-4.05981207
Simul_+30deg,30,4.67999983,90.00000000,4.67999983,-3.99505520
Simul_+30deg,30,5.03999996,90.00000000,5.03999996,-3.91918707
Simul_+30deg,30,5.39999962,90.00000000,5.39999962,-3.83280253
Simul_+30deg,30,5.75999975,90.00000000,5.75999975,-3.73653841
Simul_+30deg,30,6.11999989,90.00000000,6.11999989,-3.65120411
Simul_+30deg,30,6.47999954,90.00000000,6.47999954,-3.58943892
Simul_+30deg,30,6.83999968,90.00000000,6.83999968,-3.50776863
Simul_+30deg,30,7.19999981,90.00000000,7.19999981,-3.40731144
Simul_+30deg,30,7.55999947,90.00000000,7.55999947,-3.28937483
Simul_+30deg,30,7.91999912,90.00000000,7.91999912,-3.15540838
Simul_+30deg,30,8.27999973,90.00000000,8.27999973,-3.05432558
Simul_+30deg,30,8.63999939,90.00000000,8.63999939,-2.94259405
Simul_+30deg,30,9.00000000,90.00000000,9.00000000,-2.80722404
Simul_+30deg,30,9.35999966,90.00000000,9.35999966,-2.65044594
Simul_+30deg,30,9.72000027,90.00000000,9.72000027,-2.47464705
Simul_+30deg,30,10.07999992,90.00000000,10.07999992,-2.30160284
Simul_+30deg,30,10.43999863,90.00000000,10.43999863,-2.17918444
Simul_+30deg,30,10.79999924,90.00000000,10.79999924,-2.03969502
Simul_+30deg,30,11.15999889,90.00000000,11.15999889,-1.88483715
Simul_+30deg,30,11.51999950,90.00000000,11.51999950,-1.71635461
Simul_+30deg,30,11.87999916,90.00000000,11.87999916,-1.53597939
Simul_+30deg,30,12.23999977,90.00000000,12.23999977,-1.44835091
Simul_+30deg,30,12.59999943,90.00000000,12.59999943,-1.40382504
Simul_+30deg,30,12.95999908,90.00000000,12.95999908,-1.35137796
Simul_+30deg,30,13.31999969,90.00000000,13.31999969,-1.29129159
Simul_+30deg,30,13.67999935,90.00000000,13.67999935,-1.22389901
Simul_+30deg,30,14.03999901,90.00000000,14.03999901,-1.17559326
Simul_+30deg,30,14.39999962,90.00000000,14.39999962,-1.33314228
Simul_+30deg,30,14.75999832,90.00000000,14.75999832,-1.49125385
Simul_+30deg,30,15.11999893,90.00000000,15.11999893,-1.64977241
Simul_+30deg,30,15.47999954,90.00000000,15.47999954,-1.80852163
Simul_+30deg,30,15.83999825,90.00000000,15.83999825,-1.96730542
Simul_+30deg,30,16.19999886,90.00000000,16.19999886,-2.29882693
Simul_+30deg,30,16.55999947,90.00000000,16.55999947,-2.78889513
Simul_+30deg,30,16.92000008,90.00000000,16.92000008,-3.30755091
Simul_+30deg,30,17.27999878,90.00000000,17.27999878,-3.85823250
Simul_+30deg,30,17.63999939,90.00000000,17.63999939,-4.44501257
Simul_+30deg,30,18.00000000,90.00000000,18.00000000,-5.07275009
Simul_+30deg,30,18.35999870,90.00000000,18.35999870,-6.15322638
Simul_+30deg,30,18.71999931,90.00000000,18.71999931,-7.37873983
Simul_+30deg,30,19.07999992,90.00000000,19.07999992,-8.79026508
Simul_+30deg,30,19.44000053,90.00000000,19.44000053,-10.44523716
Simul_+30deg,30,19.79999924,90.00000000,19.79999924,-12.42097473
Simul_+30deg,30,20.15999985,90.00000000,20.15999985,-14.98539543
Simul_+30deg,30,20.51999855,90.00000000,20.51999855,-17.92400360
Simul_+30deg,30,20.87999725,90.00000000,20.87999725,-18.74911308
Simul_+30deg,30,21.23999786,90.00000000,21.23999786,-16.31583595
Simul_+30deg,30,21.59999847,90.00000000,21.59999847,-13.35503101
Simul_+30deg,30,21.95999908,90.00000000,21.95999908,-10.87116718
Simul_+30deg,30,22.31999779,90.00000000,22.31999779,-8.90762901
Simul_+30deg,30,22.67999840,90.00000000,22.67999840,-7.27504349
Simul_+30deg,30,23.03999901,90.00000000,23.03999901,-5.88313103
Simul_+30deg,30,23.39999771,90.00000000,23.39999771,-4.67407274
Simul_+30deg,30,23.75999832,90.00000000,23.75999832,-3.60731459
Simul_+30deg,30,24.11999893,90.00000000,24.11999893,-2.73303366
Simul_+30deg,30,24.47999954,90.00000000,24.47999954,-2.08101368
Simul_+30deg,30,24.83999825,90.00000000,24.83999825,-1.47075188
Simul_+30deg,30,25.19999886,90.00000000,25.19999886,-0.89769334
Simul_+30deg,30,25.55999947,90.00000000,25.55999947,-0.35790119
Simul_+30deg,30,25.91999817,90.00000000,25.91999817,0.15202919
Simul_+30deg,30,26.27999878,90.00000000,26.27999878,0.43031335
Simul_+30deg,30,26.63999939,90.00000000,26.63999939,0.64463151
Simul_+30deg,30,27.00000000,90.00000000,27.00000000,0.85594767
Simul_+30deg,30,27.35999870,90.00000000,27.35999870,1.06420326
Simul_+30deg,30,27.71999931,90.00000000,27.71999931,1.26936328
Simul_+30deg,30,28.07999802,90.00000000,28.07999802,1.41708326
Simul_+30deg,30,28.43999863,90.00000000,28.43999863,1.37496161
Simul_+30deg,30,28.79999924,90.00000000,28.79999924,1.33535981
Simul_+30deg,30,29.15999794,90.00000000,29.15999794,1.29835224
Simul_+30deg,30,29.51999664,90.00000000,29.51999664,1.26400602
Simul_+30deg,30,29.87999916,90.00000000,29.87999916,1.23238993
Simul_+30deg,30,30.23999786,90.00000000,30.23999786,1.10761833
Simul_+30deg,30,30.59999657,90.00000000,30.59999657,0.94108546
Simul_+30deg,30,30.95999908,90.00000000,30.95999908,0.78238124
Simul_+30deg,30,31.31999779,90.00000000,31.31999779,0.63266748
Simul_+30deg,30,31.67999649,90.00000000,31.67999649,0.49308753
Simul_+30deg,30,32.03999710,90.00000000,32.03999710,0.36762181
Simul_+30deg,30,32.39999771,90.00000000,32.39999771,0.28474468
Simul_+30deg,30,32.75999832,90.00000000,32.75999832,0.22958441
Simul_+30deg,30,33.11999893,90.00000000,33.11999893,0.20322196
Simul_+30deg,30,33.47999573,90.00000000,33.47999573,0.20618625
Simul_+30deg,30,33.84000015,90.00000000,33.84000015,0.23841697
Simul_+30deg,30,34.19999695,90.00000000,34.19999695,0.34545007
Simul_+30deg,30,34.55999756,90.00000000,34.55999756,0.51244503
Simul_+30deg,30,34.91999817,90.00000000,34.91999817,0.69875324
Simul_+30deg,30,35.27999878,90.00000000,35.27999878,0.90172523
Simul_+30deg,30,35.63999557,90.00000000,35.63999557,1.11877191
Simul_+30deg,30,36.00000000,90.00000000,36.00000000,1.34743595
Simul_+30deg,30,36.35999680,90.00000000,36.35999680,1.55979216
Simul_+30deg,30,36.71999741,90.00000000,36.71999741,1.77477252
Simul_+30deg,30,37.07999802,90.00000000,37.07999802,1.99152708
Simul_+30deg,30,37.43999863,90.00000000,37.43999863,2.20930696
Simul_+30deg,30,37.79999542,90.00000000,37.79999542,2.42746186
Simul_+30deg,30,38.15999985,90.00000000,38.15999985,2.60706472
Simul_+30deg,30,38.51999664,90.00000000,38.51999664,2.73986483
Simul_+30deg,30,38.88000107,90.00000000,38.88000107,2.87420940
Simul_+30deg,30,39.23999786,90.00000000,39.23999786,3.00983405
Simul_+30deg,30,39.59999847,90.00000000,39.59999847,3.14649558
Simul_+30deg,30,39.95999908,90.00000000,39.95999908,3.28398728
Simul_+30deg,30,40.31999969,90.00000000,40.31999969,3.34278584
Simul_+30deg,30,40.67999649,90.00000000,40.67999649,3.39513898
Simul_+30deg,30,41.03999710,90.00000000,41.03999710,3.45099831
Simul_+30deg,30,41.39999771,90.00000000,41.39999771,3.51021981
Simul_+30deg,30,41.75999451,90.00000000,41.75999451,3.57265902
Simul_+30deg,30,42.11999893,90.00000000,42.11999893,3.61152148
Simul_+30deg,30,42.47999573,90.00000000,42.47999573,3.60110855
Simul_+30deg,30,42.83999634,90.00000000,42.83999634,3.59526038
Simul_+30deg,30,43.19999695,90.00000000,43.19999695,3.59399462
Simul_+30deg,30,43.55999756,90.00000000,43.55999756,3.59731531
Simul_+30deg,30,43.91999817,90.00000000,43.91999817,3.60521126
Simul_+30deg,30,44.27999878,90.00000000,44.27999878,3.57743478
Simul_+30deg,30,44.63999557,90.00000000,44.63999557,3.54273772
Simul_+30deg,30,45.00000000,90.00000000,45.00000000,3.51272130
Simul_+30deg,30,45.35999680,90.00000000,45.35999680,3.48748684
Simul_+30deg,30,45.71999741,90.00000000,45.71999741,3.46711874
Simul_+30deg,30,46.07999802,90.00000000,46.07999802,3.44732666
Simul_+30deg,30,46.43999863,90.00000000,46.43999863,3.41665363
Simul_+30deg,30,46.79999542,90.00000000,46.79999542,3.39003706
Simul_+30deg,30,47.15999985,90.00000000,47.15999985,3.36755323
Simul_+30deg,30,47.51999664,90.00000000,47.51999664,3.34926748
Simul_+30deg,30,47.87999725,90.00000000,47.87999725,3.33523369
Simul_+30deg,30,48.23999786,90.00000000,48.23999786,3.29766536
Simul_+30deg,30,48.59999847,90.00000000,48.59999847,3.24907422
Simul_+30deg,30,48.95999908,90.00000000,48.95999908,3.20316839
Simul_+30deg,30,49.31999588,90.00000000,49.31999588,3.16004086
Simul_+30deg,30,49.67999649,90.00000000,49.67999649,3.11978197
Simul_+30deg,30,50.03999710,90.00000000,50.03999710,3.07382369
Simul_+30deg,30,50.39999771,90.00000000,50.39999771,2.95996451
Simul_+30deg,30,50.75999451,90.00000000,50.75999451,2.84602833
Simul_+30deg,30,51.11999893,90.00000000,51.11999893,2.73209572
Simul_+30deg,30,51.47999573,90.00000000,51.47999573,2.61824822
Simul_+30deg,30,51.83999634,90.00000000,51.83999634,2.50457478
Simul_+30deg,30,52.19999695,90.00000000,52.19999695,2.37351537
Simul_+30deg,30,52.55999756,90.00000000,52.55999756,2.22705936
Simul_+30deg,30,52.91999435,90.00000000,52.91999435,2.07886577
Simul_+30deg,30,53.27999878,90.00000000,53.27999878,1.92893040
Simul_+30deg,30,53.63999557,90.00000000,53.63999557,1.77724898
Simul_+30deg,30,54.00000000,90.00000000,54.00000000,1.62382531
Simul_+30deg,30,54.35999680,90.00000000,54.35999680,1.52608466
Simul_+30deg,30,54.71999741,90.00000000,54.71999741,1.42903817
Simul_+30deg,30,55.07999802,90.00000000,55.07999802,1.33278418
Simul_+30deg,30,55.43999863,90.00000000,55.43999863,1.23742604
Simul_+30deg,30,55.79999542,90.00000000,55.79999542,1.14307177
Simul_+30deg,30,56.15999603,90.00000000,56.15999603,1.06587720
Simul_+30deg,30,56.51999664,90.00000000,56.51999664,1.01035058
Simul_+30deg,30,56.87999725,90.00000000,56.87999725,0.95667744
Simul_+30deg,30,57.23999786,90.00000000,57.23999786,0.90492815
Simul_+30deg,30,57.59999847,90.00000000,57.59999847,0.85518920
Simul_+30deg,30,57.95999908,90.00000000,57.95999908,0.80753273
Simul_+30deg,30,58.31999588,90.00000000,58.31999588,0.74652147
Simul_+30deg,30,58.67999649,90.00000000,58.67999649,0.68634391
Simul_+30deg,30,59.03999329,90.00000000,59.03999329,0.62910366
Simul_+30deg,30,59.39999390,90.00000000,59.39999390,0.57492965
Simul_+30deg,30,59.75999832,90.00000000,59.75999832,0.52394563
Simul_+30deg,30,60.11999893,90.00000000,60.11999893,0.47851503
Simul_+30deg,30,60.47999573,90.00000000,60.47999573,0.44176054
Simul_+30deg,30,60.83999634,90.00000000,60.83999634,0.40969890
Simul_+30deg,30,61.19999313,90.00000000,61.19999313,0.38243786
Simul_+30deg,30,61.56000137,90.00000000,61.56000137,0.36006686
Simul_+30deg,30,61.91999817,90.00000000,61.91999817,0.34266645
Simul_+30deg,30,62.27999878,90.00000000,62.27999878,0.33951908
Simul_+30deg,30,62.63999557,90.00000000,62.63999557,0.34413454
Simul_+30deg,30,62.99999619,90.00000000,62.99999619,0.35386997
Simul_+30deg,30,63.35999298,90.00000000,63.35999298,0.36869299
Simul_+30deg,30,63.71999741,90.00000000,63.71999741,0.38854823
Simul_+30deg,30,64.07999420,90.00000000,64.07999420,0.40297467
Simul_+30deg,30,64.43999481,90.00000000,64.43999481,0.38605309
Simul_+30deg,30,64.79999542,90.00000000,64.79999542,0.37427935
Simul_+30deg,30,65.15999603,90.00000000,65.15999603,0.36769363
Simul_+30deg,30,65.51999664,90.00000000,65.51999664,0.36632204
Simul_+30deg,30,65.87999725,90.00000000,65.87999725,0.37016892
Simul_+30deg,30,66.23999786,90.00000000,66.23999786,0.32178646
Simul_+30deg,30,66.59999847,90.00000000,66.59999847,0.24957073
Simul_+30deg,30,66.95999146,90.00000000,66.95999146,0.18240221
Simul_+30deg,30,67.31999207,90.00000000,67.31999207,0.12053896
Simul_+30deg,30,67.68000031,90.00000000,67.68000031,0.06422372
Simul_+30deg,30,68.04000092,90.00000000,68.04000092,0.00588403
Simul_+30deg,30,68.39999390,90.00000000,68.39999390,-0.10970763
Simul_+30deg,30,68.75999451,90.00000000,68.75999451,-0.22028373
Simul_+30deg,30,69.11999512,90.00000000,69.11999512,-0.32537264
Simul_+30deg,30,69.47999573,90.00000000,69.47999573,-0.42449826
Simul_+30deg,30,69.83999634,90.00000000,69.83999634,-0.51718462
Simul_+30deg,30,70.19999695,90.00000000,70.19999695,-0.61769575
Simul_+30deg,30,70.55999756,90.00000000,70.55999756,-0.72336411
Simul_+30deg,30,70.91999817,90.00000000,70.91999817,-0.82207572
Simul_+30deg,30,71.27999115,90.00000000,71.27999115,-0.91328990
Simul_+30deg,30,71.63999939,90.00000000,71.63999939,-0.99647677
Simul_+30deg,30,72.00000000,90.00000000,72.00000000,-1.07112932
Simul_+30deg,30,72.36000061,90.00000000,72.36000061,-1.14960146
Simul_+30deg,30,72.71999359,90.00000000,72.71999359,-1.22128761
Simul_+30deg,30,73.07999420,90.00000000,73.07999420,-1.28582501
Simul_+30deg,30,73.43999481,90.00000000,73.43999481,-1.34287059
Simul_+30deg,30,73.79999542,90.00000000,73.79999542,-1.39211988
Simul_+30deg,30,74.15999603,90.00000000,74.15999603,-1.43940282
Simul_+30deg,30,74.51999664,90.00000000,74.51999664,-1.48839378
Simul_+30deg,30,74.87999725,90.00000000,74.87999725,-1.53218985
Simul_+30deg,30,75.23999023,90.00000000,75.23999023,-1.57062006
Simul_+30deg,30,75.59999084,90.00000000,75.59999084,-1.60354197
Simul_+30deg,30,75.95999908,90.00000000,75.95999908,-1.63082695
Simul_+30deg,30,76.31999969,90.00000000,76.31999969,-1.63116574
Simul_+30deg,30,76.67999268,90.00000000,76.67999268,-1.62485111
Simul_+30deg,30,77.03999329,90.00000000,77.03999329,-1.61465216
Simul_+30deg,30,77.39999390,90.00000000,77.39999390,-1.60059857
Simul_+30deg,30,77.76000214,90.00000000,77.76000214,-1.58272529
Simul_+30deg,30,78.11999512,90.00000000,78.11999512,-1.55200863
Simul_+30deg,30,78.47999573,90.00000000,78.47999573,-1.50037670
Simul_+30deg,30,78.83999634,90.00000000,78.83999634,-1.44653916
Simul_+30deg,30,79.19999695,90.00000000,79.19999695,-1.39058018
Simul_+30deg,30,79.55998993,90.00000000,79.55998993,-1.33258486
Simul_+30deg,30,79.91999817,90.00000000,79.91999817,-1.27264786
Simul_+30deg,30,80.27999878,90.00000000,80.27999878,-1.23462510
Simul_+30deg,30,80.63999939,90.00000000,80.63999939,-1.20090199
Simul_+30deg,30,80.99999237,90.00000000,80.99999237,-1.16466153
Simul_+30deg,30,81.35999298,90.00000000,81.35999298,-1.12597609
Simul_+30deg,30,81.72000122,90.00000000,81.72000122,-1.08490431
Simul_+30deg,30,82.07999420,90.00000000,82.07999420,-1.05461073
Simul_+30deg,30,82.43999481,90.00000000,82.43999481,-1.06699407
Simul_+30deg,30,82.79999542,90.00000000,82.79999542,-1.07567668
Simul_+30deg,30,83.15999603,90.00000000,83.15999603,-1.08063710
Simul_+30deg,30,83.51998901,90.00000000,83.51998901,-1.08186173
Simul_+30deg,30,83.87999725,90.00000000,83.87999725,-1.07934785
Simul_+30deg,30,84.23999786,90.00000000,84.23999786,-1.11636972
Simul_+30deg,30,84.59999847,90.00000000,84.59999847,-1.17044640
Simul_+30deg,30,84.95999146,90.00000000,84.95999146,-1.21959388
Simul_+30deg,30,85.31999207,90.00000000,85.31999207,-1.26364732
Simul_+30deg,30,85.67999268,90.00000000,85.67999268,-1.30243599
Simul_+30deg,30,86.04000092,90.00000000,86.04000092,-1.34524465
Simul_+30deg,30,86.39999390,90.00000000,86.39999390,-1.45828557
Simul_+30deg,30,86.75999451,90.00000000,86.75999451,-1.56614661
Simul_+30deg,30,87.11999512,90.00000000,87.11999512,-1.66834044
Simul_+30deg,30,87.47999573,90.00000000,87.47999573,-1.76440382
Simul_+30deg,30,87.83999634,90.00000000,87.83999634,-1.85387635
Simul_+30deg,30,88.19999695,90.00000000,88.19999695,-1.98020506
Simul_+30deg,30,88.55999756,90.00000000,88.55999756,-2.13673115
Simul_+30deg,30,88.91999817,90.00000000,88.91999817,-2.28835559
Simul_+30deg,30,89.27999115,90.00000000,89.27999115,-2.43436956
Simul_+30deg,30,89.63999176,90.00000000,89.63999176,-2.57397890
Simul_+30deg,30,90.00000000,90.00000000,90.00000000,-2.70640945
Simul_+30deg,30,90.35999298,90.00000000,90.35999298,-2.87073135
Simul_+30deg,30,90.71999359,90.00000000,90.71999359,-3.03017974
Simul_+30deg,30,91.07999420,90.00000000,91.07999420,-3.18397903
Simul_+30deg,30,91.43999481,90.00000000,91.43999481,-3.33130455
Simul_+30deg,30,91.79999542,90.00000000,91.79999542,-3.47125769
Simul_+30deg,30,92.15999603,90.00000000,92.15999603,-3.61195660
Simul_+30deg,30,92.51999664,90.00000000,92.51999664,-3.75760794
Simul_+30deg,30,92.87999725,90.00000000,92.87999725,-3.89734983
Simul_+30deg,30,93.23999023,90.00000000,93.23999023,-4.03040791
Simul_+30deg,30,93.59999084,90.00000000,93.59999084,-4.15603256
Simul_+30deg,30,93.95999908,90.00000000,93.95999908,-4.27341843
Simul_+30deg,30,94.31999969,90.00000000,94.31999969,-4.40207529
Simul_+30deg,30,94.67999268,90.00000000,94.67999268,-4.52755022
Simul_+30deg,30,95.03999329,90.00000000,95.03999329,-4.64695883
Simul_+30deg,30,95.39999390,90.00000000,95.39999390,-4.75966406
Simul_+30deg,30,95.75999451,90.00000000,95.75999451,-4.86505795
Simul_+30deg,30,96.11999512,90.00000000,96.11999512,-4.97153521
Simul_+30deg,30,96.47999573,90.00000000,96.47999573,-5.09095669
Simul_+30deg,30,96.83999634,90.00000000,96.83999634,-5.20660019
Simul_+30deg,30,97.19999695,90.00000000,97.19999695,-5.31807899
Simul_+30deg,30,97.55998993,90.00000000,97.55998993,-5.42499113
Simul_+30deg,30,97.91999817,90.00000000,97.91999817,-5.52690029
Simul_+30deg,30,98.27999878,90.00000000,98.27999878,-5.65984964
Simul_+30deg,30,98.63999176,90.00000000,98.63999176,-5.80228853
Simul_+30deg,30,98.99999237,90.00000000,98.99999237,-5.94422770
Simul_+30deg,30,99.35999298,90.00000000,99.35999298,-6.08543301
Simul_+30deg,30,99.71999359,90.00000000,99.71999359,-6.22569513
Simul_+30deg,30,100.07999420,90.00000000,100.07999420,-6.37273359
Simul_+30deg,30,100.43999481,90.00000000,100.43999481,-6.54871464
Simul_+30deg,30,100.79999542,90.00000000,100.79999542,-6.72727203
Simul_+30deg,30,101.15999603,90.00000000,101.15999603,-6.90843964
Simul_+30deg,30,101.51998901,90.00000000,101.51998901,-7.09219694
Simul_+30deg,30,101.87999725,90.00000000,101.87999725,-7.27857542
Simul_+30deg,30,102.23999786,90.00000000,102.23999786,-7.46443748
Simul_+30deg,30,102.59999847,90.00000000,102.59999847,-7.65244198
Simul_+30deg,30,102.95999146,90.00000000,102.95999146,-7.84446764
Simul_+30deg,30,103.31999207,90.00000000,103.31999207,-8.04071999
Simul_+30deg,30,103.67999268,90.00000000,103.67999268,-8.24134350
Simul_+30deg,30,104.03999329,90.00000000,104.03999329,-8.44050789
Simul_+30deg,30,104.39999390,90.00000000,104.39999390,-8.59295273
Simul_+30deg,30,104.75999451,90.00000000,104.75999451,-8.74467087
Simul_+30deg,30,105.11999512,90.00000000,105.11999512,-8.89535713
Simul_+30deg,30,105.47999573,90.00000000,105.47999573,-9.04472160
Simul_+30deg,30,105.83998871,90.00000000,105.83998871,-9.19244957
Simul_+30deg,30,106.19999695,90.00000000,106.19999695,-9.25759792
Simul_+30deg,30,106.55999756,90.00000000,106.55999756,-9.24597263
Simul_+30deg,30,106.91999054,90.00000000,106.91999054,-9.21925163
Simul_+30deg,30,107.27999115,90.00000000,107.27999115,-9.17770481
Simul_+30deg,30,107.63999176,90.00000000,107.63999176,-9.12176323
Simul_+30deg,30,108.00000000,90.00000000,108.00000000,-9.05197334
Simul_+30deg,30,108.35999298,90.00000000,108.35999298,-8.81585217
Simul_+30deg,30,108.71999359,90.00000000,108.71999359,-8.56877232
Simul_+30deg,30,109.07999420,90.00000000,109.07999420,-8.31322193
Simul_+30deg,30,109.43999481,90.00000000,109.43999481,-8.05134106
Simul_+30deg,30,109.79998779,90.00000000,109.79998779,-7.78508568
Simul_+30deg,30,110.15999603,90.00000000,110.15999603,-7.48306990
Simul_+30deg,30,110.51999664,90.00000000,110.51999664,-7.14131117
Simul_+30deg,30,110.87999725,90.00000000,110.87999725,-6.80337954
Simul_+30deg,30,111.23999023,90.00000000,111.23999023,-6.47035408
Simul_+30deg,30,111.59999084,90.00000000,111.59999084,-6.14292336
Simul_+30deg,30,111.95999908,90.00000000,111.95999908,-5.82166910
Simul_+30deg,30,112.31999207,90.00000000,112.31999207,-5.47857809
Simul_+30deg,30,112.67999268,90.00000000,112.67999268,-5.13951874
Simul_+30deg,30,113.03999329,90.00000000,113.03999329,-4.80827141
Simul_+30deg,30,113.39999390,90.00000000,113.39999390,-4.48500824
Simul_+30deg,30,113.75999451,90.00000000,113.75999451,-4.16971636
Simul_+30deg,30,114.11999512,90.00000000,114.11999512,-3.88053226
Simul_+30deg,30,114.47999573,90.00000000,114.47999573,-3.63020802
Simul_+30deg,30,114.83999634,90.00000000,114.83999634,-3.38021326
Simul_+30deg,30,115.19999695,90.00000000,115.19999695,-3.13121700
Simul_+30deg,30,115.55998993,90.00000000,115.55998993,-2.88385272
Simul_+30deg,30,115.91999817,90.00000000,115.91999817,-2.63856149
Simul_+30deg,30,116.27999115,90.00000000,116.27999115,-2.49692392
Simul_+30deg,30,116.63999176,90.00000000,116.63999176,-2.37609863
Simul_+30deg,30,117.00000000,90.00000000,117.00000000,-2.24662709
Simul_+30deg,30,117.35999298,90.00000000,117.35999298,-2.10938025
Simul_+30deg,30,117.72000122,90.00000000,117.72000122,-1.96516979
Simul_+30deg,30,118.07998657,90.00000000,118.07998657,-1.84417272
Simul_+30deg,30,118.43999481,90.00000000,118.43999481,-1.81476295
Simul_+30deg,30,118.79998779,90.00000000,118.79998779,-1.77099168
Simul_+30deg,30,119.15999603,90.00000000,119.15999603,-1.71328330
Simul_+30deg,30,119.51999664,90.00000000,119.51999664,-1.64219952
Simul_+30deg,30,119.87998962,90.00000000,119.87998962,-1.55839753
Simul_+30deg,30,120.23999786,90.00000000,120.23999786,-1.54532099
Simul_+30deg,30,120.59999084,90.00000000,120.59999084,-1.55568969
Simul_+30deg,30,120.95999146,90.00000000,120.95999146,-1.54677701
Simul_+30deg,30,121.31999969,90.00000000,121.31999969,-1.51869905
Simul_+30deg,30,121.67999268,90.00000000,121.67999268,-1.47182930
Simul_+30deg,30,122.03999329,90.00000000,122.03999329,-1.42684889
Simul_+30deg,30,122.39998627,90.00000000,122.39998627,-1.52364612
Simul_+30deg,30,122.75999451,90.00000000,122.75999451,-1.59971774
Simul_+30deg,30,123.12000275,90.00000000,123.12000275,-1.65391219
Simul_+30deg,30,123.47998810,90.00000000,123.47998810,-1.68539548
Simul_+30deg,30,123.83999634,90.00000000,123.83999634,-1.69366765
Simul_+30deg,30,124.19998932,90.00000000,124.19998932,-1.81198001
Simul_+30deg,30,124.55999756,90.00000000,124.55999756,-2.02221441
Simul_+30deg,30,124.91998291,90.00000000,124.91998291,-2.21796846
Simul_+30deg,30,125.27999115,90.00000000,125.27999115,-2.39676285
Simul_+30deg,30,125.63999939,90.00000000,125.63999939,-2.55603290
Simul_+30deg,30,125.99999237,90.00000000,125.99999237,-2.69327593
Simul_+30deg,30,126.35999298,90.00000000,126.35999298,-3.05744171
Simul_+30deg,30,126.71998596,90.00000000,126.71998596,-3.42279649
Simul_+30deg,30,127.07999420,90.00000000,127.07999420,-3.78667450
Simul_+30deg,30,127.43999481,90.00000000,127.43999481,-4.14582920
Simul_+30deg,30,127.79998779,90.00000000,127.79998779,-4.49608231
Simul_+30deg,30,128.15998840,90.00000000,128.15998840,-4.92911911
Simul_+30deg,30,128.51998901,90.00000000,128.51998901,-5.49336386
Simul_+30deg,30,128.87998962,90.00000000,128.87998962,-6.07718706
Simul_+30deg,30,129.24000549,90.00000000,129.24000549,-6.67721987
Simul_+30deg,30,129.59999084,90.00000000,129.59999084,-7.28770351
Simul_+30deg,30,129.95999146,90.00000000,129.95999146,-7.89922190
Simul_+30deg,30,130.31999207,90.00000000,130.31999207,-8.66007900
Simul_+30deg,30,130.67999268,90.00000000,130.67999268,-9.45455456
Simul_+30deg,30,131.03999329,90.00000000,131.03999329,-10.24128723
Simul_+30deg,30,131.39999390,90.00000000,131.39999390,-10.98096848
Simul_+30deg,30,131.75999451,90.00000000,131.75999451,-11.61517334
Simul_+30deg,30,132.11999512,90.00000000,132.11999512,-12.07165527
Simul_+30deg,30,132.47999573,90.00000000,132.47999573,-12.27281666
Simul_+30deg,30,132.83998108,90.00000000,132.83998108,-12.17509747
Simul_+30deg,30,133.19999695,90.00000000,133.19999695,-11.79745865
Simul_+30deg,30,133.55999756,90.00000000,133.55999756,-11.20493031
Simul_+30deg,30,133.91998291,90.00000000,133.91998291,-10.47731400
Simul_+30deg,30,134.27999878,90.00000000,134.27999878,-9.79276180
Simul_+30deg,30,134.63998413,90.00000000,134.63998413,-9.06157684
Simul_+30deg,30,135.00000000,90.00000000,135.00000000,-8.29361534
Simul_+30deg,30,135.36000061,90.00000000,135.36000061,-7.52245378
Simul_+30deg,30,135.71998596,90.00000000,135.71998596,-6.76821041
Simul_+30deg,30,136.08000183,90.00000000,136.08000183,-6.10183144
Simul_+30deg,30,136.43998718,90.00000000,136.43998718,-5.62841177
Simul_+30deg,30,136.79998779,90.00000000,136.79998779,-5.12033844
Simul_+30deg,30,137.16000366,90.00000000,137.16000366,-4.59358215
Simul_+30deg,30,137.51998901,90.00000000,137.51998901,-4.06036568
Simul_+30deg,30,137.87998962,90.00000000,137.87998962,-3.52930045
Simul_+30deg,30,138.23999023,90.00000000,138.23999023,-3.19396615
Simul_+30deg,30,138.59999084,90.00000000,138.59999084,-2.92397213
Simul_+30deg,30,138.95999146,90.00000000,138.95999146,-2.62427235
Simul_+30deg,30,139.31999207,90.00000000,139.31999207,-2.30167007
Simul_+30deg,30,139.67999268,90.00000000,139.67999268,-1.96228802
Simul_+30deg,30,140.03999329,90.00000000,140.03999329,-1.64675951
Simul_+30deg,30,140.39999390,90.00000000,140.39999390,-1.59271646
Simul_+30deg,30,140.75997925,90.00000000,140.75997925,-1.50918508
Simul_+30deg,30,141.11999512,90.00000000,141.11999512,-1.39783394
Simul_+30deg,30,141.47999573,90.00000000,141.47999573,-1.26079214
Simul_+30deg,30,141.83999634,90.00000000,141.83999634,-1.10051811
Simul_+30deg,30,142.19999695,90.00000000,142.19999695,-1.10644710
Simul_+30deg,30,142.55998230,90.00000000,142.55998230,-1.24000847
Simul_+30deg,30,142.91999817,90.00000000,142.91999817,-1.34913230
Simul_+30deg,30,143.27999878,90.00000000,143.27999878,-1.43184721
Simul_+30deg,30,143.63998413,90.00000000,143.63998413,-1.48655999
Simul_+30deg,30,144.00000000,90.00000000,144.00000000,-1.51219511
Simul_+30deg,30,144.35998535,90.00000000,144.35998535,-1.85861278
Simul_+30deg,30,144.72000122,90.00000000,144.72000122,-2.19301224
Simul_+30deg,30,145.07998657,90.00000000,145.07998657,-2.50999308
Simul_+30deg,30,145.43998718,90.00000000,145.43998718,-2.80348778
Simul_+30deg,30,145.80000305,90.00000000,145.80000305,-3.06670403
Simul_+30deg,30,146.15998840,90.00000000,146.15998840,-3.44230032
Simul_+30deg,30,146.51998901,90.00000000,146.51998901,-3.99950385
Simul_+30deg,30,146.87998962,90.00000000,146.87998962,-4.55905342
Simul_+30deg,30,147.23999023,90.00000000,147.23999023,-5.11081314
Simul_+30deg,30,147.59999084,90.00000000,147.59999084,-5.64035225
Simul_+30deg,30,147.95999146,90.00000000,147.95999146,-6.12846184
Simul_+30deg,30,148.31999207,90.00000000,148.31999207,-6.86113167
Simul_+30deg,30,148.67999268,90.00000000,148.67999268,-7.65444851
Simul_+30deg,30,149.03999329,90.00000000,149.03999329,-8.46110535
Simul_+30deg,30,149.39999390,90.00000000,149.39999390,-9.25417423
Simul_+30deg,30,149.75999451,90.00000000,149.75999451,-9.98905087
Simul_+30deg,30,150.11999512,90.00000000,150.11999512,-10.71764946
Simul_+30deg,30,150.47998047,90.00000000,150.47998047,-11.63883114
Simul_+30deg,30,150.83999634,90.00000000,150.83999634,-12.55283356
Simul_+30deg,30,151.19998169,90.00000000,151.19998169,-13.39784145
Simul_+30deg,30,151.55999756,90.00000000,151.55999756,-14.07848740
Simul_+30deg,30,151.91999817,90.00000000,151.91999817,-14.47896004
Simul_+30deg,30,152.27998352,90.00000000,152.27998352,-14.95795822
Simul_+30deg,30,152.63999939,90.00000000,152.63999939,-15.41522408
Simul_+30deg,30,152.99998474,90.00000000,152.99998474,-15.70840645
Simul_+30deg,30,153.35998535,90.00000000,153.35998535,-15.80004501
Simul_+30deg,30,153.72000122,90.00000000,153.72000122,-15.67726135
Simul_+30deg,30,154.07998657,90.00000000,154.07998657,-15.43377399
Simul_+30deg,30,154.43998718,90.00000000,154.43998718,-15.35412407
Simul_+30deg,30,154.79998779,90.00000000,154.79998779,-15.21892166
Simul_+30deg,30,155.15998840,90.00000000,155.15998840,-15.03319550
Simul_+30deg,30,155.52000427,90.00000000,155.52000427,-14.80333900
Simul_+30deg,30,155.87998962,90.00000000,155.87998962,-14.53635979
Simul_+30deg,30,156.23999023,90.00000000,156.23999023,-14.14585209
Simul_+30deg,30,156.59999084,90.00000000,156.59999084,-13.69074345
Simul_+30deg,30,156.95999146,90.00000000,156.95999146,-13.22732735
Simul_+30deg,30,157.31999207,90.00000000,157.31999207,-12.76240253
Simul_+30deg,30,157.67999268,90.00000000,157.67999268,-12.30096722
Simul_+30deg,30,158.03999329,90.00000000,158.03999329,-11.81488228
Simul_+30deg,30,158.39999390,90.00000000,158.39999390,-11.10065365
Simul_+30deg,30,158.75999451,90.00000000,158.75999451,-10.42368984
Simul_+30deg,30,159.11997986,90.00000000,159.11997986,-9.78313351
Simul_+30deg,30,159.47999573,90.00000000,159.47999573,-9.17729187
Simul_+30deg,30,159.83999634,90.00000000,159.83999634,-8.60382843
Simul_+30deg,30,160.19998169,90.00000000,160.19998169,-8.03621674
Simul_+30deg,30,160.55999756,90.00000000,160.55999756,-7.47837305
Simul_+30deg,30,160.91998291,90.00000000,160.91998291,-6.94830990
Simul_+30deg,30,161.27999878,90.00000000,161.27999878,-6.44404030
Simul_+30deg,30,161.63999939,90.00000000,161.63999939,-5.96374083
Simul_+30deg,30,161.99998474,90.00000000,161.99998474,-5.50567436
Simul_+30deg,30,162.36000061,90.00000000,162.36000061,-5.19758415
Simul_+30deg,30,162.71998596,90.00000000,162.71998596,-4.89381599
Simul_+30deg,30,163.07998657,90.00000000,163.07998657,-4.59493923
Simul_+30deg,30,163.44000244,90.00000000,163.44000244,-4.30127335
Simul_+30deg,30,163.79998779,90.00000000,163.79998779,-4.01312256
Simul_+30deg,30,164.15998840,90.00000000,164.15998840,-3.82761121
Simul_+30deg,30,164.51998901,90.00000000,164.51998901,-3.76019812
Simul_+30deg,30,164.87998962,90.00000000,164.87998962,-3.68645167
Simul_+30deg,30,165.23999023,90.00000000,165.23999023,-3.60669661
Simul_+30deg,30,165.59999084,90.00000000,165.59999084,-3.52128935
Simul_+30deg,30,165.95999146,90.00000000,165.95999146,-3.43059182
Simul_+30deg,30,166.31999207,90.00000000,166.31999207,-3.56166148
Simul_+30deg,30,166.67999268,90.00000000,166.67999268,-3.71526980
Simul_+30deg,30,167.03997803,90.00000000,167.03997803,-3.86220598
Simul_+30deg,30,167.39999390,90.00000000,167.39999390,-4.00159121
Simul_+30deg,30,167.75999451,90.00000000,167.75999451,-4.13249779
Simul_+30deg,30,168.11999512,90.00000000,168.11999512,-4.34487677
Simul_+30deg,30,168.47999573,90.00000000,168.47999573,-4.73880053
Simul_+30deg,30,168.83998108,90.00000000,168.83998108,-5.13562441
Simul_+30deg,30,169.19999695,90.00000000,169.19999695,-5.53241205
Simul_+30deg,30,169.55999756,90.00000000,169.55999756,-5.92532110
Simul_+30deg,30,169.91998291,90.00000000,169.91998291,-6.30950403
Simul_+30deg,30,170.27999878,90.00000000,170.27999878,-6.90774918
Simul_+30deg,30,170.63998413,90.00000000,170.63998413,-7.58087540
Simul_+30deg,30,170.99998474,90.00000000,170.99998474,-8.25514507
Simul_+30deg,30,171.35998535,90.00000000,171.35998535,-8.91055870
Simul_+30deg,30,171.71998596,90.00000000,171.71998596,-9.51788712
Simul_+30deg,30,172.08000183,90.00000000,172.08000183,-10.10720634
Simul_+30deg,30,172.43998718,90.00000000,172.43998718,-10.83194256
Simul_+30deg,30,172.79998779,90.00000000,172.79998779,-11.39076138
Simul_+30deg,30,173.15998840,90.00000000,173.15998840,-11.69690990
Simul_+30deg,30,173.51998901,90.00000000,173.51998901,-11.69144154
Simul_+30deg,30,173.87998962,90.00000000,173.87998962,-11.37545109
Simul_+30deg,30,174.23999023,90.00000000,174.23999023,-11.05077267
Simul_+30deg,30,174.59999084,90.00000000,174.59999084,-10.62140083
Simul_+30deg,30,174.95999146,90.00000000,174.95999146,-10.02115726
Simul_+30deg,30,175.31999207,90.00000000,175.31999207,-9.31637955
Simul_+30deg,30,175.67999268,90.00000000,175.67999268,-8.56140327
Simul_+30deg,30,176.03999329,90.00000000,176.03999329,-7.83534288
Simul_+30deg,30,176.39999390,90.00000000,176.39999390,-7.41207409
Simul_+30deg,30,176.75997925,90.00000000,176.75997925,-6.94985771
Simul_+30deg,30,177.11999512,90.00000000,177.11999512,-6.46368074
Simul_+30deg,30,177.47999573,90.00000000,177.47999573,-5.96553421
Simul_+30deg,30,177.83999634,90.00000000,177.83999634,-5.46446037
Simul_+30deg,30,178.19999695,90.00000000,178.19999695,-5.15845728
Simul_+30deg,30,178.55998230,90.00000000,178.55998230,-4.98399496
Simul_+30deg,30,178.91999817,90.00000000,178.91999817,-4.78302622
Simul_+30deg,30,179.27998352,90.00000000,179.27998352,-4.55935907
Simul_+30deg,30,179.63998413,90.00000000,179.63998413,-4.31681728
Simul_+45deg,45,-180.00000000,90.00000000,-180.00000000,-3.71057534
Simul_+45deg,45,-179.63998413,90.00000000,-179.63998413,-3.82645392
Simul_+45deg,45,-179.27998352,90.00000000,-179.27998352,-3.94322777
Simul_+45deg,45,-178.91999817,90.00000000,-178.91999817,-4.06088400
Simul_+45deg,45,-178.55998230,90.00000000,-178.55998230,-4.17941046
Simul_+45deg,45,-178.19999695,90.00000000,-178.19999695,-4.29877806
Simul_+45deg,45,-177.83999634,90.00000000,-177.83999634,-4.40393877
Simul_+45deg,45,-177.47999573,90.00000000,-177.47999573,-4.48667622
Simul_+45deg,45,-177.11999512,90.00000000,-177.11999512,-4.56383753
Simul_+45deg,45,-176.75997925,90.00000000,-176.75997925,-4.63508797
Simul_+45deg,45,-176.39999390,90.00000000,-176.39999390,-4.70010948
Simul_+45deg,45,-176.03999329,90.00000000,-176.03999329,-4.75860214
Simul_+45deg,45,-175.67999268,90.00000000,-175.67999268,-4.81861305
Simul_+45deg,45,-175.31999207,90.00000000,-175.31999207,-4.86504269
Simul_+45deg,45,-174.95999146,90.00000000,-174.95999146,-4.89591408
Simul_+45deg,45,-174.59999084,90.00000000,-174.59999084,-4.91089392
Simul_+45deg,45,-174.23999023,90.00000000,-174.23999023,-4.90981817
Simul_+45deg,45,-173.87998962,90.00000000,-173.87998962,-4.92133188
Simul_+45deg,45,-173.51998901,90.00000000,-173.51998901,-4.96856213
Simul_+45deg,45,-173.15998840,90.00000000,-173.15998840,-4.99088192
Simul_+45deg,45,-172.79998779,90.00000000,-172.79998779,-4.98790264
Simul_+45deg,45,-172.43998718,90.00000000,-172.43998718,-4.95967817
Simul_+45deg,45,-172.08000183,90.00000000,-172.08000183,-4.90670013
Simul_+45deg,45,-171.71998596,90.00000000,-171.71998596,-4.93943405
Simul_+45deg,45,-171.35998535,90.00000000,-171.35998535,-4.96936607
Simul_+45deg,45,-170.99998474,90.00000000,-170.99998474,-4.96321011
Simul_+45deg,45,-170.63998413,90.00000000,-170.63998413,-4.92111969
Simul_+45deg,45,-170.27999878,90.00000000,-170.27999878,-4.84413052
Simul_+45deg,45,-169.91998291,90.00000000,-169.91998291,-4.76887846
Simul_+45deg,45,-169.55999756,90.00000000,-169.55999756,-4.77498341
Simul_+45deg,45,-169.19999695,90.00000000,-169.19999695,-4.73502398
Simul_+45deg,45,-168.83998108,90.00000000,-168.83998108,-4.65025187
Simul_+45deg,45,-168.47999573,90.00000000,-168.47999573,-4.52323341
Simul_+45deg,45,-168.11999512,90.00000000,-168.11999512,-4.35760450
Simul_+45deg,45,-167.75999451,90.00000000,-167.75999451,-4.25420713
Simul_+45deg,45,-167.39999390,90.00000000,-167.39999390,-4.15697861
Simul_+45deg,45,-167.03997803,90.00000000,-167.03997803,-4.01840305
Simul_+45deg,45,-166.67999268,90.00000000,-166.67999268,-3.84237862
Simul_+45deg,45,-166.31999207,90.00000000,-166.31999207,-3.63342762
Simul_+45deg,45,-165.95999146,90.00000000,-165.95999146,-3.41424465
Simul_+45deg,45,-165.59999084,90.00000000,-165.59999084,-3.30984092
Simul_+45deg,45,-165.23999023,90.00000000,-165.23999023,-3.17697883
Simul_+45deg,45,-164.87998962,90.00000000,-164.87998962,-3.01826477
Simul_+45deg,45,-164.51998901,90.00000000,-164.51998901,-2.83657551
Simul_+45deg,45,-164.15998840,90.00000000,-164.15998840,-2.63492322
Simul_+45deg,45,-163.79998779,90.00000000,-163.79998779,-2.52010369
Simul_+45deg,45,-163.44000244,90.00000000,-163.44000244,-2.47068858
Simul_+45deg,45,-163.07998657,90.00000000,-163.07998657,-2.40356970
Simul_+45deg,45,-162.71998596,90.00000000,-162.71998596,-2.31956291
Simul_+45deg,45,-162.36000061,90.00000000,-162.36000061,-2.21965051
Simul_+45deg,45,-161.99998474,90.00000000,-161.99998474,-2.10494351
Simul_+45deg,45,-161.63999939,90.00000000,-161.63999939,-2.18035173
Simul_+45deg,45,-161.27999878,90.00000000,-161.27999878,-2.24286175
Simul_+45deg,45,-160.91998291,90.00000000,-160.91998291,-2.29188251
Simul_+45deg,45,-160.55999756,90.00000000,-160.55999756,-2.32694697
Simul_+45deg,45,-160.19998169,90.00000000,-160.19998169,-2.34771204
Simul_+45deg,45,-159.83999634,90.00000000,-159.83999634,-2.44338298
Simul_+45deg,45,-159.47999573,90.00000000,-159.47999573,-2.63982916
Simul_+45deg,45,-159.11997986,90.00000000,-159.11997986,-2.82518125
Simul_+45deg,45,-158.75999451,90.00000000,-158.75999451,-2.99756670
Simul_+45deg,45,-158.39999390,90.00000000,-158.39999390,-3.15507317
Simul_+45deg,45,-158.03999329,90.00000000,-158.03999329,-3.29576445
Simul_+45deg,45,-157.67999268,90.00000000,-157.67999268,-3.58728147
Simul_+45deg,45,-157.31999207,90.00000000,-157.31999207,-3.88742733
Simul_+45deg,45,-156.95999146,90.00000000,-156.95999146,-4.17123508
Simul_+45deg,45,-156.59999084,90.00000000,-156.59999084,-4.43383837
Simul_+45deg,45,-156.23999023,90.00000000,-156.23999023,-4.66996479
Simul_+45deg,45,-155.87998962,90.00000000,-155.87998962,-4.93411112
Simul_+45deg,45,-155.52000427,90.00000000,-155.52000427,-5.28992176
Simul_+45deg,45,-155.15998840,90.00000000,-155.15998840,-5.61383295
Simul_+45deg,45,-154.79998779,90.00000000,-154.79998779,-5.89587927
Simul_+45deg,45,-154.43998718,90.00000000,-154.43998718,-6.12578201
Simul_+45deg,45,-154.07998657,90.00000000,-154.07998657,-6.29398298
Simul_+45deg,45,-153.72000122,90.00000000,-153.72000122,-6.54937458
Simul_+45deg,45,-153.35998535,90.00000000,-153.35998535,-6.79050732
Simul_+45deg,45,-152.99998474,90.00000000,-152.99998474,-6.96414518
Simul_+45deg,45,-152.63999939,90.00000000,-152.63999939,-7.06146717
Simul_+45deg,45,-152.27998352,90.00000000,-152.27998352,-7.07717228
Simul_+45deg,45,-151.91999817,90.00000000,-151.91999817,-7.06973362
Simul_+45deg,45,-151.55999756,90.00000000,-151.55999756,-7.20366240
Simul_+45deg,45,-151.19998169,90.00000000,-151.19998169,-7.27679491
Simul_+45deg,45,-150.83999634,90.00000000,-150.83999634,-7.28598881
Simul_+45deg,45,-150.47998047,90.00000000,-150.47998047,-7.23083878
Simul_+45deg,45,-150.11999512,90.00000000,-150.11999512,-7.11374521
Simul_+45deg,45,-149.75999451,90.00000000,-149.75999451,-7.18019056
Simul_+45deg,45,-149.39999390,90.00000000,-149.39999390,-7.32397842
Simul_+45deg,45,-149.03999329,90.00000000,-149.03999329,-7.42330027
Simul_+45deg,45,-148.67999268,90.00000000,-148.67999268,-7.47495222
Simul_+45deg,45,-148.31999207,90.00000000,-148.31999207,-7.47721195
Simul_+45deg,45,-147.95999146,90.00000000,-147.95999146,-7.47374487
Simul_+45deg,45,-147.59999084,90.00000000,-147.59999084,-7.77951193
Simul_+45deg,45,-147.23999023,90.00000000,-147.23999023,-8.04463196
Simul_+45deg,45,-146.87998962,90.00000000,-146.87998962,-8.25990200
Simul_+45deg,45,-146.51998901,90.00000000,-146.51998901,-8.41680431
Simul_+45deg,45,-146.15998840,90.00000000,-146.15998840,-8.50851250
Simul_+45deg,45,-145.80000305,90.00000000,-145.80000305,-8.74429321
Simul_+45deg,45,-145.43998718,90.00000000,-145.43998718,-9.08285522
Simul_+45deg,45,-145.07998657,90.00000000,-145.07998657,-9.33782959
Simul_+45deg,45,-144.72000122,90.00000000,-144.72000122,-9.49234581
Simul_+45deg,45,-144.35998535,90.00000000,-144.35998535,-9.53505898
Simul_+45deg,45,-144.00000000,90.00000000,-144.00000000,-9.46265316
Simul_+45deg,45,-143.63998413,90.00000000,-143.63998413,-9.69101810
Simul_+45deg,45,-143.27999878,90.00000000,-143.27999878,-9.79148674
Simul_+45deg,45,-142.91999817,90.00000000,-142.91999817,-9.75496578
Simul_+45deg,45,-142.55998230,90.00000000,-142.55998230,-9.58481121
Simul_+45deg,45,-142.19999695,90.00000000,-142.19999695,-9.29589176
Simul_+45deg,45,-141.83999634,90.00000000,-141.83999634,-9.10603619
Simul_+45deg,45,-141.47999573,90.00000000,-141.47999573,-9.04743099
Simul_+45deg,45,-141.11999512,90.00000000,-141.11999512,-8.86951923
Simul_+45deg,45,-140.75997925,90.00000000,-140.75997925,-8.58619785
Simul_+45deg,45,-140.39999390,90.00000000,-140.39999390,-8.21710777
Simul_+45deg,45,-140.03999329,90.00000000,-140.03999329,-7.78369951
Simul_+45deg,45,-139.67999268,90.00000000,-139.67999268,-7.59996033
Simul_+45deg,45,-139.31999207,90.00000000,-139.31999207,-7.36707640
Simul_+45deg,45,-138.95999146,90.00000000,-138.95999146,-7.05880690
Simul_+45deg,45,-138.59999084,90.00000000,-138.59999084,-6.69089890
Simul_+45deg,45,-138.23999023,90.00000000,-138.23999023,-6.27895069
Simul_+45deg,45,-137.87998962,90.00000000,-137.87998962,-5.91371536
Simul_+45deg,45,-137.51998901,90.00000000,-137.51998901,-5.65092564
Simul_+45deg,45,-137.16000366,90.00000000,-137.16000366,-5.33277559
Simul_+45deg,45,-136.79998779,90.00000000,-136.79998779,-4.97162342
Simul_+45deg,45,-136.43998718,90.00000000,-136.43998718,-4.57914162
Simul_+45deg,45,-136.08000183,90.00000000,-136.08000183,-4.16553736
Simul_+45deg,45,-135.71998596,90.00000000,-135.71998596,-3.86207485
Simul_+45deg,45,-135.36000061,90.00000000,-135.36000061,-3.55551863
Simul_+45deg,45,-135.00000000,90.00000000,-135.00000000,-3.21592069
Simul_+45deg,45,-134.63998413,90.00000000,-134.63998413,-2.85199928
Simul_+45deg,45,-134.27999878,90.00000000,-134.27999878,-2.47142410
Simul_+45deg,45,-133.91998291,90.00000000,-133.91998291,-2.11535072
Simul_+45deg,45,-133.55999756,90.00000000,-133.55999756,-1.85980630
Simul_+45deg,45,-133.19999695,90.00000000,-133.19999695,-1.57839322
Simul_+45deg,45,-132.83998108,90.00000000,-132.83998108,-1.27673852
Simul_+45deg,45,-132.47999573,90.00000000,-132.47999573,-0.95996195
Simul_+45deg,45,-132.11999512,90.00000000,-132.11999512,-0.63251483
Simul_+45deg,45,-131.75999451,90.00000000,-131.75999451,-0.40169507
Simul_+45deg,45,-131.39999390,90.00000000,-131.39999390,-0.20565525
Simul_+45deg,45,-131.03999329,90.00000000,-131.03999329,0.00711695
Simul_+45deg,45,-130.67999268,90.00000000,-130.67999268,0.23385701
Simul_+45deg,45,-130.31999207,90.00000000,-130.31999207,0.47198206
Simul_+45deg,45,-129.95999146,90.00000000,-129.95999146,0.70185119
Simul_+45deg,45,-129.59999084,90.00000000,-129.59999084,0.80540264
Simul_+45deg,45,-129.24000549,90.00000000,-129.24000549,0.92308497
Simul_+45deg,45,-128.87998962,90.00000000,-128.87998962,1.05372381
Simul_+45deg,45,-128.51998901,90.00000000,-128.51998901,1.19608474
Simul_+45deg,45,-128.15998840,90.00000000,-128.15998840,1.34892392
Simul_+45deg,45,-127.79998779,90.00000000,-127.79998779,1.42231357
Simul_+45deg,45,-127.43999481,90.00000000,-127.43999481,1.43686414
Simul_+45deg,45,-127.07999420,90.00000000,-127.07999420,1.46440434
Simul_+45deg,45,-126.71998596,90.00000000,-126.71998596,1.50468683
Simul_+45deg,45,-126.35999298,90.00000000,-126.35999298,1.55735970
Simul_+45deg,45,-125.99999237,90.00000000,-125.99999237,1.62197113
Simul_+45deg,45,-125.63999939,90.00000000,-125.63999939,1.52260327
Simul_+45deg,45,-125.27999115,90.00000000,-125.27999115,1.43479633
Simul_+45deg,45,-124.91998291,90.00000000,-124.91998291,1.35931301
Simul_+45deg,45,-124.55999756,90.00000000,-124.55999756,1.29684031
Simul_+45deg,45,-124.19998932,90.00000000,-124.19998932,1.24795759
Simul_+45deg,45,-123.83999634,90.00000000,-123.83999634,1.13816237
Simul_+45deg,45,-123.47998810,90.00000000,-123.47998810,0.94312501
Simul_+45deg,45,-123.12000275,90.00000000,-123.12000275,0.75539804
Simul_+45deg,45,-122.75999451,90.00000000,-122.75999451,0.57635939
Simul_+45deg,45,-122.39998627,90.00000000,-122.39998627,0.40747654
Simul_+45deg,45,-122.03999329,90.00000000,-122.03999329,0.25028580
Simul_+45deg,45,-121.67999268,90.00000000,-121.67999268,-0.01599303
Simul_+45deg,45,-121.31999969,90.00000000,-121.31999969,-0.29851323
Simul_+45deg,45,-120.95999146,90.00000000,-120.95999146,-0.58198196
Simul_+45deg,45,-120.59999084,90.00000000,-120.59999084,-0.86525834
Simul_+45deg,45,-120.23999786,90.00000000,-120.23999786,-1.14696884
Simul_+45deg,45,-119.87998962,90.00000000,-119.87998962,-1.45515084
Simul_+45deg,45,-119.51999664,90.00000000,-119.51999664,-1.82992220
Simul_+45deg,45,-119.15999603,90.00000000,-119.15999603,-2.21824956
Simul_+45deg,45,-118.79998779,90.00000000,-118.79998779,-2.62072349
Simul_+45deg,45,-118.43999481,90.00000000,-118.43999481,-3.03789425
Simul_+45deg,45,-118.07998657,90.00000000,-118.07998657,-3.47023726
Simul_+45deg,45,-117.72000122,90.00000000,-117.72000122,-3.89356184
Simul_+45deg,45,-117.35999298,90.00000000,-117.35999298,-4.31900072
Simul_+45deg,45,-117.00000000,90.00000000,-117.00000000,-4.75089979
Simul_+45deg,45,-116.63999176,90.00000000,-116.63999176,-5.18662357
Simul_+45deg,45,-116.27999115,90.00000000,-116.27999115,-5.62234449
Simul_+45deg,45,-115.91999817,90.00000000,-115.91999817,-5.98624277
Simul_+45deg,45,-115.55998993,90.00000000,-115.55998993,-6.08100700
Simul_+45deg,45,-115.19999695,90.00000000,-115.19999695,-6.12068892
Simul_+45deg,45,-114.83999634,90.00000000,-114.83999634,-6.10376406
Simul_+45deg,45,-114.47999573,90.00000000,-114.47999573,-6.03088951
Simul_+45deg,45,-114.11999512,90.00000000,-114.11999512,-5.90481091
Simul_+45deg,45,-113.75999451,90.00000000,-113.75999451,-5.56958103
Simul_+45deg,45,-113.39999390,90.00000000,-113.39999390,-5.14436197
Simul_+45deg,45,-113.03999329,90.00000000,-113.03999329,-4.72041750
Simul_+45deg,45,-112.67999268,90.00000000,-112.67999268,-4.30089712
Simul_+45deg,45,-112.31999207,90.00000000,-112.31999207,-3.88811016
Simul_+45deg,45,-111.95999908,90.00000000,-111.95999908,-3.47849846
Simul_+45deg,45,-111.59999084,90.00000000,-111.59999084,-3.04329205
Simul_+45deg,45,-111.23999023,90.00000000,-111.23999023,-2.62724066
Simul_+45deg,45,-110.87999725,90.00000000,-110.87999725,-2.22886753
Simul_+45deg,45,-110.51999664,90.00000000,-110.51999664,-1.84687066
Simul_+45deg,45,-110.15999603,90.00000000,-110.15999603,-1.48002505
Simul_+45deg,45,-109.79998779,90.00000000,-109.79998779,-1.15000749
Simul_+45deg,45,-109.43999481,90.00000000,-109.43999481,-0.84553707
Simul_+45deg,45,-109.07999420,90.00000000,-109.07999420,-0.54688209
Simul_+45deg,45,-108.71999359,90.00000000,-108.71999359,-0.25421792
Simul_+45deg,45,-108.35999298,90.00000000,-108.35999298,0.03233361
Simul_+45deg,45,-108.00000000,90.00000000,-108.00000000,0.31273615
Simul_+45deg,45,-107.63999176,90.00000000,-107.63999176,0.49075258
Simul_+45deg,45,-107.27999115,90.00000000,-107.27999115,0.67443502
Simul_+45deg,45,-106.91999054,90.00000000,-106.91999054,0.86281538
Simul_+45deg,45,-106.55999756,90.00000000,-106.55999756,1.05497622
Simul_+45deg,45,-106.19999695,90.00000000,-106.19999695,1.25010610
Simul_+45deg,45,-105.83998871,90.00000000,-105.83998871,1.39524567
Simul_+45deg,45,-105.47999573,90.00000000,-105.47999573,1.48271894
Simul_+45deg,45,-105.11999512,90.00000000,-105.11999512,1.57949078
Simul_+45deg,45,-104.75999451,90.00000000,-104.75999451,1.68490553
Simul_+45deg,45,-104.39999390,90.00000000,-104.39999390,1.79830372
Simul_+45deg,45,-104.03999329,90.00000000,-104.03999329,1.91900718
Simul_+45deg,45,-103.67999268,90.00000000,-103.67999268,1.95375991
Simul_+45deg,45,-103.31999207,90.00000000,-103.31999207,1.98679805
Simul_+45deg,45,-102.95999146,90.00000000,-102.95999146,2.02967978
Simul_+45deg,45,-102.59999847,90.00000000,-102.59999847,2.08211184
Simul_+45deg,45,-102.23999786,90.00000000,-102.23999786,2.14374804
Simul_+45deg,45,-101.87999725,90.00000000,-101.87999725,2.18007398
Simul_+45deg,45,-101.51998901,90.00000000,-101.51998901,2.15770650
Simul_+45deg,45,-101.15999603,90.00000000,-101.15999603,2.14547801
Simul_+45deg,45,-100.79999542,90.00000000,-100.79999542,2.14347625
Simul_+45deg,45,-100.43999481,90.00000000,-100.43999481,2.15171289
Simul_+45deg,45,-100.07999420,90.00000000,-100.07999420,2.17013216
Simul_+45deg,45,-99.71999359,90.00000000,-99.71999359,2.12249231
Simul_+45deg,45,-99.35999298,90.00000000,-99.35999298,2.06225896
Simul_+45deg,45,-98.99999237,90.00000000,-98.99999237,2.01143312
Simul_+45deg,45,-98.63999176,90.00000000,-98.63999176,1.97036076
Simul_+45deg,45,-98.27999878,90.00000000,-98.27999878,1.93932402
Simul_+45deg,45,-97.91999817,90.00000000,-97.91999817,1.90476286
Simul_+45deg,45,-97.55998993,90.00000000,-97.55998993,1.83041275
Simul_+45deg,45,-97.19999695,90.00000000,-97.19999695,1.76356602
Simul_+45deg,45,-96.83999634,90.00000000,-96.83999634,1.70459628
Simul_+45deg,45,-96.47999573,90.00000000,-96.47999573,1.65383887
Simul_+45deg,45,-96.11999512,90.00000000,-96.11999512,1.61159515
Simul_+45deg,45,-95.75999451,90.00000000,-95.75999451,1.55747938
Simul_+45deg,45,-95.39999390,90.00000000,-95.39999390,1.49949384
Simul_+45deg,45,-95.03999329,90.00000000,-95.03999329,1.44769526
Simul_+45deg,45,-94.67999268,90.00000000,-94.67999268,1.40231919
Simul_+45deg,45,-94.31999969,90.00000000,-94.31999969,1.36357558
Simul_+45deg,45,-93.95999908,90.00000000,-93.95999908,1.32760620
Simul_+45deg,45,-93.59999084,90.00000000,-93.59999084,1.26485956
Simul_+45deg,45,-93.23999023,90.00000000,-93.23999023,1.20667565
Simul_+45deg,45,-92.87999725,90.00000000,-92.87999725,1.15325594
Simul_+45deg,45,-92.51999664,90.00000000,-92.51999664,1.10478389
Simul_+45deg,45,-92.15999603,90.00000000,-92.15999603,1.06143486
Simul_+45deg,45,-91.79999542,90.00000000,-91.79999542,1.00514245
Simul_+45deg,45,-91.43999481,90.00000000,-91.43999481,0.93769467
Simul_+45deg,45,-91.07999420,90.00000000,-91.07999420,0.87326223
Simul_+45deg,45,-90.71999359,90.00000000,-90.71999359,0.81199121
Simul_+45deg,45,-90.35999298,90.00000000,-90.35999298,0.75403261
Simul_+45deg,45,-90.00000000,90.00000000,-90.00000000,0.69953114
Simul_+45deg,45,-89.63999176,90.00000000,-89.63999176,0.64965761
Simul_+45deg,45,-89.27999115,90.00000000,-89.27999115,0.60189492
Simul_+45deg,45,-88.91999817,90.00000000,-88.91999817,0.55632257
Simul_+45deg,45,-88.55999756,90.00000000,-88.55999756,0.51301509
Simul_+45deg,45,-88.19999695,90.00000000,-88.19999695,0.47204289
Simul_+45deg,45,-87.83999634,90.00000000,-87.83999634,0.43351087
Simul_+45deg,45,-87.47999573,90.00000000,-87.47999573,0.39680240
Simul_+45deg,45,-87.11999512,90.00000000,-87.11999512,0.36166817
Simul_+45deg,45,-86.75999451,90.00000000,-86.75999451,0.32814500
Simul_+45deg,45,-86.39999390,90.00000000,-86.39999390,0.29627350
Simul_+45deg,45,-86.04000092,90.00000000,-86.04000092,0.26609221
Simul_+45deg,45,-85.67999268,90.00000000,-85.67999268,0.21027130
Simul_+45deg,45,-85.31999207,90.00000000,-85.31999207,0.15165523
Simul_+45deg,45,-84.95999146,90.00000000,-84.95999146,0.09363484
Simul_+45deg,45,-84.59999847,90.00000000,-84.59999847,0.03624607
Simul_+45deg,45,-84.23999786,90.00000000,-84.23999786,-0.02047845
Simul_+45deg,45,-83.87999725,90.00000000,-83.87999725,-0.08169477
Simul_+45deg,45,-83.51998901,90.00000000,-83.51998901,-0.15318832
Simul_+45deg,45,-83.15999603,90.00000000,-83.15999603,-0.22484791
Simul_+45deg,45,-82.79999542,90.00000000,-82.79999542,-0.29666948
Simul_+45deg,45,-82.43999481,90.00000000,-82.43999481,-0.36863911
Simul_+45deg,45,-82.07999420,90.00000000,-82.07999420,-0.44074267
Simul_+45deg,45,-81.72000122,90.00000000,-81.72000122,-0.50248301
Simul_+45deg,45,-81.35999298,90.00000000,-81.35999298,-0.56059420
Simul_+45deg,45,-80.99999237,90.00000000,-80.99999237,-0.61793840
Simul_+45deg,45,-80.63999939,90.00000000,-80.63999939,-0.67447370
Simul_+45deg,45,-80.27999878,90.00000000,-80.27999878,-0.73016256
Simul_+45deg,45,-79.91999817,90.00000000,-79.91999817,-0.78874463
Simul_+45deg,45,-79.55998993,90.00000000,-79.55998993,-0.85885501
Simul_+45deg,45,-79.19999695,90.00000000,-79.19999695,-0.92663532
Simul_+45deg,45,-78.83999634,90.00000000,-78.83999634,-0.99196112
Simul_+45deg,45,-78.47999573,90.00000000,-78.47999573,-1.05470145
Simul_+45deg,45,-78.11999512,90.00000000,-78.11999512,-1.11473238
Simul_+45deg,45,-77.76000214,90.00000000,-77.76000214,-1.19439971
Simul_+45deg,45,-77.39999390,90.00000000,-77.39999390,-1.28030491
Simul_+45deg,45,-77.03999329,90.00000000,-77.03999329,-1.36045909
Simul_+45deg,45,-76.67999268,90.00000000,-76.67999268,-1.43450987
Simul_+45deg,45,-76.31999969,90.00000000,-76.31999969,-1.50211668
Simul_+45deg,45,-75.95999908,90.00000000,-75.95999908,-1.56069255
Simul_+45deg,45,-75.59999084,90.00000000,-75.59999084,-1.59117472
Simul_+45deg,45,-75.23999023,90.00000000,-75.23999023,-1.60904789
Simul_+45deg,45,-74.87999725,90.00000000,-74.87999725,-1.61415744
Simul_+45deg,45,-74.51999664,90.00000000,-74.51999664,-1.60645604
Simul_+45deg,45,-74.15999603,90.00000000,-74.15999603,-1.58601475
Simul_+45deg,45,-73.79999542,90.00000000,-73.79999542,-1.53948009
Simul_+45deg,45,-73.43999481,90.00000000,-73.43999481,-1.46780038
Simul_+45deg,45,-73.07999420,90.00000000,-73.07999420,-1.38190973
Simul_+45deg,45,-72.71999359,90.00000000,-72.71999359,-1.28265917
Simul_+45deg,45,-72.36000061,90.00000000,-72.36000061,-1.17097878
Simul_+45deg,45,-72.00000000,90.00000000,-72.00000000,-1.04786229
Simul_+45deg,45,-71.63999939,90.00000000,-71.63999939,-0.94049048
Simul_+45deg,45,-71.27999115,90.00000000,-71.27999115,-0.82078034
Simul_+45deg,45,-70.91999817,90.00000000,-70.91999817,-0.68979883
Simul_+45deg,45,-70.55999756,90.00000000,-70.55999756,-0.54863113
Simul_+45deg,45,-70.19999695,90.00000000,-70.19999695,-0.39836597
Simul_+45deg,45,-69.83999634,90.00000000,-69.83999634,-0.25383806
Simul_+45deg,45,-69.47999573,90.00000000,-69.47999573,-0.11723738
Simul_+45deg,45,-69.11999512,90.00000000,-69.11999512,0.02847112
Simul_+45deg,45,-68.75999451,90.00000000,-68.75999451,0.18225923
Simul_+45deg,45,-68.39999390,90.00000000,-68.39999390,0.34314153
Simul_+45deg,45,-68.04000092,90.00000000,-68.04000092,0.51014906
Simul_+45deg,45,-67.68000031,90.00000000,-67.68000031,0.63412040
Simul_+45deg,45,-67.31999207,90.00000000,-67.31999207,0.75965571
Simul_+45deg,45,-66.95999146,90.00000000,-66.95999146,0.89222074
Simul_+45deg,45,-66.59999847,90.00000000,-66.59999847,1.03109097
Simul_+45deg,45,-66.23999786,90.00000000,-66.23999786,1.17555058
Simul_+45deg,45,-65.87999725,90.00000000,-65.87999725,1.29196298
Simul_+45deg,45,-65.51999664,90.00000000,-65.51999664,1.34867334
Simul_+45deg,45,-65.15999603,90.00000000,-65.15999603,1.41220224
Simul_+45deg,45,-64.79999542,90.00000000,-64.79999542,1.48224056
Simul_+45deg,45,-64.43999481,90.00000000,-64.43999481,1.55846643
Simul_+45deg,45,-64.07999420,90.00000000,-64.07999420,1.64053667
Simul_+45deg,45,-63.71999741,90.00000000,-63.71999741,1.65797591
Simul_+45deg,45,-63.35999298,90.00000000,-63.35999298,1.66073143
Simul_+45deg,45,-62.99999619,90.00000000,-62.99999619,1.66883051
Simul_+45deg,45,-62.63999557,90.00000000,-62.63999557,1.68224120
Simul_+45deg,45,-62.27999878,90.00000000,-62.27999878,1.70091438
Simul_+45deg,45,-61.91999817,90.00000000,-61.91999817,1.71260583
Simul_+45deg,45,-61.56000137,90.00000000,-61.56000137,1.68625450
Simul_+45deg,45,-61.19999313,90.00000000,-61.19999313,1.66419101
Simul_+45deg,45,-60.83999634,90.00000000,-60.83999634,1.64648223
Simul_+45deg,45,-60.47999573,90.00000000,-60.47999573,1.63318217
Simul_+45deg,45,-60.11999893,90.00000000,-60.11999893,1.62433207
Simul_+45deg,45,-59.75999832,90.00000000,-59.75999832,1.59599137
Simul_+45deg,45,-59.39999390,90.00000000,-59.39999390,1.55976987
Simul_+45deg,45,-59.03999329,90.00000000,-59.03999329,1.52766275
Simul_+45deg,45,-58.67999649,90.00000000,-58.67999649,1.49976110
Simul_+45deg,45,-58.31999588,90.00000000,-58.31999588,1.47615254
Simul_+45deg,45,-57.95999908,90.00000000,-57.95999908,1.45565724
Simul_+45deg,45,-57.59999847,90.00000000,-57.59999847,1.42956090
Simul_+45deg,45,-57.23999786,90.00000000,-57.23999786,1.40789020
Simul_+45deg,45,-56.87999725,90.00000000,-56.87999725,1.39071059
Simul_+45deg,45,-56.51999664,90.00000000,-56.51999664,1.37808013
Simul_+45deg,45,-56.15999603,90.00000000,-56.15999603,1.37003446
Simul_+45deg,45,-55.79999542,90.00000000,-55.79999542,1.36992800
Simul_+45deg,45,-55.43999863,90.00000000,-55.43999863,1.37666810
Simul_+45deg,45,-55.07999802,90.00000000,-55.07999802,1.38744402
Simul_+45deg,45,-54.71999741,90.00000000,-54.71999741,1.40222812
Simul_+45deg,45,-54.35999680,90.00000000,-54.35999680,1.42097902
Simul_+45deg,45,-54.00000000,90.00000000,-54.00000000,1.44364500
Simul_+45deg,45,-53.63999557,90.00000000,-53.63999557,1.46902144
Simul_+45deg,45,-53.27999878,90.00000000,-53.27999878,1.49725544
Simul_+45deg,45,-52.91999435,90.00000000,-52.91999435,1.52829158
Simul_+45deg,45,-52.55999756,90.00000000,-52.55999756,1.56206870
Simul_+45deg,45,-52.19999695,90.00000000,-52.19999695,1.59852242
Simul_+45deg,45,-51.83999634,90.00000000,-51.83999634,1.64180505
Simul_+45deg,45,-51.47999573,90.00000000,-51.47999573,1.69231510
Simul_+45deg,45,-51.11999893,90.00000000,-51.11999893,1.74448192
Simul_+45deg,45,-50.75999451,90.00000000,-50.75999451,1.79823899
Simul_+45deg,45,-50.39999771,90.00000000,-50.39999771,1.85352015
Simul_+45deg,45,-50.03999710,90.00000000,-50.03999710,1.91025782
Simul_+45deg,45,-49.67999649,90.00000000,-49.67999649,1.98014319
Simul_+45deg,45,-49.31999588,90.00000000,-49.31999588,2.05190802
Simul_+45deg,45,-48.95999908,90.00000000,-48.95999908,2.12399435
Simul_+45deg,45,-48.59999847,90.00000000,-48.59999847,2.19636655
Simul_+45deg,45,-48.23999786,90.00000000,-48.23999786,2.26898932
Simul_+45deg,45,-47.87999725,90.00000000,-47.87999725,2.33512974
Simul_+45deg,45,-47.51999664,90.00000000,-47.51999664,2.38835740
Simul_+45deg,45,-47.15999985,90.00000000,-47.15999985,2.44222593
Simul_+45deg,45,-46.79999542,90.00000000,-46.79999542,2.49670100
Simul_+45deg,45,-46.43999863,90.00000000,-46.43999863,2.55175138
Simul_+45deg,45,-46.07999802,90.00000000,-46.07999802,2.60734606
Simul_+45deg,45,-45.71999741,90.00000000,-45.71999741,2.63415575
Simul_+45deg,45,-45.35999680,90.00000000,-45.35999680,2.65491247
Simul_+45deg,45,-45.00000000,90.00000000,-45.00000000,2.67818427
Simul_+45deg,45,-44.63999557,90.00000000,-44.63999557,2.70392990
Simul_+45deg,45,-44.27999878,90.00000000,-44.27999878,2.73210502
Simul_+45deg,45,-43.91999817,90.00000000,-43.91999817,2.75443316
Simul_+45deg,45,-43.55999756,90.00000000,-43.55999756,2.75142479
Simul_+45deg,45,-43.19999695,90.00000000,-43.19999695,2.75259304
Simul_+45deg,45,-42.83999634,90.00000000,-42.83999634,2.75793338
Simul_+45deg,45,-42.47999573,90.00000000,-42.47999573,2.76742983
Simul_+45deg,45,-42.11999893,90.00000000,-42.11999893,2.78105688
Simul_+45deg,45,-41.75999451,90.00000000,-41.75999451,2.75470686
Simul_+45deg,45,-41.39999771,90.00000000,-41.39999771,2.71069860
Simul_+45deg,45,-41.03999710,90.00000000,-41.03999710,2.67124987
Simul_+45deg,45,-40.67999649,90.00000000,-40.67999649,2.63649130
Simul_+45deg,45,-40.31999969,90.00000000,-40.31999969,2.60653830
Simul_+45deg,45,-39.95999908,90.00000000,-39.95999908,2.57076502
Simul_+45deg,45,-39.59999847,90.00000000,-39.59999847,2.45327187
Simul_+45deg,45,-39.23999786,90.00000000,-39.23999786,2.33949566
Simul_+45deg,45,-38.88000107,90.00000000,-38.88000107,2.22980571
Simul_+45deg,45,-38.51999664,90.00000000,-38.51999664,2.12460375
Simul_+45deg,45,-38.15999985,90.00000000,-38.15999985,2.02428746
Simul_+45deg,45,-37.79999542,90.00000000,-37.79999542,1.89171016
Simul_+45deg,45,-37.43999863,90.00000000,-37.43999863,1.73371148
Simul_+45deg,45,-37.07999802,90.00000000,-37.07999802,1.58069944
Simul_+45deg,45,-36.71999741,90.00000000,-36.71999741,1.43343151
Simul_+45deg,45,-36.35999680,90.00000000,-36.35999680,1.29269934
Simul_+45deg,45,-36.00000000,90.00000000,-36.00000000,1.15932393
Simul_+45deg,45,-35.63999557,90.00000000,-35.63999557,1.02582836
Simul_+45deg,45,-35.27999878,90.00000000,-35.27999878,0.90081024
Simul_+45deg,45,-34.91999817,90.00000000,-34.91999817,0.78514099
Simul_+45deg,45,-34.55999756,90.00000000,-34.55999756,0.67968261
Simul_+45deg,45,-34.19999695,90.00000000,-34.19999695,0.58526951
Simul_+45deg,45,-33.84000015,90.00000000,-33.84000015,0.49504614
Simul_+45deg,45,-33.47999573,90.00000000,-33.47999573,0.40470126
Simul_+45deg,45,-33.11999893,90.00000000,-33.11999893,0.32318187
Simul_+45deg,45,-32.75999832,90.00000000,-32.75999832,0.25102955
Simul_+45deg,45,-32.39999771,90.00000000,-32.39999771,0.18874140
Simul_+45deg,45,-32.03999710,90.00000000,-32.03999710,0.13676414
Simul_+45deg,45,-31.67999649,90.00000000,-31.67999649,0.02265626
Simul_+45deg,45,-31.31999779,90.00000000,-31.31999779,-0.09349626
Simul_+45deg,45,-30.95999908,90.00000000,-30.95999908,-0.20217875
Simul_+45deg,45,-30.59999657,90.00000000,-30.59999657,-0.30275214
Simul_+45deg,45,-30.23999786,90.00000000,-30.23999786,-0.39456055
Simul_+45deg,45,-29.87999916,90.00000000,-29.87999916,-0.51588076
Simul_+45deg,45,-29.51999664,90.00000000,-29.51999664,-0.70644683
Simul_+45deg,45,-29.15999794,90.00000000,-29.15999794,-0.88793576
Simul_+45deg,45,-28.79999924,90.00000000,-28.79999924,-1.05880022
Simul_+45deg,45,-28.43999863,90.00000000,-28.43999863,-1.21743047
Simul_+45deg,45,-28.07999802,90.00000000,-28.07999802,-1.36218929
Simul_+45deg,45,-27.71999931,90.00000000,-27.71999931,-1.58112097
Simul_+45deg,45,-27.35999870,90.00000000,-27.35999870,-1.80831313
Simul_+45deg,45,-27.00000000,90.00000000,-27.00000000,-2.01465821
Simul_+45deg,45,-26.63999939,90.00000000,-26.63999939,-2.19647193
Simul_+45deg,45,-26.27999878,90.00000000,-26.27999878,-2.35014606
Simul_+45deg,45,-25.91999817,90.00000000,-25.91999817,-2.49351525
Simul_+45deg,45,-25.55999947,90.00000000,-25.55999947,-2.67656898
Simul_+45deg,45,-25.19999886,90.00000000,-25.19999886,-2.82090926
Simul_+45deg,45,-24.83999825,90.00000000,-24.83999825,-2.92232943
Simul_+45deg,45,-24.47999954,90.00000000,-24.47999954,-2.97767496
Simul_+45deg,45,-24.11999893,90.00000000,-24.11999893,-2.98515272
Simul_+45deg,45,-23.75999832,90.00000000,-23.75999832,-2.99824142
Simul_+45deg,45,-23.39999771,90.00000000,-23.39999771,-2.99551845
Simul_+45deg,45,-23.03999901,90.00000000,-23.03999901,-2.95130849
Simul_+45deg,45,-22.67999840,90.00000000,-22.67999840,-2.86685824
Simul_+45deg,45,-22.31999779,90.00000000,-22.31999779,-2.74446774
Simul_+45deg,45,-21.95999908,90.00000000,-21.95999908,-2.59963965
Simul_+45deg,45,-21.59999847,90.00000000,-21.59999847,-2.52781510
Simul_+45deg,45,-21.23999786,90.00000000,-21.23999786,-2.43645430
Simul_+45deg,45,-20.87999725,90.00000000,-20.87999725,-2.32677746
Simul_+45deg,45,-20.51999855,90.00000000,-20.51999855,-2.20019078
Simul_+45deg,45,-20.15999985,90.00000000,-20.15999985,-2.05821061
Simul_+45deg,45,-19.79999924,90.00000000,-19.79999924,-1.99518073
Simul_+45deg,45,-19.44000053,90.00000000,-19.44000053,-1.99788463
Simul_+45deg,45,-19.07999992,90.00000000,-19.07999992,-1.99340248
Simul_+45deg,45,-18.71999931,90.00000000,-18.71999931,-1.98175645
Simul_+45deg,45,-18.35999870,90.00000000,-18.35999870,-1.96300483
Simul_+45deg,45,-18.00000000,90.00000000,-18.00000000,-1.93723738
Simul_+45deg,45,-17.63999939,90.00000000,-17.63999939,-2.09084058
Simul_+45deg,45,-17.27999878,90.00000000,-17.27999878,-2.24091363
Simul_+45deg,45,-16.92000008,90.00000000,-16.92000008,-2.38688397
Simul_+45deg,45,-16.55999947,90.00000000,-16.55999947,-2.52814245
Simul_+45deg,45,-16.19999886,90.00000000,-16.19999886,-2.66404963
Simul_+45deg,45,-15.83999825,90.00000000,-15.83999825,-2.86044884
Simul_+45deg,45,-15.47999954,90.00000000,-15.47999954,-3.13508248
Simul_+45deg,45,-15.11999893,90.00000000,-15.11999893,-3.40368938
Simul_+45deg,45,-14.75999832,90.00000000,-14.75999832,-3.66391468
Simul_+45deg,45,-14.39999962,90.00000000,-14.39999962,-3.91309214
Simul_+45deg,45,-14.03999901,90.00000000,-14.03999901,-4.14825535
Simul_+45deg,45,-13.67999935,90.00000000,-13.67999935,-4.43653536
Simul_+45deg,45,-13.31999969,90.00000000,-13.31999969,-4.71331930
Simul_+45deg,45,-12.95999908,90.00000000,-12.95999908,-4.96446180
Simul_+45deg,45,-12.59999943,90.00000000,-12.59999943,-5.18416595
Simul_+45deg,45,-12.23999977,90.00000000,-12.23999977,-5.36673164
Simul_+45deg,45,-11.87999916,90.00000000,-11.87999916,-5.52456903
Simul_+45deg,45,-11.51999950,90.00000000,-11.51999950,-5.67598343
Simul_+45deg,45,-11.15999889,90.00000000,-11.15999889,-5.78375340
Simul_+45deg,45,-10.79999924,90.00000000,-10.79999924,-5.84445572
Simul_+45deg,45,-10.43999863,90.00000000,-10.43999863,-5.85607481
Simul_+45deg,45,-10.07999992,90.00000000,-10.07999992,-5.81821442
Simul_+45deg,45,-9.72000027,90.00000000,-9.72000027,-5.82276249
Simul_+45deg,45,-9.35999966,90.00000000,-9.35999966,-5.80714178
Simul_+45deg,45,-9.00000000,90.00000000,-9.00000000,-5.74614763
Simul_+45deg,45,-8.63999939,90.00000000,-8.63999939,-5.64165545
Simul_+45deg,45,-8.27999973,90.00000000,-8.27999973,-5.49673748
Simul_+45deg,45,-7.91999912,90.00000000,-7.91999912,-5.35400152
Simul_+45deg,45,-7.55999947,90.00000000,-7.55999947,-5.30536270
Simul_+45deg,45,-7.19999981,90.00000000,-7.19999981,-5.21234226
Simul_+45deg,45,-6.83999968,90.00000000,-6.83999968,-5.07772827
Simul_+45deg,45,-6.47999954,90.00000000,-6.47999954,-4.90532112
Simul_+45deg,45,-6.11999989,90.00000000,-6.11999989,-4.69960165
Simul_+45deg,45,-5.75999975,90.00000000,-5.75999975,-4.59616089
Simul_+45deg,45,-5.39999962,90.00000000,-5.39999962,-4.52064419
Simul_+45deg,45,-5.03999996,90.00000000,-5.03999996,-4.40732765
Simul_+45deg,45,-4.67999983,90.00000000,-4.67999983,-4.25912046
Simul_+45deg,45,-4.31999969,90.00000000,-4.31999969,-4.07957697
Simul_+45deg,45,-3.95999956,90.00000000,-3.95999956,-3.89775968
Simul_+45deg,45,-3.59999990,90.00000000,-3.59999990,-3.88906288
Simul_+45deg,45,-3.23999977,90.00000000,-3.23999977,-3.84991622
Simul_+45deg,45,-2.87999988,90.00000000,-2.87999988,-3.78113079
Simul_+45deg,45,-2.51999998,90.00000000,-2.51999998,-3.68409538
Simul_+45deg,45,-2.15999985,90.00000000,-2.15999985,-3.56068277
Simul_+45deg,45,-1.79999995,90.00000000,-1.79999995,-3.55158949
Simul_+45deg,45,-1.43999994,90.00000000,-1.43999994,-3.62716460
Simul_+45deg,45,-1.07999992,90.00000000,-1.07999992,-3.67455149
Simul_+45deg,45,-0.71999997,90.00000000,-0.71999997,-3.69280910
Simul_+45deg,45,-0.35999998,90.00000000,-0.35999998,-3.68156862
Simul_+45deg,45,0.00000000,90.00000000,0.00000000,-3.64105821
Simul_+45deg,45,0.35999998,90.00000000,0.35999998,-3.81985283
Simul_+45deg,45,0.71999997,90.00000000,0.71999997,-3.96196938
Simul_+45deg,45,1.07999992,90.00000000,1.07999992,-4.06348467
Simul_+45deg,45,1.43999994,90.00000000,1.43999994,-4.12140703
Simul_+45deg,45,1.79999995,90.00000000,1.79999995,-4.13395596
Simul_+45deg,45,2.15999985,90.00000000,2.15999985,-4.20249081
Simul_+45deg,45,2.51999998,90.00000000,2.51999998,-4.34456158
Simul_+45deg,45,2.87999988,90.00000000,2.87999988,-4.42528534
Simul_+45deg,45,3.23999977,90.00000000,3.23999977,-4.44114685
Simul_+45deg,45,3.59999990,90.00000000,3.59999990,-4.39143467
Simul_+45deg,45,3.95999956,90.00000000,3.95999956,-4.27835274
Simul_+45deg,45,4.31999969,90.00000000,4.31999969,-4.32144976
Simul_+45deg,45,4.67999983,90.00000000,4.67999983,-4.32847548
Simul_+45deg,45,5.03999996,90.00000000,5.03999996,-4.27198505
Simul_+45deg,45,5.39999962,90.00000000,5.39999962,-4.15440130
Simul_+45deg,45,5.75999975,90.00000000,5.75999975,-3.98053932
Simul_+45deg,45,6.11999989,90.00000000,6.11999989,-3.86218929
Simul_+45deg,45,6.47999954,90.00000000,6.47999954,-3.91008759
Simul_+45deg,45,6.83999968,90.00000000,6.83999968,-3.91357660
Simul_+45deg,45,7.19999981,90.00000000,7.19999981,-3.87254953
Simul_+45deg,45,7.55999947,90.00000000,7.55999947,-3.78824759
Simul_+45deg,45,7.91999912,90.00000000,7.91999912,-3.66313720
Simul_+45deg,45,8.27999973,90.00000000,8.27999973,-3.80259609
Simul_+45deg,45,8.63999939,90.00000000,8.63999939,-3.99815750
Simul_+45deg,45,9.00000000,90.00000000,9.00000000,-4.15999317
Simul_+45deg,45,9.35999966,90.00000000,9.35999966,-4.28389454
Simul_+45deg,45,9.72000027,90.00000000,9.72000027,-4.36638546
Simul_+45deg,45,10.07999992,90.00000000,10.07999992,-4.49812222
Simul_+45deg,45,10.43999863,90.00000000,10.43999863,-4.92379475
Simul_+45deg,45,10.79999924,90.00000000,10.79999924,-5.31664658
Simul_+45deg,45,11.15999889,90.00000000,11.15999889,-5.66284561
Simul_+45deg,45,11.51999950,90.00000000,11.51999950,-5.94742966
Simul_+45deg,45,11.87999916,90.00000000,11.87999916,-6.15580082
Simul_+45deg,45,12.23999977,90.00000000,12.23999977,-6.54212093
Simul_+45deg,45,12.59999943,90.00000000,12.59999943,-6.97284746
Simul_+45deg,45,12.95999908,90.00000000,12.95999908,-7.28562164
Simul_+45deg,45,13.31999969,90.00000000,13.31999969,-7.45074940
Simul_+45deg,45,13.67999935,90.00000000,13.67999935,-7.45045662
Simul_+45deg,45,14.03999901,90.00000000,14.03999901,-7.32143593
Simul_+45deg,45,14.39999962,90.00000000,14.39999962,-7.33536243
Simul_+45deg,45,14.75999832,90.00000000,14.75999832,-7.20548344
Simul_+45deg,45,15.11999893,90.00000000,15.11999893,-6.94406128
Simul_+45deg,45,15.47999954,90.00000000,15.47999954,-6.57340240
Simul_+45deg,45,15.83999825,90.00000000,15.83999825,-6.12027359
Simul_+45deg,45,16.19999886,90.00000000,16.19999886,-5.80331087
Simul_+45deg,45,16.55999947,90.00000000,16.55999947,-5.59709644
Simul_+45deg,45,16.92000008,90.00000000,16.92000008,-5.35339928
Simul_+45deg,45,17.27999878,90.00000000,17.27999878,-5.07870626
Simul_+45deg,45,17.63999939,90.00000000,17.63999939,-4.77935266
Simul_+45deg,45,18.00000000,90.00000000,18.00000000,-4.46121216
Simul_+45deg,45,18.35999870,90.00000000,18.35999870,-4.49672174
Simul_+45deg,45,18.71999931,90.00000000,18.71999931,-4.52288723
Simul_+45deg,45,19.07999992,90.00000000,19.07999992,-4.53953791
Simul_+45deg,45,19.44000053,90.00000000,19.44000053,-4.54656172
Simul_+45deg,45,19.79999924,90.00000000,19.79999924,-4.54391384
Simul_+45deg,45,20.15999985,90.00000000,20.15999985,-4.67931557
Simul_+45deg,45,20.51999855,90.00000000,20.51999855,-5.00142002
Simul_+45deg,45,20.87999725,90.00000000,20.87999725,-5.32981014
Simul_+45deg,45,21.23999786,90.00000000,21.23999786,-5.66398382
Simul_+45deg,45,21.59999847,90.00000000,21.59999847,-6.00320101
Simul_+45deg,45,21.95999908,90.00000000,21.95999908,-6.34650898
Simul_+45deg,45,22.31999779,90.00000000,22.31999779,-6.86984539
Simul_+45deg,45,22.67999840,90.00000000,22.67999840,-7.40930367
Simul_+45deg,45,23.03999901,90.00000000,23.03999901,-7.92977905
Simul_+45deg,45,23.39999771,90.00000000,23.39999771,-8.41419029
Simul_+45deg,45,23.75999832,90.00000000,23.75999832,-8.84123707
Simul_+45deg,45,24.11999893,90.00000000,24.11999893,-9.16916943
Simul_+45deg,45,24.47999954,90.00000000,24.47999954,-9.32315922
Simul_+45deg,45,24.83999825,90.00000000,24.83999825,-9.30527878
Simul_+45deg,45,25.19999886,90.00000000,25.19999886,-9.11759949
Simul_+45deg,45,25.55999947,90.00000000,25.55999947,-8.78073120
Simul_+45deg,45,25.91999817,90.00000000,25.91999817,-8.32698631
Simul_+45deg,45,26.27999878,90.00000000,26.27999878,-7.83553696
Simul_+45deg,45,26.63999939,90.00000000,26.63999939,-7.30874729
Simul_+45deg,45,27.00000000,90.00000000,27.00000000,-6.75553226
Simul_+45deg,45,27.35999870,90.00000000,27.35999870,-6.19167376
Simul_+45deg,45,27.71999931,90.00000000,27.71999931,-5.62843704
Simul_+45deg,45,28.07999802,90.00000000,28.07999802,-5.11676693
Simul_+45deg,45,28.43999863,90.00000000,28.43999863,-4.75566292
Simul_+45deg,45,28.79999924,90.00000000,28.79999924,-4.38866901
Simul_+45deg,45,29.15999794,90.00000000,29.15999794,-4.01941347
Simul_+45deg,45,29.51999664,90.00000000,29.51999664,-3.65075588
Simul_+45deg,45,29.87999916,90.00000000,29.87999916,-3.28490353
Simul_+45deg,45,30.23999786,90.00000000,30.23999786,-3.04031396
Simul_+45deg,45,30.59999657,90.00000000,30.59999657,-2.84260702
Simul_+45deg,45,30.95999908,90.00000000,30.95999908,-2.63208914
Simul_+45deg,45,31.31999779,90.00000000,31.31999779,-2.41098475
Simul_+45deg,45,31.67999649,90.00000000,31.67999649,-2.18129659
Simul_+45deg,45,32.03999710,90.00000000,32.03999710,-1.95571399
Simul_+45deg,45,32.39999771,90.00000000,32.39999771,-1.80298495
Simul_+45deg,45,32.75999832,90.00000000,32.75999832,-1.63151884
Simul_+45deg,45,33.11999893,90.00000000,33.11999893,-1.44365835
Simul_+45deg,45,33.47999573,90.00000000,33.47999573,-1.24172187
Simul_+45deg,45,33.84000015,90.00000000,33.84000015,-1.02794647
Simul_+45deg,45,34.19999695,90.00000000,34.19999695,-0.81891567
Simul_+45deg,45,34.55999756,90.00000000,34.55999756,-0.60812658
Simul_+45deg,45,34.91999817,90.00000000,34.91999817,-0.38480145
Simul_+45deg,45,35.27999878,90.00000000,35.27999878,-0.15127519
Simul_+45deg,45,35.63999557,90.00000000,35.63999557,0.09031281
Simul_+45deg,45,36.00000000,90.00000000,36.00000000,0.33803606
Simul_+45deg,45,36.35999680,90.00000000,36.35999680,0.54825777
Simul_+45deg,45,36.71999741,90.00000000,36.71999741,0.76415408
Simul_+45deg,45,37.07999802,90.00000000,37.07999802,0.98444468
Simul_+45deg,45,37.43999863,90.00000000,37.43999863,1.20798361
Simul_+45deg,45,37.79999542,90.00000000,37.79999542,1.43375933
Simul_+45deg,45,38.15999985,90.00000000,38.15999985,1.61988091
Simul_+45deg,45,38.51999664,90.00000000,38.51999664,1.75801826
Simul_+45deg,45,38.88000107,90.00000000,38.88000107,1.89990222
Simul_+45deg,45,39.23999786,90.00000000,39.23999786,2.04504108
Simul_+45deg,45,39.59999847,90.00000000,39.59999847,2.19296169
Simul_+45deg,45,39.95999908,90.00000000,39.95999908,2.34324980
Simul_+45deg,45,40.31999969,90.00000000,40.31999969,2.40727615
Simul_+45deg,45,40.67999649,90.00000000,40.67999649,2.46404505
Simul_+45deg,45,41.03999710,90.00000000,41.03999710,2.52453828
Simul_+45deg,45,41.39999771,90.00000000,41.39999771,2.58859420
Simul_+45deg,45,41.75999451,90.00000000,41.75999451,2.65604448
Simul_+45deg,45,42.11999893,90.00000000,42.11999893,2.70504594
Simul_+45deg,45,42.47999573,90.00000000,42.47999573,2.71376157
Simul_+45deg,45,42.83999634,90.00000000,42.83999634,2.72548771
Simul_+45deg,45,43.19999695,90.00000000,43.19999695,2.74019814
Simul_+45deg,45,43.55999756,90.00000000,43.55999756,2.75786185
Simul_+45deg,45,43.91999817,90.00000000,43.91999817,2.77844524
Simul_+45deg,45,44.27999878,90.00000000,44.27999878,2.77273417
Simul_+45deg,45,44.63999557,90.00000000,44.63999557,2.76058459
Simul_+45deg,45,45.00000000,90.00000000,45.00000000,2.75022411
Simul_+45deg,45,45.35999680,90.00000000,45.35999680,2.74166584
Simul_+45deg,45,45.71999741,90.00000000,45.71999741,2.73492074
Simul_+45deg,45,46.07999802,90.00000000,46.07999802,2.72339940
Simul_+45deg,45,46.43999863,90.00000000,46.43999863,2.68989515
Simul_+45deg,45,46.79999542,90.00000000,46.79999542,2.65705585
Simul_+45deg,45,47.15999985,90.00000000,47.15999985,2.62489915
Simul_+45deg,45,47.51999664,90.00000000,47.51999664,2.59344220
Simul_+45deg,45,47.87999725,90.00000000,47.87999725,2.56270289
Simul_+45deg,45,48.23999786,90.00000000,48.23999786,2.52451563
Simul_+45deg,45,48.59999847,90.00000000,48.59999847,2.48257923
Simul_+45deg,45,48.95999908,90.00000000,48.95999908,2.44090986
Simul_+45deg,45,49.31999588,90.00000000,49.31999588,2.39951873
Simul_+45deg,45,49.67999649,90.00000000,49.67999649,2.35842085
Simul_+45deg,45,50.03999710,90.00000000,50.03999710,2.31877065
Simul_+45deg,45,50.39999771,90.00000000,50.39999771,2.28888559
Simul_+45deg,45,50.75999451,90.00000000,50.75999451,2.25981808
Simul_+45deg,45,51.11999893,90.00000000,51.11999893,2.23158693
Simul_+45deg,45,51.47999573,90.00000000,51.47999573,2.20421100
Simul_+45deg,45,51.83999634,90.00000000,51.83999634,2.17770600
Simul_+45deg,45,52.19999695,90.00000000,52.19999695,2.16294336
Simul_+45deg,45,52.55999756,90.00000000,52.55999756,2.15850568
Simul_+45deg,45,52.91999435,90.00000000,52.91999435,2.15592837
Simul_+45deg,45,53.27999878,90.00000000,53.27999878,2.15521383
Simul_+45deg,45,53.63999557,90.00000000,53.63999557,2.15636277
Simul_+45deg,45,54.00000000,90.00000000,54.00000000,2.15937400
Simul_+45deg,45,54.35999680,90.00000000,54.35999680,2.18793726
Simul_+45deg,45,54.71999741,90.00000000,54.71999741,2.21898985
Simul_+45deg,45,55.07999802,90.00000000,55.07999802,2.25247717
Simul_+45deg,45,55.43999863,90.00000000,55.43999863,2.28834248
Simul_+45deg,45,55.79999542,90.00000000,55.79999542,2.32652473
Simul_+45deg,45,56.15999603,90.00000000,56.15999603,2.36900997
Simul_+45deg,45,56.51999664,90.00000000,56.51999664,2.41661882
Simul_+45deg,45,56.87999725,90.00000000,56.87999725,2.46684647
Simul_+45deg,45,57.23999786,90.00000000,57.23999786,2.51960254
Simul_+45deg,45,57.59999847,90.00000000,57.59999847,2.57478261
Simul_+45deg,45,57.95999908,90.00000000,57.95999908,2.63229084
Simul_+45deg,45,58.31999588,90.00000000,58.31999588,2.66041040
Simul_+45deg,45,58.67999649,90.00000000,58.67999649,2.68793559
Simul_+45deg,45,59.03999329,90.00000000,59.03999329,2.71881843
Simul_+45deg,45,59.39999390,90.00000000,59.39999390,2.75298834
Simul_+45deg,45,59.75999832,90.00000000,59.75999832,2.79036546
Simul_+45deg,45,60.11999893,90.00000000,60.11999893,2.81326246
Simul_+45deg,45,60.47999573,90.00000000,60.47999573,2.80467892
Simul_+45deg,45,60.83999634,90.00000000,60.83999634,2.80016780
Simul_+45deg,45,61.19999313,90.00000000,61.19999313,2.79974270
Simul_+45deg,45,61.56000137,90.00000000,61.56000137,2.80340528
Simul_+45deg,45,61.91999817,90.00000000,61.91999817,2.81114244
Simul_+45deg,45,62.27999878,90.00000000,62.27999878,2.77588487
Simul_+45deg,45,62.63999557,90.00000000,62.63999557,2.73158932
Simul_+45deg,45,62.99999619,90.00000000,62.99999619,2.69187784
Simul_+45deg,45,63.35999298,90.00000000,63.35999298,2.65687943
Simul_+45deg,45,63.71999741,90.00000000,63.71999741,2.62671256
Simul_+45deg,45,64.07999420,90.00000000,64.07999420,2.58211851
Simul_+45deg,45,64.43999481,90.00000000,64.43999481,2.47400022
Simul_+45deg,45,64.79999542,90.00000000,64.79999542,2.36991382
Simul_+45deg,45,65.15999603,90.00000000,65.15999603,2.27021003
Simul_+45deg,45,65.51999664,90.00000000,65.51999664,2.17526960
Simul_+45deg,45,65.87999725,90.00000000,65.87999725,2.08544993
Simul_+45deg,45,66.23999786,90.00000000,66.23999786,1.94209552
Simul_+45deg,45,66.59999847,90.00000000,66.59999847,1.77149904
Simul_+45deg,45,66.95999146,90.00000000,66.95999146,1.60290861
Simul_+45deg,45,67.31999207,90.00000000,67.31999207,1.43684745
Simul_+45deg,45,67.68000031,90.00000000,67.68000031,1.27387345
Simul_+45deg,45,68.04000092,90.00000000,68.04000092,1.10939956
Simul_+45deg,45,68.39999390,90.00000000,68.39999390,0.90504205
Simul_+45deg,45,68.75999451,90.00000000,68.75999451,0.70110548
Simul_+45deg,45,69.11999512,90.00000000,69.11999512,0.49813408
Simul_+45deg,45,69.47999573,90.00000000,69.47999573,0.29675123
Simul_+45deg,45,69.83999634,90.00000000,69.83999634,0.09765599
Simul_+45deg,45,70.19999695,90.00000000,70.19999695,-0.11624686
Simul_+45deg,45,70.55999756,90.00000000,70.55999756,-0.34351999
Simul_+45deg,45,70.91999817,90.00000000,70.91999817,-0.56998295
Simul_+45deg,45,71.27999115,90.00000000,71.27999115,-0.79483294
Simul_+45deg,45,71.63999939,90.00000000,71.63999939,-1.01714718
Simul_+45deg,45,72.00000000,90.00000000,72.00000000,-1.23587561
Simul_+45deg,45,72.36000061,90.00000000,72.36000061,-1.48470390
Simul_+45deg,45,72.71999359,90.00000000,72.71999359,-1.73214185
Simul_+45deg,45,73.07999420,90.00000000,73.07999420,-1.97705531
Simul_+45deg,45,73.43999481,90.00000000,73.43999481,-2.21812367
Simul_+45deg,45,73.79999542,90.00000000,73.79999542,-2.45387506
Simul_+45deg,45,74.15999603,90.00000000,74.15999603,-2.68005109
Simul_+45deg,45,74.51999664,90.00000000,74.51999664,-2.89735818
Simul_+45deg,45,74.87999725,90.00000000,74.87999725,-3.10876584
Simul_+45deg,45,75.23999023,90.00000000,75.23999023,-3.31276870
Simul_+45deg,45,75.59999084,90.00000000,75.59999084,-3.50779557
Simul_+45deg,45,75.95999908,90.00000000,75.95999908,-3.69213009
Simul_+45deg,45,76.31999969,90.00000000,76.31999969,-3.83255029
Simul_+45deg,45,76.67999268,90.00000000,76.67999268,-3.96021867
Simul_+45deg,45,77.03999329,90.00000000,77.03999329,-4.07846403
Simul_+45deg,45,77.39999390,90.00000000,77.39999390,-4.18637323
Simul_+45deg,45,77.76000214,90.00000000,77.76000214,-4.28309822
Simul_+45deg,45,78.11999512,90.00000000,78.11999512,-4.35050631
Simul_+45deg,45,78.47999573,90.00000000,78.47999573,-4.37375116
Simul_+45deg,45,78.83999634,90.00000000,78.83999634,-4.38875771
Simul_+45deg,45,79.19999695,90.00000000,79.19999695,-4.39544296
Simul_+45deg,45,79.55998993,90.00000000,79.55998993,-4.39376688
Simul_+45deg,45,79.91999817,90.00000000,79.91999817,-4.38373709
Simul_+45deg,45,80.27999878,90.00000000,80.27999878,-4.34400797
Simul_+45deg,45,80.63999939,90.00000000,80.63999939,-4.29401493
Simul_+45deg,45,80.99999237,90.00000000,80.99999237,-4.24050140
Simul_+45deg,45,81.35999298,90.00000000,81.35999298,-4.18361378
Simul_+45deg,45,81.72000122,90.00000000,81.72000122,-4.12348127
Simul_+45deg,45,82.07999420,90.00000000,82.07999420,-4.06921482
Simul_+45deg,45,82.43999481,90.00000000,82.43999481,-4.04430294
Simul_+45deg,45,82.79999542,90.00000000,82.79999542,-4.01804924
Simul_+45deg,45,83.15999603,90.00000000,83.15999603,-3.99047279
Simul_+45deg,45,83.51998901,90.00000000,83.51998901,-3.96160555
Simul_+45deg,45,83.87999725,90.00000000,83.87999725,-3.93146873
Simul_+45deg,45,84.23999786,90.00000000,84.23999786,-3.92393732
Simul_+45deg,45,84.59999847,90.00000000,84.59999847,-3.92748308
Simul_+45deg,45,84.95999146,90.00000000,84.95999146,-3.93025970
Simul_+45deg,45,85.31999207,90.00000000,85.31999207,-3.93226624
Simul_+45deg,45,85.67999268,90.00000000,85.67999268,-3.93350124
Simul_+45deg,45,86.04000092,90.00000000,86.04000092,-3.93385744
Simul_+45deg,45,86.39999390,90.00000000,86.39999390,-3.93194318
Simul_+45deg,45,86.75999451,90.00000000,86.75999451,-3.92808461
Simul_+45deg,45,87.11999512,90.00000000,87.11999512,-3.92228556
Simul_+45deg,45,87.47999573,90.00000000,87.47999573,-3.91455603
Simul_+45deg,45,87.83999634,90.00000000,87.83999634,-3.90490437
Simul_+45deg,45,88.19999695,90.00000000,88.19999695,-3.91015267
Simul_+45deg,45,88.55999756,90.00000000,88.55999756,-3.92402077
Simul_+45deg,45,88.91999817,90.00000000,88.91999817,-3.93218017
Simul_+45deg,45,89.27999115,90.00000000,89.27999115,-3.93459916
Simul_+45deg,45,89.63999176,90.00000000,89.63999176,-3.93126750
Simul_+45deg,45,90.00000000,90.00000000,90.00000000,-3.92219901
Simul_+45deg,45,90.35999298,90.00000000,90.35999298,-3.95181465
Simul_+45deg,45,90.71999359,90.00000000,90.71999359,-3.97088408
Simul_+45deg,45,91.07999420,90.00000000,91.07999420,-3.97927046
Simul_+45deg,45,91.43999481,90.00000000,91.43999481,-3.97691011
Simul_+45deg,45,91.79999542,90.00000000,91.79999542,-3.96382213
Simul_+45deg,45,92.15999603,90.00000000,92.15999603,-3.94055247
Simul_+45deg,45,92.51999664,90.00000000,92.51999664,-3.90522146
Simul_+45deg,45,92.87999725,90.00000000,92.87999725,-3.85674024
Simul_+45deg,45,93.23999023,90.00000000,93.23999023,-3.79555488
Simul_+45deg,45,93.59999084,90.00000000,93.59999084,-3.72219419
Simul_+45deg,45,93.95999908,90.00000000,93.95999908,-3.63728857
Simul_+45deg,45,94.31999969,90.00000000,94.31999969,-3.53575373
Simul_+45deg,45,94.67999268,90.00000000,94.67999268,-3.42160797
Simul_+45deg,45,95.03999329,90.00000000,95.03999329,-3.29642510
Simul_+45deg,45,95.39999390,90.00000000,95.39999390,-3.16123867
Simul_+45deg,45,95.75999451,90.00000000,95.75999451,-3.01705360
Simul_+45deg,45,96.11999512,90.00000000,96.11999512,-2.87835217
Simul_+45deg,45,96.47999573,90.00000000,96.47999573,-2.75605822
Simul_+45deg,45,96.83999634,90.00000000,96.83999634,-2.62249112
Simul_+45deg,45,97.19999695,90.00000000,97.19999695,-2.47875357
Simul_+45deg,45,97.55998993,90.00000000,97.55998993,-2.32594204
Simul_+45deg,45,97.91999817,90.00000000,97.91999817,-2.16517019
Simul_+45deg,45,98.27999878,90.00000000,98.27999878,-2.06496716
Simul_+45deg,45,98.63999176,90.00000000,98.63999176,-1.97244704
Simul_+45deg,45,98.99999237,90.00000000,98.99999237,-1.86840892
Simul_+45deg,45,99.35999298,90.00000000,99.35999298,-1.75372458
Simul_+45deg,45,99.71999359,90.00000000,99.71999359,-1.62926328
Simul_+45deg,45,100.07999420,90.00000000,100.07999420,-1.52151251
Simul_+45deg,45,100.43999481,90.00000000,100.43999481,-1.49295580
Simul_+45deg,45,100.79999542,90.00000000,100.79999542,-1.45301092
Simul_+45deg,45,101.15999603,90.00000000,101.15999603,-1.40198839
Simul_+45deg,45,101.51998901,90.00000000,101.51998901,-1.34028649
Simul_+45deg,45,101.87999725,90.00000000,101.87999725,-1.26834929
Simul_+45deg,45,102.23999786,90.00000000,102.23999786,-1.27096462
Simul_+45deg,45,102.59999847,90.00000000,102.59999847,-1.30569243
Simul_+45deg,45,102.95999146,90.00000000,102.95999146,-1.33007157
Simul_+45deg,45,103.31999207,90.00000000,103.31999207,-1.34393156
Simul_+45deg,45,103.67999268,90.00000000,103.67999268,-1.34716964
Simul_+45deg,45,104.03999329,90.00000000,104.03999329,-1.35641754
Simul_+45deg,45,104.39999390,90.00000000,104.39999390,-1.49029946
Simul_+45deg,45,104.75999451,90.00000000,104.75999451,-1.61668038
Simul_+45deg,45,105.11999512,90.00000000,105.11999512,-1.73474121
Simul_+45deg,45,105.47999573,90.00000000,105.47999573,-1.84369862
Simul_+45deg,45,105.83998871,90.00000000,105.83998871,-1.94277740
Simul_+45deg,45,106.19999695,90.00000000,106.19999695,-2.13302088
Simul_+45deg,45,106.55999756,90.00000000,106.55999756,-2.40363574
Simul_+45deg,45,106.91999054,90.00000000,106.91999054,-2.67537951
Simul_+45deg,45,107.27999115,90.00000000,107.27999115,-2.94733739
Simul_+45deg,45,107.63999176,90.00000000,107.63999176,-3.21833229
Simul_+45deg,45,108.00000000,90.00000000,108.00000000,-3.48705769
Simul_+45deg,45,108.35999298,90.00000000,108.35999298,-3.93233514
Simul_+45deg,45,108.71999359,90.00000000,108.71999359,-4.39811516
Simul_+45deg,45,109.07999420,90.00000000,109.07999420,-4.88577175
Simul_+45deg,45,109.43999481,90.00000000,109.43999481,-5.39686584
Simul_+45deg,45,109.79998779,90.00000000,109.79998779,-5.93273401
Simul_+45deg,45,110.15999603,90.00000000,110.15999603,-6.52285051
Simul_+45deg,45,110.51999664,90.00000000,110.51999664,-7.17836952
Simul_+45deg,45,110.87999725,90.00000000,110.87999725,-7.86489201
Simul_+45deg,45,111.23999023,90.00000000,111.23999023,-8.57917881
Simul_+45deg,45,111.59999084,90.00000000,111.59999084,-9.31418800
Simul_+45deg,45,111.95999908,90.00000000,111.95999908,-10.05615807
Simul_+45deg,45,112.31999207,90.00000000,112.31999207,-10.52228737
Simul_+45deg,45,112.67999268,90.00000000,112.67999268,-10.80795765
Simul_+45deg,45,113.03999329,90.00000000,113.03999329,-10.90607166
Simul_+45deg,45,113.39999390,90.00000000,113.39999390,-10.80370998
Simul_+45deg,45,113.75999451,90.00000000,113.75999451,-10.51433659
Simul_+45deg,45,114.11999512,90.00000000,114.11999512,-9.97474480
Simul_+45deg,45,114.47999573,90.00000000,114.47999573,-9.18167877
Simul_+45deg,45,114.83999634,90.00000000,114.83999634,-8.38983154
Simul_+45deg,45,115.19999695,90.00000000,115.19999695,-7.61874580
Simul_+45deg,45,115.55998993,90.00000000,115.55998993,-6.87872791
Simul_+45deg,45,115.91999817,90.00000000,115.91999817,-6.17402315
Simul_+45deg,45,116.27999115,90.00000000,116.27999115,-5.51024914
Simul_+45deg,45,116.63999176,90.00000000,116.63999176,-4.88384819
Simul_+45deg,45,117.00000000,90.00000000,117.00000000,-4.29144287
Simul_+45deg,45,117.35999298,90.00000000,117.35999298,-3.73072910
Simul_+45deg,45,117.72000122,90.00000000,117.72000122,-3.19918895
Simul_+45deg,45,118.07998657,90.00000000,118.07998657,-2.72169113
Simul_+45deg,45,118.43999481,90.00000000,118.43999481,-2.35002732
Simul_+45deg,45,118.79998779,90.00000000,118.79998779,-1.98160720
Simul_+45deg,45,119.15999603,90.00000000,119.15999603,-1.61798429
Simul_+45deg,45,119.51999664,90.00000000,119.51999664,-1.26040041
Simul_+45deg,45,119.87998962,90.00000000,119.87998962,-0.90965426
Simul_+45deg,45,120.23999786,90.00000000,120.23999786,-0.67246926
Simul_+45deg,45,120.59999084,90.00000000,120.59999084,-0.47892320
Simul_+45deg,45,120.95999146,90.00000000,120.95999146,-0.27428362
Simul_+45deg,45,121.31999969,90.00000000,121.31999969,-0.06039974
Simul_+45deg,45,121.67999268,90.00000000,121.67999268,0.16094291
Simul_+45deg,45,122.03999329,90.00000000,122.03999329,0.36847895
Simul_+45deg,45,122.39998627,90.00000000,122.39998627,0.43025100
Simul_+45deg,45,122.75999451,90.00000000,122.75999451,0.50896347
Simul_+45deg,45,123.12000275,90.00000000,123.12000275,0.60368168
Simul_+45deg,45,123.47998810,90.00000000,123.47998810,0.71335709
Simul_+45deg,45,123.83999634,90.00000000,123.83999634,0.83684558
Simul_+45deg,45,124.19998932,90.00000000,124.19998932,0.87511426
Simul_+45deg,45,124.55999756,90.00000000,124.55999756,0.85072041
Simul_+45deg,45,124.91998291,90.00000000,124.91998291,0.84315687
Simul_+45deg,45,125.27999115,90.00000000,125.27999115,0.85250974
Simul_+45deg,45,125.63999939,90.00000000,125.63999939,0.87867266
Simul_+45deg,45,125.99999237,90.00000000,125.99999237,0.92133915
Simul_+45deg,45,126.35999298,90.00000000,126.35999298,0.80511272
Simul_+45deg,45,126.71998596,90.00000000,126.71998596,0.70293814
Simul_+45deg,45,127.07999420,90.00000000,127.07999420,0.61591756
Simul_+45deg,45,127.43999481,90.00000000,127.43999481,0.54501075
Simul_+45deg,45,127.79998779,90.00000000,127.79998779,0.49105036
Simul_+45deg,45,128.15998840,90.00000000,128.15998840,0.37965888
Simul_+45deg,45,128.51998901,90.00000000,128.51998901,0.18637428
Simul_+45deg,45,128.87998962,90.00000000,128.87998962,0.00406737
Simul_+45deg,45,129.24000549,90.00000000,129.24000549,-0.16541615
Simul_+45deg,45,129.59999084,90.00000000,129.59999084,-0.32023263
Simul_+45deg,45,129.95999146,90.00000000,129.95999146,-0.45853144
Simul_+45deg,45,130.31999207,90.00000000,130.31999207,-0.71582425
Simul_+45deg,45,130.67999268,90.00000000,130.67999268,-0.98341590
Simul_+45deg,45,131.03999329,90.00000000,131.03999329,-1.24261153
Simul_+45deg,45,131.39999390,90.00000000,131.39999390,-1.49078023
Simul_+45deg,45,131.75999451,90.00000000,131.75999451,-1.72495592
Simul_+45deg,45,132.11999512,90.00000000,132.11999512,-1.98631191
Simul_+45deg,45,132.47999573,90.00000000,132.47999573,-2.32914424
Simul_+45deg,45,132.83998108,90.00000000,132.83998108,-2.66835785
Simul_+45deg,45,133.19999695,90.00000000,133.19999695,-3.00070667
Simul_+45deg,45,133.55999756,90.00000000,133.55999756,-3.32227087
Simul_+45deg,45,133.91998291,90.00000000,133.91998291,-3.62834358
Simul_+45deg,45,134.27999878,90.00000000,134.27999878,-4.02907753
Simul_+45deg,45,134.63998413,90.00000000,134.63998413,-4.46366930
Simul_+45deg,45,135.00000000,90.00000000,135.00000000,-4.89879990
Simul_+45deg,45,135.36000061,90.00000000,135.36000061,-5.32952595
Simul_+45deg,45,135.71998596,90.00000000,135.71998596,-5.74937725
Simul_+45deg,45,136.08000183,90.00000000,136.08000183,-6.18889332
Simul_+45deg,45,136.43998718,90.00000000,136.43998718,-6.76605701
Simul_+45deg,45,136.79998779,90.00000000,136.79998779,-7.36012268
Simul_+45deg,45,137.16000366,90.00000000,137.16000366,-7.96607780
Simul_+45deg,45,137.51998901,90.00000000,137.51998901,-8.57537556
Simul_+45deg,45,137.87998962,90.00000000,137.87998962,-9.17506218
Simul_+45deg,45,138.23999023,90.00000000,138.23999023,-9.92451000
Simul_+45deg,45,138.59999084,90.00000000,138.59999084,-10.79573822
Simul_+45deg,45,138.95999146,90.00000000,138.95999146,-11.70504665
Simul_+45deg,45,139.31999207,90.00000000,139.31999207,-12.63070488
Simul_+45deg,45,139.67999268,90.00000000,139.67999268,-13.52922058
Simul_+45deg,45,140.03999329,90.00000000,140.03999329,-14.38013554
Simul_+45deg,45,140.39999390,90.00000000,140.39999390,-15.55344677
Simul_+45deg,45,140.75997925,90.00000000,140.75997925,-16.51435661
Simul_+45deg,45,141.11999512,90.00000000,141.11999512,-17.01216316
Simul_+45deg,45,141.47999573,90.00000000,141.47999573,-16.86339378
Simul_+45deg,45,141.83999634,90.00000000,141.83999634,-16.12734413
Simul_+45deg,45,142.19999695,90.00000000,142.19999695,-15.29522705
Simul_+45deg,45,142.55998230,90.00000000,142.55998230,-14.33431149
Simul_+45deg,45,142.91999817,90.00000000,142.91999817,-13.19802094
Simul_+45deg,45,143.27999878,90.00000000,143.27999878,-12.03307533
Simul_+45deg,45,143.63998413,90.00000000,143.63998413,-10.91218948
Simul_+45deg,45,144.00000000,90.00000000,144.00000000,-9.86309624
Simul_+45deg,45,144.35998535,90.00000000,144.35998535,-9.13372612
Simul_+45deg,45,144.72000122,90.00000000,144.72000122,-8.40102291
Simul_+45deg,45,145.07998657,90.00000000,145.07998657,-7.68268299
Simul_+45deg,45,145.43998718,90.00000000,145.43998718,-6.98842907
Simul_+45deg,45,145.80000305,90.00000000,145.80000305,-6.32323790
Simul_+45deg,45,146.15998840,90.00000000,146.15998840,-5.82009411
Simul_+45deg,45,146.51998901,90.00000000,146.51998901,-5.48219109
Simul_+45deg,45,146.87998962,90.00000000,146.87998962,-5.13716030
Simul_+45deg,45,147.23999023,90.00000000,147.23999023,-4.78841543
Simul_+45deg,45,147.59999084,90.00000000,147.59999084,-4.43876982
Simul_+45deg,45,147.95999146,90.00000000,147.95999146,-4.09045362
Simul_+45deg,45,148.31999207,90.00000000,148.31999207,-4.00939274
Simul_+45deg,45,148.67999268,90.00000000,148.67999268,-3.95313001
Simul_+45deg,45,149.03999329,90.00000000,149.03999329,-3.88826871
Simul_+45deg,45,149.39999390,90.00000000,149.39999390,-3.81518984
Simul_+45deg,45,149.75999451,90.00000000,149.75999451,-3.73432302
Simul_+45deg,45,150.11999512,90.00000000,150.11999512,-3.72740078
Simul_+45deg,45,150.47998047,90.00000000,150.47998047,-3.87896037
Simul_+45deg,45,150.83999634,90.00000000,150.83999634,-4.02760363
Simul_+45deg,45,151.19998169,90.00000000,151.19998169,-4.17280674
Simul_+45deg,45,151.55999756,90.00000000,151.55999756,-4.31406069
Simul_+45deg,45,151.91999817,90.00000000,151.91999817,-4.45079088
Simul_+45deg,45,152.27998352,90.00000000,152.27998352,-4.68881464
Simul_+45deg,45,152.63999939,90.00000000,152.63999939,-4.95511198
Simul_+45deg,45,152.99998474,90.00000000,152.99998474,-5.21837616
Simul_+45deg,45,153.35998535,90.00000000,153.35998535,-5.47689342
Simul_+45deg,45,153.72000122,90.00000000,153.72000122,-5.72878551
Simul_+45deg,45,154.07998657,90.00000000,154.07998657,-5.97803211
Simul_+45deg,45,154.43998718,90.00000000,154.43998718,-6.23633003
Simul_+45deg,45,154.79998779,90.00000000,154.79998779,-6.47761154
Simul_+45deg,45,155.15998840,90.00000000,155.15998840,-6.69803429
Simul_+45deg,45,155.52000427,90.00000000,155.52000427,-6.89352894
Simul_+45deg,45,155.87998962,90.00000000,155.87998962,-7.06011534
Simul_+45deg,45,156.23999023,90.00000000,156.23999023,-7.20905828
Simul_+45deg,45,156.59999084,90.00000000,156.59999084,-7.33620548
Simul_+45deg,45,156.95999146,90.00000000,156.95999146,-7.43267107
Simul_+45deg,45,157.31999207,90.00000000,157.31999207,-7.49628592
Simul_+45deg,45,157.67999268,90.00000000,157.67999268,-7.52556849
Simul_+45deg,45,158.03999329,90.00000000,158.03999329,-7.53449440
Simul_+45deg,45,158.39999390,90.00000000,158.39999390,-7.63120556
Simul_+45deg,45,158.75999451,90.00000000,158.75999451,-7.70158195
Simul_+45deg,45,159.11997986,90.00000000,159.11997986,-7.74429846
Simul_+45deg,45,159.47999573,90.00000000,159.47999573,-7.75852108
Simul_+45deg,45,159.83999634,90.00000000,159.83999634,-7.74396896
Simul_+45deg,45,160.19998169,90.00000000,160.19998169,-7.83772469
Simul_+45deg,45,160.55999756,90.00000000,160.55999756,-8.00974751
Simul_+45deg,45,160.91998291,90.00000000,160.91998291,-8.14613438
Simul_+45deg,45,161.27999878,90.00000000,161.27999878,-8.24326324
Simul_+45deg,45,161.63999939,90.00000000,161.63999939,-8.29836273
Simul_+45deg,45,161.99998474,90.00000000,161.99998474,-8.30979919
Simul_+45deg,45,162.36000061,90.00000000,162.36000061,-8.54905891
Simul_+45deg,45,162.71998596,90.00000000,162.71998596,-8.71272278
Simul_+45deg,45,163.07998657,90.00000000,163.07998657,-8.79155922
Simul_+45deg,45,163.44000244,90.00000000,163.44000244,-8.78085709
Simul_+45deg,45,163.79998779,90.00000000,163.79998779,-8.68127060
Simul_+45deg,45,164.15998840,90.00000000,164.15998840,-8.58740425
Simul_+45deg,45,164.51998901,90.00000000,164.51998901,-8.49240494
Simul_+45deg,45,164.87998962,90.00000000,164.87998962,-8.28003216
Simul_+45deg,45,165.23999023,90.00000000,165.23999023,-7.96654749
Simul_+45deg,45,165.59999084,90.00000000,165.59999084,-7.57290459
Simul_+45deg,45,165.95999146,90.00000000,165.95999146,-7.12088156
Simul_+45deg,45,166.31999207,90.00000000,166.31999207,-6.75609827
Simul_+45deg,45,166.67999268,90.00000000,166.67999268,-6.35405302
Simul_+45deg,45,167.03997803,90.00000000,167.03997803,-5.91331959
Simul_+45deg,45,167.39999390,90.00000000,167.39999390,-5.44785929
Simul_+45deg,45,167.75999451,90.00000000,167.75999451,-4.96902466
Simul_+45deg,45,168.11999512,90.00000000,168.11999512,-4.54599857
Simul_+45deg,45,168.47999573,90.00000000,168.47999573,-4.23180056
Simul_+45deg,45,168.83998108,90.00000000,168.83998108,-3.90377498
Simul_+45deg,45,169.19999695,90.00000000,169.19999695,-3.56641436
Simul_+45deg,45,169.55999756,90.00000000,169.55999756,-3.22349405
Simul_+45deg,45,169.91998291,90.00000000,169.91998291,-2.87806559
Simul_+45deg,45,170.27999878,90.00000000,170.27999878,-2.68667221
Simul_+45deg,45,170.63998413,90.00000000,170.63998413,-2.53000617
Simul_+45deg,45,170.99998474,90.00000000,170.99998474,-2.36392474
Simul_+45deg,45,171.35998535,90.00000000,171.35998535,-2.18970275
Simul_+45deg,45,171.71998596,90.00000000,171.71998596,-2.00849819
Simul_+45deg,45,172.08000183,90.00000000,172.08000183,-1.86295676
Simul_+45deg,45,172.43998718,90.00000000,172.43998718,-1.85549283
Simul_+45deg,45,172.79998779,90.00000000,172.79998779,-1.83960724
Simul_+45deg,45,173.15998840,90.00000000,173.15998840,-1.81539118
Simul_+45deg,45,173.51998901,90.00000000,173.51998901,-1.78298330
Simul_+45deg,45,173.87998962,90.00000000,173.87998962,-1.74256778
Simul_+45deg,45,174.23999023,90.00000000,174.23999023,-1.78925037
Simul_+45deg,45,174.59999084,90.00000000,174.59999084,-1.87789333
Simul_+45deg,45,174.95999146,90.00000000,174.95999146,-1.96116316
Simul_+45deg,45,175.31999207,90.00000000,175.31999207,-2.03871703
Simul_+45deg,45,175.67999268,90.00000000,175.67999268,-2.11022329
Simul_+45deg,45,176.03999329,90.00000000,176.03999329,-2.18384838
Simul_+45deg,45,176.39999390,90.00000000,176.39999390,-2.32196641
Simul_+45deg,45,176.75997925,90.00000000,176.75997925,-2.45863628
Simul_+45deg,45,177.11999512,90.00000000,177.11999512,-2.59359837
Simul_+45deg,45,177.47999573,90.00000000,177.47999573,-2.72653580
Simul_+45deg,45,177.83999634,90.00000000,177.83999634,-2.85711384
Simul_+45deg,45,178.19999695,90.00000000,178.19999695,-2.99184203
Simul_+45deg,45,178.55998230,90.00000000,178.55998230,-3.13251257
Simul_+45deg,45,178.91999817,90.00000000,178.91999817,-3.27462101
Simul_+45deg,45,179.27998352,90.00000000,179.27998352,-3.41816711
Simul_+45deg,45,179.63998413,90.00000000,179.63998413,-3.56311131
Simul_+60deg,60,-180.00000000,90.00000000,-180.00000000,-9.56315804
Simul_+60deg,60,-179.63998413,90.00000000,-179.63998413,-9.85588264
Simul_+60deg,60,-179.27998352,90.00000000,-179.27998352,-10.13500786
Simul_+60deg,60,-178.91999817,90.00000000,-178.91999817,-10.39638138
Simul_+60deg,60,-178.55998230,90.00000000,-178.55998230,-10.63547039
Simul_+60deg,60,-178.19999695,90.00000000,-178.19999695,-10.84748745
Simul_+60deg,60,-177.83999634,90.00000000,-177.83999634,-11.03262997
Simul_+60deg,60,-177.47999573,90.00000000,-177.47999573,-11.19474888
Simul_+60deg,60,-177.11999512,90.00000000,-177.11999512,-11.32690525
Simul_+60deg,60,-176.75997925,90.00000000,-176.75997925,-11.42610645
Simul_+60deg,60,-176.39999390,90.00000000,-176.39999390,-11.48997402
Simul_+60deg,60,-176.03999329,90.00000000,-176.03999329,-11.51690578
Simul_+60deg,60,-175.67999268,90.00000000,-175.67999268,-11.56495953
Simul_+60deg,60,-175.31999207,90.00000000,-175.31999207,-11.58804703
Simul_+60deg,60,-174.95999146,90.00000000,-174.95999146,-11.57866287
Simul_+60deg,60,-174.59999084,90.00000000,-174.59999084,-11.53701878
Simul_+60deg,60,-174.23999023,90.00000000,-174.23999023,-11.46402740
Simul_+60deg,60,-173.87998962,90.00000000,-173.87998962,-11.40006447
Simul_+60deg,60,-173.51998901,90.00000000,-173.51998901,-11.37159920
Simul_+60deg,60,-173.15998840,90.00000000,-173.15998840,-11.29524422
Simul_+60deg,60,-172.79998779,90.00000000,-172.79998779,-11.17346859
Simul_+60deg,60,-172.43998718,90.00000000,-172.43998718,-11.01001263
Simul_+60deg,60,-172.08000183,90.00000000,-172.08000183,-10.80953407
Simul_+60deg,60,-171.71998596,90.00000000,-171.71998596,-10.65990925
Simul_+60deg,60,-171.35998535,90.00000000,-171.35998535,-10.47660923
Simul_+60deg,60,-170.99998474,90.00000000,-170.99998474,-10.23962402
Simul_+60deg,60,-170.63998413,90.00000000,-170.63998413,-9.95765972
Simul_+60deg,60,-170.27999878,90.00000000,-170.27999878,-9.63973045
Simul_+60deg,60,-169.91998291,90.00000000,-169.91998291,-9.32352829
Simul_+60deg,60,-169.55999756,90.00000000,-169.55999756,-9.07532883
Simul_+60deg,60,-169.19999695,90.00000000,-169.19999695,-8.79141903
Simul_+60deg,60,-168.83998108,90.00000000,-168.83998108,-8.47924042
Simul_+60deg,60,-168.47999573,90.00000000,-168.47999573,-8.14570332
Simul_+60deg,60,-168.11999512,90.00000000,-168.11999512,-7.79694271
Simul_+60deg,60,-167.75999451,90.00000000,-167.75999451,-7.55567789
Simul_+60deg,60,-167.39999390,90.00000000,-167.39999390,-7.35647011
Simul_+60deg,60,-167.03997803,90.00000000,-167.03997803,-7.14134741
Simul_+60deg,60,-166.67999268,90.00000000,-166.67999268,-6.91299629
Simul_+60deg,60,-166.31999207,90.00000000,-166.31999207,-6.67390347
Simul_+60deg,60,-165.95999146,90.00000000,-165.95999146,-6.44982529
Simul_+60deg,60,-165.59999084,90.00000000,-165.59999084,-6.40408897
Simul_+60deg,60,-165.23999023,90.00000000,-165.23999023,-6.34773636
Simul_+60deg,60,-164.87998962,90.00000000,-164.87998962,-6.28118086
Simul_+60deg,60,-164.51998901,90.00000000,-164.51998901,-6.20489836
Simul_+60deg,60,-164.15998840,90.00000000,-164.15998840,-6.11941147
Simul_+60deg,60,-163.79998779,90.00000000,-163.79998779,-6.13763380
Simul_+60deg,60,-163.44000244,90.00000000,-163.44000244,-6.23852205
Simul_+60deg,60,-163.07998657,90.00000000,-163.07998657,-6.33204842
Simul_+60deg,60,-162.71998596,90.00000000,-162.71998596,-6.41767693
Simul_+60deg,60,-162.36000061,90.00000000,-162.36000061,-6.49489212
Simul_+60deg,60,-161.99998474,90.00000000,-161.99998474,-6.56321764
Simul_+60deg,60,-161.63999939,90.00000000,-161.63999939,-6.76965427
Simul_+60deg,60,-161.27999878,90.00000000,-161.27999878,-6.96708965
Simul_+60deg,60,-160.91998291,90.00000000,-160.91998291,-7.15375137
Simul_+60deg,60,-160.55999756,90.00000000,-160.55999756,-7.32779217
Simul_+60deg,60,-160.19998169,90.00000000,-160.19998169,-7.48731661
Simul_+60deg,60,-159.83999634,90.00000000,-159.83999634,-7.65558434
Simul_+60deg,60,-159.47999573,90.00000000,-159.47999573,-7.83061457
Simul_+60deg,60,-159.11997986,90.00000000,-159.11997986,-7.97508621
Simul_+60deg,60,-158.75999451,90.00000000,-158.75999451,-8.08564186
Simul_+60deg,60,-158.39999390,90.00000000,-158.39999390,-8.15953445
Simul_+60deg,60,-158.03999329,90.00000000,-158.03999329,-8.19482422
Simul_+60deg,60,-157.67999268,90.00000000,-157.67999268,-8.18717194
Simul_+60deg,60,-157.31999207,90.00000000,-157.31999207,-8.12492371
Simul_+60deg,60,-156.95999146,90.00000000,-156.95999146,-8.00993156
Simul_+60deg,60,-156.59999084,90.00000000,-156.59999084,-7.84627438
Simul_+60deg,60,-156.23999023,90.00000000,-156.23999023,-7.63935947
Simul_+60deg,60,-155.87998962,90.00000000,-155.87998962,-7.41086912
Simul_+60deg,60,-155.52000427,90.00000000,-155.52000427,-7.16782284
Simul_+60deg,60,-155.15998840,90.00000000,-155.15998840,-6.88015652
Simul_+60deg,60,-154.79998779,90.00000000,-154.79998779,-6.55700779
Simul_+60deg,60,-154.43998718,90.00000000,-154.43998718,-6.20707750
Simul_+60deg,60,-154.07998657,90.00000000,-154.07998657,-5.83805943
Simul_+60deg,60,-153.72000122,90.00000000,-153.72000122,-5.55176306
Simul_+60deg,60,-153.35998535,90.00000000,-153.35998535,-5.25797844
Simul_+60deg,60,-152.99998474,90.00000000,-152.99998474,-4.93405962
Simul_+60deg,60,-152.63999939,90.00000000,-152.63999939,-4.58764172
Simul_+60deg,60,-152.27998352,90.00000000,-152.27998352,-4.22543907
Simul_+60deg,60,-151.91999817,90.00000000,-151.91999817,-3.89732647
Simul_+60deg,60,-151.55999756,90.00000000,-151.55999756,-3.69765568
Simul_+60deg,60,-151.19998169,90.00000000,-151.19998169,-3.46395373
Simul_+60deg,60,-150.83999634,90.00000000,-150.83999634,-3.20190072
Simul_+60deg,60,-150.47998047,90.00000000,-150.47998047,-2.91703248
Simul_+60deg,60,-150.11999512,90.00000000,-150.11999512,-2.61453533
Simul_+60deg,60,-149.75999451,90.00000000,-149.75999451,-2.45782804
Simul_+60deg,60,-149.39999390,90.00000000,-149.39999390,-2.34734750
Simul_+60deg,60,-149.03999329,90.00000000,-149.03999329,-2.20185781
Simul_+60deg,60,-148.67999268,90.00000000,-148.67999268,-2.02485657
Simul_+60deg,60,-148.31999207,90.00000000,-148.31999207,-1.82023835
Simul_+60deg,60,-147.95999146,90.00000000,-147.95999146,-1.62201345
Simul_+60deg,60,-147.59999084,90.00000000,-147.59999084,-1.63391995
Simul_+60deg,60,-147.23999023,90.00000000,-147.23999023,-1.60931838
Simul_+60deg,60,-146.87998962,90.00000000,-146.87998962,-1.54881823
Simul_+60deg,60,-146.51998901,90.00000000,-146.51998901,-1.45390213
Simul_+60deg,60,-146.15998840,90.00000000,-146.15998840,-1.32678342
Simul_+60deg,60,-145.80000305,90.00000000,-145.80000305,-1.32280016
Simul_+60deg,60,-145.43998718,90.00000000,-145.43998718,-1.41087902
Simul_+60deg,60,-145.07998657,90.00000000,-145.07998657,-1.46682966
Simul_+60deg,60,-144.72000122,90.00000000,-144.72000122,-1.48937714
Simul_+60deg,60,-144.35998535,90.00000000,-144.35998535,-1.47800303
Simul_+60deg,60,-144.00000000,90.00000000,-144.00000000,-1.43297434
Simul_+60deg,60,-143.63998413,90.00000000,-143.63998413,-1.62773085
Simul_+60deg,60,-143.27999878,90.00000000,-143.27999878,-1.80158615
Simul_+60deg,60,-142.91999817,90.00000000,-142.91999817,-1.95159793
Simul_+60deg,60,-142.55998230,90.00000000,-142.55998230,-2.07498050
Simul_+60deg,60,-142.19999695,90.00000000,-142.19999695,-2.16926312
Simul_+60deg,60,-141.83999634,90.00000000,-141.83999634,-2.34452415
Simul_+60deg,60,-141.47999573,90.00000000,-141.47999573,-2.64672875
Simul_+60deg,60,-141.11999512,90.00000000,-141.11999512,-2.94067502
Simul_+60deg,60,-140.75997925,90.00000000,-140.75997925,-3.22301435
Simul_+60deg,60,-140.39999390,90.00000000,-140.39999390,-3.48992682
Simul_+60deg,60,-140.03999329,90.00000000,-140.03999329,-3.73721123
Simul_+60deg,60,-139.67999268,90.00000000,-139.67999268,-4.17555904
Simul_+60deg,60,-139.31999207,90.00000000,-139.31999207,-4.65347719
Simul_+60deg,60,-138.95999146,90.00000000,-138.95999146,-5.14530468
Simul_+60deg,60,-138.59999084,90.00000000,-138.59999084,-5.64916611
Simul_+60deg,60,-138.23999023,90.00000000,-138.23999023,-6.16200066
Simul_+60deg,60,-137.87998962,90.00000000,-137.87998962,-6.74435139
Simul_+60deg,60,-137.51998901,90.00000000,-137.51998901,-7.49737072
Simul_+60deg,60,-137.16000366,90.00000000,-137.16000366,-8.31787395
Simul_+60deg,60,-136.79998779,90.00000000,-136.79998779,-9.21816444
Simul_+60deg,60,-136.43998718,90.00000000,-136.43998718,-10.21354103
Simul_+60deg,60,-136.08000183,90.00000000,-136.08000183,-11.32327557
Simul_+60deg,60,-135.71998596,90.00000000,-135.71998596,-12.55462456
Simul_+60deg,60,-135.36000061,90.00000000,-135.36000061,-13.95126915
Simul_+60deg,60,-135.00000000,90.00000000,-135.00000000,-15.55373955
Simul_+60deg,60,-134.63998413,90.00000000,-134.63998413,-17.38421631
Simul_+60deg,60,-134.27999878,90.00000000,-134.27999878,-19.37840843
Simul_+60deg,60,-133.91998291,90.00000000,-133.91998291,-20.73745728
Simul_+60deg,60,-133.55999756,90.00000000,-133.55999756,-19.72580147
Simul_+60deg,60,-133.19999695,90.00000000,-133.19999695,-18.15070915
Simul_+60deg,60,-132.83998108,90.00000000,-132.83998108,-16.49591255
Simul_+60deg,60,-132.47999573,90.00000000,-132.47999573,-14.95513821
Simul_+60deg,60,-132.11999512,90.00000000,-132.11999512,-13.57162285
Simul_+60deg,60,-131.75999451,90.00000000,-131.75999451,-12.39161587
Simul_+60deg,60,-131.39999390,90.00000000,-131.39999390,-11.37174988
Simul_+60deg,60,-131.03999329,90.00000000,-131.03999329,-10.45910835
Simul_+60deg,60,-130.67999268,90.00000000,-130.67999268,-9.63331318
Simul_+60deg,60,-130.31999207,90.00000000,-130.31999207,-8.87922859
Simul_+60deg,60,-129.95999146,90.00000000,-129.95999146,-8.20440674
Simul_+60deg,60,-129.59999084,90.00000000,-129.59999084,-7.72029495
Simul_+60deg,60,-129.24000549,90.00000000,-129.24000549,-7.26083946
Simul_+60deg,60,-128.87998962,90.00000000,-128.87998962,-6.82370234
Simul_+60deg,60,-128.51998901,90.00000000,-128.51998901,-6.40690041
Simul_+60deg,60,-128.15998840,90.00000000,-128.15998840,-6.00868273
Simul_+60deg,60,-127.79998779,90.00000000,-127.79998779,-5.70138454
Simul_+60deg,60,-127.43999481,90.00000000,-127.43999481,-5.46144962
Simul_+60deg,60,-127.07999420,90.00000000,-127.07999420,-5.22722673
Simul_+60deg,60,-126.71998596,90.00000000,-126.71998596,-4.99850798
Simul_+60deg,60,-126.35999298,90.00000000,-126.35999298,-4.77507401
Simul_+60deg,60,-125.99999237,90.00000000,-125.99999237,-4.55670881
Simul_+60deg,60,-125.63999939,90.00000000,-125.63999939,-4.46107292
Simul_+60deg,60,-125.27999115,90.00000000,-125.27999115,-4.36512995
Simul_+60deg,60,-124.91998291,90.00000000,-124.91998291,-4.26894474
Simul_+60deg,60,-124.55999756,90.00000000,-124.55999756,-4.17258644
Simul_+60deg,60,-124.19998932,90.00000000,-124.19998932,-4.07610369
Simul_+60deg,60,-123.83999634,90.00000000,-123.83999634,-3.99920225
Simul_+60deg,60,-123.47998810,90.00000000,-123.47998810,-3.94423223
Simul_+60deg,60,-123.12000275,90.00000000,-123.12000275,-3.88576603
Simul_+60deg,60,-122.75999451,90.00000000,-122.75999451,-3.82394886
Simul_+60deg,60,-122.39998627,90.00000000,-122.39998627,-3.75893331
Simul_+60deg,60,-122.03999329,90.00000000,-122.03999329,-3.69087887
Simul_+60deg,60,-121.67999268,90.00000000,-121.67999268,-3.54250431
Simul_+60deg,60,-121.31999969,90.00000000,-121.31999969,-3.38109112
Simul_+60deg,60,-120.95999146,90.00000000,-120.95999146,-3.21682358
Simul_+60deg,60,-120.59999084,90.00000000,-120.59999084,-3.05023909
Simul_+60deg,60,-120.23999786,90.00000000,-120.23999786,-2.88182020
Simul_+60deg,60,-119.87998962,90.00000000,-119.87998962,-2.67608690
Simul_+60deg,60,-119.51999664,90.00000000,-119.51999664,-2.40037704
Simul_+60deg,60,-119.15999603,90.00000000,-119.15999603,-2.12831306
Simul_+60deg,60,-118.79998779,90.00000000,-118.79998779,-1.86025357
Simul_+60deg,60,-118.43999481,90.00000000,-118.43999481,-1.59645605
Simul_+60deg,60,-118.07998657,90.00000000,-118.07998657,-1.33708882
Simul_+60deg,60,-117.72000122,90.00000000,-117.72000122,-1.04766524
Simul_+60deg,60,-117.35999298,90.00000000,-117.35999298,-0.75301671
Simul_+60deg,60,-117.00000000,90.00000000,-117.00000000,-0.46341741
Simul_+60deg,60,-116.63999176,90.00000000,-116.63999176,-0.17907508
Simul_+60deg,60,-116.27999115,90.00000000,-116.27999115,0.09981595
Simul_+60deg,60,-115.91999817,90.00000000,-115.91999817,0.37007526
Simul_+60deg,60,-115.55998993,90.00000000,-115.55998993,0.62684298
Simul_+60deg,60,-115.19999695,90.00000000,-115.19999695,0.88222432
Simul_+60deg,60,-114.83999634,90.00000000,-114.83999634,1.13565636
Simul_+60deg,60,-114.47999573,90.00000000,-114.47999573,1.38662922
Simul_+60deg,60,-114.11999512,90.00000000,-114.11999512,1.63478565
Simul_+60deg,60,-113.75999451,90.00000000,-113.75999451,1.83074927
Simul_+60deg,60,-113.39999390,90.00000000,-113.39999390,2.00466061
Simul_+60deg,60,-113.03999329,90.00000000,-113.03999329,2.18158984
Simul_+60deg,60,-112.67999268,90.00000000,-112.67999268,2.36092520
Simul_+60deg,60,-112.31999207,90.00000000,-112.31999207,2.54208517
Simul_+60deg,60,-111.95999908,90.00000000,-111.95999908,2.71190119
Simul_+60deg,60,-111.59999084,90.00000000,-111.59999084,2.78425241
Simul_+60deg,60,-111.23999023,90.00000000,-111.23999023,2.86255646
Simul_+60deg,60,-110.87999725,90.00000000,-110.87999725,2.94647741
Simul_+60deg,60,-110.51999664,90.00000000,-110.51999664,3.03566480
Simul_+60deg,60,-110.15999603,90.00000000,-110.15999603,3.12977219
Simul_+60deg,60,-109.79998779,90.00000000,-109.79998779,3.16960120
Simul_+60deg,60,-109.43999481,90.00000000,-109.43999481,3.16829944
Simul_+60deg,60,-109.07999420,90.00000000,-109.07999420,3.17337871
Simul_+60deg,60,-108.71999359,90.00000000,-108.71999359,3.18481970
Simul_+60deg,60,-108.35999298,90.00000000,-108.35999298,3.20257187
Simul_+60deg,60,-108.00000000,90.00000000,-108.00000000,3.22655630
Simul_+60deg,60,-107.63999176,90.00000000,-107.63999176,3.16641688
Simul_+60deg,60,-107.27999115,90.00000000,-107.27999115,3.11284423
Simul_+60deg,60,-106.91999054,90.00000000,-106.91999054,3.06608939
Simul_+60deg,60,-106.55999756,90.00000000,-106.55999756,3.02638340
Simul_+60deg,60,-106.19999695,90.00000000,-106.19999695,2.99392462
Simul_+60deg,60,-105.83998871,90.00000000,-105.83998871,2.92950106
Simul_+60deg,60,-105.47999573,90.00000000,-105.47999573,2.82203221
Simul_+60deg,60,-105.11999512,90.00000000,-105.11999512,2.72063637
Simul_+60deg,60,-104.75999451,90.00000000,-104.75999451,2.62582040
Simul_+60deg,60,-104.39999390,90.00000000,-104.39999390,2.53806591
Simul_+60deg,60,-104.03999329,90.00000000,-104.03999329,2.45785761
Simul_+60deg,60,-103.67999268,90.00000000,-103.67999268,2.32342029
Simul_+60deg,60,-103.31999207,90.00000000,-103.31999207,2.18524551
Simul_+60deg,60,-102.95999146,90.00000000,-102.95999146,2.05136156
Simul_+60deg,60,-102.59999847,90.00000000,-102.59999847,1.92232895
Simul_+60deg,60,-102.23999786,90.00000000,-102.23999786,1.79870963
Simul_+60deg,60,-101.87999725,90.00000000,-101.87999725,1.67027688
Simul_+60deg,60,-101.51998901,90.00000000,-101.51998901,1.52364016
Simul_+60deg,60,-101.15999603,90.00000000,-101.15999603,1.37927222
Simul_+60deg,60,-100.79999542,90.00000000,-100.79999542,1.23758924
Simul_+60deg,60,-100.43999481,90.00000000,-100.43999481,1.09901464
Simul_+60deg,60,-100.07999420,90.00000000,-100.07999420,0.96401399
Simul_+60deg,60,-99.71999359,90.00000000,-99.71999359,0.81674463
Simul_+60deg,60,-99.35999298,90.00000000,-99.35999298,0.66604143
Simul_+60deg,60,-98.99999237,90.00000000,-98.99999237,0.51643872
Simul_+60deg,60,-98.63999176,90.00000000,-98.63999176,0.36825302
Simul_+60deg,60,-98.27999878,90.00000000,-98.27999878,0.22181673
Simul_+60deg,60,-97.91999817,90.00000000,-97.91999817,0.07589182
Simul_+60deg,60,-97.55998993,90.00000000,-97.55998993,-0.07446175
Simul_+60deg,60,-97.19999695,90.00000000,-97.19999695,-0.22424547
Simul_+60deg,60,-96.83999634,90.00000000,-96.83999634,-0.37319976
Simul_+60deg,60,-96.47999573,90.00000000,-96.47999573,-0.52106017
Simul_+60deg,60,-96.11999512,90.00000000,-96.11999512,-0.66752553
Simul_+60deg,60,-95.75999451,90.00000000,-95.75999451,-0.78614199
Simul_+60deg,60,-95.39999390,90.00000000,-95.39999390,-0.88966405
Simul_+60deg,60,-95.03999329,90.00000000,-95.03999329,-0.99094445
Simul_+60deg,60,-94.67999268,90.00000000,-94.67999268,-1.08975422
Simul_+60deg,60,-94.31999969,90.00000000,-94.31999969,-1.18586886
Simul_+60deg,60,-93.95999908,90.00000000,-93.95999908,-1.27344918
Simul_+60deg,60,-93.59999084,90.00000000,-93.59999084,-1.31373143
Simul_+60deg,60,-93.23999023,90.00000000,-93.23999023,-1.35204625
Simul_+60deg,60,-92.87999725,90.00000000,-92.87999725,-1.38833773
Simul_+60deg,60,-92.51999664,90.00000000,-92.51999664,-1.42255259
Simul_+60deg,60,-92.15999603,90.00000000,-92.15999603,-1.45463955
Simul_+60deg,60,-91.79999542,90.00000000,-91.79999542,-1.47753501
Simul_+60deg,60,-91.43999481,90.00000000,-91.43999481,-1.49384844
Simul_+60deg,60,-91.07999420,90.00000000,-91.07999420,-1.50953317
Simul_+60deg,60,-90.71999359,90.00000000,-90.71999359,-1.52458310
Simul_+60deg,60,-90.35999298,90.00000000,-90.35999298,-1.53898966
Simul_+60deg,60,-90.00000000,90.00000000,-90.00000000,-1.55274773
Simul_+60deg,60,-89.63999176,90.00000000,-89.63999176,-1.56353641
Simul_+60deg,60,-89.27999115,90.00000000,-89.27999115,-1.57417595
Simul_+60deg,60,-88.91999817,90.00000000,-88.91999817,-1.58466482
Simul_+60deg,60,-88.55999756,90.00000000,-88.55999756,-1.59500170
Simul_+60deg,60,-88.19999695,90.00000000,-88.19999695,-1.60518742
Simul_+60deg,60,-87.83999634,90.00000000,-87.83999634,-1.61201000
Simul_+60deg,60,-87.47999573,90.00000000,-87.47999573,-1.61471415
Simul_+60deg,60,-87.11999512,90.00000000,-87.11999512,-1.61732769
Simul_+60deg,60,-86.75999451,90.00000000,-86.75999451,-1.61985052
Simul_+60deg,60,-86.39999390,90.00000000,-86.39999390,-1.62228167
Simul_+60deg,60,-86.04000092,90.00000000,-86.04000092,-1.62462163
Simul_+60deg,60,-85.67999268,90.00000000,-85.67999268,-1.63356054
Simul_+60deg,60,-85.31999207,90.00000000,-85.31999207,-1.64295304
Simul_+60deg,60,-84.95999146,90.00000000,-84.95999146,-1.65194201
Simul_+60deg,60,-84.59999847,90.00000000,-84.59999847,-1.66052413
Simul_+60deg,60,-84.23999786,90.00000000,-84.23999786,-1.66869950
Simul_+60deg,60,-83.87999725,90.00000000,-83.87999725,-1.68193460
Simul_+60deg,60,-83.51998901,90.00000000,-83.51998901,-1.70517278
Simul_+60deg,60,-83.15999603,90.00000000,-83.15999603,-1.72718883
Simul_+60deg,60,-82.79999542,90.00000000,-82.79999542,-1.74796641
Simul_+60deg,60,-82.43999481,90.00000000,-82.43999481,-1.76748502
Simul_+60deg,60,-82.07999420,90.00000000,-82.07999420,-1.78572774
Simul_+60deg,60,-81.72000122,90.00000000,-81.72000122,-1.81369770
Simul_+60deg,60,-81.35999298,90.00000000,-81.35999298,-1.84267855
Simul_+60deg,60,-80.99999237,90.00000000,-80.99999237,-1.86937261
Simul_+60deg,60,-80.63999939,90.00000000,-80.63999939,-1.89373469
Simul_+60deg,60,-80.27999878,90.00000000,-80.27999878,-1.91572893
Simul_+60deg,60,-79.91999817,90.00000000,-79.91999817,-1.94012046
Simul_+60deg,60,-79.55998993,90.00000000,-79.55998993,-1.97817862
Simul_+60deg,60,-79.19999695,90.00000000,-79.19999695,-2.01254129
Simul_+60deg,60,-78.83999634,90.00000000,-78.83999634,-2.04312062
Simul_+60deg,60,-78.47999573,90.00000000,-78.47999573,-2.06983304
Simul_+60deg,60,-78.11999512,90.00000000,-78.11999512,-2.09260798
Simul_+60deg,60,-77.76000214,90.00000000,-77.76000214,-2.11873055
Simul_+60deg,60,-77.39999390,90.00000000,-77.39999390,-2.14264536
Simul_+60deg,60,-77.03999329,90.00000000,-77.03999329,-2.16021037
Simul_+60deg,60,-76.67999268,90.00000000,-76.67999268,-2.17134929
Simul_+60deg,60,-76.31999969,90.00000000,-76.31999969,-2.17601109
Simul_+60deg,60,-75.95999908,90.00000000,-75.95999908,-2.17225289
Simul_+60deg,60,-75.59999084,90.00000000,-75.59999084,-2.14571977
Simul_+60deg,60,-75.23999023,90.00000000,-75.23999023,-2.11123061
Simul_+60deg,60,-74.87999725,90.00000000,-74.87999725,-2.06897163
Simul_+60deg,60,-74.51999664,90.00000000,-74.51999664,-2.01917124
Simul_+60deg,60,-74.15999603,90.00000000,-74.15999603,-1.96209025
Simul_+60deg,60,-73.79999542,90.00000000,-73.79999542,-1.89515412
Simul_+60deg,60,-73.43999481,90.00000000,-73.43999481,-1.81895328
Simul_+60deg,60,-73.07999420,90.00000000,-73.07999420,-1.73607874
Simul_+60deg,60,-72.71999359,90.00000000,-72.71999359,-1.64693117
Simul_+60deg,60,-72.36000061,90.00000000,-72.36000061,-1.55191803
Simul_+60deg,60,-72.00000000,90.00000000,-72.00000000,-1.45145714
Simul_+60deg,60,-71.63999939,90.00000000,-71.63999939,-1.37077975
Simul_+60deg,60,-71.27999115,90.00000000,-71.27999115,-1.28347874
Simul_+60deg,60,-70.91999817,90.00000000,-70.91999817,-1.18997526
Simul_+60deg,60,-70.55999756,90.00000000,-70.55999756,-1.09069812
Simul_+60deg,60,-70.19999695,90.00000000,-70.19999695,-0.98608106
Simul_+60deg,60,-69.83999634,90.00000000,-69.83999634,-0.88607639
Simul_+60deg,60,-69.47999573,90.00000000,-69.47999573,-0.79191351
Simul_+60deg,60,-69.11999512,90.00000000,-69.11999512,-0.69154716
Simul_+60deg,60,-68.75999451,90.00000000,-68.75999451,-0.58544570
Simul_+60deg,60,-68.39999390,90.00000000,-68.39999390,-0.47406834
Simul_+60deg,60,-68.04000092,90.00000000,-68.04000092,-0.35788488
Simul_+60deg,60,-67.68000031,90.00000000,-67.68000031,-0.25322694
Simul_+60deg,60,-67.31999207,90.00000000,-67.31999207,-0.14589718
Simul_+60deg,60,-66.95999146,90.00000000,-66.95999146,-0.03427408
Simul_+60deg,60,-66.59999847,90.00000000,-66.59999847,0.08126039
Simul_+60deg,60,-66.23999786,90.00000000,-66.23999786,0.20032486
Simul_+60deg,60,-65.87999725,90.00000000,-65.87999725,0.31116778
Simul_+60deg,60,-65.51999664,90.00000000,-65.51999664,0.40247780
Simul_+60deg,60,-65.15999603,90.00000000,-65.15999603,0.49697483
Simul_+60deg,60,-64.79999542,90.00000000,-64.79999542,0.59441423
Simul_+60deg,60,-64.43999481,90.00000000,-64.43999481,0.69455719
Simul_+60deg,60,-64.07999420,90.00000000,-64.07999420,0.79716945
Simul_+60deg,60,-63.71999741,90.00000000,-63.71999741,0.87883043
Simul_+60deg,60,-63.35999298,90.00000000,-63.35999298,0.95664418
Simul_+60deg,60,-62.99999619,90.00000000,-62.99999619,1.03715241
Simul_+60deg,60,-62.63999557,90.00000000,-62.63999557,1.12018454
Simul_+60deg,60,-62.27999878,90.00000000,-62.27999878,1.20557117
Simul_+60deg,60,-61.91999817,90.00000000,-61.91999817,1.29083741
Simul_+60deg,60,-61.56000137,90.00000000,-61.56000137,1.37037742
Simul_+60deg,60,-61.19999313,90.00000000,-61.19999313,1.45230782
Simul_+60deg,60,-60.83999634,90.00000000,-60.83999634,1.53646827
Simul_+60deg,60,-60.47999573,90.00000000,-60.47999573,1.62270415
Simul_+60deg,60,-60.11999893,90.00000000,-60.11999893,1.71085763
Simul_+60deg,60,-59.75999832,90.00000000,-59.75999832,1.79371428
Simul_+60deg,60,-59.39999390,90.00000000,-59.39999390,1.87493467
Simul_+60deg,60,-59.03999329,90.00000000,-59.03999329,1.95797372
Simul_+60deg,60,-58.67999649,90.00000000,-58.67999649,2.04270458
Simul_+60deg,60,-58.31999588,90.00000000,-58.31999588,2.12899542
Simul_+60deg,60,-57.95999908,90.00000000,-57.95999908,2.21451068
Simul_+60deg,60,-57.59999847,90.00000000,-57.59999847,2.28378201
Simul_+60deg,60,-57.23999786,90.00000000,-57.23999786,2.35457754
Simul_+60deg,60,-56.87999725,90.00000000,-56.87999725,2.42680526
Simul_+60deg,60,-56.51999664,90.00000000,-56.51999664,2.50037384
Simul_+60deg,60,-56.15999603,90.00000000,-56.15999603,2.57519579
Simul_+60deg,60,-55.79999542,90.00000000,-55.79999542,2.63696671
Simul_+60deg,60,-55.43999863,90.00000000,-55.43999863,2.68856096
Simul_+60deg,60,-55.07999802,90.00000000,-55.07999802,2.74133468
Simul_+60deg,60,-54.71999741,90.00000000,-54.71999741,2.79524541
Simul_+60deg,60,-54.35999680,90.00000000,-54.35999680,2.85023355
Simul_+60deg,60,-54.00000000,90.00000000,-54.00000000,2.90625787
Simul_+60deg,60,-53.63999557,90.00000000,-53.63999557,2.91697931
Simul_+60deg,60,-53.27999878,90.00000000,-53.27999878,2.92890120
Simul_+60deg,60,-52.91999435,90.00000000,-52.91999435,2.94201326
Simul_+60deg,60,-52.55999756,90.00000000,-52.55999756,2.95630360
Simul_+60deg,60,-52.19999695,90.00000000,-52.19999695,2.97176170
Simul_+60deg,60,-51.83999634,90.00000000,-51.83999634,2.95802021
Simul_+60deg,60,-51.47999573,90.00000000,-51.47999573,2.90727472
Simul_+60deg,60,-51.11999893,90.00000000,-51.11999893,2.85741758
Simul_+60deg,60,-50.75999451,90.00000000,-50.75999451,2.80848765
Simul_+60deg,60,-50.39999771,90.00000000,-50.39999771,2.76052141
Simul_+60deg,60,-50.03999710,90.00000000,-50.03999710,2.71356058
Simul_+60deg,60,-49.67999649,90.00000000,-49.67999649,2.62360120
Simul_+60deg,60,-49.31999588,90.00000000,-49.31999588,2.52831650
Simul_+60deg,60,-48.95999908,90.00000000,-48.95999908,2.43321109
Simul_+60deg,60,-48.59999847,90.00000000,-48.59999847,2.33834243
Simul_+60deg,60,-48.23999786,90.00000000,-48.23999786,2.24377918
Simul_+60deg,60,-47.87999725,90.00000000,-47.87999725,2.15218043
Simul_+60deg,60,-47.51999664,90.00000000,-47.51999664,2.06647348
Simul_+60deg,60,-47.15999985,90.00000000,-47.15999985,1.98163617
Simul_+60deg,60,-46.79999542,90.00000000,-46.79999542,1.89775705
Simul_+60deg,60,-46.43999863,90.00000000,-46.43999863,1.81492758
Simul_+60deg,60,-46.07999802,90.00000000,-46.07999802,1.73323882
Simul_+60deg,60,-45.71999741,90.00000000,-45.71999741,1.68535209
Simul_+60deg,60,-45.35999680,90.00000000,-45.35999680,1.64859629
Simul_+60deg,60,-45.00000000,90.00000000,-45.00000000,1.61378443
Simul_+60deg,60,-44.63999557,90.00000000,-44.63999557,1.58096528
Simul_+60deg,60,-44.27999878,90.00000000,-44.27999878,1.55018580
Simul_+60deg,60,-43.91999817,90.00000000,-43.91999817,1.52666831
Simul_+60deg,60,-43.55999756,90.00000000,-43.55999756,1.52330923
Simul_+60deg,60,-43.19999695,90.00000000,-43.19999695,1.52196074
Simul_+60deg,60,-42.83999634,90.00000000,-42.83999634,1.52262449
Simul_+60deg,60,-42.47999573,90.00000000,-42.47999573,1.52529836
Simul_+60deg,60,-42.11999893,90.00000000,-42.11999893,1.52997971
Simul_+60deg,60,-41.75999451,90.00000000,-41.75999451,1.53250766
Simul_+60deg,60,-41.39999771,90.00000000,-41.39999771,1.53518069
Simul_+60deg,60,-41.03999710,90.00000000,-41.03999710,1.54011834
Simul_+60deg,60,-40.67999649,90.00000000,-40.67999649,1.54731059
Simul_+60deg,60,-40.31999969,90.00000000,-40.31999969,1.55674911
Simul_+60deg,60,-39.95999908,90.00000000,-39.95999908,1.56578648
Simul_+60deg,60,-39.59999847,90.00000000,-39.59999847,1.55632436
Simul_+60deg,60,-39.23999786,90.00000000,-39.23999786,1.54966950
Simul_+60deg,60,-38.88000107,90.00000000,-38.88000107,1.54583514
Simul_+60deg,60,-38.51999664,90.00000000,-38.51999664,1.54482746
Simul_+60deg,60,-38.15999985,90.00000000,-38.15999985,1.54665065
Simul_+60deg,60,-37.79999542,90.00000000,-37.79999542,1.53333199
Simul_+60deg,60,-37.43999863,90.00000000,-37.43999863,1.50898266
Simul_+60deg,60,-37.07999802,90.00000000,-37.07999802,1.48817480
Simul_+60deg,60,-36.71999741,90.00000000,-36.71999741,1.47096229
Simul_+60deg,60,-36.35999680,90.00000000,-36.35999680,1.45738530
Simul_+60deg,60,-36.00000000,90.00000000,-36.00000000,1.44748080
Simul_+60deg,60,-35.63999557,90.00000000,-35.63999557,1.41168880
Simul_+60deg,60,-35.27999878,90.00000000,-35.27999878,1.37993622
Simul_+60deg,60,-34.91999817,90.00000000,-34.91999817,1.35231400
Simul_+60deg,60,-34.55999756,90.00000000,-34.55999756,1.32890403
Simul_+60deg,60,-34.19999695,90.00000000,-34.19999695,1.30977499
Simul_+60deg,60,-33.84000015,90.00000000,-33.84000015,1.28561985
Simul_+60deg,60,-33.47999573,90.00000000,-33.47999573,1.25374150
Simul_+60deg,60,-33.11999893,90.00000000,-33.11999893,1.22576702
Simul_+60deg,60,-32.75999832,90.00000000,-32.75999832,1.20177400
Simul_+60deg,60,-32.39999771,90.00000000,-32.39999771,1.18183005
Simul_+60deg,60,-32.03999710,90.00000000,-32.03999710,1.16599071
Simul_+60deg,60,-31.67999649,90.00000000,-31.67999649,1.13140285
Simul_+60deg,60,-31.31999779,90.00000000,-31.31999779,1.09705746
Simul_+60deg,60,-30.95999908,90.00000000,-30.95999908,1.06582832
Simul_+60deg,60,-30.59999657,90.00000000,-30.59999657,1.03778028
Simul_+60deg,60,-30.23999786,90.00000000,-30.23999786,1.01298237
Simul_+60deg,60,-29.87999916,90.00000000,-29.87999916,0.97649759
Simul_+60deg,60,-29.51999664,90.00000000,-29.51999664,0.91250658
Simul_+60deg,60,-29.15999794,90.00000000,-29.15999794,0.85064465
Simul_+60deg,60,-28.79999924,90.00000000,-28.79999924,0.79101872
Simul_+60deg,60,-28.43999863,90.00000000,-28.43999863,0.73373264
Simul_+60deg,60,-28.07999802,90.00000000,-28.07999802,0.67889321
Simul_+60deg,60,-27.71999931,90.00000000,-27.71999931,0.58136356
Simul_+60deg,60,-27.35999870,90.00000000,-27.35999870,0.47258201
Simul_+60deg,60,-27.00000000,90.00000000,-27.00000000,0.36553681
Simul_+60deg,60,-26.63999939,90.00000000,-26.63999939,0.26042965
Simul_+60deg,60,-26.27999878,90.00000000,-26.27999878,0.15747027
Simul_+60deg,60,-25.91999817,90.00000000,-25.91999817,0.04627434
Simul_+60deg,60,-25.55999947,90.00000000,-25.55999947,-0.09936138
Simul_+60deg,60,-25.19999886,90.00000000,-25.19999886,-0.24188262
Simul_+60deg,60,-24.83999825,90.00000000,-24.83999825,-0.38080785
Simul_+60deg,60,-24.47999954,90.00000000,-24.47999954,-0.51562542
Simul_+60deg,60,-24.11999893,90.00000000,-24.11999893,-0.64579958
Simul_+60deg,60,-23.75999832,90.00000000,-23.75999832,-0.78864962
Simul_+60deg,60,-23.39999771,90.00000000,-23.39999771,-0.93377680
Simul_+60deg,60,-23.03999901,90.00000000,-23.03999901,-1.07120812
Simul_+60deg,60,-22.67999840,90.00000000,-22.67999840,-1.20003438
Simul_+60deg,60,-22.31999779,90.00000000,-22.31999779,-1.31933761
Simul_+60deg,60,-21.95999908,90.00000000,-21.95999908,-1.43108737
Simul_+60deg,60,-21.59999847,90.00000000,-21.59999847,-1.55533564
Simul_+60deg,60,-21.23999786,90.00000000,-21.23999786,-1.66859698
Simul_+60deg,60,-20.87999725,90.00000000,-20.87999725,-1.76991296
Simul_+60deg,60,-20.51999855,90.00000000,-20.51999855,-1.85835898
Simul_+60deg,60,-20.15999985,90.00000000,-20.15999985,-1.93308687
Simul_+60deg,60,-19.79999924,90.00000000,-19.79999924,-2.01930666
Simul_+60deg,60,-19.44000053,90.00000000,-19.44000053,-2.11399317
Simul_+60deg,60,-19.07999992,90.00000000,-19.07999992,-2.19639468
Simul_+60deg,60,-18.71999931,90.00000000,-18.71999931,-2.26576352
Simul_+60deg,60,-18.35999870,90.00000000,-18.35999870,-2.32144165
Simul_+60deg,60,-18.00000000,90.00000000,-18.00000000,-2.36288524
Simul_+60deg,60,-17.63999939,90.00000000,-17.63999939,-2.44883728
Simul_+60deg,60,-17.27999878,90.00000000,-17.27999878,-2.52348447
Simul_+60deg,60,-16.92000008,90.00000000,-16.92000008,-2.58620787
Simul_+60deg,60,-16.55999947,90.00000000,-16.55999947,-2.63646603
Simul_+60deg,60,-16.19999886,90.00000000,-16.19999886,-2.67381239
Simul_+60deg,60,-15.83999825,90.00000000,-15.83999825,-2.72178864
Simul_+60deg,60,-15.47999954,90.00000000,-15.47999954,-2.78881884
Simul_+60deg,60,-15.11999893,90.00000000,-15.11999893,-2.84567094
Simul_+60deg,60,-14.75999832,90.00000000,-14.75999832,-2.89192820
Simul_+60deg,60,-14.39999962,90.00000000,-14.39999962,-2.92724228
Simul_+60deg,60,-14.03999901,90.00000000,-14.03999901,-2.95134115
Simul_+60deg,60,-13.67999935,90.00000000,-13.67999935,-3.01197004
Simul_+60deg,60,-13.31999969,90.00000000,-13.31999969,-3.07093143
Simul_+60deg,60,-12.95999908,90.00000000,-12.95999908,-3.12215686
Simul_+60deg,60,-12.59999943,90.00000000,-12.59999943,-3.16535425
Simul_+60deg,60,-12.23999977,90.00000000,-12.23999977,-3.20027924
Simul_+60deg,60,-11.87999916,90.00000000,-11.87999916,-3.24825907
Simul_+60deg,60,-11.51999950,90.00000000,-11.51999950,-3.33352804
Simul_+60deg,60,-11.15999889,90.00000000,-11.15999889,-3.41418767
Simul_+60deg,60,-10.79999924,90.00000000,-10.79999924,-3.48994541
Simul_+60deg,60,-10.43999863,90.00000000,-10.43999863,-3.56051540
Simul_+60deg,60,-10.07999992,90.00000000,-10.07999992,-3.62561750
Simul_+60deg,60,-9.72000027,90.00000000,-9.72000027,-3.74524117
Simul_+60deg,60,-9.35999966,90.00000000,-9.35999966,-3.87971854
Simul_+60deg,60,-9.00000000,90.00000000,-9.00000000,-4.01197052
Simul_+60deg,60,-8.63999939,90.00000000,-8.63999939,-4.14165640
Simul_+60deg,60,-8.27999973,90.00000000,-8.27999973,-4.26841402
Simul_+60deg,60,-7.91999912,90.00000000,-7.91999912,-4.40824795
Simul_+60deg,60,-7.55999947,90.00000000,-7.55999947,-4.60409307
Simul_+60deg,60,-7.19999981,90.00000000,-7.19999981,-4.79971361
Simul_+60deg,60,-6.83999968,90.00000000,-6.83999968,-4.99465179
Simul_+60deg,60,-6.47999954,90.00000000,-6.47999954,-5.18839073
Simul_+60deg,60,-6.11999989,90.00000000,-6.11999989,-5.38034439
Simul_+60deg,60,-5.75999975,90.00000000,-5.75999975,-5.60550976
Simul_+60deg,60,-5.39999962,90.00000000,-5.39999962,-5.84799242
Simul_+60deg,60,-5.03999996,90.00000000,-5.03999996,-6.08968210
Simul_+60deg,60,-4.67999983,90.00000000,-4.67999983,-6.32961988
Simul_+60deg,60,-4.31999969,90.00000000,-4.31999969,-6.56668425
Simul_+60deg,60,-3.95999956,90.00000000,-3.95999956,-6.80220032
Simul_+60deg,60,-3.59999990,90.00000000,-3.59999990,-7.05411911
Simul_+60deg,60,-3.23999977,90.00000000,-3.23999977,-7.30131626
Simul_+60deg,60,-2.87999988,90.00000000,-2.87999988,-7.54204226
Simul_+60deg,60,-2.51999998,90.00000000,-2.51999998,-7.77432394
Simul_+60deg,60,-2.15999985,90.00000000,-2.15999985,-7.99597692
Simul_+60deg,60,-1.79999995,90.00000000,-1.79999995,-8.20929432
Simul_+60deg,60,-1.43999994,90.00000000,-1.43999994,-8.41343975
Simul_+60deg,60,-1.07999992,90.00000000,-1.07999992,-8.60304070
Simul_+60deg,60,-0.71999997,90.00000000,-0.71999997,-8.77568150
Simul_+60deg,60,-0.35999998,90.00000000,-0.35999998,-8.92893124
Simul_+60deg,60,0.00000000,90.00000000,0.00000000,-9.06042862
Simul_+60deg,60,0.35999998,90.00000000,0.35999998,-9.19305801
Simul_+60deg,60,0.71999997,90.00000000,0.71999997,-9.30326557
Simul_+60deg,60,1.07999992,90.00000000,1.07999992,-9.38920689
Simul_+60deg,60,1.43999994,90.00000000,1.43999994,-9.44937134
Simul_+60deg,60,1.79999995,90.00000000,1.79999995,-9.48265266
Simul_+60deg,60,2.15999985,90.00000000,2.15999985,-9.51452446
Simul_+60deg,60,2.51999998,90.00000000,2.51999998,-9.55087757
Simul_+60deg,60,2.87999988,90.00000000,2.87999988,-9.55838585
Simul_+60deg,60,3.23999977,90.00000000,3.23999977,-9.53689957
Simul_+60deg,60,3.59999990,90.00000000,3.59999990,-9.48684502
Simul_+60deg,60,3.95999956,90.00000000,3.95999956,-9.40919781
Simul_+60deg,60,4.31999969,90.00000000,4.31999969,-9.38553715
Simul_+60deg,60,4.67999983,90.00000000,4.67999983,-9.34222412
Simul_+60deg,60,5.03999996,90.00000000,5.03999996,-9.26986694
Simul_+60deg,60,5.39999962,90.00000000,5.39999962,-9.16989708
Simul_+60deg,60,5.75999975,90.00000000,5.75999975,-9.04420090
Simul_+60deg,60,6.11999989,90.00000000,6.11999989,-8.93567467
Simul_+60deg,60,6.47999954,90.00000000,6.47999954,-8.88337994
Simul_+60deg,60,6.83999968,90.00000000,6.83999968,-8.80532169
Simul_+60deg,60,7.19999981,90.00000000,7.19999981,-8.70287704
Simul_+60deg,60,7.55999947,90.00000000,7.55999947,-8.57776070
Simul_+60deg,60,7.91999912,90.00000000,7.91999912,-8.43194294
Simul_+60deg,60,8.27999973,90.00000000,8.27999973,-8.38707161
Simul_+60deg,60,8.63999939,90.00000000,8.63999939,-8.35512638
Simul_+60deg,60,9.00000000,90.00000000,9.00000000,-8.30196953
Simul_+60deg,60,9.35999966,90.00000000,9.35999966,-8.22837162
Simul_+60deg,60,9.72000027,90.00000000,9.72000027,-8.13536549
Simul_+60deg,60,10.07999992,90.00000000,10.07999992,-8.06411839
Simul_+60deg,60,10.43999863,90.00000000,10.43999863,-8.11326885
Simul_+60deg,60,10.79999924,90.00000000,10.79999924,-8.14136124
Simul_+60deg,60,11.15999889,90.00000000,11.15999889,-8.14798164
Simul_+60deg,60,11.51999950,90.00000000,11.51999950,-8.13302803
Simul_+60deg,60,11.87999916,90.00000000,11.87999916,-8.09672832
Simul_+60deg,60,12.23999977,90.00000000,12.23999977,-8.15617752
Simul_+60deg,60,12.59999943,90.00000000,12.59999943,-8.24667072
Simul_+60deg,60,12.95999908,90.00000000,12.95999908,-8.30696106
Simul_+60deg,60,13.31999969,90.00000000,13.31999969,-8.33576202
Simul_+60deg,60,13.67999935,90.00000000,13.67999935,-8.33243942
Simul_+60deg,60,14.03999901,90.00000000,14.03999901,-8.31208038
Simul_+60deg,60,14.39999962,90.00000000,14.39999962,-8.37188148
Simul_+60deg,60,14.75999832,90.00000000,14.75999832,-8.38391876
Simul_+60deg,60,15.11999893,90.00000000,15.11999893,-8.34779549
Simul_+60deg,60,15.47999954,90.00000000,15.47999954,-8.26469326
Simul_+60deg,60,15.83999825,90.00000000,15.83999825,-8.13724899
Simul_+60deg,60,16.19999886,90.00000000,16.19999886,-8.01875496
Simul_+60deg,60,16.55999947,90.00000000,16.55999947,-7.89178419
Simul_+60deg,60,16.92000008,90.00000000,16.92000008,-7.71788597
Simul_+60deg,60,17.27999878,90.00000000,17.27999878,-7.50260639
Simul_+60deg,60,17.63999939,90.00000000,17.63999939,-7.25212812
Simul_+60deg,60,18.00000000,90.00000000,18.00000000,-6.97278309
Simul_+60deg,60,18.35999870,90.00000000,18.35999870,-6.76232338
Simul_+60deg,60,18.71999931,90.00000000,18.71999931,-6.52428436
Simul_+60deg,60,19.07999992,90.00000000,19.07999992,-6.26349163
Simul_+60deg,60,19.44000053,90.00000000,19.44000053,-5.98454428
Simul_+60deg,60,19.79999924,90.00000000,19.79999924,-5.69166136
Simul_+60deg,60,20.15999985,90.00000000,20.15999985,-5.43450928
Simul_+60deg,60,20.51999855,90.00000000,20.51999855,-5.22107124
Simul_+60deg,60,20.87999725,90.00000000,20.87999725,-4.99410772
Simul_+60deg,60,21.23999786,90.00000000,21.23999786,-4.75615072
Simul_+60deg,60,21.59999847,90.00000000,21.59999847,-4.50953293
Simul_+60deg,60,21.95999908,90.00000000,21.95999908,-4.25630903
Simul_+60deg,60,22.31999779,90.00000000,22.31999779,-4.07377529
Simul_+60deg,60,22.67999840,90.00000000,22.67999840,-3.88993835
Simul_+60deg,60,23.03999901,90.00000000,23.03999901,-3.69656825
Simul_+60deg,60,23.39999771,90.00000000,23.39999771,-3.49521446
Simul_+60deg,60,23.75999832,90.00000000,23.75999832,-3.28731489
Simul_+60deg,60,24.11999893,90.00000000,24.11999893,-3.09734774
Simul_+60deg,60,24.47999954,90.00000000,24.47999954,-2.94584990
Simul_+60deg,60,24.83999825,90.00000000,24.83999825,-2.78573465
Simul_+60deg,60,25.19999886,90.00000000,25.19999886,-2.61810899
Simul_+60deg,60,25.55999947,90.00000000,25.55999947,-2.44402766
Simul_+60deg,60,25.91999817,90.00000000,25.91999817,-2.26448560
Simul_+60deg,60,26.27999878,90.00000000,26.27999878,-2.13587809
Simul_+60deg,60,26.63999939,90.00000000,26.63999939,-2.01610970
Simul_+60deg,60,27.00000000,90.00000000,27.00000000,-1.88960099
Simul_+60deg,60,27.35999870,90.00000000,27.35999870,-1.75701928
Simul_+60deg,60,27.71999931,90.00000000,27.71999931,-1.61901379
Simul_+60deg,60,28.07999802,90.00000000,28.07999802,-1.49291408
Simul_+60deg,60,28.43999863,90.00000000,28.43999863,-1.41949308
Simul_+60deg,60,28.79999924,90.00000000,28.79999924,-1.33968973
Simul_+60deg,60,29.15999794,90.00000000,29.15999794,-1.25387144
Simul_+60deg,60,29.51999664,90.00000000,29.51999664,-1.16241741
Simul_+60deg,60,29.87999916,90.00000000,29.87999916,-1.06571150
Simul_+60deg,60,30.23999786,90.00000000,30.23999786,-0.99778366
Simul_+60deg,60,30.59999657,90.00000000,30.59999657,-0.94020122
Simul_+60deg,60,30.95999908,90.00000000,30.95999908,-0.87602681
Simul_+60deg,60,31.31999779,90.00000000,31.31999779,-0.80557019
Simul_+60deg,60,31.67999649,90.00000000,31.67999649,-0.72913945
Simul_+60deg,60,32.03999710,90.00000000,32.03999710,-0.64893281
Simul_+60deg,60,32.39999771,90.00000000,32.39999771,-0.57742006
Simul_+60deg,60,32.75999832,90.00000000,32.75999832,-0.49927351
Simul_+60deg,60,33.11999893,90.00000000,33.11999893,-0.41486648
Simul_+60deg,60,33.47999573,90.00000000,33.47999573,-0.32458451
Simul_+60deg,60,33.84000015,90.00000000,33.84000015,-0.22881955
Simul_+60deg,60,34.19999695,90.00000000,34.19999695,-0.14015687
Simul_+60deg,60,34.55999756,90.00000000,34.55999756,-0.05657387
Simul_+60deg,60,34.91999817,90.00000000,34.91999817,0.03136741
Simul_+60deg,60,35.27999878,90.00000000,35.27999878,0.12337452
Simul_+60deg,60,35.63999557,90.00000000,35.63999557,0.21915795
Simul_+60deg,60,36.00000000,90.00000000,36.00000000,0.31843102
Simul_+60deg,60,36.35999680,90.00000000,36.35999680,0.36296511
Simul_+60deg,60,36.71999741,90.00000000,36.71999741,0.41063160
Simul_+60deg,60,37.07999802,90.00000000,37.07999802,0.46132481
Simul_+60deg,60,37.43999863,90.00000000,37.43999863,0.51493251
Simul_+60deg,60,37.79999542,90.00000000,37.79999542,0.57134080
Simul_+60deg,60,38.15999985,90.00000000,38.15999985,0.60232127
Simul_+60deg,60,38.51999664,90.00000000,38.51999664,0.60152042
Simul_+60deg,60,38.88000107,90.00000000,38.88000107,0.60435921
Simul_+60deg,60,39.23999786,90.00000000,39.23999786,0.61083251
Simul_+60deg,60,39.59999847,90.00000000,39.59999847,0.62092310
Simul_+60deg,60,39.95999908,90.00000000,39.95999908,0.63460582
Simul_+60deg,60,40.31999969,90.00000000,40.31999969,0.63095933
Simul_+60deg,60,40.67999649,90.00000000,40.67999649,0.62972081
Simul_+60deg,60,41.03999710,90.00000000,41.03999710,0.63359153
Simul_+60deg,60,41.39999771,90.00000000,41.39999771,0.64255750
Simul_+60deg,60,41.75999451,90.00000000,41.75999451,0.65658718
Simul_+60deg,60,42.11999893,90.00000000,42.11999893,0.68075389
Simul_+60deg,60,42.47999573,90.00000000,42.47999573,0.72031569
Simul_+60deg,60,42.83999634,90.00000000,42.83999634,0.76500237
Simul_+60deg,60,43.19999695,90.00000000,43.19999695,0.81465250
Simul_+60deg,60,43.55999756,90.00000000,43.55999756,0.86909342
Simul_+60deg,60,43.91999817,90.00000000,43.91999817,0.92813861
Simul_+60deg,60,44.27999878,90.00000000,44.27999878,1.01159549
Simul_+60deg,60,44.63999557,90.00000000,44.63999557,1.10420132
Simul_+60deg,60,45.00000000,90.00000000,45.00000000,1.19989860
Simul_+60deg,60,45.35999680,90.00000000,45.35999680,1.29844499
Simul_+60deg,60,45.71999741,90.00000000,45.71999741,1.39960384
Simul_+60deg,60,46.07999802,90.00000000,46.07999802,1.50551629
Simul_+60deg,60,46.43999863,90.00000000,46.43999863,1.62186027
Simul_+60deg,60,46.79999542,90.00000000,46.79999542,1.74009395
Simul_+60deg,60,47.15999985,90.00000000,47.15999985,1.85998547
Simul_+60deg,60,47.51999664,90.00000000,47.51999664,1.98131394
Simul_+60deg,60,47.87999725,90.00000000,47.87999725,2.10386920
Simul_+60deg,60,48.23999786,90.00000000,48.23999786,2.20584130
Simul_+60deg,60,48.59999847,90.00000000,48.59999847,2.29936671
Simul_+60deg,60,48.95999908,90.00000000,48.95999908,2.39536905
Simul_+60deg,60,49.31999588,90.00000000,49.31999588,2.49364185
Simul_+60deg,60,49.67999649,90.00000000,49.67999649,2.59398723
Simul_+60deg,60,50.03999710,90.00000000,50.03999710,2.68757367
Simul_+60deg,60,50.39999771,90.00000000,50.39999771,2.71476483
Simul_+60deg,60,50.75999451,90.00000000,50.75999451,2.74547195
Simul_+60deg,60,51.11999893,90.00000000,51.11999893,2.77961612
Simul_+60deg,60,51.47999573,90.00000000,51.47999573,2.81711602
Simul_+60deg,60,51.83999634,90.00000000,51.83999634,2.85788345
Simul_+60deg,60,52.19999695,90.00000000,52.19999695,2.85822487
Simul_+60deg,60,52.55999756,90.00000000,52.55999756,2.82670736
Simul_+60deg,60,52.91999435,90.00000000,52.91999435,2.79823756
Simul_+60deg,60,53.27999878,90.00000000,53.27999878,2.77287722
Simul_+60deg,60,53.63999557,90.00000000,53.63999557,2.75068474
Simul_+60deg,60,54.00000000,90.00000000,54.00000000,2.73170590
Simul_+60deg,60,54.35999680,90.00000000,54.35999680,2.67518401
Simul_+60deg,60,54.71999741,90.00000000,54.71999741,2.62097478
Simul_+60deg,60,55.07999802,90.00000000,55.07999802,2.56917357
Simul_+60deg,60,55.43999863,90.00000000,55.43999863,2.51987815
Simul_+60deg,60,55.79999542,90.00000000,55.79999542,2.47317886
Simul_+60deg,60,56.15999603,90.00000000,56.15999603,2.42228937
Simul_+60deg,60,56.51999664,90.00000000,56.51999664,2.36493468
Simul_+60deg,60,56.87999725,90.00000000,56.87999725,2.30956101
Simul_+60deg,60,57.23999786,90.00000000,57.23999786,2.25624514
Simul_+60deg,60,57.59999847,90.00000000,57.59999847,2.20507836
Simul_+60deg,60,57.95999908,90.00000000,57.95999908,2.15614653
Simul_+60deg,60,58.31999588,90.00000000,58.31999588,2.09872532
Simul_+60deg,60,58.67999649,90.00000000,58.67999649,2.04164934
Simul_+60deg,60,59.03999329,90.00000000,59.03999329,1.98630917
Simul_+60deg,60,59.39999390,90.00000000,59.39999390,1.93277884
Simul_+60deg,60,59.75999832,90.00000000,59.75999832,1.88113666
Simul_+60deg,60,60.11999893,90.00000000,60.11999893,1.82993782
Simul_+60deg,60,60.47999573,90.00000000,60.47999573,1.77737856
Simul_+60deg,60,60.83999634,90.00000000,60.83999634,1.72639263
Simul_+60deg,60,61.19999313,90.00000000,61.19999313,1.67703879
Simul_+60deg,60,61.56000137,90.00000000,61.56000137,1.62938333
Simul_+60deg,60,61.91999817,90.00000000,61.91999817,1.58348739
Simul_+60deg,60,62.27999878,90.00000000,62.27999878,1.52992117
Simul_+60deg,60,62.63999557,90.00000000,62.63999557,1.47493911
Simul_+60deg,60,62.99999619,90.00000000,62.99999619,1.42124069
Simul_+60deg,60,63.35999298,90.00000000,63.35999298,1.36888099
Simul_+60deg,60,63.71999741,90.00000000,63.71999741,1.31791639
Simul_+60deg,60,64.07999420,90.00000000,64.07999420,1.26120305
Simul_+60deg,60,64.43999481,90.00000000,64.43999481,1.18027198
Simul_+60deg,60,64.79999542,90.00000000,64.79999542,1.10007143
Simul_+60deg,60,65.15999603,90.00000000,65.15999603,1.02066052
Simul_+60deg,60,65.51999664,90.00000000,65.51999664,0.94212496
Simul_+60deg,60,65.87999725,90.00000000,65.87999725,0.86452675
Simul_+60deg,60,66.23999786,90.00000000,66.23999786,0.77189654
Simul_+60deg,60,66.59999847,90.00000000,66.59999847,0.67187274
Simul_+60deg,60,66.95999146,90.00000000,66.95999146,0.57247585
Simul_+60deg,60,67.31999207,90.00000000,67.31999207,0.47380722
Simul_+60deg,60,67.68000031,90.00000000,67.68000031,0.37596518
Simul_+60deg,60,68.04000092,90.00000000,68.04000092,0.27755305
Simul_+60deg,60,68.39999390,90.00000000,68.39999390,0.16769902
Simul_+60deg,60,68.75999451,90.00000000,68.75999451,0.05843153
Simul_+60deg,60,69.11999512,90.00000000,69.11999512,-0.05013088
Simul_+60deg,60,69.47999573,90.00000000,69.47999573,-0.15786314
Simul_+60deg,60,69.83999634,90.00000000,69.83999634,-0.26463288
Simul_+60deg,60,70.19999695,90.00000000,70.19999695,-0.38917693
Simul_+60deg,60,70.55999756,90.00000000,70.55999756,-0.52882355
Simul_+60deg,60,70.91999817,90.00000000,70.91999817,-0.66870838
Simul_+60deg,60,71.27999115,90.00000000,71.27999115,-0.80870086
Simul_+60deg,60,71.63999939,90.00000000,71.63999939,-0.94866180
Simul_+60deg,60,72.00000000,90.00000000,72.00000000,-1.08843267
Simul_+60deg,60,72.36000061,90.00000000,72.36000061,-1.25928569
Simul_+60deg,60,72.71999359,90.00000000,72.71999359,-1.43138003
Simul_+60deg,60,73.07999420,90.00000000,73.07999420,-1.60458469
Simul_+60deg,60,73.43999481,90.00000000,73.43999481,-1.77874160
Simul_+60deg,60,73.79999542,90.00000000,73.79999542,-1.95369852
Simul_+60deg,60,74.15999603,90.00000000,74.15999603,-2.13025308
Simul_+60deg,60,74.51999664,90.00000000,74.51999664,-2.30846071
Simul_+60deg,60,74.87999725,90.00000000,74.87999725,-2.48680735
Simul_+60deg,60,75.23999023,90.00000000,75.23999023,-2.66495943
Simul_+60deg,60,75.59999084,90.00000000,75.59999084,-2.84259892
Simul_+60deg,60,75.95999908,90.00000000,75.95999908,-3.01934052
Simul_+60deg,60,76.31999969,90.00000000,76.31999969,-3.20323730
Simul_+60deg,60,76.67999268,90.00000000,76.67999268,-3.38762665
Simul_+60deg,60,77.03999329,90.00000000,77.03999329,-3.57112026
Simul_+60deg,60,77.39999390,90.00000000,77.39999390,-3.75321293
Simul_+60deg,60,77.76000214,90.00000000,77.76000214,-3.93341184
Simul_+60deg,60,78.11999512,90.00000000,78.11999512,-4.11281586
Simul_+60deg,60,78.47999573,90.00000000,78.47999573,-4.29390001
Simul_+60deg,60,78.83999634,90.00000000,78.83999634,-4.47335291
Simul_+60deg,60,79.19999695,90.00000000,79.19999695,-4.65065193
Simul_+60deg,60,79.55998993,90.00000000,79.55998993,-4.82521915
Simul_+60deg,60,79.91999817,90.00000000,79.91999817,-4.99638510
Simul_+60deg,60,80.27999878,90.00000000,80.27999878,-5.13856459
Simul_+60deg,60,80.63999939,90.00000000,80.63999939,-5.26926899
Simul_+60deg,60,80.99999237,90.00000000,80.99999237,-5.39512157
Simul_+60deg,60,81.35999298,90.00000000,81.35999298,-5.51554966
Simul_+60deg,60,81.72000122,90.00000000,81.72000122,-5.63000917
Simul_+60deg,60,82.07999420,90.00000000,82.07999420,-5.73936224
Simul_+60deg,60,82.43999481,90.00000000,82.43999481,-5.84800243
Simul_+60deg,60,82.79999542,90.00000000,82.79999542,-5.95114279
Simul_+60deg,60,83.15999603,90.00000000,83.15999603,-6.04833651
Simul_+60deg,60,83.51998901,90.00000000,83.51998901,-6.13910246
Simul_+60deg,60,83.87999725,90.00000000,83.87999725,-6.22300148
Simul_+60deg,60,84.23999786,90.00000000,84.23999786,-6.32812548
Simul_+60deg,60,84.59999847,90.00000000,84.59999847,-6.44320869
Simul_+60deg,60,84.95999146,90.00000000,84.95999146,-6.55425072
Simul_+60deg,60,85.31999207,90.00000000,85.31999207,-6.66087437
Simul_+60deg,60,85.67999268,90.00000000,85.67999268,-6.76265478
Simul_+60deg,60,86.04000092,90.00000000,86.04000092,-6.85728741
Simul_+60deg,60,86.39999390,90.00000000,86.39999390,-6.93292856
Simul_+60deg,60,86.75999451,90.00000000,86.75999451,-7.00627041
Simul_+60deg,60,87.11999512,90.00000000,87.11999512,-7.07716036
Simul_+60deg,60,87.47999573,90.00000000,87.47999573,-7.14546204
Simul_+60deg,60,87.83999634,90.00000000,87.83999634,-7.21103907
Simul_+60deg,60,88.19999695,90.00000000,88.19999695,-7.25792170
Simul_+60deg,60,88.55999756,90.00000000,88.55999756,-7.29051018
Simul_+60deg,60,88.91999817,90.00000000,88.91999817,-7.32180023
Simul_+60deg,60,89.27999115,90.00000000,89.27999115,-7.35176611
Simul_+60deg,60,89.63999176,90.00000000,89.63999176,-7.38037395
Simul_+60deg,60,90.00000000,90.00000000,90.00000000,-7.40760088
Simul_+60deg,60,90.35999298,90.00000000,90.35999298,-7.42977142
Simul_+60deg,60,90.71999359,90.00000000,90.71999359,-7.44864941
Simul_+60deg,60,91.07999420,90.00000000,91.07999420,-7.46419477
Simul_+60deg,60,91.43999481,90.00000000,91.43999481,-7.47637033
Simul_+60deg,60,91.79999542,90.00000000,91.79999542,-7.48514700
Simul_+60deg,60,92.15999603,90.00000000,92.15999603,-7.45474529
Simul_+60deg,60,92.51999664,90.00000000,92.51999664,-7.37344170
Simul_+60deg,60,92.87999725,90.00000000,92.87999725,-7.28520393
Simul_+60deg,60,93.23999023,90.00000000,93.23999023,-7.19049263
Simul_+60deg,60,93.59999084,90.00000000,93.59999084,-7.08974457
Simul_+60deg,60,93.95999908,90.00000000,93.95999908,-6.98343706
Simul_+60deg,60,94.31999969,90.00000000,94.31999969,-6.78218365
Simul_+60deg,60,94.67999268,90.00000000,94.67999268,-6.56710434
Simul_+60deg,60,95.03999329,90.00000000,95.03999329,-6.35032892
Simul_+60deg,60,95.39999390,90.00000000,95.39999390,-6.13262939
Simul_+60deg,60,95.75999451,90.00000000,95.75999451,-5.91462660
Simul_+60deg,60,96.11999512,90.00000000,96.11999512,-5.68102598
Simul_+60deg,60,96.47999573,90.00000000,96.47999573,-5.41664600
Simul_+60deg,60,96.83999634,90.00000000,96.83999634,-5.15391636
Simul_+60deg,60,97.19999695,90.00000000,97.19999695,-4.89342165
Simul_+60deg,60,97.55998993,90.00000000,97.55998993,-4.63562965
Simul_+60deg,60,97.91999817,90.00000000,97.91999817,-4.38097191
Simul_+60deg,60,98.27999878,90.00000000,98.27999878,-4.08409691
Simul_+60deg,60,98.63999176,90.00000000,98.63999176,-3.78010988
Simul_+60deg,60,98.99999237,90.00000000,98.99999237,-3.48244691
Simul_+60deg,60,99.35999298,90.00000000,99.35999298,-3.19124079
Simul_+60deg,60,99.71999359,90.00000000,99.71999359,-2.90645480
Simul_+60deg,60,100.07999420,90.00000000,100.07999420,-2.61956573
Simul_+60deg,60,100.43999481,90.00000000,100.43999481,-2.30975533
Simul_+60deg,60,100.79999542,90.00000000,100.79999542,-2.00710034
Simul_+60deg,60,101.15999603,90.00000000,101.15999603,-1.71155000
Simul_+60deg,60,101.51998901,90.00000000,101.51998901,-1.42307615
Simul_+60deg,60,101.87999725,90.00000000,101.87999725,-1.14151025
Simul_+60deg,60,102.23999786,90.00000000,102.23999786,-0.89469504
Simul_+60deg,60,102.59999847,90.00000000,102.59999847,-0.66338921
Simul_+60deg,60,102.95999146,90.00000000,102.95999146,-0.43309763
Simul_+60deg,60,103.31999207,90.00000000,103.31999207,-0.20423545
Simul_+60deg,60,103.67999268,90.00000000,103.67999268,0.02278449
Simul_+60deg,60,104.03999329,90.00000000,104.03999329,0.23666760
Simul_+60deg,60,104.39999390,90.00000000,104.39999390,0.36397216
Simul_+60deg,60,104.75999451,90.00000000,104.75999451,0.49565172
Simul_+60deg,60,105.11999512,90.00000000,105.11999512,0.63118905
Simul_+60deg,60,105.47999573,90.00000000,105.47999573,0.77012306
Simul_+60deg,60,105.83998871,90.00000000,105.83998871,0.91202110
Simul_+60deg,60,106.19999695,90.00000000,106.19999695,0.99592155
Simul_+60deg,60,106.55999756,90.00000000,106.55999756,1.03665042
Simul_+60deg,60,106.91999054,90.00000000,106.91999054,1.08332002
Simul_+60deg,60,107.27999115,90.00000000,107.27999115,1.13574004
Simul_+60deg,60,107.63999176,90.00000000,107.63999176,1.19368970
Simul_+60deg,60,108.00000000,90.00000000,108.00000000,1.25695217
Simul_+60deg,60,108.35999298,90.00000000,108.35999298,1.21330023
Simul_+60deg,60,108.71999359,90.00000000,108.71999359,1.17551816
Simul_+60deg,60,109.07999420,90.00000000,109.07999420,1.14377248
Simul_+60deg,60,109.43999481,90.00000000,109.43999481,1.11819077
Simul_+60deg,60,109.79998779,90.00000000,109.79998779,1.09888971
Simul_+60deg,60,110.15999603,90.00000000,110.15999603,1.03019619
Simul_+60deg,60,110.51999664,90.00000000,110.51999664,0.89606887
Simul_+60deg,60,110.87999725,90.00000000,110.87999725,0.76572984
Simul_+60deg,60,111.23999023,90.00000000,111.23999023,0.63968098
Simul_+60deg,60,111.59999084,90.00000000,111.59999084,0.51840293
Simul_+60deg,60,111.95999908,90.00000000,111.95999908,0.40243059
Simul_+60deg,60,112.31999207,90.00000000,112.31999207,0.17292604
Simul_+60deg,60,112.67999268,90.00000000,112.67999268,-0.07317791
Simul_+60deg,60,113.03999329,90.00000000,113.03999329,-0.32100767
Simul_+60deg,60,113.39999390,90.00000000,113.39999390,-0.56996286
Simul_+60deg,60,113.75999451,90.00000000,113.75999451,-0.81938708
Simul_+60deg,60,114.11999512,90.00000000,114.11999512,-1.10269153
Simul_+60deg,60,114.47999573,90.00000000,114.47999573,-1.46065259
Simul_+60deg,60,114.83999634,90.00000000,114.83999634,-1.82834637
Simul_+60deg,60,115.19999695,90.00000000,115.19999695,-2.20565939
Simul_+60deg,60,115.55998993,90.00000000,115.55998993,-2.59213209
Simul_+60deg,60,115.91999817,90.00000000,115.91999817,-2.98713589
Simul_+60deg,60,116.27999115,90.00000000,116.27999115,-3.39725399
Simul_+60deg,60,116.63999176,90.00000000,116.63999176,-3.81714487
Simul_+60deg,60,117.00000000,90.00000000,117.00000000,-4.24289417
Simul_+60deg,60,117.35999298,90.00000000,117.35999298,-4.67167282
Simul_+60deg,60,117.72000122,90.00000000,117.72000122,-5.09975433
Simul_+60deg,60,118.07998657,90.00000000,118.07998657,-5.49436378
Simul_+60deg,60,118.43999481,90.00000000,118.43999481,-5.77440214
Simul_+60deg,60,118.79998779,90.00000000,118.79998779,-6.02669477
Simul_+60deg,60,119.15999603,90.00000000,119.15999603,-6.24510384
Simul_+60deg,60,119.51999664,90.00000000,119.51999664,-6.42350626
Simul_+60deg,60,119.87998962,90.00000000,119.87998962,-6.55638742
Simul_+60deg,60,120.23999786,90.00000000,120.23999786,-6.55568171
Simul_+60deg,60,120.59999084,90.00000000,120.59999084,-6.47449684
Simul_+60deg,60,120.95999146,90.00000000,120.95999146,-6.35907698
Simul_+60deg,60,121.31999969,90.00000000,121.31999969,-6.21209812
Simul_+60deg,60,121.67999268,90.00000000,121.67999268,-6.03677797
Simul_+60deg,60,122.03999329,90.00000000,122.03999329,-5.83849430
Simul_+60deg,60,122.39998627,90.00000000,122.39998627,-5.63853073
Simul_+60deg,60,122.75999451,90.00000000,122.75999451,-5.42747116
Simul_+60deg,60,123.12000275,90.00000000,123.12000275,-5.20731401
Simul_+60deg,60,123.47998810,90.00000000,123.47998810,-4.97985029
Simul_+60deg,60,123.83999634,90.00000000,123.83999634,-4.74669743
Simul_+60deg,60,124.19998932,90.00000000,124.19998932,-4.58477688
Simul_+60deg,60,124.55999756,90.00000000,124.55999756,-4.47667694
Simul_+60deg,60,124.91998291,90.00000000,124.91998291,-4.36174154
Simul_+60deg,60,125.27999115,90.00000000,125.27999115,-4.24055147
Simul_+60deg,60,125.63999939,90.00000000,125.63999939,-4.11370707
Simul_+60deg,60,125.99999237,90.00000000,125.99999237,-3.98179746
Simul_+60deg,60,126.35999298,90.00000000,126.35999298,-4.05794811
Simul_+60deg,60,126.71998596,90.00000000,126.71998596,-4.12983036
Simul_+60deg,60,127.07999420,90.00000000,127.07999420,-4.19719601
Simul_+60deg,60,127.43999481,90.00000000,127.43999481,-4.25982285
Simul_+60deg,60,127.79998779,90.00000000,127.79998779,-4.31747961
Simul_+60deg,60,128.15998840,90.00000000,128.15998840,-4.48435974
Simul_+60deg,60,128.51998901,90.00000000,128.51998901,-4.79965782
Simul_+60deg,60,128.87998962,90.00000000,128.87998962,-5.12491989
Simul_+60deg,60,129.24000549,90.00000000,129.24000549,-5.46055269
Simul_+60deg,60,129.59999084,90.00000000,129.59999084,-5.80703926
Simul_+60deg,60,129.95999146,90.00000000,129.95999146,-6.16485405
Simul_+60deg,60,130.31999207,90.00000000,130.31999207,-6.75283527
Simul_+60deg,60,130.67999268,90.00000000,130.67999268,-7.41121721
Simul_+60deg,60,131.03999329,90.00000000,131.03999329,-8.12103367
Simul_+60deg,60,131.39999390,90.00000000,131.39999390,-8.89050388
Simul_+60deg,60,131.75999451,90.00000000,131.75999451,-9.72961044
Simul_+60deg,60,132.11999512,90.00000000,132.11999512,-10.64365482
Simul_+60deg,60,132.47999573,90.00000000,132.47999573,-11.59546661
Simul_+60deg,60,132.83998108,90.00000000,132.83998108,-12.55378628
Simul_+60deg,60,133.19999695,90.00000000,133.19999695,-13.45981407
Simul_+60deg,60,133.55999756,90.00000000,133.55999756,-14.21593285
Simul_+60deg,60,133.91998291,90.00000000,133.91998291,-14.69396400
Simul_+60deg,60,134.27999878,90.00000000,134.27999878,-14.17334652
Simul_+60deg,60,134.63998413,90.00000000,134.63998413,-13.25524426
Simul_+60deg,60,135.00000000,90.00000000,135.00000000,-12.25376320
Simul_+60deg,60,135.36000061,90.00000000,135.36000061,-11.24810314
Simul_+60deg,60,135.71998596,90.00000000,135.71998596,-10.27894783
Simul_+60deg,60,136.08000183,90.00000000,136.08000183,-9.34631157
Simul_+60deg,60,136.43998718,90.00000000,136.43998718,-8.43709564
Simul_+60deg,60,136.79998779,90.00000000,136.79998779,-7.61381245
Simul_+60deg,60,137.16000366,90.00000000,137.16000366,-6.86154795
Simul_+60deg,60,137.51998901,90.00000000,137.51998901,-6.16915703
Simul_+60deg,60,137.87998962,90.00000000,137.87998962,-5.52772951
Simul_+60deg,60,138.23999023,90.00000000,138.23999023,-5.01631975
Simul_+60deg,60,138.59999084,90.00000000,138.59999084,-4.56764555
Simul_+60deg,60,138.95999146,90.00000000,138.95999146,-4.13447714
Simul_+60deg,60,139.31999207,90.00000000,139.31999207,-3.71649742
Simul_+60deg,60,139.67999268,90.00000000,139.67999268,-3.31322432
Simul_+60deg,60,140.03999329,90.00000000,140.03999329,-2.94722056
Simul_+60deg,60,140.39999390,90.00000000,140.39999390,-2.76708984
Simul_+60deg,60,140.75997925,90.00000000,140.75997925,-2.57912898
Simul_+60deg,60,141.11999512,90.00000000,141.11999512,-2.38460612
Simul_+60deg,60,141.47999573,90.00000000,141.47999573,-2.18472123
Simul_+60deg,60,141.83999634,90.00000000,141.83999634,-1.98057997
Simul_+60deg,60,142.19999695,90.00000000,142.19999695,-1.91053855
Simul_+60deg,60,142.55998230,90.00000000,142.55998230,-1.93888676
Simul_+60deg,60,142.91999817,90.00000000,142.91999817,-1.95300078
Simul_+60deg,60,143.27999878,90.00000000,143.27999878,-1.95273936
Simul_+60deg,60,143.63998413,90.00000000,143.63998413,-1.93810654
Simul_+60deg,60,144.00000000,90.00000000,144.00000000,-1.90924263
Simul_+60deg,60,144.35998535,90.00000000,144.35998535,-2.13146329
Simul_+60deg,60,144.72000122,90.00000000,144.72000122,-2.34076476
Simul_+60deg,60,145.07998657,90.00000000,145.07998657,-2.53458142
Simul_+60deg,60,145.43998718,90.00000000,145.43998718,-2.71032381
Simul_+60deg,60,145.80000305,90.00000000,145.80000305,-2.86532664
Simul_+60deg,60,146.15998840,90.00000000,146.15998840,-3.10440326
Simul_+60deg,60,146.51998901,90.00000000,146.51998901,-3.46277618
Simul_+60deg,60,146.87998962,90.00000000,146.87998962,-3.80535507
Simul_+60deg,60,147.23999023,90.00000000,147.23999023,-4.12556934
Simul_+60deg,60,147.59999084,90.00000000,147.59999084,-4.41593170
Simul_+60deg,60,147.95999146,90.00000000,147.95999146,-4.66839409
Simul_+60deg,60,148.31999207,90.00000000,148.31999207,-5.04808903
Simul_+60deg,60,148.67999268,90.00000000,148.67999268,-5.41932201
Simul_+60deg,60,149.03999329,90.00000000,149.03999329,-5.75058651
Simul_+60deg,60,149.39999390,90.00000000,149.39999390,-6.02954578
Simul_+60deg,60,149.75999451,90.00000000,149.75999451,-6.24387980
Simul_+60deg,60,150.11999512,90.00000000,150.11999512,-6.44083118
Simul_+60deg,60,150.47998047,90.00000000,150.47998047,-6.69617367
Simul_+60deg,60,150.83999634,90.00000000,150.83999634,-6.89794016
Simul_+60deg,60,151.19998169,90.00000000,151.19998169,-7.03767872
Simul_+60deg,60,151.55999756,90.00000000,151.55999756,-7.10902882
Simul_+60deg,60,151.91999817,90.00000000,151.91999817,-7.10852671
Simul_+60deg,60,152.27998352,90.00000000,152.27998352,-7.23408175
Simul_+60deg,60,152.63999939,90.00000000,152.63999939,-7.37686157
Simul_+60deg,60,152.99998474,90.00000000,152.99998474,-7.48084354
Simul_+60deg,60,153.35998535,90.00000000,153.35998535,-7.54307222
Simul_+60deg,60,153.72000122,90.00000000,153.72000122,-7.56172085
Simul_+60deg,60,154.07998657,90.00000000,154.07998657,-7.60617065
Simul_+60deg,60,154.43998718,90.00000000,154.43998718,-7.87146473
Simul_+60deg,60,154.79998779,90.00000000,154.79998779,-8.12292957
Simul_+60deg,60,155.15998840,90.00000000,155.15998840,-8.35707760
Simul_+60deg,60,155.52000427,90.00000000,155.52000427,-8.57009888
Simul_+60deg,60,155.87998962,90.00000000,155.87998962,-8.75814342
Simul_+60deg,60,156.23999023,90.00000000,156.23999023,-9.14792538
Simul_+60deg,60,156.59999084,90.00000000,156.59999084,-9.65436172
Simul_+60deg,60,156.95999146,90.00000000,156.95999146,-10.16416359
Simul_+60deg,60,157.31999207,90.00000000,157.31999207,-10.67029572
Simul_+60deg,60,157.67999268,90.00000000,157.67999268,-11.16300011
Simul_+60deg,60,158.03999329,90.00000000,158.03999329,-11.66003227
Simul_+60deg,60,158.39999390,90.00000000,158.39999390,-12.37253380
Simul_+60deg,60,158.75999451,90.00000000,158.75999451,-13.03536987
Simul_+60deg,60,159.11997986,90.00000000,159.11997986,-13.60091972
Simul_+60deg,60,159.47999573,90.00000000,159.47999573,-14.01203918
Simul_+60deg,60,159.83999634,90.00000000,159.83999634,-14.21520615
Simul_+60deg,60,160.19998169,90.00000000,160.19998169,-14.19819736
Simul_+60deg,60,160.55999756,90.00000000,160.55999756,-13.93962479
Simul_+60deg,60,160.91998291,90.00000000,160.91998291,-13.46101952
Simul_+60deg,60,161.27999878,90.00000000,161.27999878,-12.82789993
Simul_+60deg,60,161.63999939,90.00000000,161.63999939,-12.10500145
Simul_+60deg,60,161.99998474,90.00000000,161.99998474,-11.34294987
Simul_+60deg,60,162.36000061,90.00000000,162.36000061,-10.67389679
Simul_+60deg,60,162.71998596,90.00000000,162.71998596,-10.01761341
Simul_+60deg,60,163.07998657,90.00000000,163.07998657,-9.38154697
Simul_+60deg,60,163.44000244,90.00000000,163.44000244,-8.76944160
Simul_+60deg,60,163.79998779,90.00000000,163.79998779,-8.18301964
Simul_+60deg,60,164.15998840,90.00000000,164.15998840,-7.70349407
Simul_+60deg,60,164.51998901,90.00000000,164.51998901,-7.34038591
Simul_+60deg,60,164.87998962,90.00000000,164.87998962,-6.98805428
Simul_+60deg,60,165.23999023,90.00000000,165.23999023,-6.64620018
Simul_+60deg,60,165.59999084,90.00000000,165.59999084,-6.31453085
Simul_+60deg,60,165.95999146,90.00000000,165.95999146,-5.99271297
Simul_+60deg,60,166.31999207,90.00000000,166.31999207,-5.84885073
Simul_+60deg,60,166.67999268,90.00000000,166.67999268,-5.72412729
Simul_+60deg,60,167.03997803,90.00000000,167.03997803,-5.59710312
Simul_+60deg,60,167.39999390,90.00000000,167.39999390,-5.46806526
Simul_+60deg,60,167.75999451,90.00000000,167.75999451,-5.33730316
Simul_+60deg,60,168.11999512,90.00000000,168.11999512,-5.26000309
Simul_+60deg,60,168.47999573,90.00000000,168.47999573,-5.28606606
Simul_+60deg,60,168.83998108,90.00000000,168.83998108,-5.30297184
Simul_+60deg,60,169.19999695,90.00000000,169.19999695,-5.31061077
Simul_+60deg,60,169.55999756,90.00000000,169.55999756,-5.30893326
Simul_+60deg,60,169.91998291,90.00000000,169.91998291,-5.29795218
Simul_+60deg,60,170.27999878,90.00000000,170.27999878,-5.37386370
Simul_+60deg,60,170.63998413,90.00000000,170.63998413,-5.46467352
Simul_+60deg,60,170.99998474,90.00000000,170.99998474,-5.54169655
Simul_+60deg,60,171.35998535,90.00000000,171.35998535,-5.60414219
Simul_+60deg,60,171.71998596,90.00000000,171.71998596,-5.65136719
Simul_+60deg,60,172.08000183,90.00000000,172.08000183,-5.70540237
Simul_+60deg,60,172.43998718,90.00000000,172.43998718,-5.82440186
Simul_+60deg,60,172.79998779,90.00000000,172.79998779,-5.92987013
Simul_+60deg,60,173.15998840,90.00000000,173.15998840,-6.02069902
Simul_+60deg,60,173.51998901,90.00000000,173.51998901,-6.09592056
Simul_+60deg,60,173.87998962,90.00000000,173.87998962,-6.15466976
Simul_+60deg,60,174.23999023,90.00000000,174.23999023,-6.27035904
Simul_+60deg,60,174.59999084,90.00000000,174.59999084,-6.41338110
Simul_+60deg,60,174.95999146,90.00000000,174.95999146,-6.54730368
Simul_+60deg,60,175.31999207,90.00000000,175.31999207,-6.67112780
Simul_+60deg,60,175.67999268,90.00000000,175.67999268,-6.78385639
Simul_+60deg,60,176.03999329,90.00000000,176.03999329,-6.89783192
Simul_+60deg,60,176.39999390,90.00000000,176.39999390,-7.11170912
Simul_+60deg,60,176.75997925,90.00000000,176.75997925,-7.32269001
Simul_+60deg,60,177.11999512,90.00000000,177.11999512,-7.52982330
Simul_+60deg,60,177.47999573,90.00000000,177.47999573,-7.73199081
Simul_+60deg,60,177.83999634,90.00000000,177.83999634,-7.92796516
Simul_+60deg,60,178.19999695,90.00000000,178.19999695,-8.17331696
Simul_+60deg,60,178.55998230,90.00000000,178.55998230,-8.46114063
Simul_+60deg,60,178.91999817,90.00000000,178.91999817,-8.74599075
Simul_+60deg,60,179.27998352,90.00000000,179.27998352,-9.02589417
Simul_+60deg,60,179.63998413,90.00000000,179.63998413,-9.29846287
