scenario,lens_angle_deg,yz_angle_deg,theta_deg,phi_deg,gain_db
Simul_-45deg,-45,0.00000000,0.00000000,90.00000000,2.55431294
Simul_-45deg,-45,0.35999998,0.35990870,90.00000000,2.62362719
Simul_-45deg,-45,0.71999997,0.72009277,90.00000000,2.69541621
Simul_-45deg,-45,1.07999992,1.07992160,90.00000000,2.76941776
Simul_-45deg,-45,1.43999994,1.43994224,90.00000000,2.84560895
Simul_-45deg,-45,1.79999995,1.80004954,90.00000000,2.92383647
Simul_-45deg,-45,2.15999985,2.16002965,90.00000000,3.02594447
Simul_-45deg,-45,2.51999998,2.52002597,90.00000000,3.15613031
Simul_-45deg,-45,2.87999988,2.87997603,90.00000000,3.28627372
Simul_-45deg,-45,3.23999977,3.24002767,90.00000000,3.41631842
Simul_-45deg,-45,3.59999990,3.59999967,90.00000000,3.54609776
Simul_-45deg,-45,3.95999956,3.95997524,90.00000000,3.67555380
Simul_-45deg,-45,4.31999969,4.32001114,90.00000000,3.81552744
Simul_-45deg,-45,4.67999983,4.67998075,90.00000000,3.95526075
Simul_-45deg,-45,5.03999996,5.03998899,90.00000000,4.09337187
Simul_-45deg,-45,5.39999962,5.40000391,90.00000000,4.22986698
Simul_-45deg,-45,5.75999975,5.76000357,90.00000000,4.36475325
Simul_-45deg,-45,6.11999989,6.12000370,90.00000000,4.48862934
Simul_-45deg,-45,6.47999954,6.47998667,90.00000000,4.59234047
Simul_-45deg,-45,6.83999968,6.83999729,90.00000000,4.69490337
Simul_-45deg,-45,7.19999981,7.19998980,90.00000000,4.79632854
Simul_-45deg,-45,7.55999947,7.56000662,90.00000000,4.89665127
Simul_-45deg,-45,7.91999912,7.92000675,90.00000000,4.99588299
Simul_-45deg,-45,8.27999973,8.28000641,90.00000000,5.04692173
Simul_-45deg,-45,8.63999939,8.63999653,90.00000000,5.08445644
Simul_-45deg,-45,9.00000000,8.99999142,90.00000000,5.12207413
Simul_-45deg,-45,9.35999966,9.36000347,90.00000000,5.15977144
Simul_-45deg,-45,9.72000027,9.72000504,90.00000000,5.19753981
Simul_-45deg,-45,10.07999992,10.07999039,90.00000000,5.21800900
Simul_-45deg,-45,10.43999863,10.43999195,90.00000000,5.17795849
Simul_-45deg,-45,10.79999924,10.80000591,90.00000000,5.13832474
Simul_-45deg,-45,11.15999889,11.15999031,90.00000000,5.09912682
Simul_-45deg,-45,11.51999950,11.51999664,90.00000000,5.06037426
Simul_-45deg,-45,11.87999916,11.88000298,90.00000000,5.02208424
Simul_-45deg,-45,12.23999977,12.24000549,90.00000000,4.93339872
Simul_-45deg,-45,12.59999943,12.60000420,90.00000000,4.81868649
Simul_-45deg,-45,12.95999908,12.95999718,90.00000000,4.70318413
Simul_-45deg,-45,13.31999969,13.31999779,90.00000000,4.58690596
Simul_-45deg,-45,13.67999935,13.68000603,90.00000000,4.46987677
Simul_-45deg,-45,14.03999901,14.04000568,90.00000000,4.34640837
Simul_-45deg,-45,14.39999962,14.39999866,90.00000000,4.17530441
Simul_-45deg,-45,14.75999832,14.75999737,90.00000000,4.00125360
Simul_-45deg,-45,15.11999893,15.12000275,90.00000000,3.82417774
Simul_-45deg,-45,15.47999954,15.48000336,90.00000000,3.64400291
Simul_-45deg,-45,15.83999825,15.84000015,90.00000000,3.46064544
Simul_-45deg,-45,16.19999886,16.19999313,90.00000000,3.27121615
Simul_-45deg,-45,16.55999947,16.56000137,90.00000000,3.07554388
Simul_-45deg,-45,16.92000008,16.91999626,90.00000000,2.87554502
Simul_-45deg,-45,17.27999878,17.27999496,90.00000000,2.67102432
Simul_-45deg,-45,17.63999939,17.64000320,90.00000000,2.46177840
Simul_-45deg,-45,18.00000000,17.99999428,90.00000000,2.24761128
Simul_-45deg,-45,18.35999870,18.36000061,90.00000000,2.08165216
Simul_-45deg,-45,18.71999931,18.71999741,90.00000000,1.91260624
Simul_-45deg,-45,19.07999992,19.08000183,90.00000000,1.74035263
Simul_-45deg,-45,19.44000053,19.43999863,90.00000000,1.56478167
Simul_-45deg,-45,19.79999924,19.79999924,90.00000000,1.38576531
Simul_-45deg,-45,20.15999985,20.15999603,90.00000000,1.24342859
Simul_-45deg,-45,20.51999855,20.51999664,90.00000000,1.14994347
Simul_-45deg,-45,20.87999725,20.88000298,90.00000000,1.05583584
Simul_-45deg,-45,21.23999786,21.24000168,90.00000000,0.96111619
Simul_-45deg,-45,21.59999847,21.59999657,90.00000000,0.86578542
Simul_-45deg,-45,21.95999908,21.95999527,90.00000000,0.76985031
Simul_-45deg,-45,22.31999779,22.31999969,90.00000000,0.74393380
Simul_-45deg,-45,22.67999840,22.67999649,90.00000000,0.72759557
Simul_-45deg,-45,23.03999901,23.04000282,90.00000000,0.71209401
Simul_-45deg,-45,23.39999771,23.39999390,90.00000000,0.69744122
Simul_-45deg,-45,23.75999832,23.75999641,90.00000000,0.68364090
Simul_-45deg,-45,24.11999893,24.11999702,90.00000000,0.68145573
Simul_-45deg,-45,24.47999954,24.48000336,90.00000000,0.70211637
Simul_-45deg,-45,24.83999825,24.84000015,90.00000000,0.72433889
Simul_-45deg,-45,25.19999886,25.19999886,90.00000000,0.74810278
Simul_-45deg,-45,25.55999947,25.56000137,90.00000000,0.77338070
Simul_-45deg,-45,25.91999817,25.92000008,90.00000000,0.80014420
Simul_-45deg,-45,26.27999878,26.28000259,90.00000000,0.82287276
Simul_-45deg,-45,26.63999939,26.63999557,90.00000000,0.84587204
Simul_-45deg,-45,27.00000000,26.99999809,90.00000000,0.87073576
Simul_-45deg,-45,27.35999870,27.35999870,90.00000000,0.89742869
Simul_-45deg,-45,27.71999931,27.71999931,90.00000000,0.92591834
Simul_-45deg,-45,28.07999802,28.08000183,90.00000000,0.95387197
Simul_-45deg,-45,28.43999863,28.43999672,90.00000000,0.97561562
Simul_-45deg,-45,28.79999924,28.80000305,90.00000000,0.99922115
Simul_-45deg,-45,29.15999794,29.15999794,90.00000000,1.02465653
Simul_-45deg,-45,29.51999664,29.51999664,90.00000000,1.05189037
Simul_-45deg,-45,29.87999916,29.88000298,90.00000000,1.08088660
Simul_-45deg,-45,30.23999786,30.23999786,90.00000000,1.12525773
Simul_-45deg,-45,30.59999657,30.59999657,90.00000000,1.17837751
Simul_-45deg,-45,30.95999908,30.95999908,90.00000000,1.23339200
Simul_-45deg,-45,31.31999779,31.31999779,90.00000000,1.29022264
Simul_-45deg,-45,31.67999649,31.67999268,90.00000000,1.34879065
Simul_-45deg,-45,32.03999710,32.03999710,90.00000000,1.41420841
Simul_-45deg,-45,32.39999771,32.39999771,90.00000000,1.52223945
Simul_-45deg,-45,32.75999832,32.75999832,90.00000000,1.63084269
Simul_-45deg,-45,33.11999893,33.11999893,90.00000000,1.73991013
Simul_-45deg,-45,33.47999573,33.47999573,90.00000000,1.84934163
Simul_-45deg,-45,33.84000015,33.83999634,90.00000000,1.95904207
Simul_-45deg,-45,34.19999695,34.20000076,90.00000000,2.08419943
Simul_-45deg,-45,34.55999756,34.56000137,90.00000000,2.22042108
Simul_-45deg,-45,34.91999817,34.92000198,90.00000000,2.35513401
Simul_-45deg,-45,35.27999878,35.27999878,90.00000000,2.48834753
Simul_-45deg,-45,35.63999557,35.63999557,90.00000000,2.62007618
Simul_-45deg,-45,36.00000000,36.00000000,90.00000000,2.75033116
Simul_-45deg,-45,36.35999680,36.36000061,90.00000000,2.85735321
Simul_-45deg,-45,36.71999741,36.71999359,90.00000000,2.96330905
Simul_-45deg,-45,37.07999802,37.07999420,90.00000000,3.06821632
Simul_-45deg,-45,37.43999863,37.43999481,90.00000000,3.17208672
Simul_-45deg,-45,37.79999542,37.79999161,90.00000000,3.27493691
Simul_-45deg,-45,38.15999985,38.15999985,90.00000000,3.35149884
Simul_-45deg,-45,38.51999664,38.51999664,90.00000000,3.39653397
Simul_-45deg,-45,38.88000107,38.88000107,90.00000000,3.44204545
Simul_-45deg,-45,39.23999786,39.23999786,90.00000000,3.48801160
Simul_-45deg,-45,39.59999847,39.59999847,90.00000000,3.53441381
Simul_-45deg,-45,39.95999908,39.95999527,90.00000000,3.58123398
Simul_-45deg,-45,40.31999969,40.31999969,90.00000000,3.58241320
Simul_-45deg,-45,40.67999649,40.67999649,90.00000000,3.57896328
Simul_-45deg,-45,41.03999710,41.03999710,90.00000000,3.57668829
Simul_-45deg,-45,41.39999771,41.39999390,90.00000000,3.57559061
Simul_-45deg,-45,41.75999451,41.75999451,90.00000000,3.57566929
Simul_-45deg,-45,42.11999893,42.11999893,90.00000000,3.57321143
Simul_-45deg,-45,42.47999573,42.47999573,90.00000000,3.56465220
Simul_-45deg,-45,42.83999634,42.83999634,90.00000000,3.55749846
Simul_-45deg,-45,43.19999695,43.19999695,90.00000000,3.55175781
Simul_-45deg,-45,43.55999756,43.55999756,90.00000000,3.54743624
Simul_-45deg,-45,43.91999817,43.91999817,90.00000000,3.54453659
Simul_-45deg,-45,44.27999878,44.27999878,90.00000000,3.56730747
Simul_-45deg,-45,44.63999557,44.63999557,90.00000000,3.59798861
Simul_-45deg,-45,45.00000000,45.00000000,90.00000000,3.62957668
Simul_-45deg,-45,45.35999680,45.35999680,90.00000000,3.66205120
Simul_-45deg,-45,45.71999741,45.71999741,90.00000000,3.69539046
Simul_-45deg,-45,46.07999802,46.07999802,90.00000000,3.73693132
Simul_-45deg,-45,46.43999863,46.43999863,90.00000000,3.80450034
Simul_-45deg,-45,46.79999542,46.79999542,90.00000000,3.87198234
Simul_-45deg,-45,47.15999985,47.15999985,90.00000000,3.93936777
Simul_-45deg,-45,47.51999664,47.52000046,90.00000000,4.00664520
Simul_-45deg,-45,47.87999725,47.87999725,90.00000000,4.07379913
Simul_-45deg,-45,48.23999786,48.23999786,90.00000000,4.13760567
Simul_-45deg,-45,48.59999847,48.59999847,90.00000000,4.20036268
Simul_-45deg,-45,48.95999908,48.96000290,90.00000000,4.26378536
Simul_-45deg,-45,49.31999588,49.31999588,90.00000000,4.32782745
Simul_-45deg,-45,49.67999649,49.67999649,90.00000000,4.39245272
Simul_-45deg,-45,50.03999710,50.03999710,90.00000000,4.45255566
Simul_-45deg,-45,50.39999771,50.39999771,90.00000000,4.47371912
Simul_-45deg,-45,50.75999451,50.75999832,90.00000000,4.49725437
Simul_-45deg,-45,51.11999893,51.11999893,90.00000000,4.52312136
Simul_-45deg,-45,51.47999573,51.47999573,90.00000000,4.55127811
Simul_-45deg,-45,51.83999634,51.84000015,90.00000000,4.58168030
Simul_-45deg,-45,52.19999695,52.19999695,90.00000000,4.58097410
Simul_-45deg,-45,52.55999756,52.55999756,90.00000000,4.55613041
Simul_-45deg,-45,52.91999435,52.91999817,90.00000000,4.53392792
Simul_-45deg,-45,53.27999878,53.27999878,90.00000000,4.51440668
Simul_-45deg,-45,53.63999557,53.63999557,90.00000000,4.49760675
Simul_-45deg,-45,54.00000000,54.00000000,90.00000000,4.48355675
Simul_-45deg,-45,54.35999680,54.35999680,90.00000000,4.42956114
Simul_-45deg,-45,54.71999741,54.71999741,90.00000000,4.37707233
Simul_-45deg,-45,55.07999802,55.07999802,90.00000000,4.32615709
Simul_-45deg,-45,55.43999863,55.43999863,90.00000000,4.27687502
Simul_-45deg,-45,55.79999542,55.79999924,90.00000000,4.22929192
Simul_-45deg,-45,56.15999603,56.15999603,90.00000000,4.18176126
Simul_-45deg,-45,56.51999664,56.51999664,90.00000000,4.13305664
Simul_-45deg,-45,56.87999725,56.87999725,90.00000000,4.08501673
Simul_-45deg,-45,57.23999786,57.23999786,90.00000000,4.03766680
Simul_-45deg,-45,57.59999847,57.59999847,90.00000000,3.99103761
Simul_-45deg,-45,57.95999908,57.95999908,90.00000000,3.94515896
Simul_-45deg,-45,58.31999588,58.31999588,90.00000000,3.92402864
Simul_-45deg,-45,58.67999649,58.67999649,90.00000000,3.90661383
Simul_-45deg,-45,59.03999329,59.03999329,90.00000000,3.88992429
Simul_-45deg,-45,59.39999390,59.39999390,90.00000000,3.87396789
Simul_-45deg,-45,59.75999832,59.75999832,90.00000000,3.85875249
Simul_-45deg,-45,60.11999893,60.11999893,90.00000000,3.85167122
Simul_-45deg,-45,60.47999573,60.47999573,90.00000000,3.86059761
Simul_-45deg,-45,60.83999634,60.83999634,90.00000000,3.87099767
Simul_-45deg,-45,61.19999313,61.19999313,90.00000000,3.88285995
Simul_-45deg,-45,61.56000137,61.56000137,90.00000000,3.89617395
Simul_-45deg,-45,61.91999817,61.91999817,90.00000000,3.91092443
Simul_-45deg,-45,62.27999878,62.27999878,90.00000000,3.91580319
Simul_-45deg,-45,62.63999557,62.63999557,90.00000000,3.92015433
Simul_-45deg,-45,62.99999619,62.99999619,90.00000000,3.92735672
Simul_-45deg,-45,63.35999298,63.35999298,90.00000000,3.93739796
Simul_-45deg,-45,63.71999741,63.71999741,90.00000000,3.95025826
Simul_-45deg,-45,64.07999420,64.07999420,90.00000000,3.95369911
Simul_-45deg,-45,64.43999481,64.43999481,90.00000000,3.91769934
Simul_-45deg,-45,64.79999542,64.79999542,90.00000000,3.88539338
Simul_-45deg,-45,65.15999603,65.15999603,90.00000000,3.85686994
Simul_-45deg,-45,65.51999664,65.51999664,90.00000000,3.83220577
Simul_-45deg,-45,65.87999725,65.87999725,90.00000000,3.81146479
Simul_-45deg,-45,66.23999786,66.23999786,90.00000000,3.74558735
Simul_-45deg,-45,66.59999847,66.59999847,90.00000000,3.65787172
Simul_-45deg,-45,66.95999146,66.95999146,90.00000000,3.57278800
Simul_-45deg,-45,67.31999207,67.31999207,90.00000000,3.49053264
Simul_-45deg,-45,67.68000031,67.68000031,90.00000000,3.41129494
Simul_-45deg,-45,68.04000092,68.04000092,90.00000000,3.32871151
Simul_-45deg,-45,68.39999390,68.39999390,90.00000000,3.19498014
Simul_-45deg,-45,68.75999451,68.75999451,90.00000000,3.06112814
Simul_-45deg,-45,69.11999512,69.11999512,90.00000000,2.92728949
Simul_-45deg,-45,69.47999573,69.47999573,90.00000000,2.79358888
Simul_-45deg,-45,69.83999634,69.83999634,90.00000000,2.66017103
Simul_-45deg,-45,70.19999695,70.19999695,90.00000000,2.51935697
Simul_-45deg,-45,70.55999756,70.55999756,90.00000000,2.37111592
Simul_-45deg,-45,70.91999817,70.91999817,90.00000000,2.22125959
Simul_-45deg,-45,71.27999115,71.27999115,90.00000000,2.06979966
Simul_-45deg,-45,71.63999939,71.63999939,90.00000000,1.91675282
Simul_-45deg,-45,72.00000000,72.00000000,90.00000000,1.76214290
Simul_-45deg,-45,72.36000061,72.36000061,90.00000000,1.64996874
Simul_-45deg,-45,72.71999359,72.71999359,90.00000000,1.53767335
Simul_-45deg,-45,73.07999420,73.07999420,90.00000000,1.42532754
Simul_-45deg,-45,73.43999481,73.43999481,90.00000000,1.31300032
Simul_-45deg,-45,73.79999542,73.79999542,90.00000000,1.20077205
Simul_-45deg,-45,74.15999603,74.15999603,90.00000000,1.11876273
Simul_-45deg,-45,74.51999664,74.51999664,90.00000000,1.07537210
Simul_-45deg,-45,74.87999725,74.87999725,90.00000000,1.03343272
Simul_-45deg,-45,75.23999023,75.23999023,90.00000000,0.99299067
Simul_-45deg,-45,75.59999084,75.59999084,90.00000000,0.95409143
Simul_-45deg,-45,75.95999908,75.95999908,90.00000000,0.91677856
Simul_-45deg,-45,76.31999969,76.31999969,90.00000000,0.90951753
Simul_-45deg,-45,76.67999268,76.67999268,90.00000000,0.90676463
Simul_-45deg,-45,77.03999329,77.03999329,90.00000000,0.90492898
Simul_-45deg,-45,77.39999390,77.39999390,90.00000000,0.90401125
Simul_-45deg,-45,77.76000214,77.76000214,90.00000000,0.90401220
Simul_-45deg,-45,78.11999512,78.11999512,90.00000000,0.89619273
Simul_-45deg,-45,78.47999573,78.47999573,90.00000000,0.87164748
Simul_-45deg,-45,78.83999634,78.83999634,90.00000000,0.84778392
Simul_-45deg,-45,79.19999695,79.19999695,90.00000000,0.82461327
Simul_-45deg,-45,79.55998993,79.55998993,90.00000000,0.80214864
Simul_-45deg,-45,79.91999817,79.91999817,90.00000000,0.78039920
Simul_-45deg,-45,80.27999878,80.27999878,90.00000000,0.71036983
Simul_-45deg,-45,80.63999939,80.63999939,90.00000000,0.62678248
Simul_-45deg,-45,80.99999237,80.99999237,90.00000000,0.54365742
Simul_-45deg,-45,81.35999298,81.35999298,90.00000000,0.46105015
Simul_-45deg,-45,81.72000122,81.72000122,90.00000000,0.37902123
Simul_-45deg,-45,82.07999420,82.07999420,90.00000000,0.28328741
Simul_-45deg,-45,82.43999481,82.43999481,90.00000000,0.13716896
Simul_-45deg,-45,82.79999542,82.79999542,90.00000000,-0.00957593
Simul_-45deg,-45,83.15999603,83.15999603,90.00000000,-0.15683620
Simul_-45deg,-45,83.51998901,83.51998901,90.00000000,-0.30448467
Simul_-45deg,-45,83.87999725,83.87999725,90.00000000,-0.45239601
Simul_-45deg,-45,84.23999786,84.23999786,90.00000000,-0.62656409
Simul_-45deg,-45,84.59999847,84.59999847,90.00000000,-0.81502187
Simul_-45deg,-45,84.95999146,84.95999146,90.00000000,-1.00475383
Simul_-45deg,-45,85.31999207,85.31999207,90.00000000,-1.19555962
Simul_-45deg,-45,85.67999268,85.67999268,90.00000000,-1.38719821
Simul_-45deg,-45,86.04000092,86.04000092,90.00000000,-1.57979417
Simul_-45deg,-45,86.39999390,86.39999390,90.00000000,-1.77628171
Simul_-45deg,-45,86.75999451,86.75999451,90.00000000,-1.97329104
Simul_-45deg,-45,87.11999512,87.11999512,90.00000000,-2.17046046
Simul_-45deg,-45,87.47999573,87.47999573,90.00000000,-2.36737370
Simul_-45deg,-45,87.83999634,87.83999634,90.00000000,-2.56357670
Simul_-45deg,-45,88.19999695,88.19999695,90.00000000,-2.74762964
Simul_-45deg,-45,88.55999756,88.55999756,90.00000000,-2.92174554
Simul_-45deg,-45,88.91999817,88.91999817,90.00000000,-3.09433007
Simul_-45deg,-45,89.27999115,89.27999115,90.00000000,-3.26490927
Simul_-45deg,-45,89.63999176,89.63999176,90.00000000,-3.43295336
Simul_-45deg,-45,90.00000000,90.00000000,90.00000000,-3.59787464
Simul_-45deg,-45,90.35999298,90.35999298,90.00000000,-3.73777914
Simul_-45deg,-45,90.71999359,90.71999359,90.00000000,-3.87526894
Simul_-45deg,-45,91.07999420,91.07999420,90.00000000,-4.00996494
Simul_-45deg,-45,91.43999481,91.43999481,90.00000000,-4.14145279
Simul_-45deg,-45,91.79999542,91.79999542,90.00000000,-4.26931381
Simul_-45deg,-45,92.15999603,92.15999603,90.00000000,-4.38678551
Simul_-45deg,-45,92.51999664,92.51999664,90.00000000,-4.49322653
Simul_-45deg,-45,92.87999725,92.87999725,90.00000000,-4.59672976
Simul_-45deg,-45,93.23999023,93.23999023,90.00000000,-4.69701195
Simul_-45deg,-45,93.59999084,93.59999084,90.00000000,-4.79379559
Simul_-45deg,-45,93.95999908,93.95999908,90.00000000,-4.88678074
Simul_-45deg,-45,94.31999969,94.31999969,90.00000000,-4.96380377
Simul_-45deg,-45,94.67999268,94.67999268,90.00000000,-5.03574610
Simul_-45deg,-45,95.03999329,95.03999329,90.00000000,-5.10393667
Simul_-45deg,-45,95.39999390,95.39999390,90.00000000,-5.16817951
Simul_-45deg,-45,95.75999451,95.75999451,90.00000000,-5.22827530
Simul_-45deg,-45,96.11999512,96.11999512,90.00000000,-5.27632618
Simul_-45deg,-45,96.47999573,96.47999573,90.00000000,-5.30448914
Simul_-45deg,-45,96.83999634,96.83999634,90.00000000,-5.32812071
Simul_-45deg,-45,97.19999695,97.19999695,90.00000000,-5.34714460
Simul_-45deg,-45,97.55998993,97.55998993,90.00000000,-5.36149931
Simul_-45deg,-45,97.91999817,97.91999817,90.00000000,-5.37113953
Simul_-45deg,-45,98.27999878,98.27999878,90.00000000,-5.35145092
Simul_-45deg,-45,98.63999176,98.63999176,90.00000000,-5.32065296
Simul_-45deg,-45,98.99999237,98.99999237,90.00000000,-5.28593254
Simul_-45deg,-45,99.35999298,99.35999298,90.00000000,-5.24738026
Simul_-45deg,-45,99.71999359,99.71999359,90.00000000,-5.20510721
Simul_-45deg,-45,100.07999420,100.07999420,90.00000000,-5.15308619
Simul_-45deg,-45,100.43999481,100.43999481,90.00000000,-5.07708454
Simul_-45deg,-45,100.79999542,100.79999542,90.00000000,-4.99929810
Simul_-45deg,-45,101.15999603,101.15999603,90.00000000,-4.91984415
Simul_-45deg,-45,101.51998901,101.51998901,90.00000000,-4.83883667
Simul_-45deg,-45,101.87999725,101.87999725,90.00000000,-4.75639057
Simul_-45deg,-45,102.23999786,102.23999786,90.00000000,-4.66449690
Simul_-45deg,-45,102.59999847,102.59999847,90.00000000,-4.56834602
Simul_-45deg,-45,102.95999146,102.95999146,90.00000000,-4.47225523
Simul_-45deg,-45,103.31999207,103.31999207,90.00000000,-4.37625694
Simul_-45deg,-45,103.67999268,103.67999268,90.00000000,-4.28040123
Simul_-45deg,-45,104.03999329,104.03999329,90.00000000,-4.18499660
Simul_-45deg,-45,104.39999390,104.39999390,90.00000000,-4.09222555
Simul_-45deg,-45,104.75999451,104.75999451,90.00000000,-4.00001335
Simul_-45deg,-45,105.11999512,105.11999512,90.00000000,-3.90836859
Simul_-45deg,-45,105.47999573,105.47999573,90.00000000,-3.81729221
Simul_-45deg,-45,105.83998871,105.83998871,90.00000000,-3.72679281
Simul_-45deg,-45,106.19999695,106.19999695,90.00000000,-3.64334345
Simul_-45deg,-45,106.55999756,106.55999756,90.00000000,-3.56550908
Simul_-45deg,-45,106.91999054,106.91999054,90.00000000,-3.48807621
Simul_-45deg,-45,107.27999115,107.27999115,90.00000000,-3.41104460
Simul_-45deg,-45,107.63999176,107.63999176,90.00000000,-3.33442259
Simul_-45deg,-45,108.00000000,108.00000000,90.00000000,-3.25820589
Simul_-45deg,-45,108.35999298,108.35999298,90.00000000,-3.20005393
Simul_-45deg,-45,108.71999359,108.71999359,90.00000000,-3.14195848
Simul_-45deg,-45,109.07999420,109.07999420,90.00000000,-3.08392549
Simul_-45deg,-45,109.43999481,109.43999481,90.00000000,-3.02596807
Simul_-45deg,-45,109.79998779,109.79998779,90.00000000,-2.96808910
Simul_-45deg,-45,110.15999603,110.15999603,90.00000000,-2.92133069
Simul_-45deg,-45,110.51999664,110.51999664,90.00000000,-2.88803363
Simul_-45deg,-45,110.87999725,110.87999725,90.00000000,-2.85425186
Simul_-45deg,-45,111.23999023,111.23999023,90.00000000,-2.81999803
Simul_-45deg,-45,111.59999084,111.59999084,90.00000000,-2.78528571
Simul_-45deg,-45,111.95999908,111.95999908,90.00000000,-2.75012875
Simul_-45deg,-45,112.31999207,112.31999207,90.00000000,-2.74255633
Simul_-45deg,-45,112.67999268,112.67999268,90.00000000,-2.73731804
Simul_-45deg,-45,113.03999329,113.03999329,90.00000000,-2.73087072
Simul_-45deg,-45,113.39999390,113.39999390,90.00000000,-2.72322178
Simul_-45deg,-45,113.75999451,113.75999451,90.00000000,-2.71437645
Simul_-45deg,-45,114.11999512,114.11999512,90.00000000,-2.71542597
Simul_-45deg,-45,114.47999573,114.47999573,90.00000000,-2.73719406
Simul_-45deg,-45,114.83999634,114.83999634,90.00000000,-2.75735760
Simul_-45deg,-45,115.19999695,115.19999695,90.00000000,-2.77589655
Simul_-45deg,-45,115.55998993,115.55998993,90.00000000,-2.79278779
Simul_-45deg,-45,115.91999817,115.91999817,90.00000000,-2.80801177
Simul_-45deg,-45,116.27999115,116.27999115,90.00000000,-2.84141755
Simul_-45deg,-45,116.63999176,116.63999176,90.00000000,-2.87936497
Simul_-45deg,-45,117.00000000,117.00000000,90.00000000,-2.91621971
Simul_-45deg,-45,117.35999298,117.35999298,90.00000000,-2.95194602
Simul_-45deg,-45,117.72000122,117.72000122,90.00000000,-2.98651981
Simul_-45deg,-45,118.07998657,118.07998657,90.00000000,-3.02148485
Simul_-45deg,-45,118.43999481,118.43999481,90.00000000,-3.06146097
Simul_-45deg,-45,118.79998779,118.79998779,90.00000000,-3.10134983
Simul_-45deg,-45,119.15999603,119.15999603,90.00000000,-3.14114761
Simul_-45deg,-45,119.51999664,119.51999664,90.00000000,-3.18084598
Simul_-45deg,-45,119.87998962,119.87998962,90.00000000,-3.22043896
Simul_-45deg,-45,120.23999786,120.23999786,90.00000000,-3.24772477
Simul_-45deg,-45,120.59999084,120.59999084,90.00000000,-3.26863170
Simul_-45deg,-45,120.95999146,120.95999146,90.00000000,-3.28922296
Simul_-45deg,-45,121.31999969,121.31999969,90.00000000,-3.30949283
Simul_-45deg,-45,121.67999268,121.67999268,90.00000000,-3.32943487
Simul_-45deg,-45,122.03999329,122.03999329,90.00000000,-3.34525466
Simul_-45deg,-45,122.39998627,122.39998627,90.00000000,-3.32946515
Simul_-45deg,-45,122.75999451,122.75999451,90.00000000,-3.31168294
Simul_-45deg,-45,123.12000275,123.12000275,90.00000000,-3.29193449
Simul_-45deg,-45,123.47998810,123.47998810,90.00000000,-3.27024579
Simul_-45deg,-45,123.83999634,123.83999634,90.00000000,-3.24664712
Simul_-45deg,-45,124.19998932,124.19998932,90.00000000,-3.21449041
Simul_-45deg,-45,124.55999756,124.55999756,90.00000000,-3.17425776
Simul_-45deg,-45,124.91998291,124.91998291,90.00000000,-3.13112116
Simul_-45deg,-45,125.27999115,125.27999115,90.00000000,-3.08516598
Simul_-45deg,-45,125.63999939,125.63999939,90.00000000,-3.03648973
Simul_-45deg,-45,125.99999237,125.99999237,90.00000000,-2.98518658
Simul_-45deg,-45,126.35999298,126.35999298,90.00000000,-2.98240948
Simul_-45deg,-45,126.71998596,126.71998596,90.00000000,-2.97667837
Simul_-45deg,-45,127.07999420,127.07999420,90.00000000,-2.96800280
Simul_-45deg,-45,127.43999481,127.43999481,90.00000000,-2.95640111
Simul_-45deg,-45,127.79998779,127.79998779,90.00000000,-2.94189572
Simul_-45deg,-45,128.15998840,128.15998840,90.00000000,-2.97601604
Simul_-45deg,-45,128.51998901,128.51998901,90.00000000,-3.07255244
Simul_-45deg,-45,128.87998962,128.87998962,90.00000000,-3.16736197
Simul_-45deg,-45,129.24000549,129.24000549,90.00000000,-3.26027536
Simul_-45deg,-45,129.59999084,129.59999084,90.00000000,-3.35112572
Simul_-45deg,-45,129.95999146,129.95999146,90.00000000,-3.43973875
Simul_-45deg,-45,130.31999207,130.31999207,90.00000000,-3.65254784
Simul_-45deg,-45,130.67999268,130.67999268,90.00000000,-3.88319063
Simul_-45deg,-45,131.03999329,131.03999329,90.00000000,-4.11579561
Simul_-45deg,-45,131.39999390,131.39999390,90.00000000,-4.34998035
Simul_-45deg,-45,131.75999451,131.75999451,90.00000000,-4.58528376
Simul_-45deg,-45,132.11999512,132.11999512,90.00000000,-4.85548973
Simul_-45deg,-45,132.47999573,132.47999573,90.00000000,-5.19693661
Simul_-45deg,-45,132.83998108,132.83998108,90.00000000,-5.54104805
Simul_-45deg,-45,133.19999695,133.19999695,90.00000000,-5.88610268
Simul_-45deg,-45,133.55999756,133.55999756,90.00000000,-6.22989893
Simul_-45deg,-45,133.91998291,133.91998291,90.00000000,-6.56967258
Simul_-45deg,-45,134.27999878,134.27999878,90.00000000,-6.90987349
Simul_-45deg,-45,134.63998413,134.63998413,90.00000000,-7.23811436
Simul_-45deg,-45,135.00000000,135.00000000,90.00000000,-7.54616261
Simul_-45deg,-45,135.36000061,135.36000061,90.00000000,-7.82747936
Simul_-45deg,-45,135.71998596,135.71998596,90.00000000,-8.07507706
Simul_-45deg,-45,136.08000183,136.08000183,90.00000000,-8.27994728
Simul_-45deg,-45,136.43998718,136.43998718,90.00000000,-8.44067383
Simul_-45deg,-45,136.79998779,136.79998779,90.00000000,-8.56571198
Simul_-45deg,-45,137.16000366,137.16000366,90.00000000,-8.65175056
Simul_-45deg,-45,137.51998901,137.51998901,90.00000000,-8.69636440
Simul_-45deg,-45,137.87998962,137.87998962,90.00000000,-8.69826698
Simul_-45deg,-45,138.23999023,138.23999023,90.00000000,-8.74716854
Simul_-45deg,-45,138.59999084,138.59999084,90.00000000,-8.82035351
Simul_-45deg,-45,138.95999146,138.95999146,90.00000000,-8.87656116
Simul_-45deg,-45,139.31999207,139.31999207,90.00000000,-8.91511154
Simul_-45deg,-45,139.67999268,139.67999268,90.00000000,-8.93552685
Simul_-45deg,-45,140.03999329,140.03999329,90.00000000,-8.96089554
Simul_-45deg,-45,140.39999390,140.39999390,90.00000000,-9.16649055
Simul_-45deg,-45,140.75997925,140.75997925,90.00000000,-9.37491989
Simul_-45deg,-45,141.11999512,141.11999512,90.00000000,-9.58610535
Simul_-45deg,-45,141.47999573,141.47999573,90.00000000,-9.79994297
Simul_-45deg,-45,141.83999634,141.83999634,90.00000000,-10.01629734
Simul_-45deg,-45,142.19999695,142.19999695,90.00000000,-10.29950237
Simul_-45deg,-45,142.55998230,142.55998230,90.00000000,-10.63966656
Simul_-45deg,-45,142.91999817,142.91999817,90.00000000,-10.98546791
Simul_-45deg,-45,143.27999878,143.27999878,90.00000000,-11.33594990
Simul_-45deg,-45,143.63998413,143.63998413,90.00000000,-11.68981743
Simul_-45deg,-45,144.00000000,144.00000000,90.00000000,-12.04534721
Simul_-45deg,-45,144.35998535,144.35998535,90.00000000,-12.17551041
Simul_-45deg,-45,144.72000122,144.72000122,90.00000000,-12.25117493
Simul_-45deg,-45,145.07998657,145.07998657,90.00000000,-12.26939964
Simul_-45deg,-45,145.43998718,145.43998718,90.00000000,-12.22946644
Simul_-45deg,-45,145.80000305,145.80000305,90.00000000,-12.13295078
Simul_-45deg,-45,146.15998840,146.15998840,90.00000000,-11.87154198
Simul_-45deg,-45,146.51998901,146.51998901,90.00000000,-11.44623280
Simul_-45deg,-45,146.87998962,146.87998962,90.00000000,-11.01306534
Simul_-45deg,-45,147.23999023,147.23999023,90.00000000,-10.57776546
Simul_-45deg,-45,147.59999084,147.59999084,90.00000000,-10.14468384
Simul_-45deg,-45,147.95999146,147.95999146,90.00000000,-9.71696949
Simul_-45deg,-45,148.31999207,148.31999207,90.00000000,-9.35300255
Simul_-45deg,-45,148.67999268,148.67999268,90.00000000,-9.00571251
Simul_-45deg,-45,149.03999329,149.03999329,90.00000000,-8.66805267
Simul_-45deg,-45,149.39999390,149.39999390,90.00000000,-8.33982563
Simul_-45deg,-45,149.75999451,149.75999451,90.00000000,-8.02083302
Simul_-45deg,-45,150.11999512,150.11999512,90.00000000,-7.77995825
Simul_-45deg,-45,150.47998047,150.47998047,90.00000000,-7.67838001
Simul_-45deg,-45,150.83999634,150.83999634,90.00000000,-7.57395077
Simul_-45deg,-45,151.19998169,151.19998169,90.00000000,-7.46693182
Simul_-45deg,-45,151.55999756,151.55999756,90.00000000,-7.35755682
Simul_-45deg,-45,151.91999817,151.91999817,90.00000000,-7.24607849
Simul_-45deg,-45,152.27998352,152.27998352,90.00000000,-7.30752707
Simul_-45deg,-45,152.63999939,152.63999939,90.00000000,-7.41589451
Simul_-45deg,-45,152.99998474,152.99998474,90.00000000,-7.52078295
Simul_-45deg,-45,153.35998535,153.35998535,90.00000000,-7.62188005
Simul_-45deg,-45,153.72000122,153.72000122,90.00000000,-7.71884203
Simul_-45deg,-45,154.07998657,154.07998657,90.00000000,-7.84900093
Simul_-45deg,-45,154.43998718,154.43998718,90.00000000,-8.11043739
Simul_-45deg,-45,154.79998779,154.79998779,90.00000000,-8.37335491
Simul_-45deg,-45,155.15998840,155.15998840,90.00000000,-8.63703918
Simul_-45deg,-45,155.52000427,155.52000427,90.00000000,-8.90054131
Simul_-45deg,-45,155.87998962,155.87998962,90.00000000,-9.16276550
Simul_-45deg,-45,156.23999023,156.23999023,90.00000000,-9.46985245
Simul_-45deg,-45,156.59999084,156.59999084,90.00000000,-9.80061531
Simul_-45deg,-45,156.95999146,156.95999146,90.00000000,-10.13022232
Simul_-45deg,-45,157.31999207,157.31999207,90.00000000,-10.45621777
Simul_-45deg,-45,157.67999268,157.67999268,90.00000000,-10.77564240
Simul_-45deg,-45,158.03999329,158.03999329,90.00000000,-11.08365631
Simul_-45deg,-45,158.39999390,158.39999390,90.00000000,-11.37015533
Simul_-45deg,-45,158.75999451,158.75999451,90.00000000,-11.64462566
Simul_-45deg,-45,159.11997986,159.11997986,90.00000000,-11.90335178
Simul_-45deg,-45,159.47999573,159.47999573,90.00000000,-12.14227867
Simul_-45deg,-45,159.83999634,159.83999634,90.00000000,-12.35708046
Simul_-45deg,-45,160.19998169,160.19998169,90.00000000,-12.55373192
Simul_-45deg,-45,160.55999756,160.55999756,90.00000000,-12.74031544
Simul_-45deg,-45,160.91998291,160.91998291,90.00000000,-12.90997410
Simul_-45deg,-45,161.27999878,161.27999878,90.00000000,-13.06035995
Simul_-45deg,-45,161.63999939,161.63999939,90.00000000,-13.18915749
Simul_-45deg,-45,161.99998474,161.99998474,90.00000000,-13.29424763
Simul_-45deg,-45,162.36000061,162.36000061,90.00000000,-13.48085785
Simul_-45deg,-45,162.71998596,162.71998596,90.00000000,-13.65558434
Simul_-45deg,-45,163.07998657,163.07998657,90.00000000,-13.81662846
Simul_-45deg,-45,163.44000244,163.44000244,90.00000000,-13.96212673
Simul_-45deg,-45,163.79998779,163.79998779,90.00000000,-14.09027672
Simul_-45deg,-45,164.15998840,164.15998840,90.00000000,-14.25595379
Simul_-45deg,-45,164.51998901,164.51998901,90.00000000,-14.47442055
Simul_-45deg,-45,164.87998962,164.87998962,90.00000000,-14.67302227
Simul_-45deg,-45,165.23999023,165.23999023,90.00000000,-14.84839249
Simul_-45deg,-45,165.59999084,165.59999084,90.00000000,-14.99724483
Simul_-45deg,-45,165.95999146,165.95999146,90.00000000,-15.11653519
Simul_-45deg,-45,166.31999207,166.31999207,90.00000000,-15.27700806
Simul_-45deg,-45,166.67999268,166.67999268,90.00000000,-15.40464401
Simul_-45deg,-45,167.03997803,167.03997803,90.00000000,-15.48590088
Simul_-45deg,-45,167.39999390,167.39999390,90.00000000,-15.51810837
Simul_-45deg,-45,167.75999451,167.75999451,90.00000000,-15.50015545
Simul_-45deg,-45,168.11999512,168.11999512,90.00000000,-15.45393944
Simul_-45deg,-45,168.47999573,168.47999573,90.00000000,-15.40033913
Simul_-45deg,-45,168.83998108,168.83998108,90.00000000,-15.29777908
Simul_-45deg,-45,169.19999695,169.19998169,90.00000000,-15.14965153
Simul_-45deg,-45,169.55999756,169.55999756,90.00000000,-14.96051025
Simul_-45deg,-45,169.91998291,169.91996765,90.00000000,-14.73572159
Simul_-45deg,-45,170.27999878,170.27998352,90.00000000,-14.56869030
Simul_-45deg,-45,170.63998413,170.63998413,90.00000000,-14.39782619
Simul_-45deg,-45,170.99998474,171.00000000,90.00000000,-14.20113087
Simul_-45deg,-45,171.35998535,171.36000061,90.00000000,-13.98229504
Simul_-45deg,-45,171.71998596,171.71998596,90.00000000,-13.74489784
Simul_-45deg,-45,172.08000183,172.07998657,90.00000000,-13.52692223
Simul_-45deg,-45,172.43998718,172.43998718,90.00000000,-13.41131115
Simul_-45deg,-45,172.79998779,172.80000305,90.00000000,-13.27524376
Simul_-45deg,-45,173.15998840,173.16000366,90.00000000,-13.12069035
Simul_-45deg,-45,173.51998901,173.52000427,90.00000000,-12.94969749
Simul_-45deg,-45,173.87998962,173.87998962,90.00000000,-12.76435089
Simul_-45deg,-45,174.23999023,174.23999023,90.00000000,-12.66819096
Simul_-45deg,-45,174.59999084,174.59997559,90.00000000,-12.60033131
Simul_-45deg,-45,174.95999146,174.95999146,90.00000000,-12.50883865
Simul_-45deg,-45,175.31999207,175.32000732,90.00000000,-12.39521217
Simul_-45deg,-45,175.67999268,175.67997742,90.00000000,-12.26119232
Simul_-45deg,-45,176.03999329,176.03996277,90.00000000,-12.12296295
Simul_-45deg,-45,176.39999390,176.39999390,90.00000000,-12.07383537
Simul_-45deg,-45,176.75997925,176.75996399,90.00000000,-11.99425220
Simul_-45deg,-45,177.11999512,177.12002563,90.00000000,-11.88582039
Simul_-45deg,-45,177.47999573,177.47996521,90.00000000,-11.75073719
Simul_-45deg,-45,177.83999634,177.83996582,90.00000000,-11.59146309
Simul_-45deg,-45,178.19999695,178.19993591,90.00000000,-11.46050262
Simul_-45deg,-45,178.55998230,178.56004333,90.00000000,-11.34053707
Simul_-45deg,-45,178.91999817,178.92007446,90.00000000,-11.19154930
Simul_-45deg,-45,179.27998352,179.27990723,90.00000000,-11.01663113
Simul_-45deg,-45,179.63998413,179.64009094,90.00000000,-10.81869984
Simul_-45deg,-45,180.00000000,180.00000000,-90.00000000,-10.60050488
Simul_-45deg,-45,180.35998535,179.64009094,-90.00000000,-10.42861176
Simul_-45deg,-45,180.71998596,179.27990723,-90.00000000,-10.23547363
Simul_-45deg,-45,181.07998657,178.92007446,-90.00000000,-10.02522564
Simul_-45deg,-45,181.43998718,178.56004333,-90.00000000,-9.80032730
Simul_-45deg,-45,181.80000305,178.19993591,-90.00000000,-9.56350231
Simul_-45deg,-45,182.15998840,177.83996582,-90.00000000,-9.33781338
Simul_-45deg,-45,182.51998901,177.47996521,-90.00000000,-9.12926102
Simul_-45deg,-45,182.87998962,177.12002563,-90.00000000,-8.91345978
Simul_-45deg,-45,183.23999023,176.75996399,-90.00000000,-8.69184113
Simul_-45deg,-45,183.59999084,176.39999390,-90.00000000,-8.46588230
Simul_-45deg,-45,183.95999146,176.04000854,-90.00000000,-8.23669529
Simul_-45deg,-45,184.31999207,175.67997742,-90.00000000,-8.03789902
Simul_-45deg,-45,184.67999268,175.32000732,-90.00000000,-7.84226370
Simul_-45deg,-45,185.03999329,174.95999146,-90.00000000,-7.64621162
Simul_-45deg,-45,185.39997864,174.59997559,-90.00000000,-7.45015812
Simul_-45deg,-45,185.75999451,174.23999023,-90.00000000,-7.25451708
Simul_-45deg,-45,186.11999512,173.87998962,-90.00000000,-7.07039356
Simul_-45deg,-45,186.47998047,173.52000427,-90.00000000,-6.90911293
Simul_-45deg,-45,186.83999634,173.16000366,-90.00000000,-6.74924374
Simul_-45deg,-45,187.19998169,172.80000305,-90.00000000,-6.59085226
Simul_-45deg,-45,187.55998230,172.43998718,-90.00000000,-6.43397713
Simul_-45deg,-45,187.91999817,172.07998657,-90.00000000,-6.27866745
Simul_-45deg,-45,188.27998352,171.71998596,-90.00000000,-6.15398169
Simul_-45deg,-45,188.63999939,171.36000061,-90.00000000,-6.03872871
Simul_-45deg,-45,188.99998474,171.00000000,-90.00000000,-5.92456627
Simul_-45deg,-45,189.35998535,170.63998413,-90.00000000,-5.81146765
Simul_-45deg,-45,189.72000122,170.27998352,-90.00000000,-5.69944954
Simul_-45deg,-45,190.07998657,169.91999817,-90.00000000,-5.60061646
Simul_-45deg,-45,190.43998718,169.55998230,-90.00000000,-5.54468107
Simul_-45deg,-45,190.79998779,169.20001221,-90.00000000,-5.48889828
Simul_-45deg,-45,191.15998840,168.83998108,-90.00000000,-5.43326330
Simul_-45deg,-45,191.51998901,168.47999573,-90.00000000,-5.37778282
Simul_-45deg,-45,191.87998962,168.11999512,-90.00000000,-5.32245874
Simul_-45deg,-45,192.23999023,167.75997925,-90.00000000,-5.32000065
Simul_-45deg,-45,192.59999084,167.40000916,-90.00000000,-5.34386587
Simul_-45deg,-45,192.95999146,167.03999329,-90.00000000,-5.36766577
Simul_-45deg,-45,193.31997681,166.67999268,-90.00000000,-5.39139795
Simul_-45deg,-45,193.67999268,166.31999207,-90.00000000,-5.41506338
Simul_-45deg,-45,194.03999329,165.95997620,-90.00000000,-5.44954252
Simul_-45deg,-45,194.39999390,165.59999084,-90.00000000,-5.57190418
Simul_-45deg,-45,194.75999451,165.24000549,-90.00000000,-5.69591141
Simul_-45deg,-45,195.11997986,164.88000488,-90.00000000,-5.82161427
Simul_-45deg,-45,195.47999573,164.51998901,-90.00000000,-5.94905376
Simul_-45deg,-45,195.83999634,164.15998840,-90.00000000,-6.07825994
Simul_-45deg,-45,196.19998169,163.79998779,-90.00000000,-6.26238298
Simul_-45deg,-45,196.55999756,163.43998718,-90.00000000,-6.49382305
Simul_-45deg,-45,196.91998291,163.07998657,-90.00000000,-6.73112679
Simul_-45deg,-45,197.27998352,162.72000122,-90.00000000,-6.97463560
Simul_-45deg,-45,197.63999939,162.36000061,-90.00000000,-7.22462940
Simul_-45deg,-45,197.99998474,161.99998474,-90.00000000,-7.48144102
Simul_-45deg,-45,198.36000061,161.63999939,-90.00000000,-7.80538464
Simul_-45deg,-45,198.71998596,161.27999878,-90.00000000,-8.14004803
Simul_-45deg,-45,199.07998657,160.91998291,-90.00000000,-8.48598289
Simul_-45deg,-45,199.43998718,160.56001282,-90.00000000,-8.84368706
Simul_-45deg,-45,199.79998779,160.19998169,-90.00000000,-9.21381569
Simul_-45deg,-45,200.15998840,159.83998108,-90.00000000,-9.59710312
Simul_-45deg,-45,200.51998901,159.47999573,-90.00000000,-9.99380684
Simul_-45deg,-45,200.87998962,159.11997986,-90.00000000,-10.40386295
Simul_-45deg,-45,201.23999023,158.75999451,-90.00000000,-10.82739925
Simul_-45deg,-45,201.59999084,158.39999390,-90.00000000,-11.26436424
Simul_-45deg,-45,201.95999146,158.03997803,-90.00000000,-11.71430683
Simul_-45deg,-45,202.31999207,157.67999268,-90.00000000,-12.16155910
Simul_-45deg,-45,202.67999268,157.31997681,-90.00000000,-12.62215996
Simul_-45deg,-45,203.03997803,156.95999146,-90.00000000,-13.09775352
Simul_-45deg,-45,203.39999390,156.59999084,-90.00000000,-13.58756638
Simul_-45deg,-45,203.75999451,156.23997498,-90.00000000,-14.08981800
Simul_-45deg,-45,204.11997986,155.87998962,-90.00000000,-14.62721062
Simul_-45deg,-45,204.47999573,155.51998901,-90.00000000,-15.23899078
Simul_-45deg,-45,204.83998108,155.15998840,-90.00000000,-15.88281441
Simul_-45deg,-45,205.19999695,154.79998779,-90.00000000,-16.55894089
Simul_-45deg,-45,205.55998230,154.43998718,-90.00000000,-17.26560974
Simul_-45deg,-45,205.91998291,154.07998657,-90.00000000,-17.99813843
Simul_-45deg,-45,206.27999878,153.71998596,-90.00000000,-18.91525078
Simul_-45deg,-45,206.63998413,153.35998535,-90.00000000,-19.93605232
Simul_-45deg,-45,206.99998474,152.99998474,-90.00000000,-21.00033569
Simul_-45deg,-45,207.35998535,152.63999939,-90.00000000,-22.06160355
Simul_-45deg,-45,207.71998596,152.27998352,-90.00000000,-23.02577972
Simul_-45deg,-45,208.07998657,151.91998291,-90.00000000,-23.68089867
Simul_-45deg,-45,208.43998718,151.55999756,-90.00000000,-23.65613937
Simul_-45deg,-45,208.79998779,151.19998169,-90.00000000,-23.11665726
Simul_-45deg,-45,209.15998840,150.83999634,-90.00000000,-22.22259140
Simul_-45deg,-45,209.51998901,150.47998047,-90.00000000,-21.16049767
Simul_-45deg,-45,209.87998962,150.11999512,-90.00000000,-20.06067276
Simul_-45deg,-45,210.23999023,149.75999451,-90.00000000,-18.93457222
Simul_-45deg,-45,210.59999084,149.39997864,-90.00000000,-17.88524818
Simul_-45deg,-45,210.95999146,149.03999329,-90.00000000,-16.93687057
Simul_-45deg,-45,211.31999207,148.67999268,-90.00000000,-16.07385826
Simul_-45deg,-45,211.67997742,148.31999207,-90.00000000,-15.28346539
Simul_-45deg,-45,212.03999329,147.95999146,-90.00000000,-14.58371544
Simul_-45deg,-45,212.39999390,147.59999084,-90.00000000,-14.13638020
Simul_-45deg,-45,212.75997925,147.23999023,-90.00000000,-13.69136906
Simul_-45deg,-45,213.11999512,146.88000488,-90.00000000,-13.25200272
Simul_-45deg,-45,213.47998047,146.51998901,-90.00000000,-12.82069016
Simul_-45deg,-45,213.83998108,146.15998840,-90.00000000,-12.39905834
Simul_-45deg,-45,214.19999695,145.79998779,-90.00000000,-12.19649410
Simul_-45deg,-45,214.55998230,145.43998718,-90.00000000,-12.13652229
Simul_-45deg,-45,214.91999817,145.07998657,-90.00000000,-12.04366779
Simul_-45deg,-45,215.27998352,144.72000122,-90.00000000,-11.92002392
Simul_-45deg,-45,215.63998413,144.35998535,-90.00000000,-11.76817799
Simul_-45deg,-45,216.00000000,143.99998474,-90.00000000,-11.59113693
Simul_-45deg,-45,216.35998535,143.63998413,-90.00000000,-11.79919720
Simul_-45deg,-45,216.71998596,143.27998352,-90.00000000,-11.96355820
Simul_-45deg,-45,217.07998657,142.91999817,-90.00000000,-12.07871819
Simul_-45deg,-45,217.43998718,142.55998230,-90.00000000,-12.14056587
Simul_-45deg,-45,217.79998779,142.19998169,-90.00000000,-12.14676762
Simul_-45deg,-45,218.15998840,141.83999634,-90.00000000,-12.24641991
Simul_-45deg,-45,218.51998901,141.47998047,-90.00000000,-12.47235489
Simul_-45deg,-45,218.87998962,141.11999512,-90.00000000,-12.62736320
Simul_-45deg,-45,219.23999023,140.75997925,-90.00000000,-12.70332146
Simul_-45deg,-45,219.59997559,140.39999390,-90.00000000,-12.69598007
Simul_-45deg,-45,219.95999146,140.03999329,-90.00000000,-12.60575390
Simul_-45deg,-45,220.31999207,139.67997742,-90.00000000,-12.54306030
Simul_-45deg,-45,220.67997742,139.32000732,-90.00000000,-12.41838360
Simul_-45deg,-45,221.03999329,138.95999146,-90.00000000,-12.22464371
Simul_-45deg,-45,221.39997864,138.60000610,-90.00000000,-11.97083378
Simul_-45deg,-45,221.75999451,138.23999023,-90.00000000,-11.66727066
Simul_-45deg,-45,222.11999512,137.87998962,-90.00000000,-11.31119919
Simul_-45deg,-45,222.47998047,137.51998901,-90.00000000,-10.91048241
Simul_-45deg,-45,222.83999634,137.15998840,-90.00000000,-10.50413895
Simul_-45deg,-45,223.19998169,136.79998779,-90.00000000,-10.09668159
Simul_-45deg,-45,223.55998230,136.43998718,-90.00000000,-9.69149017
Simul_-45deg,-45,223.91999817,136.07998657,-90.00000000,-9.29108238
Simul_-45deg,-45,224.27998352,135.72000122,-90.00000000,-8.86257076
Simul_-45deg,-45,224.63998413,135.36000061,-90.00000000,-8.43892288
Simul_-45deg,-45,224.99998474,135.00000000,-90.00000000,-8.03054333
Simul_-45deg,-45,225.35998535,134.63998413,-90.00000000,-7.63680887
Simul_-45deg,-45,225.71998596,134.28001404,-90.00000000,-7.25712299
Simul_-45deg,-45,226.07998657,133.91999817,-90.00000000,-6.88996696
Simul_-45deg,-45,226.43998718,133.55998230,-90.00000000,-6.53097153
Simul_-45deg,-45,226.79998779,133.20001221,-90.00000000,-6.18147182
Simul_-45deg,-45,227.15998840,132.83998108,-90.00000000,-5.84136105
Simul_-45deg,-45,227.51998901,132.47999573,-90.00000000,-5.51058054
Simul_-45deg,-45,227.87998962,132.11999512,-90.00000000,-5.18892813
Simul_-45deg,-45,228.23999023,131.75997925,-90.00000000,-4.90735006
Simul_-45deg,-45,228.59999084,131.40000916,-90.00000000,-4.64488554
Simul_-45deg,-45,228.95999146,131.03999329,-90.00000000,-4.38523293
Simul_-45deg,-45,229.31997681,130.67999268,-90.00000000,-4.12881947
Simul_-45deg,-45,229.67999268,130.31999207,-90.00000000,-3.87592936
Simul_-45deg,-45,230.03999329,129.95997620,-90.00000000,-3.63622618
Simul_-45deg,-45,230.39999390,129.59997559,-90.00000000,-3.47312641
Simul_-45deg,-45,230.75997925,129.24000549,-90.00000000,-3.30903816
Simul_-45deg,-45,231.11997986,128.87998962,-90.00000000,-3.14427710
Simul_-45deg,-45,231.47999573,128.51998901,-90.00000000,-2.97914314
Simul_-45deg,-45,231.83999634,128.15998840,-90.00000000,-2.81390572
Simul_-45deg,-45,232.19999695,127.79998016,-90.00000000,-2.69753551
Simul_-45deg,-45,232.55998230,127.43999481,-90.00000000,-2.61846566
Simul_-45deg,-45,232.91998291,127.07999420,-90.00000000,-2.53726912
Simul_-45deg,-45,233.27998352,126.71998596,-90.00000000,-2.45409584
Simul_-45deg,-45,233.63999939,126.35998535,-90.00000000,-2.36908937
Simul_-45deg,-45,234.00000000,125.99997711,-90.00000000,-2.28238440
Simul_-45deg,-45,234.35998535,125.63999939,-90.00000000,-2.25073123
Simul_-45deg,-45,234.71998596,125.27999115,-90.00000000,-2.21627021
Simul_-45deg,-45,235.07998657,124.91998291,-90.00000000,-2.17907119
Simul_-45deg,-45,235.44000244,124.55998230,-90.00000000,-2.13920927
Simul_-45deg,-45,235.79997253,124.20000458,-90.00000000,-2.09676075
Simul_-45deg,-45,236.15997314,123.84001160,-90.00000000,-2.05722308
Simul_-45deg,-45,236.51998901,123.47998810,-90.00000000,-2.02121520
Simul_-45deg,-45,236.87998962,123.11998749,-90.00000000,-1.98173308
Simul_-45deg,-45,237.23999023,122.75997925,-90.00000000,-1.93887186
Simul_-45deg,-45,237.59997559,122.40000153,-90.00000000,-1.89274144
Simul_-45deg,-45,237.95997620,122.03999329,-90.00000000,-1.84343743
Simul_-45deg,-45,238.31999207,121.68000793,-90.00000000,-1.78077412
Simul_-45deg,-45,238.67999268,121.31998444,-90.00000000,-1.71392930
Simul_-45deg,-45,239.03999329,120.95997620,-90.00000000,-1.64434648
Simul_-45deg,-45,239.39997864,120.59999847,-90.00000000,-1.57217681
Simul_-45deg,-45,239.75997925,120.23999786,-90.00000000,-1.49755359
Simul_-45deg,-45,240.11997986,119.87998962,-90.00000000,-1.42014456
Simul_-45deg,-45,240.47999573,119.51998138,-90.00000000,-1.34016275
Simul_-45deg,-45,240.83999634,119.15998077,-90.00000000,-1.25894976
Simul_-45deg,-45,241.19998169,118.80000305,-90.00000000,-1.17661071
Simul_-45deg,-45,241.55998230,118.43999481,-90.00000000,-1.09322190
Simul_-45deg,-45,241.91998291,118.07998657,-90.00000000,-1.00888073
Simul_-45deg,-45,242.27999878,117.71998596,-90.00000000,-0.93916059
Simul_-45deg,-45,242.63999939,117.35997772,-90.00000000,-0.87327236
Simul_-45deg,-45,242.99996948,117.00000000,-90.00000000,-0.80686265
Simul_-45deg,-45,243.35998535,116.63999176,-90.00000000,-0.73995715
Simul_-45deg,-45,243.71998596,116.27999115,-90.00000000,-0.67260319
Simul_-45deg,-45,244.07998657,115.91998291,-90.00000000,-0.61126351
Simul_-45deg,-45,244.44000244,115.55997467,-90.00000000,-0.57178026
Simul_-45deg,-45,244.79997253,115.19999695,-90.00000000,-0.53153503
Simul_-45deg,-45,245.15998840,114.83999634,-90.00000000,-0.49053904
Simul_-45deg,-45,245.51998901,114.47999573,-90.00000000,-0.44882601
Simul_-45deg,-45,245.87998962,114.11998749,-90.00000000,-0.40641651
Simul_-45deg,-45,246.24000549,113.75998688,-90.00000000,-0.37877202
Simul_-45deg,-45,246.59997559,113.40000916,-90.00000000,-0.35762966
Simul_-45deg,-45,246.95997620,113.04000092,-90.00000000,-0.33517626
Simul_-45deg,-45,247.31999207,112.67999268,-90.00000000,-0.31143281
Simul_-45deg,-45,247.67999268,112.31999207,-90.00000000,-0.28642192
Simul_-45deg,-45,248.03999329,111.95998383,-90.00000000,-0.26173103
Simul_-45deg,-45,248.39997864,111.60000610,-90.00000000,-0.24800710
Simul_-45deg,-45,248.75997925,111.23999786,-90.00000000,-0.23245998
Simul_-45deg,-45,249.11999512,110.87999725,-90.00000000,-0.21511015
Simul_-45deg,-45,249.47999573,110.51998901,-90.00000000,-0.19598067
Simul_-45deg,-45,249.83996582,110.16001129,-90.00000000,-0.17509556
Simul_-45deg,-45,250.19998169,109.80000305,-90.00000000,-0.15850717
Simul_-45deg,-45,250.55998230,109.44000244,-90.00000000,-0.14479439
Simul_-45deg,-45,250.91998291,109.07999420,-90.00000000,-0.12908372
Simul_-45deg,-45,251.27999878,108.71998596,-90.00000000,-0.11139642
Simul_-45deg,-45,251.63996887,108.36000824,-90.00000000,-0.09175889
Simul_-45deg,-45,251.99998474,108.00000763,-90.00000000,-0.07019385
Simul_-45deg,-45,252.35998535,107.63999939,-90.00000000,-0.05972258
Simul_-45deg,-45,252.71998596,107.27999115,-90.00000000,-0.04727932
Simul_-45deg,-45,253.08000183,106.91999054,-90.00000000,-0.03288209
Simul_-45deg,-45,253.43997192,106.56000519,-90.00000000,-0.01655089
Simul_-45deg,-45,253.79997253,106.20000458,-90.00000000,0.00169468
Simul_-45deg,-45,254.15998840,105.83999634,-90.00000000,0.01593564
Simul_-45deg,-45,254.51998901,105.47999573,-90.00000000,0.02477507
Simul_-45deg,-45,254.87998962,105.11998749,-90.00000000,0.03560374
Simul_-45deg,-45,255.23997498,104.76000977,-90.00000000,0.04840522
Simul_-45deg,-45,255.59997559,104.40000153,-90.00000000,0.06316407
Simul_-45deg,-45,255.95999146,104.03999329,-90.00000000,0.07985826
Simul_-45deg,-45,256.31997681,103.67999268,-90.00000000,0.09069918
Simul_-45deg,-45,256.67999268,103.31997681,-90.00000000,0.10270400
Simul_-45deg,-45,257.03997803,102.95999908,-90.00000000,0.11683781
Simul_-45deg,-45,257.39999390,102.59999847,-90.00000000,0.13308132
Simul_-45deg,-45,257.75997925,102.23999786,-90.00000000,0.15141125
Simul_-45deg,-45,258.11999512,101.87998962,-90.00000000,0.17027301
Simul_-45deg,-45,258.48001099,101.51998901,-90.00000000,0.18823676
Simul_-45deg,-45,258.83996582,101.16000366,-90.00000000,0.20838715
Simul_-45deg,-45,259.19998169,100.79999542,-90.00000000,0.23069897
Simul_-45deg,-45,259.55999756,100.43999481,-90.00000000,0.25513467
Simul_-45deg,-45,259.91998291,100.07998657,-90.00000000,0.28166032
Simul_-45deg,-45,260.27999878,99.71997833,-90.00000000,0.30510095
Simul_-45deg,-45,260.63998413,99.36000061,-90.00000000,0.32904688
Simul_-45deg,-45,260.99996948,98.99999237,-90.00000000,0.35493258
Simul_-45deg,-45,261.35998535,98.63999176,-90.00000000,0.38271898
Simul_-45deg,-45,261.72000122,98.27998352,-90.00000000,0.41236925
Simul_-45deg,-45,262.07998657,97.92000580,-90.00000000,0.44073015
Simul_-45deg,-45,262.43997192,97.56000519,-90.00000000,0.45983201
Simul_-45deg,-45,262.79998779,97.19999695,-90.00000000,0.48045334
Simul_-45deg,-45,263.16000366,96.83999634,-90.00000000,0.50256795
Simul_-45deg,-45,263.51998901,96.47998047,-90.00000000,0.52615595
Simul_-45deg,-45,263.87997437,96.12000275,-90.00000000,0.55119044
Simul_-45deg,-45,264.23999023,95.76000214,-90.00000000,0.56454289
Simul_-45deg,-45,264.59997559,95.39999390,-90.00000000,0.57242686
Simul_-45deg,-45,264.95999146,95.03999329,-90.00000000,0.58132511
Simul_-45deg,-45,265.32000732,94.67998505,-90.00000000,0.59123051
Simul_-45deg,-45,265.67996216,94.31999969,-90.00000000,0.60213560
Simul_-45deg,-45,266.03997803,93.95999908,-90.00000000,0.61225498
Simul_-45deg,-45,266.39999390,93.59999084,-90.00000000,0.60893619
Simul_-45deg,-45,266.75997925,93.23999023,-90.00000000,0.60626513
Simul_-45deg,-45,267.11999512,92.87998962,-90.00000000,0.60424256
Simul_-45deg,-45,267.47998047,92.52001190,-90.00000000,0.60287017
Simul_-45deg,-45,267.83996582,92.16000366,-90.00000000,0.60214823
Simul_-45deg,-45,268.19998169,91.79999542,-90.00000000,0.60115796
Simul_-45deg,-45,268.55999756,91.43999481,-90.00000000,0.60022700
Simul_-45deg,-45,268.91998291,91.07998657,-90.00000000,0.60013270
Simul_-45deg,-45,269.27996826,90.72000885,-90.00000000,0.60087526
Simul_-45deg,-45,269.63998413,90.36000061,-90.00000000,0.60245514
Simul_-45deg,-45,270.00000000,90.00000000,-90.00000000,0.60487092
Simul_-45deg,-45,270.35998535,89.63999176,-90.00000000,0.62481958
Simul_-45deg,-45,270.72000122,89.27998352,-90.00000000,0.64646369
Simul_-45deg,-45,271.07998657,88.92000580,-90.00000000,0.66977441
Simul_-45deg,-45,271.43997192,88.56000519,-90.00000000,0.69472879
Simul_-45deg,-45,271.79998779,88.19999695,-90.00000000,0.72129673
Simul_-45deg,-45,272.16000366,87.83998871,-90.00000000,0.75968266
Simul_-45deg,-45,272.51998901,87.47998810,-90.00000000,0.81304920
Simul_-45deg,-45,272.87997437,87.12001038,-90.00000000,0.86875468
Simul_-45deg,-45,273.23999023,86.76000214,-90.00000000,0.92671096
Simul_-45deg,-45,273.59997559,86.39999390,-90.00000000,0.98681509
Simul_-45deg,-45,273.95999146,86.03999329,-90.00000000,1.04896677
Simul_-45deg,-45,274.32000732,85.67998505,-90.00000000,1.11927998
Simul_-45deg,-45,274.67996216,85.32000732,-90.00000000,1.19268203
Simul_-45deg,-45,275.03997803,84.95999908,-90.00000000,1.26830292
Simul_-45deg,-45,275.39999390,84.59999847,-90.00000000,1.34599745
Simul_-45deg,-45,275.75997925,84.23998260,-90.00000000,1.42563844
Simul_-45deg,-45,276.11996460,83.88000488,-90.00000000,1.49880946
Simul_-45deg,-45,276.47998047,83.52000427,-90.00000000,1.55738711
Simul_-45deg,-45,276.83999634,83.16000366,-90.00000000,1.61797071
Simul_-45deg,-45,277.19998169,82.79999542,-90.00000000,1.68045831
Simul_-45deg,-45,277.55999756,82.43997955,-90.00000000,1.74476290
Simul_-45deg,-45,277.91998291,82.08000183,-90.00000000,1.81078529
Simul_-45deg,-45,278.27996826,81.72000885,-90.00000000,1.83808339
Simul_-45deg,-45,278.63998413,81.36000061,-90.00000000,1.85539114
Simul_-45deg,-45,279.00000000,80.99999237,-90.00000000,1.87421346
Simul_-45deg,-45,279.35998535,80.63999176,-90.00000000,1.89453053
Simul_-45deg,-45,279.71997070,80.28001404,-90.00000000,1.91631913
Simul_-45deg,-45,280.07998657,79.91999817,-90.00000000,1.92706561
Simul_-45deg,-45,280.43997192,79.55998993,-90.00000000,1.89503717
Simul_-45deg,-45,280.79998779,79.19999695,-90.00000000,1.86368132
Simul_-45deg,-45,281.16000366,78.83998871,-90.00000000,1.83301139
Simul_-45deg,-45,281.51995850,78.48001099,-90.00000000,1.80304694
Simul_-45deg,-45,281.87997437,78.11999512,-90.00000000,1.77379954
Simul_-45deg,-45,282.23999023,77.75999451,-90.00000000,1.72560668
Simul_-45deg,-45,282.59997559,77.39999390,-90.00000000,1.66820931
Simul_-45deg,-45,282.95999146,77.03998566,-90.00000000,1.61145473
Simul_-45deg,-45,283.31997681,76.68000793,-90.00000000,1.55538535
Simul_-45deg,-45,283.67999268,76.31999969,-90.00000000,1.50002766
Simul_-45deg,-45,284.03997803,75.95999908,-90.00000000,1.44759083
Simul_-45deg,-45,284.39999390,75.59999084,-90.00000000,1.41420794
Simul_-45deg,-45,284.76000977,75.23999023,-90.00000000,1.38336086
Simul_-45deg,-45,285.11996460,74.88000488,-90.00000000,1.35510564
Simul_-45deg,-45,285.47998047,74.52000427,-90.00000000,1.32949233
Simul_-45deg,-45,285.83999634,74.15999603,-90.00000000,1.30656826
Simul_-45deg,-45,286.19998169,73.79999542,-90.00000000,1.31655788
Simul_-45deg,-45,286.55999756,73.43998718,-90.00000000,1.35404706
Simul_-45deg,-45,286.91998291,73.08000946,-90.00000000,1.39498425
Simul_-45deg,-45,287.27996826,72.72000122,-90.00000000,1.43927884
Simul_-45deg,-45,287.63998413,72.36000061,-90.00000000,1.48681879
Simul_-45deg,-45,288.00000000,71.99999237,-90.00000000,1.53749728
Simul_-45deg,-45,288.35998535,71.63998413,-90.00000000,1.62777734
Simul_-45deg,-45,288.71997070,71.28000641,-90.00000000,1.71976495
Simul_-45deg,-45,289.07998657,70.91999817,-90.00000000,1.81332958
Simul_-45deg,-45,289.44000244,70.55999756,-90.00000000,1.90832591
Simul_-45deg,-45,289.79998779,70.19998932,-90.00000000,2.00461769
Simul_-45deg,-45,290.15997314,69.84001160,-90.00000000,2.09580874
Simul_-45deg,-45,290.51998901,69.48000336,-90.00000000,2.18032312
Simul_-45deg,-45,290.87997437,69.12000275,-90.00000000,2.26591682
Simul_-45deg,-45,291.23999023,68.75999451,-90.00000000,2.35249305
Simul_-45deg,-45,291.60000610,68.39998627,-90.00000000,2.43996406
Simul_-45deg,-45,291.95996094,68.04000854,-90.00000000,2.52823400
Simul_-45deg,-45,292.31997681,67.68000793,-90.00000000,2.56954956
Simul_-45deg,-45,292.67999268,67.31999969,-90.00000000,2.60657454
Simul_-45deg,-45,293.03997803,66.95999146,-90.00000000,2.64528322
Simul_-45deg,-45,293.39999390,66.59999084,-90.00000000,2.68563223
Simul_-45deg,-45,293.75997925,66.24001312,-90.00000000,2.72756672
Simul_-45deg,-45,294.11996460,65.88000488,-90.00000000,2.75142217
Simul_-45deg,-45,294.47998047,65.51999664,-90.00000000,2.73747563
Simul_-45deg,-45,294.83999634,65.15999603,-90.00000000,2.72495413
Simul_-45deg,-45,295.19998169,64.79998779,-90.00000000,2.71387148
Simul_-45deg,-45,295.55996704,64.44001007,-90.00000000,2.70423841
Simul_-45deg,-45,295.91998291,64.08000183,-90.00000000,2.69606376
Simul_-45deg,-45,296.27999878,63.71999741,-90.00000000,2.66777849
Simul_-45deg,-45,296.63998413,63.35999298,-90.00000000,2.63401294
Simul_-45deg,-45,297.00000000,62.99998856,-90.00000000,2.60085082
Simul_-45deg,-45,297.35998535,62.64001083,-90.00000000,2.56830931
Simul_-45deg,-45,297.71997070,62.28000259,-90.00000000,2.53639936
Simul_-45deg,-45,298.07998657,61.91999817,-90.00000000,2.50986099
Simul_-45deg,-45,298.44000244,61.55999374,-90.00000000,2.50026512
Simul_-45deg,-45,298.79998779,61.19998932,-90.00000000,2.49093676
Simul_-45deg,-45,299.15997314,60.84000778,-90.00000000,2.48187661
Simul_-45deg,-45,299.51998901,60.48000336,-90.00000000,2.47308612
Simul_-45deg,-45,299.87997437,60.11999893,-90.00000000,2.46456718
Simul_-45deg,-45,300.23999023,59.75999069,-90.00000000,2.48862648
Simul_-45deg,-45,300.60000610,59.39998627,-90.00000000,2.52878881
Simul_-45deg,-45,300.95996094,59.04000854,-90.00000000,2.56883097
Simul_-45deg,-45,301.31997681,58.68000412,-90.00000000,2.60876060
Simul_-45deg,-45,301.67999268,58.31999207,-90.00000000,2.64857340
Simul_-45deg,-45,302.03997803,57.95998383,-90.00000000,2.69148016
Simul_-45deg,-45,302.39996338,57.60001373,-90.00000000,2.76002359
Simul_-45deg,-45,302.75997925,57.24000549,-90.00000000,2.82860708
Simul_-45deg,-45,303.11999512,56.88000107,-90.00000000,2.89720297
Simul_-45deg,-45,303.47998047,56.51999283,-90.00000000,2.96579552
Simul_-45deg,-45,303.83999634,56.15998840,-90.00000000,3.03436875
Simul_-45deg,-45,304.19998169,55.80001068,-90.00000000,3.09438562
Simul_-45deg,-45,304.55996704,55.44000244,-90.00000000,3.14892578
Simul_-45deg,-45,304.91998291,55.07999802,-90.00000000,3.20513034
Simul_-45deg,-45,305.27999878,54.71999359,-90.00000000,3.26292515
Simul_-45deg,-45,305.63998413,54.35998917,-90.00000000,3.32224011
Simul_-45deg,-45,305.99996948,54.00000763,-90.00000000,3.38299847
Simul_-45deg,-45,306.35998535,53.64000702,-90.00000000,3.39915061
Simul_-45deg,-45,306.71997070,53.27999878,-90.00000000,3.41820931
Simul_-45deg,-45,307.07998657,52.91999054,-90.00000000,3.44013643
Simul_-45deg,-45,307.44000244,52.55998993,-90.00000000,3.46488857
Simul_-45deg,-45,307.79995728,52.20001221,-90.00000000,3.49241543
Simul_-45deg,-45,308.15997314,51.84000397,-90.00000000,3.50253582
Simul_-45deg,-45,308.51998901,51.47999573,-90.00000000,3.48976803
Simul_-45deg,-45,308.87997437,51.11999130,-90.00000000,3.47913408
Simul_-45deg,-45,309.23999023,50.75998688,-90.00000000,3.47065187
Simul_-45deg,-45,309.59997559,50.40000916,-90.00000000,3.46433353
Simul_-45deg,-45,309.95999146,50.04000473,-90.00000000,3.46018696
Simul_-45deg,-45,310.31997681,49.67999649,-90.00000000,3.44576812
Simul_-45deg,-45,310.67999268,49.31999207,-90.00000000,3.43048453
Simul_-45deg,-45,311.04000854,48.95998383,-90.00000000,3.41581345
Simul_-45deg,-45,311.39996338,48.60000610,-90.00000000,3.40176296
Simul_-45deg,-45,311.75997925,48.24000168,-90.00000000,3.38833714
Simul_-45deg,-45,312.11999512,47.87999725,-90.00000000,3.38552594
Simul_-45deg,-45,312.47998047,47.51998901,-90.00000000,3.40325308
Simul_-45deg,-45,312.83999634,47.15998840,-90.00000000,3.42151785
Simul_-45deg,-45,313.19998169,46.80000687,-90.00000000,3.44031119
Simul_-45deg,-45,313.55996704,46.44000244,-90.00000000,3.45962882
Simul_-45deg,-45,313.91998291,46.07999420,-90.00000000,3.47946167
Simul_-45deg,-45,314.27999878,45.71998978,-90.00000000,3.54019046
Simul_-45deg,-45,314.63998413,45.35998535,-90.00000000,3.61392617
Simul_-45deg,-45,314.99996948,45.00000763,-90.00000000,3.68915129
Simul_-45deg,-45,315.35998535,44.63999557,-90.00000000,3.76578522
Simul_-45deg,-45,315.71997070,44.27999115,-90.00000000,3.84372044
Simul_-45deg,-45,316.07998657,43.91999054,-90.00000000,3.92911077
Simul_-45deg,-45,316.43997192,43.56001282,-90.00000000,4.03797674
Simul_-45deg,-45,316.79998779,43.20000839,-90.00000000,4.14862108
Simul_-45deg,-45,317.15997314,42.84000015,-90.00000000,4.26084375
Simul_-45deg,-45,317.51998901,42.47999191,-90.00000000,4.37444925
Simul_-45deg,-45,317.88000488,42.11998749,-90.00000000,4.48925781
Simul_-45deg,-45,318.23995972,41.76001358,-90.00000000,4.59097910
Simul_-45deg,-45,318.59997559,41.40000534,-90.00000000,4.68717623
Simul_-45deg,-45,318.95999146,41.03999710,-90.00000000,4.78487253
Simul_-45deg,-45,319.31997681,40.67998886,-90.00000000,4.88392687
Simul_-45deg,-45,319.67999268,40.31998444,-90.00000000,4.98419523
Simul_-45deg,-45,320.03997803,39.96000671,-90.00000000,5.07908821
Simul_-45deg,-45,320.39996338,39.60000229,-90.00000000,5.12349367
Simul_-45deg,-45,320.75997925,39.23999786,-90.00000000,5.16907787
Simul_-45deg,-45,321.11999512,38.87999344,-90.00000000,5.21580172
Simul_-45deg,-45,321.47998047,38.51998520,-90.00000000,5.26362133
Simul_-45deg,-45,321.83996582,38.16000748,-90.00000000,5.31249237
Simul_-45deg,-45,322.19998169,37.80000687,-90.00000000,5.32763052
Simul_-45deg,-45,322.55999756,37.43999481,-90.00000000,5.31549454
Simul_-45deg,-45,322.91998291,37.07999039,-90.00000000,5.30375385
Simul_-45deg,-45,323.27999878,36.71998215,-90.00000000,5.29241133
Simul_-45deg,-45,323.63998413,36.36000443,-90.00000000,5.28147268
Simul_-45deg,-45,323.99996948,36.00000381,-90.00000000,5.27093840
Simul_-45deg,-45,324.35998535,35.63999557,-90.00000000,5.22195339
Simul_-45deg,-45,324.72000122,35.27999115,-90.00000000,5.17291641
Simul_-45deg,-45,325.07998657,34.91998672,-90.00000000,5.12383223
Simul_-45deg,-45,325.43997192,34.56000900,-90.00000000,5.07470989
Simul_-45deg,-45,325.79998779,34.20000076,-90.00000000,5.02554607
Simul_-45deg,-45,326.15997314,33.83999634,-90.00000000,4.97329903
Simul_-45deg,-45,326.51998901,33.47999191,-90.00000000,4.91741705
Simul_-45deg,-45,326.88000488,33.11998367,-90.00000000,4.86180782
Simul_-45deg,-45,327.23995972,32.76000214,-90.00000000,4.80649662
Simul_-45deg,-45,327.59997559,32.40000534,-90.00000000,4.75149536
Simul_-45deg,-45,327.95999146,32.03999710,-90.00000000,4.69682646
Simul_-45deg,-45,328.31997681,31.67999268,-90.00000000,4.65161848
Simul_-45deg,-45,328.67999268,31.31998444,-90.00000000,4.60813475
Simul_-45deg,-45,329.03997803,30.96000671,-90.00000000,4.56527519
Simul_-45deg,-45,329.39999390,30.60000420,-90.00000000,4.52305889
Simul_-45deg,-45,329.75997925,30.23999786,-90.00000000,4.48150873
Simul_-45deg,-45,330.11999512,29.87998581,-90.00000000,4.44352293
Simul_-45deg,-45,330.47998047,29.52001190,-90.00000000,4.41187334
Simul_-45deg,-45,330.83996582,29.16000557,-90.00000000,4.38076258
Simul_-45deg,-45,331.19998169,28.80000305,-90.00000000,4.35020542
Simul_-45deg,-45,331.55999756,28.43999672,-90.00000000,4.32021475
Simul_-45deg,-45,331.91998291,28.07998657,-90.00000000,4.29080582
Simul_-45deg,-45,332.27996826,27.72001266,-90.00000000,4.26589394
Simul_-45deg,-45,332.63998413,27.36000633,-90.00000000,4.24248648
Simul_-45deg,-45,332.99996948,26.99999809,-90.00000000,4.21945047
Simul_-45deg,-45,333.35998535,26.63999557,-90.00000000,4.19679403
Simul_-45deg,-45,333.72000122,26.27998543,-90.00000000,4.17452335
Simul_-45deg,-45,334.07995605,25.92000771,-90.00000000,4.15550327
Simul_-45deg,-45,334.43997192,25.56000137,-90.00000000,4.14678669
Simul_-45deg,-45,334.79998779,25.19999886,-90.00000000,4.13830566
Simul_-45deg,-45,335.15997314,24.83999062,-90.00000000,4.13006020
Simul_-45deg,-45,335.51998901,24.47998619,-90.00000000,4.12205410
Simul_-45deg,-45,335.87997437,24.12000656,-90.00000000,4.11428785
Simul_-45deg,-45,336.23999023,23.76000595,-90.00000000,4.12553740
Simul_-45deg,-45,336.59997559,23.39999390,-90.00000000,4.14633560
Simul_-45deg,-45,336.95999146,23.03999329,-90.00000000,4.16727209
Simul_-45deg,-45,337.32000732,22.67998886,-90.00000000,4.18834734
Simul_-45deg,-45,337.67996216,22.32000923,-90.00000000,4.20955706
Simul_-45deg,-45,338.03997803,21.96000481,-90.00000000,4.23487949
Simul_-45deg,-45,338.39999390,21.59999657,-90.00000000,4.29209185
Simul_-45deg,-45,338.75997925,21.23999405,-90.00000000,4.34927511
Simul_-45deg,-45,339.11999512,20.87998390,-90.00000000,4.40642118
Simul_-45deg,-45,339.47998047,20.52000618,-90.00000000,4.46351719
Simul_-45deg,-45,339.83996582,20.16000557,-90.00000000,4.52056313
Simul_-45deg,-45,340.19998169,19.79999924,-90.00000000,4.59079075
Simul_-45deg,-45,340.55999756,19.43998718,-90.00000000,4.67141056
Simul_-45deg,-45,340.91998291,19.07998276,-90.00000000,4.75177574
Simul_-45deg,-45,341.27996826,18.72000694,-90.00000000,4.83186817
Simul_-45deg,-45,341.63998413,18.36000061,-90.00000000,4.91169167
Simul_-45deg,-45,341.99996948,17.99999428,-90.00000000,4.99122334
Simul_-45deg,-45,342.35998535,17.63998985,-90.00000000,5.06611633
Simul_-45deg,-45,342.71997070,17.28000641,-90.00000000,5.14086485
Simul_-45deg,-45,343.07998657,16.92000771,-90.00000000,5.21546364
Simul_-45deg,-45,343.43997192,16.56000137,-90.00000000,5.28989553
Simul_-45deg,-45,343.79998779,16.19999313,-90.00000000,5.36414671
Simul_-45deg,-45,344.16000366,15.83998680,-90.00000000,5.42288208
Simul_-45deg,-45,344.51995850,15.48001671,-90.00000000,5.46257305
Simul_-45deg,-45,344.87997437,15.12000275,-90.00000000,5.50249767
Simul_-45deg,-45,345.23999023,14.75999737,-90.00000000,5.54263973
Simul_-45deg,-45,345.59997559,14.39999866,-90.00000000,5.58299017
Simul_-45deg,-45,345.95999146,14.03999138,-90.00000000,5.62353992
Simul_-45deg,-45,346.31997681,13.68000603,-90.00000000,5.61670399
Simul_-45deg,-45,346.67996216,13.32001305,-90.00000000,5.60419559
Simul_-45deg,-45,347.03997803,12.95999718,-90.00000000,5.59196949
Simul_-45deg,-45,347.39999390,12.59998798,-90.00000000,5.58002710
Simul_-45deg,-45,347.75997925,12.23998928,-90.00000000,5.56837130
Simul_-45deg,-45,348.11996460,11.88000298,-90.00000000,5.53836870
Simul_-45deg,-45,348.47998047,11.51999664,-90.00000000,5.47097969
Simul_-45deg,-45,348.83996582,11.15999031,-90.00000000,5.40328598
Simul_-45deg,-45,349.19998169,10.79998875,-90.00000000,5.33529043
Simul_-45deg,-45,349.55999756,10.43999195,-90.00000000,5.26699495
Simul_-45deg,-45,349.91998291,10.08000946,-90.00000000,5.19840288
Simul_-45deg,-45,350.27996826,9.72000504,-90.00000000,5.09673786
Simul_-45deg,-45,350.63998413,9.36000347,-90.00000000,4.98462009
Simul_-45deg,-45,351.00000000,8.99999142,-90.00000000,4.87129641
Simul_-45deg,-45,351.35998535,8.63999653,-90.00000000,4.75675869
Simul_-45deg,-45,351.71997070,8.28000641,-90.00000000,4.64098406
Simul_-45deg,-45,352.07998657,7.92000675,-90.00000000,4.52045536
Simul_-45deg,-45,352.43997192,7.56000662,-90.00000000,4.38620472
Simul_-45deg,-45,352.79998779,7.19998980,-90.00000000,4.25030804
Simul_-45deg,-45,353.16000366,6.83999729,-90.00000000,4.11275768
Simul_-45deg,-45,353.51995850,6.48001719,-90.00000000,3.97352815
Simul_-45deg,-45,353.87997437,6.12000370,-90.00000000,3.83258319
Simul_-45deg,-45,354.23999023,5.76000357,-90.00000000,3.70068336
Simul_-45deg,-45,354.59997559,5.40000391,-90.00000000,3.57303619
Simul_-45deg,-45,354.95999146,5.03998899,-90.00000000,3.44439507
Simul_-45deg,-45,355.31997681,4.68002319,-90.00000000,3.31480765
Simul_-45deg,-45,355.67999268,4.32001114,-90.00000000,3.18427205
Simul_-45deg,-45,356.03997803,3.95997524,-90.00000000,3.05788994
Simul_-45deg,-45,356.39999390,3.59999967,-90.00000000,2.97198653
Simul_-45deg,-45,356.75997925,3.24002767,-90.00000000,2.88685656
Simul_-45deg,-45,357.11996460,2.87997603,-90.00000000,2.80256081
Simul_-45deg,-45,357.47998047,2.52002597,-90.00000000,2.71922541
Simul_-45deg,-45,357.83999634,2.16002965,-90.00000000,2.63690448
Simul_-45deg,-45,358.19998169,1.79994082,-90.00000000,2.59238148
Simul_-45deg,-45,358.55996704,1.44007802,-90.00000000,2.57950568
Simul_-45deg,-45,358.91998291,1.07992160,-90.00000000,2.56923723
Simul_-45deg,-45,359.27996826,0.72009277,-90.00000000,2.56161427
Simul_-45deg,-45,359.63998413,0.35990870,-90.00000000,2.55663180
Simul_+0deg,0,0.00000000,0.00000000,90.00000000,-5.45998573
Simul_+0deg,0,0.35999998,0.35990870,90.00000000,-5.59763432
Simul_+0deg,0,0.71999997,0.72009277,90.00000000,-5.73024321
Simul_+0deg,0,1.07999992,1.07992160,90.00000000,-5.85695839
Simul_+0deg,0,1.43999994,1.43994224,90.00000000,-5.97733879
Simul_+0deg,0,1.79999995,1.80004954,90.00000000,-6.09068871
Simul_+0deg,0,2.15999985,2.16002965,90.00000000,-6.24301863
Simul_+0deg,0,2.51999998,2.52002597,90.00000000,-6.44946289
Simul_+0deg,0,2.87999988,2.87997603,90.00000000,-6.65229511
Simul_+0deg,0,3.23999977,3.24002767,90.00000000,-6.85058117
Simul_+0deg,0,3.59999990,3.59999967,90.00000000,-7.04310608
Simul_+0deg,0,3.95999956,3.95997524,90.00000000,-7.22869778
Simul_+0deg,0,4.31999969,4.32001114,90.00000000,-7.46290159
Simul_+0deg,0,4.67999983,4.67998075,90.00000000,-7.69993019
Simul_+0deg,0,5.03999996,5.03998899,90.00000000,-7.93159580
Simul_+0deg,0,5.39999962,5.40000391,90.00000000,-8.15623283
Simul_+0deg,0,5.75999975,5.76000357,90.00000000,-8.37199593
Simul_+0deg,0,6.11999989,6.12000370,90.00000000,-8.57744122
Simul_+0deg,0,6.47999954,6.47998667,90.00000000,-8.77501392
Simul_+0deg,0,6.83999968,6.83999729,90.00000000,-8.96405125
Simul_+0deg,0,7.19999981,7.19998980,90.00000000,-9.14295292
Simul_+0deg,0,7.55999947,7.56000662,90.00000000,-9.31008911
Simul_+0deg,0,7.91999912,7.92000675,90.00000000,-9.46373940
Simul_+0deg,0,8.27999973,8.28000641,90.00000000,-9.57438564
Simul_+0deg,0,8.63999939,8.63999653,90.00000000,-9.66763210
Simul_+0deg,0,9.00000000,8.99999142,90.00000000,-9.75166035
Simul_+0deg,0,9.35999966,9.36000347,90.00000000,-9.82589149
Simul_+0deg,0,9.72000027,9.72000504,90.00000000,-9.88978195
Simul_+0deg,0,10.07999992,10.07999039,90.00000000,-9.93422318
Simul_+0deg,0,10.43999863,10.43999195,90.00000000,-9.93964291
Simul_+0deg,0,10.79999924,10.80000591,90.00000000,-9.93767548
Simul_+0deg,0,11.15999889,11.15999031,90.00000000,-9.92832947
Simul_+0deg,0,11.51999950,11.51999664,90.00000000,-9.91165257
Simul_+0deg,0,11.87999916,11.88000298,90.00000000,-9.88773060
Simul_+0deg,0,12.23999977,12.24000549,90.00000000,-9.83774948
Simul_+0deg,0,12.59999943,12.60000420,90.00000000,-9.76847744
Simul_+0deg,0,12.95999908,12.95999718,90.00000000,-9.68928242
Simul_+0deg,0,13.31999969,13.31999779,90.00000000,-9.60071182
Simul_+0deg,0,13.67999935,13.68000603,90.00000000,-9.50336075
Simul_+0deg,0,14.03999901,14.04000568,90.00000000,-9.39608002
Simul_+0deg,0,14.39999962,14.39999866,90.00000000,-9.26410580
Simul_+0deg,0,14.75999832,14.75999737,90.00000000,-9.12024117
Simul_+0deg,0,15.11999893,15.12000275,90.00000000,-8.96575546
Simul_+0deg,0,15.47999954,15.48000336,90.00000000,-8.80191422
Simul_+0deg,0,15.83999825,15.84000015,90.00000000,-8.62993717
Simul_+0deg,0,16.19999886,16.19999313,90.00000000,-8.45122528
Simul_+0deg,0,16.55999947,16.56000137,90.00000000,-8.26453686
Simul_+0deg,0,16.92000008,16.91999626,90.00000000,-8.07038307
Simul_+0deg,0,17.27999878,17.27999496,90.00000000,-7.87005472
Simul_+0deg,0,17.63999939,17.64000320,90.00000000,-7.66474485
Simul_+0deg,0,18.00000000,17.99999428,90.00000000,-7.45555162
Simul_+0deg,0,18.35999870,18.36000061,90.00000000,-7.26444006
Simul_+0deg,0,18.71999931,18.71999741,90.00000000,-7.06984949
Simul_+0deg,0,19.07999992,19.08000183,90.00000000,-6.87257051
Simul_+0deg,0,19.44000053,19.43999863,90.00000000,-6.67333698
Simul_+0deg,0,19.79999924,19.79999924,90.00000000,-6.47278309
Simul_+0deg,0,20.15999985,20.15999603,90.00000000,-6.28871202
Simul_+0deg,0,20.51999855,20.51999664,90.00000000,-6.12439871
Simul_+0deg,0,20.87999725,20.88000298,90.00000000,-5.95818615
Simul_+0deg,0,21.23999786,21.24000168,90.00000000,-5.79051971
Simul_+0deg,0,21.59999847,21.59999657,90.00000000,-5.62179136
Simul_+0deg,0,21.95999908,21.95999527,90.00000000,-5.45235682
Simul_+0deg,0,22.31999779,22.31999969,90.00000000,-5.32521486
Simul_+0deg,0,22.67999840,22.67999649,90.00000000,-5.19927931
Simul_+0deg,0,23.03999901,23.04000282,90.00000000,-5.06942701
Simul_+0deg,0,23.39999771,23.39999390,90.00000000,-4.93611336
Simul_+0deg,0,23.75999832,23.75999641,90.00000000,-4.79975510
Simul_+0deg,0,24.11999893,24.11999702,90.00000000,-4.67954445
Simul_+0deg,0,24.47999954,24.48000336,90.00000000,-4.59062243
Simul_+0deg,0,24.83999825,24.84000015,90.00000000,-4.49391365
Simul_+0deg,0,25.19999886,25.19999886,90.00000000,-4.38996124
Simul_+0deg,0,25.55999947,25.56000137,90.00000000,-4.27932596
Simul_+0deg,0,25.91999817,25.92000008,90.00000000,-4.16256809
Simul_+0deg,0,26.27999878,26.28000259,90.00000000,-4.09650612
Simul_+0deg,0,26.63999939,26.63999557,90.00000000,-4.03701830
Simul_+0deg,0,27.00000000,26.99999809,90.00000000,-3.96789217
Simul_+0deg,0,27.35999870,27.35999870,90.00000000,-3.88959670
Simul_+0deg,0,27.71999931,27.71999931,90.00000000,-3.80263925
Simul_+0deg,0,28.07999802,28.08000183,90.00000000,-3.73125792
Simul_+0deg,0,28.43999863,28.43999672,90.00000000,-3.73410726
Simul_+0deg,0,28.79999924,28.80000305,90.00000000,-3.72763205
Simul_+0deg,0,29.15999794,29.15999794,90.00000000,-3.71187711
Simul_+0deg,0,29.51999664,29.51999664,90.00000000,-3.68694091
Simul_+0deg,0,29.87999916,29.88000298,90.00000000,-3.65297985
Simul_+0deg,0,30.23999786,30.23999786,90.00000000,-3.70176888
Simul_+0deg,0,30.59999657,30.59999657,90.00000000,-3.78879881
Simul_+0deg,0,30.95999908,30.95999908,90.00000000,-3.86809564
Simul_+0deg,0,31.31999779,31.31999779,90.00000000,-3.93919468
Simul_+0deg,0,31.67999649,31.67999268,90.00000000,-4.00166368
Simul_+0deg,0,32.03999710,32.03999710,90.00000000,-4.06980944
Simul_+0deg,0,32.39999771,32.39999771,90.00000000,-4.24818087
Simul_+0deg,0,32.75999832,32.75999832,90.00000000,-4.41994715
Simul_+0deg,0,33.11999893,33.11999893,90.00000000,-4.58399105
Simul_+0deg,0,33.47999573,33.47999573,90.00000000,-4.73914003
Simul_+0deg,0,33.84000015,33.83999634,90.00000000,-4.88417816
Simul_+0deg,0,34.19999695,34.20000076,90.00000000,-5.05677652
Simul_+0deg,0,34.55999756,34.56000137,90.00000000,-5.24952650
Simul_+0deg,0,34.91999817,34.92000198,90.00000000,-5.42998028
Simul_+0deg,0,35.27999878,35.27999878,90.00000000,-5.59617519
Simul_+0deg,0,35.63999557,35.63999557,90.00000000,-5.74612570
Simul_+0deg,0,36.00000000,36.00000000,90.00000000,-5.87787342
Simul_+0deg,0,36.35999680,36.36000061,90.00000000,-5.95693636
Simul_+0deg,0,36.71999741,36.71999359,90.00000000,-6.01799679
Simul_+0deg,0,37.07999802,37.07999420,90.00000000,-6.06027031
Simul_+0deg,0,37.43999863,37.43999481,90.00000000,-6.08319473
Simul_+0deg,0,37.79999542,37.79999161,90.00000000,-6.08646297
Simul_+0deg,0,38.15999985,38.15999985,90.00000000,-6.02774143
Simul_+0deg,0,38.51999664,38.51999664,90.00000000,-5.90443230
Simul_+0deg,0,38.88000107,38.88000107,90.00000000,-5.77310324
Simul_+0deg,0,39.23999786,39.23999786,90.00000000,-5.63456535
Simul_+0deg,0,39.59999847,39.59999847,90.00000000,-5.48961067
Simul_+0deg,0,39.95999908,39.95999527,90.00000000,-5.33900309
Simul_+0deg,0,40.31999969,40.31999969,90.00000000,-5.11317539
Simul_+0deg,0,40.67999649,40.67999649,90.00000000,-4.88149691
Simul_+0deg,0,41.03999710,41.03999710,90.00000000,-4.65329838
Simul_+0deg,0,41.39999771,41.39999390,90.00000000,-4.42866421
Simul_+0deg,0,41.75999451,41.75999451,90.00000000,-4.20762920
Simul_+0deg,0,42.11999893,42.11999893,90.00000000,-3.98123479
Simul_+0deg,0,42.47999573,42.47999573,90.00000000,-3.74165344
Simul_+0deg,0,42.83999634,42.83999634,90.00000000,-3.50729465
Simul_+0deg,0,43.19999695,43.19999695,90.00000000,-3.27801681
Simul_+0deg,0,43.55999756,43.55999756,90.00000000,-3.05365992
Simul_+0deg,0,43.91999817,43.91999817,90.00000000,-2.83407187
Simul_+0deg,0,44.27999878,44.27999878,90.00000000,-2.64645791
Simul_+0deg,0,44.63999557,44.63999557,90.00000000,-2.46934986
Simul_+0deg,0,45.00000000,45.00000000,90.00000000,-2.29469156
Simul_+0deg,0,45.35999680,45.35999680,90.00000000,-2.12247586
Simul_+0deg,0,45.71999741,45.71999741,90.00000000,-1.95268345
Simul_+0deg,0,46.07999802,46.07999802,90.00000000,-1.80215335
Simul_+0deg,0,46.43999863,46.43999863,90.00000000,-1.71056557
Simul_+0deg,0,46.79999542,46.79999542,90.00000000,-1.61739528
Simul_+0deg,0,47.15999985,47.15999985,90.00000000,-1.52278078
Simul_+0deg,0,47.51999664,47.52000046,90.00000000,-1.42685759
Simul_+0deg,0,47.87999725,47.87999725,90.00000000,-1.32975793
Simul_+0deg,0,48.23999786,48.23999786,90.00000000,-1.28343594
Simul_+0deg,0,48.59999847,48.59999847,90.00000000,-1.25873744
Simul_+0deg,0,48.95999908,48.96000290,90.00000000,-1.22916341
Simul_+0deg,0,49.31999588,49.31999588,90.00000000,-1.19481468
Simul_+0deg,0,49.67999649,49.67999649,90.00000000,-1.15580344
Simul_+0deg,0,50.03999710,50.03999710,90.00000000,-1.11842299
Simul_+0deg,0,50.39999771,50.39999771,90.00000000,-1.12507510
Simul_+0deg,0,50.75999451,50.75999832,90.00000000,-1.12574732
Simul_+0deg,0,51.11999893,51.11999893,90.00000000,-1.12043858
Simul_+0deg,0,51.47999573,51.47999573,90.00000000,-1.10917008
Simul_+0deg,0,51.83999634,51.84000015,90.00000000,-1.09198713
Simul_+0deg,0,52.19999695,52.19999695,90.00000000,-1.08609521
Simul_+0deg,0,52.55999756,52.55999756,90.00000000,-1.08947575
Simul_+0deg,0,52.91999435,52.91999817,90.00000000,-1.08880782
Simul_+0deg,0,53.27999878,53.27999878,90.00000000,-1.08409393
Simul_+0deg,0,53.63999557,53.63999557,90.00000000,-1.07534599
Simul_+0deg,0,54.00000000,54.00000000,90.00000000,-1.06258976
Simul_+0deg,0,54.35999680,54.35999680,90.00000000,-1.05973446
Simul_+0deg,0,54.71999741,54.71999741,90.00000000,-1.05489516
Simul_+0deg,0,55.07999802,55.07999802,90.00000000,-1.04807782
Simul_+0deg,0,55.43999863,55.43999863,90.00000000,-1.03929329
Simul_+0deg,0,55.79999542,55.79999924,90.00000000,-1.02855301
Simul_+0deg,0,56.15999603,56.15999603,90.00000000,-1.01374125
Simul_+0deg,0,56.51999664,56.51999664,90.00000000,-0.99378574
Simul_+0deg,0,56.87999725,56.87999725,90.00000000,-0.97117013
Simul_+0deg,0,57.23999786,57.23999786,90.00000000,-0.94593382
Simul_+0deg,0,57.59999847,57.59999847,90.00000000,-0.91812420
Simul_+0deg,0,57.95999908,57.95999908,90.00000000,-0.88779157
Simul_+0deg,0,58.31999588,58.31999588,90.00000000,-0.83934653
Simul_+0deg,0,58.67999649,58.67999649,90.00000000,-0.78512853
Simul_+0deg,0,59.03999329,59.03999329,90.00000000,-0.72715926
Simul_+0deg,0,59.39999390,59.39999390,90.00000000,-0.66559732
Simul_+0deg,0,59.75999832,59.75999832,90.00000000,-0.60060108
Simul_+0deg,0,60.11999893,60.11999893,90.00000000,-0.53002423
Simul_+0deg,0,60.47999573,60.47999573,90.00000000,-0.45182034
Simul_+0deg,0,60.83999634,60.83999634,90.00000000,-0.37085176
Simul_+0deg,0,61.19999313,61.19999313,90.00000000,-0.28729412
Simul_+0deg,0,61.56000137,61.56000137,90.00000000,-0.20132104
Simul_+0deg,0,61.91999817,61.91999817,90.00000000,-0.11310872
Simul_+0deg,0,62.27999878,62.27999878,90.00000000,-0.03837936
Simul_+0deg,0,62.63999557,62.63999557,90.00000000,0.03358267
Simul_+0deg,0,62.99999619,62.99999619,90.00000000,0.10708652
Simul_+0deg,0,63.35999298,63.35999298,90.00000000,0.18203434
Simul_+0deg,0,63.71999741,63.71999741,90.00000000,0.25833693
Simul_+0deg,0,64.07999420,64.07999420,90.00000000,0.32672191
Simul_+0deg,0,64.43999481,64.43999481,90.00000000,0.36465290
Simul_+0deg,0,64.79999542,64.79999542,90.00000000,0.40447956
Simul_+0deg,0,65.15999603,65.15999603,90.00000000,0.44614857
Simul_+0deg,0,65.51999664,65.51999664,90.00000000,0.48960242
Simul_+0deg,0,65.87999725,65.87999725,90.00000000,0.53478646
Simul_+0deg,0,66.23999786,66.23999786,90.00000000,0.55027419
Simul_+0deg,0,66.59999847,66.59999847,90.00000000,0.55252677
Simul_+0deg,0,66.95999146,66.95999146,90.00000000,0.55738640
Simul_+0deg,0,67.31999207,67.31999207,90.00000000,0.56484199
Simul_+0deg,0,67.68000031,67.68000031,90.00000000,0.57488114
Simul_+0deg,0,68.04000092,68.04000092,90.00000000,0.58277583
Simul_+0deg,0,68.39999390,68.39999390,90.00000000,0.55555820
Simul_+0deg,0,68.75999451,68.75999451,90.00000000,0.53096169
Simul_+0deg,0,69.11999512,69.11999512,90.00000000,0.50903487
Simul_+0deg,0,69.47999573,69.47999573,90.00000000,0.48981661
Simul_+0deg,0,69.83999634,69.83999634,90.00000000,0.47334391
Simul_+0deg,0,70.19999695,70.19999695,90.00000000,0.44058937
Simul_+0deg,0,70.55999756,70.55999756,90.00000000,0.39463913
Simul_+0deg,0,70.91999817,70.91999817,90.00000000,0.35058555
Simul_+0deg,0,71.27999115,71.27999115,90.00000000,0.30849132
Simul_+0deg,0,71.63999939,71.63999939,90.00000000,0.26841873
Simul_+0deg,0,72.00000000,72.00000000,90.00000000,0.23042747
Simul_+0deg,0,72.36000061,72.36000061,90.00000000,0.16797349
Simul_+0deg,0,72.71999359,72.71999359,90.00000000,0.10653540
Simul_+0deg,0,73.07999420,73.07999420,90.00000000,0.04617292
Simul_+0deg,0,73.43999481,73.43999481,90.00000000,-0.01305993
Simul_+0deg,0,73.79999542,73.79999542,90.00000000,-0.07110341
Simul_+0deg,0,74.15999603,74.15999603,90.00000000,-0.13640943
Simul_+0deg,0,74.51999664,74.51999664,90.00000000,-0.21152824
Simul_+0deg,0,74.87999725,74.87999725,90.00000000,-0.28594193
Simul_+0deg,0,75.23999023,75.23999023,90.00000000,-0.35959315
Simul_+0deg,0,75.59999084,75.59999084,90.00000000,-0.43241614
Simul_+0deg,0,75.95999908,75.95999908,90.00000000,-0.50435293
Simul_+0deg,0,76.31999969,76.31999969,90.00000000,-0.58788902
Simul_+0deg,0,76.67999268,76.67999268,90.00000000,-0.67220396
Simul_+0deg,0,77.03999329,77.03999329,90.00000000,-0.75566268
Simul_+0deg,0,77.39999390,77.39999390,90.00000000,-0.83818495
Simul_+0deg,0,77.76000214,77.76000214,90.00000000,-0.91968542
Simul_+0deg,0,78.11999512,78.11999512,90.00000000,-1.00419927
Simul_+0deg,0,78.47999573,78.47999573,90.00000000,-1.09603190
Simul_+0deg,0,78.83999634,78.83999634,90.00000000,-1.18695641
Simul_+0deg,0,79.19999695,79.19999695,90.00000000,-1.27687883
Simul_+0deg,0,79.55998993,79.55998993,90.00000000,-1.36568916
Simul_+0deg,0,79.91999817,79.91999817,90.00000000,-1.45328689
Simul_+0deg,0,80.27999878,80.27999878,90.00000000,-1.54983521
Simul_+0deg,0,80.63999939,80.63999939,90.00000000,-1.64851904
Simul_+0deg,0,80.99999237,80.99999237,90.00000000,-1.74637294
Simul_+0deg,0,81.35999298,81.35999298,90.00000000,-1.84329212
Simul_+0deg,0,81.72000122,81.72000122,90.00000000,-1.93916106
Simul_+0deg,0,82.07999420,82.07999420,90.00000000,-2.03661323
Simul_+0deg,0,82.43999481,82.43999481,90.00000000,-2.14278436
Simul_+0deg,0,82.79999542,82.79999542,90.00000000,-2.24814677
Simul_+0deg,0,83.15999603,83.15999603,90.00000000,-2.35257411
Simul_+0deg,0,83.51998901,83.51998901,90.00000000,-2.45593095
Simul_+0deg,0,83.87999725,83.87999725,90.00000000,-2.55808711
Simul_+0deg,0,84.23999786,84.23999786,90.00000000,-2.66373014
Simul_+0deg,0,84.59999847,84.59999847,90.00000000,-2.77021646
Simul_+0deg,0,84.95999146,84.95999146,90.00000000,-2.87491417
Simul_+0deg,0,85.31999207,85.31999207,90.00000000,-2.97763371
Simul_+0deg,0,85.67999268,85.67999268,90.00000000,-3.07816696
Simul_+0deg,0,86.04000092,86.04000092,90.00000000,-3.17603683
Simul_+0deg,0,86.39999390,86.39999390,90.00000000,-3.26871824
Simul_+0deg,0,86.75999451,86.75999451,90.00000000,-3.35764170
Simul_+0deg,0,87.11999512,87.11999512,90.00000000,-3.44252706
Simul_+0deg,0,87.47999573,87.47999573,90.00000000,-3.52309823
Simul_+0deg,0,87.83999634,87.83999634,90.00000000,-3.59908390
Simul_+0deg,0,88.19999695,88.19999695,90.00000000,-3.66283059
Simul_+0deg,0,88.55999756,88.55999756,90.00000000,-3.71481276
Simul_+0deg,0,88.91999817,88.91999817,90.00000000,-3.76048279
Simul_+0deg,0,89.27999115,89.27999115,90.00000000,-3.79963613
Simul_+0deg,0,89.63999176,89.63999176,90.00000000,-3.83208799
Simul_+0deg,0,90.00000000,90.00000000,90.00000000,-3.85768652
Simul_+0deg,0,90.35999298,90.35999298,90.00000000,-3.85648131
Simul_+0deg,0,90.71999359,90.71999359,90.00000000,-3.84820271
Simul_+0deg,0,91.07999420,91.07999420,90.00000000,-3.83289051
Simul_+0deg,0,91.43999481,91.43999481,90.00000000,-3.81061935
Simul_+0deg,0,91.79999542,91.79999542,90.00000000,-3.78149486
Simul_+0deg,0,92.15999603,92.15999603,90.00000000,-3.73702979
Simul_+0deg,0,92.51999664,92.51999664,90.00000000,-3.67589188
Simul_+0deg,0,92.87999725,92.87999725,90.00000000,-3.60935163
Simul_+0deg,0,93.23999023,93.23999023,90.00000000,-3.53766775
Simul_+0deg,0,93.59999084,93.59999084,90.00000000,-3.46110463
Simul_+0deg,0,93.95999908,93.95999908,90.00000000,-3.37994075
Simul_+0deg,0,94.31999969,94.31999969,90.00000000,-3.28305745
Simul_+0deg,0,94.67999268,94.67999268,90.00000000,-3.18166208
Simul_+0deg,0,95.03999329,95.03999329,90.00000000,-3.07749009
Simul_+0deg,0,95.39999390,95.39999390,90.00000000,-2.97079039
Simul_+0deg,0,95.75999451,95.75999451,90.00000000,-2.86181164
Simul_+0deg,0,96.11999512,96.11999512,90.00000000,-2.74957705
Simul_+0deg,0,96.47999573,96.47999573,90.00000000,-2.63337874
Simul_+0deg,0,96.83999634,96.83999634,90.00000000,-2.51594973
Simul_+0deg,0,97.19999695,97.19999695,90.00000000,-2.39747143
Simul_+0deg,0,97.55998993,97.55998993,90.00000000,-2.27810359
Simul_+0deg,0,97.91999817,97.91999817,90.00000000,-2.15800929
Simul_+0deg,0,98.27999878,98.27999878,90.00000000,-2.04198694
Simul_+0deg,0,98.63999176,98.63999176,90.00000000,-1.92656159
Simul_+0deg,0,98.99999237,98.99999237,90.00000000,-1.81050110
Simul_+0deg,0,99.35999298,99.35999298,90.00000000,-1.69393408
Simul_+0deg,0,99.71999359,99.71999359,90.00000000,-1.57698643
Simul_+0deg,0,100.07999420,100.07999420,90.00000000,-1.46281672
Simul_+0deg,0,100.43999481,100.43999481,90.00000000,-1.35872579
Simul_+0deg,0,100.79999542,100.79999542,90.00000000,-1.25383615
Simul_+0deg,0,101.15999603,101.15999603,90.00000000,-1.14826787
Simul_+0deg,0,101.51998901,101.51998901,90.00000000,-1.04212391
Simul_+0deg,0,101.87999725,101.87999725,90.00000000,-0.93550968
Simul_+0deg,0,102.23999786,102.23999786,90.00000000,-0.84113413
Simul_+0deg,0,102.59999847,102.59999847,90.00000000,-0.75216210
Simul_+0deg,0,102.95999146,102.95999146,90.00000000,-0.66226113
Simul_+0deg,0,103.31999207,103.31999207,90.00000000,-0.57151896
Simul_+0deg,0,103.67999268,103.67999268,90.00000000,-0.48003182
Simul_+0deg,0,104.03999329,104.03999329,90.00000000,-0.39046907
Simul_+0deg,0,104.39999390,104.39999390,90.00000000,-0.32068908
Simul_+0deg,0,104.75999451,104.75999451,90.00000000,-0.24974012
Simul_+0deg,0,105.11999512,105.11999512,90.00000000,-0.17769845
Simul_+0deg,0,105.47999573,105.47999573,90.00000000,-0.10463245
Simul_+0deg,0,105.83998871,105.83998871,90.00000000,-0.03061713
Simul_+0deg,0,106.19999695,106.19999695,90.00000000,0.02934694
Simul_+0deg,0,106.55999756,106.55999756,90.00000000,0.07886190
Simul_+0deg,0,106.91999054,106.91999054,90.00000000,0.13000540
Simul_+0deg,0,107.27999115,107.27999115,90.00000000,0.18271594
Simul_+0deg,0,107.63999176,107.63999176,90.00000000,0.23692694
Simul_+0deg,0,108.00000000,108.00000000,90.00000000,0.29257834
Simul_+0deg,0,108.35999298,108.35999298,90.00000000,0.32008433
Simul_+0deg,0,108.71999359,108.71999359,90.00000000,0.35011321
Simul_+0deg,0,109.07999420,109.07999420,90.00000000,0.38261279
Simul_+0deg,0,109.43999481,109.43999481,90.00000000,0.41752410
Simul_+0deg,0,109.79998779,109.79998779,90.00000000,0.45478880
Simul_+0deg,0,110.15999603,110.15999603,90.00000000,0.47968060
Simul_+0deg,0,110.51999664,110.51999664,90.00000000,0.48912835
Simul_+0deg,0,110.87999725,110.87999725,90.00000000,0.50168848
Simul_+0deg,0,111.23999023,111.23999023,90.00000000,0.51733363
Simul_+0deg,0,111.59999084,111.59999084,90.00000000,0.53602988
Simul_+0deg,0,111.95999908,111.95999908,90.00000000,0.55773973
Simul_+0deg,0,112.31999207,112.31999207,90.00000000,0.54805106
Simul_+0deg,0,112.67999268,112.67999268,90.00000000,0.53680962
Simul_+0deg,0,113.03999329,113.03999329,90.00000000,0.52831835
Simul_+0deg,0,113.39999390,113.39999390,90.00000000,0.52259260
Simul_+0deg,0,113.75999451,113.75999451,90.00000000,0.51964515
Simul_+0deg,0,114.11999512,114.11999512,90.00000000,0.50462139
Simul_+0deg,0,114.47999573,114.47999573,90.00000000,0.46193975
Simul_+0deg,0,114.83999634,114.83999634,90.00000000,0.42100453
Simul_+0deg,0,115.19999695,115.19999695,90.00000000,0.38186371
Simul_+0deg,0,115.55998993,115.55998993,90.00000000,0.34457502
Simul_+0deg,0,115.91999817,115.91999817,90.00000000,0.30918711
Simul_+0deg,0,116.27999115,116.27999115,90.00000000,0.24311513
Simul_+0deg,0,116.63999176,116.63999176,90.00000000,0.16934298
Simul_+0deg,0,117.00000000,117.00000000,90.00000000,0.09724949
Simul_+0deg,0,117.35999298,117.35999298,90.00000000,0.02694893
Simul_+0deg,0,117.72000122,117.72000122,90.00000000,-0.04146133
Simul_+0deg,0,118.07998657,118.07998657,90.00000000,-0.11308135
Simul_+0deg,0,118.43999481,118.43999481,90.00000000,-0.20015909
Simul_+0deg,0,118.79998779,118.79998779,90.00000000,-0.28379008
Simul_+0deg,0,119.15999603,119.15999603,90.00000000,-0.36374295
Simul_+0deg,0,119.51999664,119.51999664,90.00000000,-0.43977526
Simul_+0deg,0,119.87998962,119.87998962,90.00000000,-0.51165247
Simul_+0deg,0,120.23999786,120.23999786,90.00000000,-0.57914978
Simul_+0deg,0,120.59999084,120.59999084,90.00000000,-0.64167035
Simul_+0deg,0,120.95999146,120.95999146,90.00000000,-0.69891185
Simul_+0deg,0,121.31999969,121.31999969,90.00000000,-0.75064772
Simul_+0deg,0,121.67999268,121.67999268,90.00000000,-0.79667205
Simul_+0deg,0,122.03999329,122.03999329,90.00000000,-0.83635557
Simul_+0deg,0,122.39998627,122.39998627,90.00000000,-0.86789656
Simul_+0deg,0,122.75999451,122.75999451,90.00000000,-0.89586288
Simul_+0deg,0,123.12000275,123.12000275,90.00000000,-0.92018127
Simul_+0deg,0,123.47998810,123.47998810,90.00000000,-0.94079012
Simul_+0deg,0,123.83999634,123.83999634,90.00000000,-0.95763612
Simul_+0deg,0,124.19998932,124.19998932,90.00000000,-0.97786188
Simul_+0deg,0,124.55999756,124.55999756,90.00000000,-1.00171494
Simul_+0deg,0,124.91998291,124.91998291,90.00000000,-1.02390432
Simul_+0deg,0,125.27999115,125.27999115,90.00000000,-1.04440534
Simul_+0deg,0,125.63999939,125.63999939,90.00000000,-1.06319141
Simul_+0deg,0,125.99999237,125.99999237,90.00000000,-1.08024073
Simul_+0deg,0,126.35999298,126.35999298,90.00000000,-1.11954975
Simul_+0deg,0,126.71998596,126.71998596,90.00000000,-1.15570652
Simul_+0deg,0,127.07999420,127.07999420,90.00000000,-1.18863165
Simul_+0deg,0,127.43999481,127.43999481,90.00000000,-1.21824694
Simul_+0deg,0,127.79998779,127.79998779,90.00000000,-1.24448180
Simul_+0deg,0,128.15998840,128.15998840,90.00000000,-1.27921486
Simul_+0deg,0,128.51998901,128.51998901,90.00000000,-1.32384360
Simul_+0deg,0,128.87998962,128.87998962,90.00000000,-1.36270475
Simul_+0deg,0,129.24000549,129.24000549,90.00000000,-1.39563620
Simul_+0deg,0,129.59999084,129.59999084,90.00000000,-1.42250061
Simul_+0deg,0,129.95999146,129.95999146,90.00000000,-1.44318402
Simul_+0deg,0,130.31999207,130.31999207,90.00000000,-1.49277580
Simul_+0deg,0,130.67999268,130.67999268,90.00000000,-1.54173112
Simul_+0deg,0,131.03999329,131.03999329,90.00000000,-1.58555722
Simul_+0deg,0,131.39999390,131.39999390,90.00000000,-1.62409091
Simul_+0deg,0,131.75999451,131.75999451,90.00000000,-1.65718734
Simul_+0deg,0,132.11999512,132.11999512,90.00000000,-1.70502484
Simul_+0deg,0,132.47999573,132.47999573,90.00000000,-1.79056931
Simul_+0deg,0,132.83998108,132.83998108,90.00000000,-1.87446499
Simul_+0deg,0,133.19999695,133.19999695,90.00000000,-1.95658183
Simul_+0deg,0,133.55999756,133.55999756,90.00000000,-2.03678584
Simul_+0deg,0,133.91998291,133.91998291,90.00000000,-2.11493969
Simul_+0deg,0,134.27999878,134.27999878,90.00000000,-2.24195504
Simul_+0deg,0,134.63998413,134.63998413,90.00000000,-2.38467741
Simul_+0deg,0,135.00000000,135.00000000,90.00000000,-2.52895951
Simul_+0deg,0,135.36000061,135.36000061,90.00000000,-2.67477870
Simul_+0deg,0,135.71998596,135.71998596,90.00000000,-2.82213116
Simul_+0deg,0,136.08000183,136.08000183,90.00000000,-2.97860670
Simul_+0deg,0,136.43998718,136.43998718,90.00000000,-3.16433644
Simul_+0deg,0,136.79998779,136.79998779,90.00000000,-3.35351181
Simul_+0deg,0,137.16000366,137.16000366,90.00000000,-3.54622889
Simul_+0deg,0,137.51998901,137.51998901,90.00000000,-3.74257207
Simul_+0deg,0,137.87998962,137.87998962,90.00000000,-3.94264340
Simul_+0deg,0,138.23999023,138.23999023,90.00000000,-4.13409042
Simul_+0deg,0,138.59999084,138.59999084,90.00000000,-4.32208204
Simul_+0deg,0,138.95999146,138.95999146,90.00000000,-4.51258707
Simul_+0deg,0,139.31999207,139.31999207,90.00000000,-4.70556545
Simul_+0deg,0,139.67999268,139.67999268,90.00000000,-4.90097332
Simul_+0deg,0,140.03999329,140.03999329,90.00000000,-5.09124994
Simul_+0deg,0,140.39999390,140.39999390,90.00000000,-5.22000217
Simul_+0deg,0,140.75997925,140.75997925,90.00000000,-5.34321976
Simul_+0deg,0,141.11999512,141.11999512,90.00000000,-5.46030712
Simul_+0deg,0,141.47999573,141.47999573,90.00000000,-5.57066059
Simul_+0deg,0,141.83999634,141.83999634,90.00000000,-5.67367458
Simul_+0deg,0,142.19999695,142.19999695,90.00000000,-5.72214794
Simul_+0deg,0,142.55998230,142.55998230,90.00000000,-5.71735334
Simul_+0deg,0,142.91999817,142.91999817,90.00000000,-5.69442368
Simul_+0deg,0,143.27999878,143.27999878,90.00000000,-5.65364552
Simul_+0deg,0,143.63998413,143.63998413,90.00000000,-5.59551525
Simul_+0deg,0,144.00000000,144.00000000,90.00000000,-5.52072477
Simul_+0deg,0,144.35998535,144.35998535,90.00000000,-5.40630770
Simul_+0deg,0,144.72000122,144.72000122,90.00000000,-5.27361298
Simul_+0deg,0,145.07998657,145.07998657,90.00000000,-5.12437773
Simul_+0deg,0,145.43998718,145.43998718,90.00000000,-4.96036148
Simul_+0deg,0,145.80000305,145.80000305,90.00000000,-4.78338480
Simul_+0deg,0,146.15998840,146.15998840,90.00000000,-4.62926006
Simul_+0deg,0,146.51998901,146.51998901,90.00000000,-4.50541162
Simul_+0deg,0,146.87998962,146.87998962,90.00000000,-4.36948633
Simul_+0deg,0,147.23999023,147.23999023,90.00000000,-4.22268820
Simul_+0deg,0,147.59999084,147.59999084,90.00000000,-4.06623554
Simul_+0deg,0,147.95999146,147.95999146,90.00000000,-3.90130877
Simul_+0deg,0,148.31999207,148.31999207,90.00000000,-3.85038352
Simul_+0deg,0,148.67999268,148.67999268,90.00000000,-3.80370641
Simul_+0deg,0,149.03999329,149.03999329,90.00000000,-3.74621820
Simul_+0deg,0,149.39999390,149.39999390,90.00000000,-3.67834806
Simul_+0deg,0,149.75999451,149.75999451,90.00000000,-3.60059547
Simul_+0deg,0,150.11999512,150.11999512,90.00000000,-3.56084681
Simul_+0deg,0,150.47998047,150.47998047,90.00000000,-3.60569525
Simul_+0deg,0,150.83999634,150.83999634,90.00000000,-3.63962698
Simul_+0deg,0,151.19998169,151.19998169,90.00000000,-3.66238356
Simul_+0deg,0,151.55999756,151.55999756,90.00000000,-3.67378592
Simul_+0deg,0,151.91999817,151.91999817,90.00000000,-3.67374301
Simul_+0deg,0,152.27998352,152.27998352,90.00000000,-3.74902248
Simul_+0deg,0,152.63999939,152.63999939,90.00000000,-3.83924580
Simul_+0deg,0,152.99998474,152.99998474,90.00000000,-3.91920757
Simul_+0deg,0,153.35998535,153.35998535,90.00000000,-3.98831081
Simul_+0deg,0,153.72000122,153.72000122,90.00000000,-4.04599571
Simul_+0deg,0,154.07998657,154.07998657,90.00000000,-4.10879421
Simul_+0deg,0,154.43998718,154.43998718,90.00000000,-4.22225428
Simul_+0deg,0,154.79998779,154.79998779,90.00000000,-4.32844877
Simul_+0deg,0,155.15998840,155.15998840,90.00000000,-4.42677689
Simul_+0deg,0,155.52000427,155.52000427,90.00000000,-4.51662064
Simul_+0deg,0,155.87998962,155.87998962,90.00000000,-4.59740019
Simul_+0deg,0,156.23999023,156.23999023,90.00000000,-4.70851040
Simul_+0deg,0,156.59999084,156.59999084,90.00000000,-4.83496094
Simul_+0deg,0,156.95999146,156.95999146,90.00000000,-4.95743465
Simul_+0deg,0,157.31999207,157.31999207,90.00000000,-5.07547092
Simul_+0deg,0,157.67999268,157.67999268,90.00000000,-5.18860340
Simul_+0deg,0,158.03999329,158.03999329,90.00000000,-5.30217648
Simul_+0deg,0,158.39999390,158.39999390,90.00000000,-5.45891953
Simul_+0deg,0,158.75999451,158.75999451,90.00000000,-5.61391449
Simul_+0deg,0,159.11997986,159.11997986,90.00000000,-5.76675177
Simul_+0deg,0,159.47999573,159.47999573,90.00000000,-5.91700172
Simul_+0deg,0,159.83999634,159.83999634,90.00000000,-6.06419516
Simul_+0deg,0,160.19998169,160.19998169,90.00000000,-6.23482275
Simul_+0deg,0,160.55999756,160.55999756,90.00000000,-6.42479515
Simul_+0deg,0,160.91998291,160.91998291,90.00000000,-6.61239386
Simul_+0deg,0,161.27999878,161.27999878,90.00000000,-6.79694176
Simul_+0deg,0,161.63999939,161.63999939,90.00000000,-6.97764492
Simul_+0deg,0,161.99998474,161.99998474,90.00000000,-7.15365982
Simul_+0deg,0,162.36000061,162.36000061,90.00000000,-7.36569023
Simul_+0deg,0,162.71998596,162.71998596,90.00000000,-7.57333851
Simul_+0deg,0,163.07998657,163.07998657,90.00000000,-7.77545691
Simul_+0deg,0,163.44000244,163.44000244,90.00000000,-7.97071838
Simul_+0deg,0,163.79998779,163.79998779,90.00000000,-8.15772152
Simul_+0deg,0,164.15998840,164.15998840,90.00000000,-8.34682369
Simul_+0deg,0,164.51998901,164.51998901,90.00000000,-8.54224682
Simul_+0deg,0,164.87998962,164.87998962,90.00000000,-8.72874546
Simul_+0deg,0,165.23999023,165.23999023,90.00000000,-8.90471745
Simul_+0deg,0,165.59999084,165.59999084,90.00000000,-9.06850052
Simul_+0deg,0,165.95999146,165.95999146,90.00000000,-9.21838760
Simul_+0deg,0,166.31999207,166.31999207,90.00000000,-9.35847092
Simul_+0deg,0,166.67999268,166.67999268,90.00000000,-9.48845005
Simul_+0deg,0,167.03997803,167.03997803,90.00000000,-9.60683250
Simul_+0deg,0,167.39999390,167.39999390,90.00000000,-9.71256828
Simul_+0deg,0,167.75999451,167.75999451,90.00000000,-9.80463123
Simul_+0deg,0,168.11999512,168.11999512,90.00000000,-9.87710381
Simul_+0deg,0,168.47999573,168.47999573,90.00000000,-9.92897129
Simul_+0deg,0,168.83998108,168.83998108,90.00000000,-9.97212219
Simul_+0deg,0,169.19999695,169.19998169,90.00000000,-10.00628948
Simul_+0deg,0,169.55999756,169.55999756,90.00000000,-10.03125763
Simul_+0deg,0,169.91998291,169.91996765,90.00000000,-10.04686451
Simul_+0deg,0,170.27999878,170.27998352,90.00000000,-10.03142166
Simul_+0deg,0,170.63998413,170.63998413,90.00000000,-10.00115776
Simul_+0deg,0,170.99998474,171.00000000,90.00000000,-9.96251202
Simul_+0deg,0,171.35998535,171.36000061,90.00000000,-9.91571808
Simul_+0deg,0,171.71998596,171.71998596,90.00000000,-9.86103153
Simul_+0deg,0,172.08000183,172.07998657,90.00000000,-9.79127312
Simul_+0deg,0,172.43998718,172.43998718,90.00000000,-9.68390083
Simul_+0deg,0,172.79998779,172.80000305,90.00000000,-9.56337547
Simul_+0deg,0,173.15998840,173.16000366,90.00000000,-9.43084717
Simul_+0deg,0,173.51998901,173.52000427,90.00000000,-9.28747559
Simul_+0deg,0,173.87998962,173.87998962,90.00000000,-9.13443756
Simul_+0deg,0,174.23999023,174.23999023,90.00000000,-8.96261692
Simul_+0deg,0,174.59999084,174.59997559,90.00000000,-8.77207661
Simul_+0deg,0,174.95999146,174.95999146,90.00000000,-8.56872845
Simul_+0deg,0,175.31999207,175.32000732,90.00000000,-8.35470390
Simul_+0deg,0,175.67999268,175.67997742,90.00000000,-8.13194561
Simul_+0deg,0,176.03999329,176.03996277,90.00000000,-7.90624905
Simul_+0deg,0,176.39999390,176.39999390,90.00000000,-7.70351648
Simul_+0deg,0,176.75997925,176.75996399,90.00000000,-7.49060154
Simul_+0deg,0,177.11999512,177.12002563,90.00000000,-7.26926899
Simul_+0deg,0,177.47999573,177.47996521,90.00000000,-7.04135418
Simul_+0deg,0,177.83999634,177.83996582,90.00000000,-6.80833817
Simul_+0deg,0,178.19999695,178.19993591,90.00000000,-6.61677933
Simul_+0deg,0,178.55998230,178.56004333,90.00000000,-6.45368052
Simul_+0deg,0,178.91999817,178.92007446,90.00000000,-6.28266764
Simul_+0deg,0,179.27998352,179.27990723,90.00000000,-6.10495567
Simul_+0deg,0,179.63998413,179.64009094,90.00000000,-5.92131233
Simul_+0deg,0,180.00000000,180.00000000,-90.00000000,-5.73258877
Simul_+0deg,0,180.35998535,179.64009094,-90.00000000,-5.64209175
Simul_+0deg,0,180.71998596,179.27990723,-90.00000000,-5.54238749
Simul_+0deg,0,181.07998657,178.92007446,-90.00000000,-5.43476868
Simul_+0deg,0,181.43998718,178.56004333,-90.00000000,-5.31970310
Simul_+0deg,0,181.80000305,178.19993591,-90.00000000,-5.19787121
Simul_+0deg,0,182.15998840,177.83996582,-90.00000000,-5.11280537
Simul_+0deg,0,182.51998901,177.47996521,-90.00000000,-5.07326031
Simul_+0deg,0,182.87998962,177.12002563,-90.00000000,-5.02506208
Simul_+0deg,0,183.23999023,176.75996399,-90.00000000,-4.96848297
Simul_+0deg,0,183.59999084,176.39999390,-90.00000000,-4.90388584
Simul_+0deg,0,183.95999146,176.04000854,-90.00000000,-4.83161068
Simul_+0deg,0,184.31999207,175.67997742,-90.00000000,-4.81574821
Simul_+0deg,0,184.67999268,175.32000732,-90.00000000,-4.79968452
Simul_+0deg,0,185.03999329,174.95999146,-90.00000000,-4.77548456
Simul_+0deg,0,185.39997864,174.59997559,-90.00000000,-4.74327946
Simul_+0deg,0,185.75999451,174.23999023,-90.00000000,-4.70325422
Simul_+0deg,0,186.11999512,173.87998962,-90.00000000,-4.66958094
Simul_+0deg,0,186.47998047,173.52000427,-90.00000000,-4.65685892
Simul_+0deg,0,186.83999634,173.16000366,-90.00000000,-4.63746834
Simul_+0deg,0,187.19998169,172.80000305,-90.00000000,-4.61149836
Simul_+0deg,0,187.55998230,172.43998718,-90.00000000,-4.57906628
Simul_+0deg,0,187.91999817,172.07998657,-90.00000000,-4.54031849
Simul_+0deg,0,188.27998352,171.71998596,-90.00000000,-4.50849676
Simul_+0deg,0,188.63999939,171.36000061,-90.00000000,-4.47576094
Simul_+0deg,0,188.99998474,171.00000000,-90.00000000,-4.43865490
Simul_+0deg,0,189.35998535,170.63998413,-90.00000000,-4.39728451
Simul_+0deg,0,189.72000122,170.27998352,-90.00000000,-4.35178137
Simul_+0deg,0,190.07998657,169.91999817,-90.00000000,-4.30215454
Simul_+0deg,0,190.43998718,169.55998230,-90.00000000,-4.24901628
Simul_+0deg,0,190.79998779,169.20001221,-90.00000000,-4.19342327
Simul_+0deg,0,191.15998840,168.83998108,-90.00000000,-4.13546991
Simul_+0deg,0,191.51998901,168.47999573,-90.00000000,-4.07526207
Simul_+0deg,0,191.87998962,168.11999512,-90.00000000,-4.01290083
Simul_+0deg,0,192.23999023,167.75997925,-90.00000000,-3.94226813
Simul_+0deg,0,192.59999084,167.40000916,-90.00000000,-3.86702323
Simul_+0deg,0,192.95999146,167.03999329,-90.00000000,-3.79045463
Simul_+0deg,0,193.31997681,166.67999268,-90.00000000,-3.71265697
Simul_+0deg,0,193.67999268,166.31999207,-90.00000000,-3.63371515
Simul_+0deg,0,194.03999329,165.95997620,-90.00000000,-3.55253935
Simul_+0deg,0,194.39999390,165.59999084,-90.00000000,-3.46096945
Simul_+0deg,0,194.75999451,165.24000549,-90.00000000,-3.36854219
Simul_+0deg,0,195.11997986,164.88000488,-90.00000000,-3.27534795
Simul_+0deg,0,195.47999573,164.51998901,-90.00000000,-3.18147612
Simul_+0deg,0,195.83999634,164.15998840,-90.00000000,-3.08702207
Simul_+0deg,0,196.19998169,163.79998779,-90.00000000,-2.99017525
Simul_+0deg,0,196.55999756,163.43998718,-90.00000000,-2.89138269
Simul_+0deg,0,196.91998291,163.07998657,-90.00000000,-2.79225016
Simul_+0deg,0,197.27998352,162.72000122,-90.00000000,-2.69282699
Simul_+0deg,0,197.63999939,162.36000061,-90.00000000,-2.59318924
Simul_+0deg,0,197.99998474,161.99998474,-90.00000000,-2.49339867
Simul_+0deg,0,198.36000061,161.63999939,-90.00000000,-2.40552902
Simul_+0deg,0,198.71998596,161.27999878,-90.00000000,-2.31771445
Simul_+0deg,0,199.07998657,160.91998291,-90.00000000,-2.22998714
Simul_+0deg,0,199.43998718,160.56001282,-90.00000000,-2.14239001
Simul_+0deg,0,199.79998779,160.19998169,-90.00000000,-2.05492997
Simul_+0deg,0,200.15998840,159.83998108,-90.00000000,-1.98159146
Simul_+0deg,0,200.51998901,159.47999573,-90.00000000,-1.92566860
Simul_+0deg,0,200.87998962,159.11997986,-90.00000000,-1.86965692
Simul_+0deg,0,201.23999023,158.75999451,-90.00000000,-1.81357098
Simul_+0deg,0,201.59999084,158.39999390,-90.00000000,-1.75741732
Simul_+0deg,0,201.95999146,158.03997803,-90.00000000,-1.70121050
Simul_+0deg,0,202.31999207,157.67999268,-90.00000000,-1.68623114
Simul_+0deg,0,202.67999268,157.31997681,-90.00000000,-1.67489636
Simul_+0deg,0,203.03997803,156.95999146,-90.00000000,-1.66197717
Simul_+0deg,0,203.39999390,156.59999084,-90.00000000,-1.64748430
Simul_+0deg,0,203.75999451,156.23997498,-90.00000000,-1.63143563
Simul_+0deg,0,204.11997986,155.87998962,-90.00000000,-1.63101006
Simul_+0deg,0,204.47999573,155.51998901,-90.00000000,-1.66119277
Simul_+0deg,0,204.83998108,155.15998840,-90.00000000,-1.68649578
Simul_+0deg,0,205.19999695,154.79998779,-90.00000000,-1.70683444
Simul_+0deg,0,205.55998230,154.43998718,-90.00000000,-1.72213411
Simul_+0deg,0,205.91998291,154.07998657,-90.00000000,-1.73234510
Simul_+0deg,0,206.27999878,153.71998596,-90.00000000,-1.77412581
Simul_+0deg,0,206.63998413,153.35998535,-90.00000000,-1.81785917
Simul_+0deg,0,206.99998474,152.99998474,-90.00000000,-1.85238910
Simul_+0deg,0,207.35998535,152.63999939,-90.00000000,-1.87748373
Simul_+0deg,0,207.71998596,152.27998352,-90.00000000,-1.89298201
Simul_+0deg,0,208.07998657,151.91998291,-90.00000000,-1.90999675
Simul_+0deg,0,208.43998718,151.55999756,-90.00000000,-1.95579910
Simul_+0deg,0,208.79998779,151.19998169,-90.00000000,-1.99043036
Simul_+0deg,0,209.15998840,150.83999634,-90.00000000,-2.01361132
Simul_+0deg,0,209.51998901,150.47998047,-90.00000000,-2.02515936
Simul_+0deg,0,209.87998962,150.11999512,-90.00000000,-2.02498174
Simul_+0deg,0,210.23999023,149.75999451,-90.00000000,-2.05714321
Simul_+0deg,0,210.59999084,149.39997864,-90.00000000,-2.10146141
Simul_+0deg,0,210.95999146,149.03999329,-90.00000000,-2.13600636
Simul_+0deg,0,211.31999207,148.67999268,-90.00000000,-2.16054296
Simul_+0deg,0,211.67997742,148.31999207,-90.00000000,-2.17489910
Simul_+0deg,0,212.03999329,147.95999146,-90.00000000,-2.18751168
Simul_+0deg,0,212.39999390,147.59999084,-90.00000000,-2.26027131
Simul_+0deg,0,212.75997925,147.23999023,-90.00000000,-2.32636499
Simul_+0deg,0,213.11999512,146.88000488,-90.00000000,-2.38548040
Simul_+0deg,0,213.47998047,146.51998901,-90.00000000,-2.43731141
Simul_+0deg,0,213.83998108,146.15998840,-90.00000000,-2.48158097
Simul_+0deg,0,214.19999695,145.79998779,-90.00000000,-2.55401158
Simul_+0deg,0,214.55998230,145.43998718,-90.00000000,-2.65036869
Simul_+0deg,0,214.91999817,145.07998657,-90.00000000,-2.74250484
Simul_+0deg,0,215.27998352,144.72000122,-90.00000000,-2.83008146
Simul_+0deg,0,215.63998413,144.35998535,-90.00000000,-2.91279507
Simul_+0deg,0,216.00000000,143.99998474,-90.00000000,-2.99031782
Simul_+0deg,0,216.35998535,143.63998413,-90.00000000,-3.09028363
Simul_+0deg,0,216.71998596,143.27998352,-90.00000000,-3.18843746
Simul_+0deg,0,217.07998657,142.91999817,-90.00000000,-3.28458428
Simul_+0deg,0,217.43998718,142.55998230,-90.00000000,-3.37854910
Simul_+0deg,0,217.79998779,142.19998169,-90.00000000,-3.47014046
Simul_+0deg,0,218.15998840,141.83999634,-90.00000000,-3.55227089
Simul_+0deg,0,218.51998901,141.47998047,-90.00000000,-3.62502313
Simul_+0deg,0,218.87998962,141.11999512,-90.00000000,-3.69769096
Simul_+0deg,0,219.23999023,140.75997925,-90.00000000,-3.77025938
Simul_+0deg,0,219.59997559,140.39999390,-90.00000000,-3.84269905
Simul_+0deg,0,219.95999146,140.03999329,-90.00000000,-3.91498184
Simul_+0deg,0,220.31999207,139.67997742,-90.00000000,-3.95010757
Simul_+0deg,0,220.67997742,139.32000732,-90.00000000,-3.98021579
Simul_+0deg,0,221.03999329,138.95999146,-90.00000000,-4.00991106
Simul_+0deg,0,221.39997864,138.60000610,-90.00000000,-4.03917742
Simul_+0deg,0,221.75999451,138.23999023,-90.00000000,-4.06801319
Simul_+0deg,0,222.11999512,137.87998962,-90.00000000,-4.08427286
Simul_+0deg,0,222.47998047,137.51998901,-90.00000000,-4.07474661
Simul_+0deg,0,222.83999634,137.15998840,-90.00000000,-4.06315184
Simul_+0deg,0,223.19998169,136.79998779,-90.00000000,-4.04950714
Simul_+0deg,0,223.55998230,136.43998718,-90.00000000,-4.03383160
Simul_+0deg,0,223.91999817,136.07998657,-90.00000000,-4.01614714
Simul_+0deg,0,224.27998352,135.72000122,-90.00000000,-3.99869204
Simul_+0deg,0,224.63998413,135.36000061,-90.00000000,-3.97905636
Simul_+0deg,0,224.99998474,135.00000000,-90.00000000,-3.95654154
Simul_+0deg,0,225.35998535,134.63998413,-90.00000000,-3.93119001
Simul_+0deg,0,225.71998596,134.28001404,-90.00000000,-3.90305853
Simul_+0deg,0,226.07998657,133.91999817,-90.00000000,-3.88259983
Simul_+0deg,0,226.43998718,133.55998230,-90.00000000,-3.89445782
Simul_+0deg,0,226.79998779,133.20001221,-90.00000000,-3.90127993
Simul_+0deg,0,227.15998840,132.83998108,-90.00000000,-3.90304208
Simul_+0deg,0,227.51998901,132.47999573,-90.00000000,-3.89973974
Simul_+0deg,0,227.87998962,132.11999512,-90.00000000,-3.89138198
Simul_+0deg,0,228.23999023,131.75997925,-90.00000000,-3.91372871
Simul_+0deg,0,228.59999084,131.40000916,-90.00000000,-3.94437337
Simul_+0deg,0,228.95999146,131.03999329,-90.00000000,-3.96435380
Simul_+0deg,0,229.31997681,130.67999268,-90.00000000,-3.97351861
Simul_+0deg,0,229.67999268,130.31999207,-90.00000000,-3.97179866
Simul_+0deg,0,230.03999329,129.95997620,-90.00000000,-3.96207571
Simul_+0deg,0,230.39999390,129.59997559,-90.00000000,-3.96187520
Simul_+0deg,0,230.75997925,129.24000549,-90.00000000,-3.94622087
Simul_+0deg,0,231.11997986,128.87998962,-90.00000000,-3.91528177
Simul_+0deg,0,231.47999573,128.51998901,-90.00000000,-3.86938000
Simul_+0deg,0,231.83999634,128.15998840,-90.00000000,-3.80898690
Simul_+0deg,0,232.19999695,127.79998016,-90.00000000,-3.73646307
Simul_+0deg,0,232.55998230,127.43999481,-90.00000000,-3.65362597
Simul_+0deg,0,232.91998291,127.07999420,-90.00000000,-3.56014585
Simul_+0deg,0,233.27998352,126.71998596,-90.00000000,-3.45673323
Simul_+0deg,0,233.63999939,126.35998535,-90.00000000,-3.34413338
Simul_+0deg,0,234.00000000,125.99997711,-90.00000000,-3.22310090
Simul_+0deg,0,234.35998535,125.63999939,-90.00000000,-3.10260963
Simul_+0deg,0,234.71998596,125.27999115,-90.00000000,-2.97904825
Simul_+0deg,0,235.07998657,124.91998291,-90.00000000,-2.85276413
Simul_+0deg,0,235.44000244,124.55998230,-90.00000000,-2.72409940
Simul_+0deg,0,235.79997253,124.20000458,-90.00000000,-2.59336853
Simul_+0deg,0,236.15997314,123.84001160,-90.00000000,-2.46460629
Simul_+0deg,0,236.51998901,123.47998810,-90.00000000,-2.33952475
Simul_+0deg,0,236.87998962,123.11998749,-90.00000000,-2.21381879
Simul_+0deg,0,237.23999023,122.75997925,-90.00000000,-2.08762598
Simul_+0deg,0,237.59997559,122.40000153,-90.00000000,-1.96111274
Simul_+0deg,0,237.95997620,122.03999329,-90.00000000,-1.83437610
Simul_+0deg,0,238.31999207,121.68000793,-90.00000000,-1.70806384
Simul_+0deg,0,238.67999268,121.31998444,-90.00000000,-1.58104563
Simul_+0deg,0,239.03999329,120.95997620,-90.00000000,-1.45339537
Simul_+0deg,0,239.39997864,120.59999847,-90.00000000,-1.32527995
Simul_+0deg,0,239.75997925,120.23999786,-90.00000000,-1.19682336
Simul_+0deg,0,240.11997986,119.87998962,-90.00000000,-1.06909513
Simul_+0deg,0,240.47999573,119.51998138,-90.00000000,-0.94322598
Simul_+0deg,0,240.83999634,119.15998077,-90.00000000,-0.81751120
Simul_+0deg,0,241.19998169,118.80000305,-90.00000000,-0.69205284
Simul_+0deg,0,241.55998230,118.43999481,-90.00000000,-0.56690931
Simul_+0deg,0,241.91998291,118.07998657,-90.00000000,-0.44216689
Simul_+0deg,0,242.27999878,117.71998596,-90.00000000,-0.33129227
Simul_+0deg,0,242.63999939,117.35997772,-90.00000000,-0.22480348
Simul_+0deg,0,242.99996948,117.00000000,-90.00000000,-0.11890889
Simul_+0deg,0,243.35998535,116.63999176,-90.00000000,-0.01360365
Simul_+0deg,0,243.71998596,116.27999115,-90.00000000,0.09107739
Simul_+0deg,0,244.07998657,115.91998291,-90.00000000,0.18861549
Simul_+0deg,0,244.44000244,115.55997467,-90.00000000,0.26354033
Simul_+0deg,0,244.79997253,115.19999695,-90.00000000,0.33907473
Simul_+0deg,0,245.15998840,114.83999634,-90.00000000,0.41518387
Simul_+0deg,0,245.51998901,114.47999573,-90.00000000,0.49180028
Simul_+0deg,0,245.87998962,114.11998749,-90.00000000,0.56888175
Simul_+0deg,0,246.24000549,113.75998688,-90.00000000,0.62580717
Simul_+0deg,0,246.59997559,113.40000916,-90.00000000,0.67435616
Simul_+0deg,0,246.95997620,113.04000092,-90.00000000,0.72505701
Simul_+0deg,0,247.31999207,112.67999268,-90.00000000,0.77782422
Simul_+0deg,0,247.67999268,112.31999207,-90.00000000,0.83257580
Simul_+0deg,0,248.03999329,111.95998383,-90.00000000,0.88607836
Simul_+0deg,0,248.39997864,111.60000610,-90.00000000,0.91668934
Simul_+0deg,0,248.75997925,111.23999786,-90.00000000,0.94996995
Simul_+0deg,0,249.11999512,110.87999725,-90.00000000,0.98585677
Simul_+0deg,0,249.47999573,110.51998901,-90.00000000,1.02428114
Simul_+0deg,0,249.83996582,110.16001129,-90.00000000,1.06517041
Simul_+0deg,0,250.19998169,109.80000305,-90.00000000,1.09372437
Simul_+0deg,0,250.55998230,109.44000244,-90.00000000,1.11251628
Simul_+0deg,0,250.91998291,109.07999420,-90.00000000,1.13322473
Simul_+0deg,0,251.27999878,108.71998596,-90.00000000,1.15582168
Simul_+0deg,0,251.63996887,108.36000824,-90.00000000,1.18027401
Simul_+0deg,0,251.99998474,108.00000763,-90.00000000,1.20655560
Simul_+0deg,0,252.35998535,107.63999939,-90.00000000,1.20927227
Simul_+0deg,0,252.71998596,107.27999115,-90.00000000,1.21296394
Simul_+0deg,0,253.08000183,106.91999054,-90.00000000,1.21762800
Simul_+0deg,0,253.43997192,106.56000519,-90.00000000,1.22326112
Simul_+0deg,0,253.79997253,106.20000458,-90.00000000,1.22986090
Simul_+0deg,0,254.15998840,105.83999634,-90.00000000,1.22826290
Simul_+0deg,0,254.51998901,105.47999573,-90.00000000,1.21591997
Simul_+0deg,0,254.87998962,105.11998749,-90.00000000,1.20418608
Simul_+0deg,0,255.23997498,104.76000977,-90.00000000,1.19306791
Simul_+0deg,0,255.59997559,104.40000153,-90.00000000,1.18256831
Simul_+0deg,0,255.95999146,104.03999329,-90.00000000,1.17269063
Simul_+0deg,0,256.31997681,103.67999268,-90.00000000,1.15217328
Simul_+0deg,0,256.67999268,103.31997681,-90.00000000,1.13109481
Simul_+0deg,0,257.03997803,102.95999908,-90.00000000,1.11089432
Simul_+0deg,0,257.39999390,102.59999847,-90.00000000,1.09157825
Simul_+0deg,0,257.75997925,102.23999786,-90.00000000,1.07316327
Simul_+0deg,0,258.11999512,101.87998962,-90.00000000,1.05406666
Simul_+0deg,0,258.48001099,101.51998901,-90.00000000,1.03297770
Simul_+0deg,0,258.83996582,101.16000366,-90.00000000,1.01324320
Simul_+0deg,0,259.19998169,100.79999542,-90.00000000,0.99487841
Simul_+0deg,0,259.55999756,100.43999481,-90.00000000,0.97790235
Simul_+0deg,0,259.91998291,100.07998657,-90.00000000,0.96233302
Simul_+0deg,0,260.27999878,99.71997833,-90.00000000,0.94818324
Simul_+0deg,0,260.63998413,99.36000061,-90.00000000,0.93566000
Simul_+0deg,0,260.99996948,98.99999237,-90.00000000,0.92479879
Simul_+0deg,0,261.35998535,98.63999176,-90.00000000,0.91561472
Simul_+0deg,0,261.72000122,98.27998352,-90.00000000,0.90811658
Simul_+0deg,0,262.07998657,97.92000580,-90.00000000,0.90240240
Simul_+0deg,0,262.43997192,97.56000519,-90.00000000,0.89866394
Simul_+0deg,0,262.79998779,97.19999695,-90.00000000,0.89658350
Simul_+0deg,0,263.16000366,96.83999634,-90.00000000,0.89616483
Simul_+0deg,0,263.51998901,96.47998047,-90.00000000,0.89740849
Simul_+0deg,0,263.87997437,96.12000275,-90.00000000,0.90031117
Simul_+0deg,0,264.23999023,95.76000214,-90.00000000,0.90327507
Simul_+0deg,0,264.59997559,95.39999390,-90.00000000,0.90697396
Simul_+0deg,0,264.95999146,95.03999329,-90.00000000,0.91218102
Simul_+0deg,0,265.32000732,94.67998505,-90.00000000,0.91888714
Simul_+0deg,0,265.67996216,94.31999969,-90.00000000,0.92708737
Simul_+0deg,0,266.03997803,93.95999908,-90.00000000,0.93607235
Simul_+0deg,0,266.39999390,93.59999084,-90.00000000,0.94088823
Simul_+0deg,0,266.75997925,93.23999023,-90.00000000,0.94710195
Simul_+0deg,0,267.11999512,92.87998962,-90.00000000,0.95470482
Simul_+0deg,0,267.47998047,92.52001190,-90.00000000,0.96369094
Simul_+0deg,0,267.83996582,92.16000366,-90.00000000,0.97405326
Simul_+0deg,0,268.19998169,91.79999542,-90.00000000,0.98041558
Simul_+0deg,0,268.55999756,91.43999481,-90.00000000,0.98385864
Simul_+0deg,0,268.91998291,91.07998657,-90.00000000,0.98867542
Simul_+0deg,0,269.27996826,90.72000885,-90.00000000,0.99486107
Simul_+0deg,0,269.63998413,90.36000061,-90.00000000,1.00241089
Simul_+0deg,0,270.00000000,90.00000000,-90.00000000,1.01131701
Simul_+0deg,0,270.35998535,89.63999176,-90.00000000,1.01011705
Simul_+0deg,0,270.72000122,89.27998352,-90.00000000,1.01028490
Simul_+0deg,0,271.07998657,88.92000580,-90.00000000,1.01182151
Simul_+0deg,0,271.43997192,88.56000519,-90.00000000,1.01472294
Simul_+0deg,0,271.79998779,88.19999695,-90.00000000,1.01898980
Simul_+0deg,0,272.16000366,87.83998871,-90.00000000,1.01946807
Simul_+0deg,0,272.51998901,87.47998810,-90.00000000,1.01482749
Simul_+0deg,0,272.87997437,87.12001038,-90.00000000,1.01149380
Simul_+0deg,0,273.23999023,86.76000214,-90.00000000,1.00946522
Simul_+0deg,0,273.59997559,86.39999390,-90.00000000,1.00874698
Simul_+0deg,0,273.95999146,86.03999329,-90.00000000,1.00933921
Simul_+0deg,0,274.32000732,85.67998505,-90.00000000,1.00218654
Simul_+0deg,0,274.67996216,85.32000732,-90.00000000,0.99512422
Simul_+0deg,0,275.03997803,84.95999908,-90.00000000,0.98928642
Simul_+0deg,0,275.39999390,84.59999847,-90.00000000,0.98467624
Simul_+0deg,0,275.75997925,84.23998260,-90.00000000,0.98129869
Simul_+0deg,0,276.11996460,83.88000488,-90.00000000,0.97672546
Simul_+0deg,0,276.47998047,83.52000427,-90.00000000,0.96852112
Simul_+0deg,0,276.83999634,83.16000366,-90.00000000,0.96154225
Simul_+0deg,0,277.19998169,82.79999542,-90.00000000,0.95579839
Simul_+0deg,0,277.55999756,82.43997955,-90.00000000,0.95129263
Simul_+0deg,0,277.91998291,82.08000183,-90.00000000,0.94802928
Simul_+0deg,0,278.27996826,81.72000885,-90.00000000,0.94335842
Simul_+0deg,0,278.63998413,81.36000061,-90.00000000,0.93925005
Simul_+0deg,0,279.00000000,80.99999237,-90.00000000,0.93647593
Simul_+0deg,0,279.35998535,80.63999176,-90.00000000,0.93503976
Simul_+0deg,0,279.71997070,80.28001404,-90.00000000,0.93493998
Simul_+0deg,0,280.07998657,79.91999817,-90.00000000,0.93611491
Simul_+0deg,0,280.43997192,79.55998993,-90.00000000,0.93839002
Simul_+0deg,0,280.79998779,79.19999695,-90.00000000,0.94198281
Simul_+0deg,0,281.16000366,78.83998871,-90.00000000,0.94688916
Simul_+0deg,0,281.51995850,78.48001099,-90.00000000,0.95310509
Simul_+0deg,0,281.87997437,78.11999512,-90.00000000,0.96062362
Simul_+0deg,0,282.23999023,77.75999451,-90.00000000,0.96904629
Simul_+0deg,0,282.59997559,77.39999390,-90.00000000,0.97831404
Simul_+0deg,0,282.95999146,77.03998566,-90.00000000,0.98856699
Simul_+0deg,0,283.31997681,76.68000793,-90.00000000,0.99979770
Simul_+0deg,0,283.67999268,76.31999969,-90.00000000,1.01200151
Simul_+0deg,0,284.03997803,75.95999908,-90.00000000,1.02457726
Simul_+0deg,0,284.39999390,75.59999084,-90.00000000,1.03321886
Simul_+0deg,0,284.76000977,75.23999023,-90.00000000,1.04247916
Simul_+0deg,0,285.11996460,74.88000488,-90.00000000,1.05235517
Simul_+0deg,0,285.47998047,74.52000427,-90.00000000,1.06284404
Simul_+0deg,0,285.83999634,74.15999603,-90.00000000,1.07394028
Simul_+0deg,0,286.19998169,73.79999542,-90.00000000,1.07873273
Simul_+0deg,0,286.55999756,73.43998718,-90.00000000,1.07872534
Simul_+0deg,0,286.91998291,73.08000946,-90.00000000,1.07947934
Simul_+0deg,0,287.27996826,72.72000122,-90.00000000,1.08099401
Simul_+0deg,0,287.63998413,72.36000061,-90.00000000,1.08326876
Simul_+0deg,0,288.00000000,71.99999237,-90.00000000,1.08630228
Simul_+0deg,0,288.35998535,71.63998413,-90.00000000,1.07176101
Simul_+0deg,0,288.71997070,71.28000641,-90.00000000,1.05868948
Simul_+0deg,0,289.07998657,70.91999817,-90.00000000,1.04709911
Simul_+0deg,0,289.44000244,70.55999756,-90.00000000,1.03700197
Simul_+0deg,0,289.79998779,70.19998932,-90.00000000,1.02840996
Simul_+0deg,0,290.15997314,69.84001160,-90.00000000,1.01100898
Simul_+0deg,0,290.51998901,69.48000336,-90.00000000,0.98256600
Simul_+0deg,0,290.87997437,69.12000275,-90.00000000,0.95615238
Simul_+0deg,0,291.23999023,68.75999451,-90.00000000,0.93180752
Simul_+0deg,0,291.60000610,68.39998627,-90.00000000,0.90956712
Simul_+0deg,0,291.95996094,68.04000854,-90.00000000,0.88946450
Simul_+0deg,0,292.31997681,67.68000793,-90.00000000,0.84596574
Simul_+0deg,0,292.67999268,67.31999969,-90.00000000,0.80089861
Simul_+0deg,0,293.03997803,66.95999146,-90.00000000,0.75748324
Simul_+0deg,0,293.39999390,66.59999084,-90.00000000,0.71577215
Simul_+0deg,0,293.75997925,66.24001312,-90.00000000,0.67582262
Simul_+0deg,0,294.11996460,65.88000488,-90.00000000,0.62648445
Simul_+0deg,0,294.47998047,65.51999664,-90.00000000,0.55563879
Simul_+0deg,0,294.83999634,65.15999603,-90.00000000,0.48523679
Simul_+0deg,0,295.19998169,64.79998779,-90.00000000,0.41531655
Simul_+0deg,0,295.55996704,64.44001007,-90.00000000,0.34592676
Simul_+0deg,0,295.91998291,64.08000183,-90.00000000,0.27710086
Simul_+0deg,0,296.27999878,63.71999741,-90.00000000,0.18370810
Simul_+0deg,0,296.63998413,63.35999298,-90.00000000,0.08276317
Simul_+0deg,0,297.00000000,62.99998856,-90.00000000,-0.01863771
Simul_+0deg,0,297.35998535,62.64001083,-90.00000000,-0.12046606
Simul_+0deg,0,297.71997070,62.28000259,-90.00000000,-0.22270623
Simul_+0deg,0,298.07998657,61.91999817,-90.00000000,-0.32989335
Simul_+0deg,0,298.44000244,61.55999374,-90.00000000,-0.45352721
Simul_+0deg,0,298.79998779,61.19998932,-90.00000000,-0.57765305
Simul_+0deg,0,299.15997314,60.84000778,-90.00000000,-0.70219511
Simul_+0deg,0,299.51998901,60.48000336,-90.00000000,-0.82710636
Simul_+0deg,0,299.87997437,60.11999893,-90.00000000,-0.95229864
Simul_+0deg,0,300.23999023,59.75999069,-90.00000000,-1.08206820
Simul_+0deg,0,300.60000610,59.39998627,-90.00000000,-1.21432805
Simul_+0deg,0,300.95996094,59.04000854,-90.00000000,-1.34681916
Simul_+0deg,0,301.31997681,58.68000412,-90.00000000,-1.47945619
Simul_+0deg,0,301.67999268,58.31999207,-90.00000000,-1.61211610
Simul_+0deg,0,302.03997803,57.95998383,-90.00000000,-1.74486113
Simul_+0deg,0,302.39996338,57.60001373,-90.00000000,-1.87920630
Simul_+0deg,0,302.75997925,57.24000549,-90.00000000,-2.01377130
Simul_+0deg,0,303.11999512,56.88000107,-90.00000000,-2.14841890
Simul_+0deg,0,303.47998047,56.51999283,-90.00000000,-2.28302741
Simul_+0deg,0,303.83999634,56.15998840,-90.00000000,-2.41745448
Simul_+0deg,0,304.19998169,55.80001068,-90.00000000,-2.55274796
Simul_+0deg,0,304.55996704,55.44000244,-90.00000000,-2.68707490
Simul_+0deg,0,304.91998291,55.07999802,-90.00000000,-2.81872010
Simul_+0deg,0,305.27999878,54.71999359,-90.00000000,-2.94729495
Simul_+0deg,0,305.63998413,54.35998917,-90.00000000,-3.07240248
Simul_+0deg,0,305.99996948,54.00000763,-90.00000000,-3.19361210
Simul_+0deg,0,306.35998535,53.64000702,-90.00000000,-3.30564451
Simul_+0deg,0,306.71997070,53.27999878,-90.00000000,-3.40803146
Simul_+0deg,0,307.07998657,52.91999054,-90.00000000,-3.50000739
Simul_+0deg,0,307.44000244,52.55998993,-90.00000000,-3.58084726
Simul_+0deg,0,307.79995728,52.20001221,-90.00000000,-3.64987946
Simul_+0deg,0,308.15997314,51.84000397,-90.00000000,-3.70676875
Simul_+0deg,0,308.51998901,51.47999573,-90.00000000,-3.75051522
Simul_+0deg,0,308.87997437,51.11999130,-90.00000000,-3.78018188
Simul_+0deg,0,309.23999023,50.75998688,-90.00000000,-3.79547739
Simul_+0deg,0,309.59997559,50.40000916,-90.00000000,-3.79624987
Simul_+0deg,0,309.95999146,50.04000473,-90.00000000,-3.78248978
Simul_+0deg,0,310.31997681,49.67999649,-90.00000000,-3.78563166
Simul_+0deg,0,310.67999268,49.31999207,-90.00000000,-3.78316259
Simul_+0deg,0,311.04000854,48.95998383,-90.00000000,-3.77146602
Simul_+0deg,0,311.39996338,48.60000610,-90.00000000,-3.75061941
Simul_+0deg,0,311.75997925,48.24000168,-90.00000000,-3.72075176
Simul_+0deg,0,312.11999512,47.87999725,-90.00000000,-3.70296121
Simul_+0deg,0,312.47998047,47.51998901,-90.00000000,-3.72141743
Simul_+0deg,0,312.83999634,47.15998840,-90.00000000,-3.73582315
Simul_+0deg,0,313.19998169,46.80000687,-90.00000000,-3.74613953
Simul_+0deg,0,313.55996704,46.44000244,-90.00000000,-3.75233555
Simul_+0deg,0,313.91998291,46.07999420,-90.00000000,-3.75439692
Simul_+0deg,0,314.27999878,45.71998978,-90.00000000,-3.79070640
Simul_+0deg,0,314.63998413,45.35998535,-90.00000000,-3.83541083
Simul_+0deg,0,314.99996948,45.00000763,-90.00000000,-3.87766004
Simul_+0deg,0,315.35998535,44.63999557,-90.00000000,-3.91738510
Simul_+0deg,0,315.71997070,44.27999115,-90.00000000,-3.95450878
Simul_+0deg,0,316.07998657,43.91999054,-90.00000000,-3.98940682
Simul_+0deg,0,316.43997192,43.56001282,-90.00000000,-4.02371216
Simul_+0deg,0,316.79998779,43.20000839,-90.00000000,-4.05618191
Simul_+0deg,0,317.15997314,42.84000015,-90.00000000,-4.08677149
Simul_+0deg,0,317.51998901,42.47999191,-90.00000000,-4.11543894
Simul_+0deg,0,317.88000488,42.11998749,-90.00000000,-4.14214182
Simul_+0deg,0,318.23995972,41.76001358,-90.00000000,-4.14251757
Simul_+0deg,0,318.59997559,41.40000534,-90.00000000,-4.13004684
Simul_+0deg,0,318.95999146,41.03999710,-90.00000000,-4.11716270
Simul_+0deg,0,319.31997681,40.67998886,-90.00000000,-4.10387182
Simul_+0deg,0,319.67999268,40.31998444,-90.00000000,-4.09017658
Simul_+0deg,0,320.03997803,39.96000671,-90.00000000,-4.07112980
Simul_+0deg,0,320.39996338,39.60000229,-90.00000000,-4.01169968
Simul_+0deg,0,320.75997925,39.23999786,-90.00000000,-3.95124888
Simul_+0deg,0,321.11999512,38.87999344,-90.00000000,-3.88982821
Simul_+0deg,0,321.47998047,38.51998520,-90.00000000,-3.82749271
Simul_+0deg,0,321.83996582,38.16000748,-90.00000000,-3.76429558
Simul_+0deg,0,322.19998169,37.80000687,-90.00000000,-3.68633056
Simul_+0deg,0,322.55999756,37.43999481,-90.00000000,-3.59405136
Simul_+0deg,0,322.91998291,37.07999039,-90.00000000,-3.49818850
Simul_+0deg,0,323.27999878,36.71998215,-90.00000000,-3.39901400
Simul_+0deg,0,323.63998413,36.36000443,-90.00000000,-3.29680419
Simul_+0deg,0,323.99996948,36.00000381,-90.00000000,-3.19180822
Simul_+0deg,0,324.35998535,35.63999557,-90.00000000,-3.10181594
Simul_+0deg,0,324.72000122,35.27999115,-90.00000000,-3.00671816
Simul_+0deg,0,325.07998657,34.91998672,-90.00000000,-2.90688515
Simul_+0deg,0,325.43997192,34.56000900,-90.00000000,-2.80269051
Simul_+0deg,0,325.79998779,34.20000076,-90.00000000,-2.69447923
Simul_+0deg,0,326.15997314,33.83999634,-90.00000000,-2.61113620
Simul_+0deg,0,326.51998901,33.47999191,-90.00000000,-2.55802870
Simul_+0deg,0,326.88000488,33.11998367,-90.00000000,-2.49894047
Simul_+0deg,0,327.23995972,32.76000214,-90.00000000,-2.43412828
Simul_+0deg,0,327.59997559,32.40000534,-90.00000000,-2.36384702
Simul_+0deg,0,327.95999146,32.03999710,-90.00000000,-2.28837538
Simul_+0deg,0,328.31997681,31.67999268,-90.00000000,-2.28156757
Simul_+0deg,0,328.67999268,31.31998444,-90.00000000,-2.27589655
Simul_+0deg,0,329.03997803,30.96000671,-90.00000000,-2.26200914
Simul_+0deg,0,329.39999390,30.60000420,-90.00000000,-2.23998356
Simul_+0deg,0,329.75997925,30.23999786,-90.00000000,-2.20994139
Simul_+0deg,0,330.11999512,29.87998581,-90.00000000,-2.19555736
Simul_+0deg,0,330.47998047,29.52001190,-90.00000000,-2.21851611
Simul_+0deg,0,330.83996582,29.16000557,-90.00000000,-2.23072433
Simul_+0deg,0,331.19998169,28.80000305,-90.00000000,-2.23208857
Simul_+0deg,0,331.55999756,28.43999672,-90.00000000,-2.22259784
Simul_+0deg,0,331.91998291,28.07998657,-90.00000000,-2.20232391
Simul_+0deg,0,332.27996826,27.72001266,-90.00000000,-2.20788789
Simul_+0deg,0,332.63998413,27.36000633,-90.00000000,-2.21351099
Simul_+0deg,0,332.99996948,26.99999809,-90.00000000,-2.20876288
Simul_+0deg,0,333.35998535,26.63999557,-90.00000000,-2.19367838
Simul_+0deg,0,333.72000122,26.27998543,-90.00000000,-2.16836357
Simul_+0deg,0,334.07995605,25.92000771,-90.00000000,-2.14131498
Simul_+0deg,0,334.43997192,25.56000137,-90.00000000,-2.13574648
Simul_+0deg,0,334.79998779,25.19999886,-90.00000000,-2.12403297
Simul_+0deg,0,335.15997314,24.83999062,-90.00000000,-2.10622263
Simul_+0deg,0,335.51998901,24.47998619,-90.00000000,-2.08239222
Simul_+0deg,0,335.87997437,24.12000656,-90.00000000,-2.05264354
Simul_+0deg,0,336.23999023,23.76000595,-90.00000000,-2.04426908
Simul_+0deg,0,336.59997559,23.39999390,-90.00000000,-2.04668450
Simul_+0deg,0,336.95999146,23.03999329,-90.00000000,-2.04688096
Simul_+0deg,0,337.32000732,22.67998886,-90.00000000,-2.04486012
Simul_+0deg,0,337.67996216,22.32000923,-90.00000000,-2.04062414
Simul_+0deg,0,338.03997803,21.96000481,-90.00000000,-2.03845048
Simul_+0deg,0,338.39999390,21.59999657,-90.00000000,-2.06898427
Simul_+0deg,0,338.75997925,21.23999405,-90.00000000,-2.09864783
Simul_+0deg,0,339.11999512,20.87998390,-90.00000000,-2.12742424
Simul_+0deg,0,339.47998047,20.52000618,-90.00000000,-2.15529060
Simul_+0deg,0,339.83996582,20.16000557,-90.00000000,-2.18223047
Simul_+0deg,0,340.19998169,19.79999924,-90.00000000,-2.22478294
Simul_+0deg,0,340.55999756,19.43998718,-90.00000000,-2.27956963
Simul_+0deg,0,340.91998291,19.07998276,-90.00000000,-2.33328605
Simul_+0deg,0,341.27996826,18.72000694,-90.00000000,-2.38588071
Simul_+0deg,0,341.63998413,18.36000061,-90.00000000,-2.43731308
Simul_+0deg,0,341.99996948,17.99999428,-90.00000000,-2.48752975
Simul_+0deg,0,342.35998535,17.63998985,-90.00000000,-2.55752182
Simul_+0deg,0,342.71997070,17.28000641,-90.00000000,-2.62620115
Simul_+0deg,0,343.07998657,16.92000771,-90.00000000,-2.69349837
Simul_+0deg,0,343.43997192,16.56000137,-90.00000000,-2.75932598
Simul_+0deg,0,343.79998779,16.19999313,-90.00000000,-2.82359982
Simul_+0deg,0,344.16000366,15.83998680,-90.00000000,-2.89351559
Simul_+0deg,0,344.51995850,15.48001671,-90.00000000,-2.97127461
Simul_+0deg,0,344.87997437,15.12000275,-90.00000000,-3.04789400
Simul_+0deg,0,345.23999023,14.75999737,-90.00000000,-3.12327600
Simul_+0deg,0,345.59997559,14.39999866,-90.00000000,-3.19733095
Simul_+0deg,0,345.95999146,14.03999138,-90.00000000,-3.26997137
Simul_+0deg,0,346.31997681,13.68000603,-90.00000000,-3.35325480
Simul_+0deg,0,346.67996216,13.32001305,-90.00000000,-3.43732882
Simul_+0deg,0,347.03997803,12.95999718,-90.00000000,-3.52065420
Simul_+0deg,0,347.39999390,12.59998798,-90.00000000,-3.60314703
Simul_+0deg,0,347.75997925,12.23998928,-90.00000000,-3.68472862
Simul_+0deg,0,348.11996460,11.88000298,-90.00000000,-3.76835680
Simul_+0deg,0,348.47998047,11.51999664,-90.00000000,-3.85722375
Simul_+0deg,0,348.83996582,11.15999031,-90.00000000,-3.94527221
Simul_+0deg,0,349.19998169,10.79998875,-90.00000000,-4.03241205
Simul_+0deg,0,349.55999756,10.43999195,-90.00000000,-4.11854792
Simul_+0deg,0,349.91998291,10.08000946,-90.00000000,-4.20358562
Simul_+0deg,0,350.27996826,9.72000504,-90.00000000,-4.28971720
Simul_+0deg,0,350.63998413,9.36000347,-90.00000000,-4.37409735
Simul_+0deg,0,351.00000000,8.99999142,-90.00000000,-4.45575666
Simul_+0deg,0,351.35998535,8.63999653,-90.00000000,-4.53450012
Simul_+0deg,0,351.71997070,8.28000641,-90.00000000,-4.61014318
Simul_+0deg,0,352.07998657,7.92000675,-90.00000000,-4.68268967
Simul_+0deg,0,352.43997192,7.56000662,-90.00000000,-4.75083542
Simul_+0deg,0,352.79998779,7.19998980,-90.00000000,-4.81262779
Simul_+0deg,0,353.16000366,6.83999729,-90.00000000,-4.86777115
Simul_+0deg,0,353.51995850,6.48001719,-90.00000000,-4.91600084
Simul_+0deg,0,353.87997437,6.12000370,-90.00000000,-4.95708227
Simul_+0deg,0,354.23999023,5.76000357,-90.00000000,-4.99942970
Simul_+0deg,0,354.59997559,5.40000391,-90.00000000,-5.03702688
Simul_+0deg,0,354.95999146,5.03998899,-90.00000000,-5.06501675
Simul_+0deg,0,355.31997681,4.68002319,-90.00000000,-5.08320999
Simul_+0deg,0,355.67999268,4.32001114,-90.00000000,-5.09148645
Simul_+0deg,0,356.03997803,3.95997524,-90.00000000,-5.09499311
Simul_+0deg,0,356.39999390,3.59999967,-90.00000000,-5.13045788
Simul_+0deg,0,356.75997925,3.24002767,-90.00000000,-5.15632343
Simul_+0deg,0,357.11996460,2.87997603,-90.00000000,-5.17242193
Simul_+0deg,0,357.47998047,2.52002597,-90.00000000,-5.17863464
Simul_+0deg,0,357.83999634,2.16002965,-90.00000000,-5.17492485
Simul_+0deg,0,358.19998169,1.79994082,-90.00000000,-5.21017504
Simul_+0deg,0,358.55996704,1.44007802,-90.00000000,-5.27641821
Simul_+0deg,0,358.91998291,1.07992160,-90.00000000,-5.33487415
Simul_+0deg,0,359.27996826,0.72009277,-90.00000000,-5.38510895
Simul_+0deg,0,359.63998413,0.35990870,-90.00000000,-5.42692184
Simul_+15deg,15,0.00000000,0.00000000,90.00000000,-2.44250560
Simul_+15deg,15,0.35999998,0.35990870,90.00000000,-2.46832752
Simul_+15deg,15,0.71999997,0.72009277,90.00000000,-2.49161506
Simul_+15deg,15,1.07999992,1.07992160,90.00000000,-2.51228690
Simul_+15deg,15,1.43999994,1.43994224,90.00000000,-2.53033876
Simul_+15deg,15,1.79999995,1.80004954,90.00000000,-2.54572868
Simul_+15deg,15,2.15999985,2.16002965,90.00000000,-2.59845996
Simul_+15deg,15,2.51999998,2.52002597,90.00000000,-2.69939542
Simul_+15deg,15,2.87999988,2.87997603,90.00000000,-2.79869461
Simul_+15deg,15,3.23999977,3.24002767,90.00000000,-2.89622736
Simul_+15deg,15,3.59999990,3.59999967,90.00000000,-2.99177051
Simul_+15deg,15,3.95999956,3.95997524,90.00000000,-3.08516288
Simul_+15deg,15,4.31999969,4.32001114,90.00000000,-3.24486780
Simul_+15deg,15,4.67999983,4.67998075,90.00000000,-3.40990210
Simul_+15deg,15,5.03999996,5.03998899,90.00000000,-3.57106018
Simul_+15deg,15,5.39999962,5.40000391,90.00000000,-3.72763181
Simul_+15deg,15,5.75999975,5.76000357,90.00000000,-3.87887239
Simul_+15deg,15,6.11999989,6.12000370,90.00000000,-4.04231167
Simul_+15deg,15,6.47999954,6.47998667,90.00000000,-4.23589516
Simul_+15deg,15,6.83999968,6.83999729,90.00000000,-4.42207050
Simul_+15deg,15,7.19999981,7.19998980,90.00000000,-4.59943438
Simul_+15deg,15,7.55999947,7.56000662,90.00000000,-4.76654673
Simul_+15deg,15,7.91999912,7.92000675,90.00000000,-4.92187309
Simul_+15deg,15,8.27999973,8.28000641,90.00000000,-5.09491539
Simul_+15deg,15,8.63999939,8.63999653,90.00000000,-5.26735210
Simul_+15deg,15,9.00000000,8.99999142,90.00000000,-5.42958021
Simul_+15deg,15,9.35999966,9.36000347,90.00000000,-5.58015728
Simul_+15deg,15,9.72000027,9.72000504,90.00000000,-5.71760368
Simul_+15deg,15,10.07999992,10.07999039,90.00000000,-5.84813547
Simul_+15deg,15,10.43999863,10.43999195,90.00000000,-5.99606705
Simul_+15deg,15,10.79999924,10.80000591,90.00000000,-6.13779831
Simul_+15deg,15,11.15999889,11.15999031,90.00000000,-6.27251911
Simul_+15deg,15,11.51999950,11.51999664,90.00000000,-6.39943361
Simul_+15deg,15,11.87999916,11.88000298,90.00000000,-6.51770163
Simul_+15deg,15,12.23999977,12.24000549,90.00000000,-6.64482832
Simul_+15deg,15,12.59999943,12.60000420,90.00000000,-6.77866030
Simul_+15deg,15,12.95999908,12.95999718,90.00000000,-6.91130686
Simul_+15deg,15,13.31999969,13.31999779,90.00000000,-7.04252911
Simul_+15deg,15,13.67999935,13.68000603,90.00000000,-7.17206573
Simul_+15deg,15,14.03999901,14.04000568,90.00000000,-7.29855537
Simul_+15deg,15,14.39999962,14.39999866,90.00000000,-7.41565752
Simul_+15deg,15,14.75999832,14.75999737,90.00000000,-7.53306293
Simul_+15deg,15,15.11999893,15.12000275,90.00000000,-7.65070438
Simul_+15deg,15,15.47999954,15.48000336,90.00000000,-7.76850939
Simul_+15deg,15,15.83999825,15.84000015,90.00000000,-7.88640308
Simul_+15deg,15,16.19999886,16.19999313,90.00000000,-7.96984100
Simul_+15deg,15,16.55999947,16.56000137,90.00000000,-8.02280998
Simul_+15deg,15,16.92000008,16.91999626,90.00000000,-8.07193089
Simul_+15deg,15,17.27999878,17.27999496,90.00000000,-8.11706924
Simul_+15deg,15,17.63999939,17.64000320,90.00000000,-8.15809155
Simul_+15deg,15,18.00000000,17.99999428,90.00000000,-8.19487572
Simul_+15deg,15,18.35999870,18.36000061,90.00000000,-8.13408947
Simul_+15deg,15,18.71999931,18.71999741,90.00000000,-8.06402016
Simul_+15deg,15,19.07999992,19.08000183,90.00000000,-7.98511887
Simul_+15deg,15,19.44000053,19.43999863,90.00000000,-7.89788628
Simul_+15deg,15,19.79999924,19.79999924,90.00000000,-7.80283833
Simul_+15deg,15,20.15999985,20.15999603,90.00000000,-7.66920471
Simul_+15deg,15,20.51999855,20.51999664,90.00000000,-7.48727417
Simul_+15deg,15,20.87999725,20.88000298,90.00000000,-7.29657125
Simul_+15deg,15,21.23999786,21.24000168,90.00000000,-7.09852982
Simul_+15deg,15,21.59999847,21.59999657,90.00000000,-6.89447403
Simul_+15deg,15,21.95999908,21.95999527,90.00000000,-6.68560600
Simul_+15deg,15,22.31999779,22.31999969,90.00000000,-6.46485996
Simul_+15deg,15,22.67999840,22.67999649,90.00000000,-6.23819113
Simul_+15deg,15,23.03999901,23.04000282,90.00000000,-6.00776386
Simul_+15deg,15,23.39999771,23.39999390,90.00000000,-5.77474594
Simul_+15deg,15,23.75999832,23.75999641,90.00000000,-5.54012585
Simul_+15deg,15,24.11999893,24.11999702,90.00000000,-5.32479763
Simul_+15deg,15,24.47999954,24.48000336,90.00000000,-5.14770031
Simul_+15deg,15,24.83999825,24.84000015,90.00000000,-4.96849823
Simul_+15deg,15,25.19999886,25.19999886,90.00000000,-4.78771734
Simul_+15deg,15,25.55999947,25.56000137,90.00000000,-4.60583544
Simul_+15deg,15,25.91999817,25.92000008,90.00000000,-4.42328691
Simul_+15deg,15,26.27999878,26.28000259,90.00000000,-4.31983757
Simul_+15deg,15,26.63999939,26.63999557,90.00000000,-4.23629665
Simul_+15deg,15,27.00000000,26.99999809,90.00000000,-4.14983797
Simul_+15deg,15,27.35999870,27.35999870,90.00000000,-4.06066418
Simul_+15deg,15,27.71999931,27.71999931,90.00000000,-3.96897554
Simul_+15deg,15,28.07999802,28.08000183,90.00000000,-3.89751792
Simul_+15deg,15,28.43999863,28.43999672,90.00000000,-3.90000606
Simul_+15deg,15,28.79999924,28.80000305,90.00000000,-3.89573431
Simul_+15deg,15,29.15999794,29.15999794,90.00000000,-3.88472366
Simul_+15deg,15,29.51999664,29.51999664,90.00000000,-3.86702418
Simul_+15deg,15,29.87999916,29.88000298,90.00000000,-3.84271646
Simul_+15deg,15,30.23999786,30.23999786,90.00000000,-3.85010958
Simul_+15deg,15,30.59999657,30.59999657,90.00000000,-3.86404562
Simul_+15deg,15,30.95999908,30.95999908,90.00000000,-3.86409402
Simul_+15deg,15,31.31999779,31.31999779,90.00000000,-3.85025597
Simul_+15deg,15,31.67999649,31.67999268,90.00000000,-3.82266378
Simul_+15deg,15,32.03999710,32.03999710,90.00000000,-3.78331685
Simul_+15deg,15,32.39999771,32.39999771,90.00000000,-3.74228621
Simul_+15deg,15,32.75999832,32.75999832,90.00000000,-3.68415117
Simul_+15deg,15,33.11999893,33.11999893,90.00000000,-3.60959315
Simul_+15deg,15,33.47999573,33.47999573,90.00000000,-3.51945424
Simul_+15deg,15,33.84000015,33.83999634,90.00000000,-3.41471648
Simul_+15deg,15,34.19999695,34.20000076,90.00000000,-3.30727792
Simul_+15deg,15,34.55999756,34.56000137,90.00000000,-3.19709301
Simul_+15deg,15,34.91999817,34.92000198,90.00000000,-3.07669616
Simul_+15deg,15,35.27999878,35.27999878,90.00000000,-2.94699168
Simul_+15deg,15,35.63999557,35.63999557,90.00000000,-2.80888319
Simul_+15deg,15,36.00000000,36.00000000,90.00000000,-2.66327095
Simul_+15deg,15,36.35999680,36.36000061,90.00000000,-2.55960250
Simul_+15deg,15,36.71999741,36.71999359,90.00000000,-2.45090771
Simul_+15deg,15,37.07999802,37.07999420,90.00000000,-2.33760905
Simul_+15deg,15,37.43999863,37.43999481,90.00000000,-2.22013402
Simul_+15deg,15,37.79999542,37.79999161,90.00000000,-2.09888625
Simul_+15deg,15,38.15999985,38.15999985,90.00000000,-1.99893534
Simul_+15deg,15,38.51999664,38.51999664,90.00000000,-1.92600977
Simul_+15deg,15,38.88000107,38.88000107,90.00000000,-1.84919012
Simul_+15deg,15,39.23999786,39.23999786,90.00000000,-1.76870418
Simul_+15deg,15,39.59999847,39.59999847,90.00000000,-1.68477726
Simul_+15deg,15,39.95999908,39.95999527,90.00000000,-1.59763277
Simul_+15deg,15,40.31999969,40.31999969,90.00000000,-1.53869820
Simul_+15deg,15,40.67999649,40.67999649,90.00000000,-1.47953296
Simul_+15deg,15,41.03999710,41.03999710,90.00000000,-1.41633415
Simul_+15deg,15,41.39999771,41.39999390,90.00000000,-1.34928882
Simul_+15deg,15,41.75999451,41.75999451,90.00000000,-1.27858496
Simul_+15deg,15,42.11999893,42.11999893,90.00000000,-1.20756161
Simul_+15deg,15,42.47999573,42.47999573,90.00000000,-1.13939476
Simul_+15deg,15,42.83999634,42.83999634,90.00000000,-1.06788480
Simul_+15deg,15,43.19999695,43.19999695,90.00000000,-0.99321628
Simul_+15deg,15,43.55999756,43.55999756,90.00000000,-0.91556621
Simul_+15deg,15,43.91999817,43.91999817,90.00000000,-0.83511388
Simul_+15deg,15,44.27999878,44.27999878,90.00000000,-0.75119603
Simul_+15deg,15,44.63999557,44.63999557,90.00000000,-0.66521412
Simul_+15deg,15,45.00000000,45.00000000,90.00000000,-0.57762051
Simul_+15deg,15,45.35999680,45.35999680,90.00000000,-0.48854733
Simul_+15deg,15,45.71999741,45.71999741,90.00000000,-0.39811939
Simul_+15deg,15,46.07999802,46.07999802,90.00000000,-0.30808434
Simul_+15deg,15,46.43999863,46.43999863,90.00000000,-0.22291496
Simul_+15deg,15,46.79999542,46.79999542,90.00000000,-0.13716358
Simul_+15deg,15,47.15999985,47.15999985,90.00000000,-0.05089402
Simul_+15deg,15,47.51999664,47.52000046,90.00000000,0.03583069
Simul_+15deg,15,47.87999725,47.87999725,90.00000000,0.12294626
Simul_+15deg,15,48.23999786,48.23999786,90.00000000,0.19393227
Simul_+15deg,15,48.59999847,48.59999847,90.00000000,0.25716111
Simul_+15deg,15,48.95999908,48.96000290,90.00000000,0.32087106
Simul_+15deg,15,49.31999588,49.31999588,90.00000000,0.38502413
Simul_+15deg,15,49.67999649,49.67999649,90.00000000,0.44959170
Simul_+15deg,15,50.03999710,50.03999710,90.00000000,0.51031798
Simul_+15deg,15,50.39999771,50.39999771,90.00000000,0.53789103
Simul_+15deg,15,50.75999451,50.75999832,90.00000000,0.56627685
Simul_+15deg,15,51.11999893,51.11999893,90.00000000,0.59545660
Simul_+15deg,15,51.47999573,51.47999573,90.00000000,0.62541491
Simul_+15deg,15,51.83999634,51.84000015,90.00000000,0.65613359
Simul_+15deg,15,52.19999695,52.19999695,90.00000000,0.66610408
Simul_+15deg,15,52.55999756,52.55999756,90.00000000,0.65993464
Simul_+15deg,15,52.91999435,52.91999817,90.00000000,0.65491378
Simul_+15deg,15,53.27999878,53.27999878,90.00000000,0.65104508
Simul_+15deg,15,53.63999557,53.63999557,90.00000000,0.64833212
Simul_+15deg,15,54.00000000,54.00000000,90.00000000,0.64677685
Simul_+15deg,15,54.35999680,54.35999680,90.00000000,0.62015343
Simul_+15deg,15,54.71999741,54.71999741,90.00000000,0.59516048
Simul_+15deg,15,55.07999802,55.07999802,90.00000000,0.57182825
Simul_+15deg,15,55.43999863,55.43999863,90.00000000,0.55018300
Simul_+15deg,15,55.79999542,55.79999924,90.00000000,0.53025198
Simul_+15deg,15,56.15999603,56.15999603,90.00000000,0.50859094
Simul_+15deg,15,56.51999664,56.51999664,90.00000000,0.48478812
Simul_+15deg,15,56.87999725,56.87999725,90.00000000,0.46338066
Simul_+15deg,15,57.23999786,57.23999786,90.00000000,0.44440424
Simul_+15deg,15,57.59999847,57.59999847,90.00000000,0.42789185
Simul_+15deg,15,57.95999908,57.95999908,90.00000000,0.41387188
Simul_+15deg,15,58.31999588,58.31999588,90.00000000,0.40783617
Simul_+15deg,15,58.67999649,58.67999649,90.00000000,0.40553838
Simul_+15deg,15,59.03999329,59.03999329,90.00000000,0.40632960
Simul_+15deg,15,59.39999390,59.39999390,90.00000000,0.41020957
Simul_+15deg,15,59.75999832,59.75999832,90.00000000,0.41716948
Simul_+15deg,15,60.11999893,60.11999893,90.00000000,0.42974457
Simul_+15deg,15,60.47999573,60.47999573,90.00000000,0.45075062
Simul_+15deg,15,60.83999634,60.83999634,90.00000000,0.47518387
Simul_+15deg,15,61.19999313,61.19999313,90.00000000,0.50298619
Simul_+15deg,15,61.56000137,61.56000137,90.00000000,0.53409243
Simul_+15deg,15,61.91999817,61.91999817,90.00000000,0.56842989
Simul_+15deg,15,62.27999878,62.27999878,90.00000000,0.60408896
Simul_+15deg,15,62.63999557,62.63999557,90.00000000,0.64269418
Simul_+15deg,15,62.99999619,62.99999619,90.00000000,0.68472177
Simul_+15deg,15,63.35999298,63.35999298,90.00000000,0.73007011
Simul_+15deg,15,63.71999741,63.71999741,90.00000000,0.77863395
Simul_+15deg,15,64.07999420,64.07999420,90.00000000,0.82607019
Simul_+15deg,15,64.43999481,64.43999481,90.00000000,0.86194521
Simul_+15deg,15,64.79999542,64.79999542,90.00000000,0.90112954
Simul_+15deg,15,65.15999603,65.15999603,90.00000000,0.94353044
Simul_+15deg,15,65.51999664,65.51999664,90.00000000,0.98905021
Simul_+15deg,15,65.87999725,65.87999725,90.00000000,1.03758907
Simul_+15deg,15,66.23999786,66.23999786,90.00000000,1.06497192
Simul_+15deg,15,66.59999847,66.59999847,90.00000000,1.08321357
Simul_+15deg,15,66.95999146,66.95999146,90.00000000,1.10432029
Simul_+15deg,15,67.31999207,67.31999207,90.00000000,1.12825215
Simul_+15deg,15,67.68000031,67.68000031,90.00000000,1.15496182
Simul_+15deg,15,68.04000092,68.04000092,90.00000000,1.17903936
Simul_+15deg,15,68.39999390,68.39999390,90.00000000,1.16265547
Simul_+15deg,15,68.75999451,68.75999451,90.00000000,1.14843595
Simul_+15deg,15,69.11999512,69.11999512,90.00000000,1.13640320
Simul_+15deg,15,69.47999573,69.47999573,90.00000000,1.12657571
Simul_+15deg,15,69.83999634,69.83999634,90.00000000,1.11896753
Simul_+15deg,15,70.19999695,70.19999695,90.00000000,1.08558023
Simul_+15deg,15,70.55999756,70.55999756,90.00000000,1.03124034
Simul_+15deg,15,70.91999817,70.91999817,90.00000000,0.97818720
Simul_+15deg,15,71.27999115,71.27999115,90.00000000,0.92647427
Simul_+15deg,15,71.63999939,71.63999939,90.00000000,0.87615955
Simul_+15deg,15,72.00000000,72.00000000,90.00000000,0.82729846
Simul_+15deg,15,72.36000061,72.36000061,90.00000000,0.74064738
Simul_+15deg,15,72.71999359,72.71999359,90.00000000,0.65451354
Simul_+15deg,15,73.07999420,73.07999420,90.00000000,0.56896579
Simul_+15deg,15,73.43999481,73.43999481,90.00000000,0.48406991
Simul_+15deg,15,73.79999542,73.79999542,90.00000000,0.39989951
Simul_+15deg,15,74.15999603,74.15999603,90.00000000,0.30947590
Simul_+15deg,15,74.51999664,74.51999664,90.00000000,0.21069646
Simul_+15deg,15,74.87999725,74.87999725,90.00000000,0.11230420
Simul_+15deg,15,75.23999023,75.23999023,90.00000000,0.01437861
Simul_+15deg,15,75.59999084,75.59999084,90.00000000,-0.08299247
Simul_+15deg,15,75.95999908,75.95999908,90.00000000,-0.17972739
Simul_+15deg,15,76.31999969,76.31999969,90.00000000,-0.26742324
Simul_+15deg,15,76.67999268,76.67999268,90.00000000,-0.35349610
Simul_+15deg,15,77.03999329,77.03999329,90.00000000,-0.43892318
Simul_+15deg,15,77.39999390,77.39999390,90.00000000,-0.52363658
Simul_+15deg,15,77.76000214,77.76000214,90.00000000,-0.60755968
Simul_+15deg,15,78.11999512,78.11999512,90.00000000,-0.68313837
Simul_+15deg,15,78.47999573,78.47999573,90.00000000,-0.74311310
Simul_+15deg,15,78.83999634,78.83999634,90.00000000,-0.80251765
Simul_+15deg,15,79.19999695,79.19999695,90.00000000,-0.86132300
Simul_+15deg,15,79.55998993,79.55998993,90.00000000,-0.91948801
Simul_+15deg,15,79.91999817,79.91999817,90.00000000,-0.97698176
Simul_+15deg,15,80.27999878,80.27999878,90.00000000,-1.02154720
Simul_+15deg,15,80.63999939,80.63999939,90.00000000,-1.06205750
Simul_+15deg,15,80.99999237,80.99999237,90.00000000,-1.10200286
Simul_+15deg,15,81.35999298,81.35999298,90.00000000,-1.14136553
Simul_+15deg,15,81.72000122,81.72000122,90.00000000,-1.18012571
Simul_+15deg,15,82.07999420,82.07999420,90.00000000,-1.21930814
Simul_+15deg,15,82.43999481,82.43999481,90.00000000,-1.26111126
Simul_+15deg,15,82.79999542,82.79999542,90.00000000,-1.30159438
Simul_+15deg,15,83.15999603,83.15999603,90.00000000,-1.34071612
Simul_+15deg,15,83.51998901,83.51998901,90.00000000,-1.37843561
Simul_+15deg,15,83.87999725,83.87999725,90.00000000,-1.41471481
Simul_+15deg,15,84.23999786,84.23999786,90.00000000,-1.46789050
Simul_+15deg,15,84.59999847,84.59999847,90.00000000,-1.52789009
Simul_+15deg,15,84.95999146,84.95999146,90.00000000,-1.58524048
Simul_+15deg,15,85.31999207,85.31999207,90.00000000,-1.63982773
Simul_+15deg,15,85.67999268,85.67999268,90.00000000,-1.69153738
Simul_+15deg,15,86.04000092,86.04000092,90.00000000,-1.74520779
Simul_+15deg,15,86.39999390,86.39999390,90.00000000,-1.83516490
Simul_+15deg,15,86.75999451,86.75999451,90.00000000,-1.92135823
Simul_+15deg,15,87.11999512,87.11999512,90.00000000,-2.00351810
Simul_+15deg,15,87.47999573,87.47999573,90.00000000,-2.08137703
Simul_+15deg,15,87.83999634,87.83999634,90.00000000,-2.15468049
Simul_+15deg,15,88.19999695,88.19999695,90.00000000,-2.25012970
Simul_+15deg,15,88.55999756,88.55999756,90.00000000,-2.36213875
Simul_+15deg,15,88.91999817,88.91999817,90.00000000,-2.46869898
Simul_+15deg,15,89.27999115,89.27999115,90.00000000,-2.56933260
Simul_+15deg,15,89.63999176,89.63999176,90.00000000,-2.66355634
Simul_+15deg,15,90.00000000,90.00000000,90.00000000,-2.75089073
Simul_+15deg,15,90.35999298,90.35999298,90.00000000,-2.86735487
Simul_+15deg,15,90.71999359,90.71999359,90.00000000,-2.97587585
Simul_+15deg,15,91.07999420,91.07999420,90.00000000,-3.07577109
Simul_+15deg,15,91.43999481,91.43999481,90.00000000,-3.16636658
Simul_+15deg,15,91.79999542,91.79999542,90.00000000,-3.24702835
Simul_+15deg,15,92.15999603,92.15999603,90.00000000,-3.32349420
Simul_+15deg,15,92.51999664,92.51999664,90.00000000,-3.39686918
Simul_+15deg,15,92.87999725,92.87999725,90.00000000,-3.45866704
Simul_+15deg,15,93.23999023,93.23999023,90.00000000,-3.50837040
Simul_+15deg,15,93.59999084,93.59999084,90.00000000,-3.54555488
Simul_+15deg,15,93.95999908,93.95999908,90.00000000,-3.56988788
Simul_+15deg,15,94.31999969,94.31999969,90.00000000,-3.58031631
Simul_+15deg,15,94.67999268,94.67999268,90.00000000,-3.57912660
Simul_+15deg,15,95.03999329,95.03999329,90.00000000,-3.56652689
Simul_+15deg,15,95.39999390,95.39999390,90.00000000,-3.54261589
Simul_+15deg,15,95.75999451,95.75999451,90.00000000,-3.50758171
Simul_+15deg,15,96.11999512,96.11999512,90.00000000,-3.46183991
Simul_+15deg,15,96.47999573,96.47999573,90.00000000,-3.40790701
Simul_+15deg,15,96.83999634,96.83999634,90.00000000,-3.34679961
Simul_+15deg,15,97.19999695,97.19999695,90.00000000,-3.27882433
Simul_+15deg,15,97.55998993,97.55998993,90.00000000,-3.20431185
Simul_+15deg,15,97.91999817,97.91999817,90.00000000,-3.12361193
Simul_+15deg,15,98.27999878,98.27999878,90.00000000,-3.04632783
Simul_+15deg,15,98.63999176,98.63999176,90.00000000,-2.96826410
Simul_+15deg,15,98.99999237,98.99999237,90.00000000,-2.88723993
Simul_+15deg,15,99.35999298,99.35999298,90.00000000,-2.80343962
Simul_+15deg,15,99.71999359,99.71999359,90.00000000,-2.71705580
Simul_+15deg,15,100.07999420,100.07999420,90.00000000,-2.63232732
Simul_+15deg,15,100.43999481,100.43999481,90.00000000,-2.56025219
Simul_+15deg,15,100.79999542,100.79999542,90.00000000,-2.48712850
Simul_+15deg,15,101.15999603,101.15999603,90.00000000,-2.41302943
Simul_+15deg,15,101.51998901,101.51998901,90.00000000,-2.33802176
Simul_+15deg,15,101.87999725,101.87999725,90.00000000,-2.26217747
Simul_+15deg,15,102.23999786,102.23999786,90.00000000,-2.19739580
Simul_+15deg,15,102.59999847,102.59999847,90.00000000,-2.13796806
Simul_+15deg,15,102.95999146,102.95999146,90.00000000,-2.07804203
Simul_+15deg,15,103.31999207,103.31999207,90.00000000,-2.01764369
Simul_+15deg,15,103.67999268,103.67999268,90.00000000,-1.95680881
Simul_+15deg,15,104.03999329,104.03999329,90.00000000,-1.89699113
Simul_+15deg,15,104.39999390,104.39999390,90.00000000,-1.84801006
Simul_+15deg,15,104.75999451,104.75999451,90.00000000,-1.79830420
Simul_+15deg,15,105.11999512,105.11999512,90.00000000,-1.74790490
Simul_+15deg,15,105.47999573,105.47999573,90.00000000,-1.69684005
Simul_+15deg,15,105.83998871,105.83998871,90.00000000,-1.64514256
Simul_+15deg,15,106.19999695,106.19999695,90.00000000,-1.59799671
Simul_+15deg,15,106.55999756,106.55999756,90.00000000,-1.55392456
Simul_+15deg,15,106.91999054,106.91999054,90.00000000,-1.50870430
Simul_+15deg,15,107.27999115,107.27999115,90.00000000,-1.46237230
Simul_+15deg,15,107.63999176,107.63999176,90.00000000,-1.41497433
Simul_+15deg,15,108.00000000,108.00000000,90.00000000,-1.36654508
Simul_+15deg,15,108.35999298,108.35999298,90.00000000,-1.32926822
Simul_+15deg,15,108.71999359,108.71999359,90.00000000,-1.29060435
Simul_+15deg,15,109.07999420,109.07999420,90.00000000,-1.25059175
Simul_+15deg,15,109.43999481,109.43999481,90.00000000,-1.20927250
Simul_+15deg,15,109.79998779,109.79998779,90.00000000,-1.16668558
Simul_+15deg,15,110.15999603,110.15999603,90.00000000,-1.13265657
Simul_+15deg,15,110.51999664,110.51999664,90.00000000,-1.10964704
Simul_+15deg,15,110.87999725,110.87999725,90.00000000,-1.08544075
Simul_+15deg,15,111.23999023,111.23999023,90.00000000,-1.06005800
Simul_+15deg,15,111.59999084,111.59999084,90.00000000,-1.03351998
Simul_+15deg,15,111.95999908,111.95999908,90.00000000,-1.00584757
Simul_+15deg,15,112.31999207,112.31999207,90.00000000,-1.00621235
Simul_+15deg,15,112.67999268,112.67999268,90.00000000,-1.00936472
Simul_+15deg,15,113.03999329,113.03999329,90.00000000,-1.01167142
Simul_+15deg,15,113.39999390,113.39999390,90.00000000,-1.01313293
Simul_+15deg,15,113.75999451,113.75999451,90.00000000,-1.01374781
Simul_+15deg,15,114.11999512,114.11999512,90.00000000,-1.02540302
Simul_+15deg,15,114.47999573,114.47999573,90.00000000,-1.06011415
Simul_+15deg,15,114.83999634,114.83999634,90.00000000,-1.09415293
Simul_+15deg,15,115.19999695,115.19999695,90.00000000,-1.12750447
Simul_+15deg,15,115.55998993,115.55998993,90.00000000,-1.16014624
Simul_+15deg,15,115.91999817,115.91999817,90.00000000,-1.19206333
Simul_+15deg,15,116.27999115,116.27999115,90.00000000,-1.24322021
Simul_+15deg,15,116.63999176,116.63999176,90.00000000,-1.29909742
Simul_+15deg,15,117.00000000,117.00000000,90.00000000,-1.35390806
Simul_+15deg,15,117.35999298,117.35999298,90.00000000,-1.40759420
Simul_+15deg,15,117.72000122,117.72000122,90.00000000,-1.46011603
Simul_+15deg,15,118.07998657,118.07998657,90.00000000,-1.51317465
Simul_+15deg,15,118.43999481,118.43999481,90.00000000,-1.57082784
Simul_+15deg,15,118.79998779,118.79998779,90.00000000,-1.62665176
Simul_+15deg,15,119.15999603,119.15999603,90.00000000,-1.68056870
Simul_+15deg,15,119.51999664,119.51999664,90.00000000,-1.73249543
Simul_+15deg,15,119.87998962,119.87998962,90.00000000,-1.78235066
Simul_+15deg,15,120.23999786,120.23999786,90.00000000,-1.82802105
Simul_+15deg,15,120.59999084,120.59999084,90.00000000,-1.87056434
Simul_+15deg,15,120.95999146,120.95999146,90.00000000,-1.91095841
Simul_+15deg,15,121.31999969,121.31999969,90.00000000,-1.94913685
Simul_+15deg,15,121.67999268,121.67999268,90.00000000,-1.98503828
Simul_+15deg,15,122.03999329,122.03999329,90.00000000,-2.01900792
Simul_+15deg,15,122.39998627,122.39998627,90.00000000,-2.05428553
Simul_+15deg,15,122.75999451,122.75999451,90.00000000,-2.08795762
Simul_+15deg,15,123.12000275,123.12000275,90.00000000,-2.11997747
Simul_+15deg,15,123.47998810,123.47998810,90.00000000,-2.15031004
Simul_+15deg,15,123.83999634,123.83999634,90.00000000,-2.17891860
Simul_+15deg,15,124.19998932,124.19998932,90.00000000,-2.21828198
Simul_+15deg,15,124.55999756,124.55999756,90.00000000,-2.26650929
Simul_+15deg,15,124.91998291,124.91998291,90.00000000,-2.31373811
Simul_+15deg,15,125.27999115,125.27999115,90.00000000,-2.35992837
Simul_+15deg,15,125.63999939,125.63999939,90.00000000,-2.40503907
Simul_+15deg,15,125.99999237,125.99999237,90.00000000,-2.44903111
Simul_+15deg,15,126.35999298,126.35999298,90.00000000,-2.53047943
Simul_+15deg,15,126.71998596,126.71998596,90.00000000,-2.61136055
Simul_+15deg,15,127.07999420,127.07999420,90.00000000,-2.69161820
Simul_+15deg,15,127.43999481,127.43999481,90.00000000,-2.77118397
Simul_+15deg,15,127.79998779,127.79998779,90.00000000,-2.84998798
Simul_+15deg,15,128.15998840,128.15998840,90.00000000,-2.94605589
Simul_+15deg,15,128.51998901,128.51998901,90.00000000,-3.06374168
Simul_+15deg,15,128.87998962,128.87998962,90.00000000,-3.18026280
Simul_+15deg,15,129.24000549,129.24000549,90.00000000,-3.29543114
Simul_+15deg,15,129.59999084,129.59999084,90.00000000,-3.40904737
Simul_+15deg,15,129.95999146,129.95999146,90.00000000,-3.52091074
Simul_+15deg,15,130.31999207,130.31999207,90.00000000,-3.65421009
Simul_+15deg,15,130.67999268,130.67999268,90.00000000,-3.78619075
Simul_+15deg,15,131.03999329,131.03999329,90.00000000,-3.91326642
Simul_+15deg,15,131.39999390,131.39999390,90.00000000,-4.03487492
Simul_+15deg,15,131.75999451,131.75999451,90.00000000,-4.15043783
Simul_+15deg,15,132.11999512,132.11999512,90.00000000,-4.26320362
Simul_+15deg,15,132.47999573,132.47999573,90.00000000,-4.37462139
Simul_+15deg,15,132.83998108,132.83998108,90.00000000,-4.47531366
Simul_+15deg,15,133.19999695,133.19999695,90.00000000,-4.56445265
Simul_+15deg,15,133.55999756,133.55999756,90.00000000,-4.64126825
Simul_+15deg,15,133.91998291,133.91998291,90.00000000,-4.70506477
Simul_+15deg,15,134.27999878,134.27999878,90.00000000,-4.77323246
Simul_+15deg,15,134.63998413,134.63998413,90.00000000,-4.83251476
Simul_+15deg,15,135.00000000,135.00000000,90.00000000,-4.87721443
Simul_+15deg,15,135.36000061,135.36000061,90.00000000,-4.90685987
Simul_+15deg,15,135.71998596,135.71998596,90.00000000,-4.92114210
Simul_+15deg,15,136.08000183,136.08000183,90.00000000,-4.93377781
Simul_+15deg,15,136.43998718,136.43998718,90.00000000,-4.98079872
Simul_+15deg,15,136.79998779,136.79998779,90.00000000,-5.01423597
Simul_+15deg,15,137.16000366,137.16000366,90.00000000,-5.03376722
Simul_+15deg,15,137.51998901,137.51998901,90.00000000,-5.03920460
Simul_+15deg,15,137.87998962,137.87998962,90.00000000,-5.03049374
Simul_+15deg,15,138.23999023,138.23999023,90.00000000,-5.07055807
Simul_+15deg,15,138.59999084,138.59999084,90.00000000,-5.13047218
Simul_+15deg,15,138.95999146,138.95999146,90.00000000,-5.17887831
Simul_+15deg,15,139.31999207,139.31999207,90.00000000,-5.21537876
Simul_+15deg,15,139.67999268,139.67999268,90.00000000,-5.23967028
Simul_+15deg,15,140.03999329,140.03999329,90.00000000,-5.26173639
Simul_+15deg,15,140.39999390,140.39999390,90.00000000,-5.35556889
Simul_+15deg,15,140.75997925,140.75997925,90.00000000,-5.44136477
Simul_+15deg,15,141.11999512,141.11999512,90.00000000,-5.51859903
Simul_+15deg,15,141.47999573,141.47999573,90.00000000,-5.58677912
Simul_+15deg,15,141.83999634,141.83999634,90.00000000,-5.64545059
Simul_+15deg,15,142.19999695,142.19999695,90.00000000,-5.72646618
Simul_+15deg,15,142.55998230,142.55998230,90.00000000,-5.82722473
Simul_+15deg,15,142.91999817,142.91999817,90.00000000,-5.92272329
Simul_+15deg,15,143.27999878,143.27999878,90.00000000,-6.01255798
Simul_+15deg,15,143.63998413,143.63998413,90.00000000,-6.09632492
Simul_+15deg,15,144.00000000,144.00000000,90.00000000,-6.17363262
Simul_+15deg,15,144.35998535,144.35998535,90.00000000,-6.24670792
Simul_+15deg,15,144.72000122,144.72000122,90.00000000,-6.31502199
Simul_+15deg,15,145.07998657,145.07998657,90.00000000,-6.37831783
Simul_+15deg,15,145.43998718,145.43998718,90.00000000,-6.43636703
Simul_+15deg,15,145.80000305,145.80000305,90.00000000,-6.48893738
Simul_+15deg,15,146.15998840,146.15998840,90.00000000,-6.51888609
Simul_+15deg,15,146.51998901,146.51998901,90.00000000,-6.52186394
Simul_+15deg,15,146.87998962,146.87998962,90.00000000,-6.51901913
Simul_+15deg,15,147.23999023,147.23999023,90.00000000,-6.51036549
Simul_+15deg,15,147.59999084,147.59999084,90.00000000,-6.49593544
Simul_+15deg,15,147.95999146,147.95999146,90.00000000,-6.47578812
Simul_+15deg,15,148.31999207,148.31999207,90.00000000,-6.43067551
Simul_+15deg,15,148.67999268,148.67999268,90.00000000,-6.37697792
Simul_+15deg,15,149.03999329,149.03999329,90.00000000,-6.31730509
Simul_+15deg,15,149.39999390,149.39999390,90.00000000,-6.25190687
Simul_+15deg,15,149.75999451,149.75999451,90.00000000,-6.18105793
Simul_+15deg,15,150.11999512,150.11999512,90.00000000,-6.11584139
Simul_+15deg,15,150.47998047,150.47998047,90.00000000,-6.06438160
Simul_+15deg,15,150.83999634,150.83999634,90.00000000,-6.00389671
Simul_+15deg,15,151.19998169,151.19998169,90.00000000,-5.93476963
Simul_+15deg,15,151.55999756,151.55999756,90.00000000,-5.85740995
Simul_+15deg,15,151.91999817,151.91999817,90.00000000,-5.77227974
Simul_+15deg,15,152.27998352,152.27998352,90.00000000,-5.73948383
Simul_+15deg,15,152.63999939,152.63999939,90.00000000,-5.71113014
Simul_+15deg,15,152.99998474,152.99998474,90.00000000,-5.66973782
Simul_+15deg,15,153.35998535,153.35998535,90.00000000,-5.61567116
Simul_+15deg,15,153.72000122,153.72000122,90.00000000,-5.54940891
Simul_+15deg,15,154.07998657,154.07998657,90.00000000,-5.49498320
Simul_+15deg,15,154.43998718,154.43998718,90.00000000,-5.51002121
Simul_+15deg,15,154.79998779,154.79998779,90.00000000,-5.51137352
Simul_+15deg,15,155.15998840,155.15998840,90.00000000,-5.49902964
Simul_+15deg,15,155.52000427,155.52000427,90.00000000,-5.47310352
Simul_+15deg,15,155.87998962,155.87998962,90.00000000,-5.43384027
Simul_+15deg,15,156.23999023,156.23999023,90.00000000,-5.46431351
Simul_+15deg,15,156.59999084,156.59999084,90.00000000,-5.52618599
Simul_+15deg,15,156.95999146,156.95999146,90.00000000,-5.57828808
Simul_+15deg,15,157.31999207,157.31999207,90.00000000,-5.62025309
Simul_+15deg,15,157.67999268,157.67999268,90.00000000,-5.65177870
Simul_+15deg,15,158.03999329,158.03999329,90.00000000,-5.68680668
Simul_+15deg,15,158.39999390,158.39999390,90.00000000,-5.82851124
Simul_+15deg,15,158.75999451,158.75999451,90.00000000,-5.96638870
Simul_+15deg,15,159.11997986,159.11997986,90.00000000,-6.09990692
Simul_+15deg,15,159.47999573,159.47999573,90.00000000,-6.22852612
Simul_+15deg,15,159.83999634,159.83999634,90.00000000,-6.35167074
Simul_+15deg,15,160.19998169,160.19998169,90.00000000,-6.52824211
Simul_+15deg,15,160.55999756,160.55999756,90.00000000,-6.75116062
Simul_+15deg,15,160.91998291,160.91998291,90.00000000,-6.97375822
Simul_+15deg,15,161.27999878,161.27999878,90.00000000,-7.19538164
Simul_+15deg,15,161.63999939,161.63999939,90.00000000,-7.41521311
Simul_+15deg,15,161.99998474,161.99998474,90.00000000,-7.63235569
Simul_+15deg,15,162.36000061,162.36000061,90.00000000,-7.89946079
Simul_+15deg,15,162.71998596,162.71998596,90.00000000,-8.16413116
Simul_+15deg,15,163.07998657,163.07998657,90.00000000,-8.42484665
Simul_+15deg,15,163.44000244,163.44000244,90.00000000,-8.67976284
Simul_+15deg,15,163.79998779,163.79998779,90.00000000,-8.92681980
Simul_+15deg,15,164.15998840,164.15998840,90.00000000,-9.16161823
Simul_+15deg,15,164.51998901,164.51998901,90.00000000,-9.38318539
Simul_+15deg,15,164.87998962,164.87998962,90.00000000,-9.59258938
Simul_+15deg,15,165.23999023,165.23999023,90.00000000,-9.78740788
Simul_+15deg,15,165.59999084,165.59999084,90.00000000,-9.96512604
Simul_+15deg,15,165.95999146,165.95999146,90.00000000,-10.12319946
Simul_+15deg,15,166.31999207,166.31999207,90.00000000,-10.25354862
Simul_+15deg,15,166.67999268,166.67999268,90.00000000,-10.37086010
Simul_+15deg,15,167.03997803,167.03997803,90.00000000,-10.47541428
Simul_+15deg,15,167.39999390,167.39999390,90.00000000,-10.56621552
Simul_+15deg,15,167.75999451,167.75999451,90.00000000,-10.64233303
Simul_+15deg,15,168.11999512,168.11999512,90.00000000,-10.71428204
Simul_+15deg,15,168.47999573,168.47999573,90.00000000,-10.80079842
Simul_+15deg,15,168.83998108,168.83998108,90.00000000,-10.88284492
Simul_+15deg,15,169.19999695,169.19998169,90.00000000,-10.96012306
Simul_+15deg,15,169.55999756,169.55999756,90.00000000,-11.03235722
Simul_+15deg,15,169.91998291,169.91996765,90.00000000,-11.09925842
Simul_+15deg,15,170.27999878,170.27998352,90.00000000,-11.21054173
Simul_+15deg,15,170.63998413,170.63998413,90.00000000,-11.33211708
Simul_+15deg,15,170.99998474,171.00000000,90.00000000,-11.44952869
Simul_+15deg,15,171.35998535,171.36000061,90.00000000,-11.56230927
Simul_+15deg,15,171.71998596,171.71998596,90.00000000,-11.67002583
Simul_+15deg,15,172.08000183,172.07998657,90.00000000,-11.78537273
Simul_+15deg,15,172.43998718,172.43998718,90.00000000,-11.93557167
Simul_+15deg,15,172.79998779,172.80000305,90.00000000,-12.06979752
Simul_+15deg,15,173.15998840,173.16000366,90.00000000,-12.18635368
Simul_+15deg,15,173.51998901,173.52000427,90.00000000,-12.28368187
Simul_+15deg,15,173.87998962,173.87998962,90.00000000,-12.36039639
Simul_+15deg,15,174.23999023,174.23999023,90.00000000,-12.44247532
Simul_+15deg,15,174.59999084,174.59997559,90.00000000,-12.50413799
Simul_+15deg,15,174.95999146,174.95999146,90.00000000,-12.52813530
Simul_+15deg,15,175.31999207,175.32000732,90.00000000,-12.51383018
Simul_+15deg,15,175.67999268,175.67997742,90.00000000,-12.46160698
Simul_+15deg,15,176.03999329,176.03996277,90.00000000,-12.37926006
Simul_+15deg,15,176.39999390,176.39999390,90.00000000,-12.30935287
Simul_+15deg,15,176.75997925,176.75996399,90.00000000,-12.19884682
Simul_+15deg,15,177.11999512,177.12002563,90.00000000,-12.05071926
Simul_+15deg,15,177.47999573,177.47996521,90.00000000,-11.86885452
Simul_+15deg,15,177.83999634,177.83996582,90.00000000,-11.65748024
Simul_+15deg,15,178.19999695,178.19993591,90.00000000,-11.47238731
Simul_+15deg,15,178.55998230,178.56004333,90.00000000,-11.30211830
Simul_+15deg,15,178.91999817,178.92007446,90.00000000,-11.10754871
Simul_+15deg,15,179.27998352,179.27990723,90.00000000,-10.89220428
Simul_+15deg,15,179.63998413,179.64009094,90.00000000,-10.65909004
Simul_+15deg,15,180.00000000,180.00000000,-90.00000000,-10.41103554
Simul_+15deg,15,180.35998535,179.64009094,-90.00000000,-10.25643826
Simul_+15deg,15,180.71998596,179.27990723,-90.00000000,-10.08503056
Simul_+15deg,15,181.07998657,178.92007446,-90.00000000,-9.89997101
Simul_+15deg,15,181.43998718,178.56004333,-90.00000000,-9.70294189
Simul_+15deg,15,181.80000305,178.19993591,-90.00000000,-9.49589443
Simul_+15deg,15,182.15998840,177.83996582,-90.00000000,-9.31798172
Simul_+15deg,15,182.51998901,177.47996521,-90.00000000,-9.17637634
Simul_+15deg,15,182.87998962,177.12002563,-90.00000000,-9.02436638
Simul_+15deg,15,183.23999023,176.75996399,-90.00000000,-8.86311722
Simul_+15deg,15,183.59999084,176.39999390,-90.00000000,-8.69389820
Simul_+15deg,15,183.95999146,176.04000854,-90.00000000,-8.51777172
Simul_+15deg,15,184.31999207,175.67997742,-90.00000000,-8.37615204
Simul_+15deg,15,184.67999268,175.32000732,-90.00000000,-8.23257828
Simul_+15deg,15,185.03999329,174.95999146,-90.00000000,-8.08268356
Simul_+15deg,15,185.39997864,174.59997559,-90.00000000,-7.92725039
Simul_+15deg,15,185.75999451,174.23999023,-90.00000000,-7.76706266
Simul_+15deg,15,186.11999512,173.87998962,-90.00000000,-7.60754871
Simul_+15deg,15,186.47998047,173.52000427,-90.00000000,-7.45424032
Simul_+15deg,15,186.83999634,173.16000366,-90.00000000,-7.29821730
Simul_+15deg,15,187.19998169,172.80000305,-90.00000000,-7.13995552
Simul_+15deg,15,187.55998230,172.43998718,-90.00000000,-6.97987604
Simul_+15deg,15,187.91999817,172.07998657,-90.00000000,-6.81838989
Simul_+15deg,15,188.27998352,171.71998596,-90.00000000,-6.65779400
Simul_+15deg,15,188.63999939,171.36000061,-90.00000000,-6.49752188
Simul_+15deg,15,188.99998474,171.00000000,-90.00000000,-6.33732319
Simul_+15deg,15,189.35998535,170.63998413,-90.00000000,-6.17737103
Simul_+15deg,15,189.72000122,170.27998352,-90.00000000,-6.01787615
Simul_+15deg,15,190.07998657,169.91999817,-90.00000000,-5.86058998
Simul_+15deg,15,190.43998718,169.55998230,-90.00000000,-5.70905256
Simul_+15deg,15,190.79998779,169.20001221,-90.00000000,-5.55749035
Simul_+15deg,15,191.15998840,168.83998108,-90.00000000,-5.40606546
Simul_+15deg,15,191.51998901,168.47999573,-90.00000000,-5.25494289
Simul_+15deg,15,191.87998962,168.11999512,-90.00000000,-5.10426760
Simul_+15deg,15,192.23999023,167.75997925,-90.00000000,-4.96696186
Simul_+15deg,15,192.59999084,167.40000916,-90.00000000,-4.83477736
Simul_+15deg,15,192.95999146,167.03999329,-90.00000000,-4.70116091
Simul_+15deg,15,193.31997681,166.67999268,-90.00000000,-4.56636333
Simul_+15deg,15,193.67999268,166.31999207,-90.00000000,-4.43060780
Simul_+15deg,15,194.03999329,165.95997620,-90.00000000,-4.29822397
Simul_+15deg,15,194.39999390,165.59999084,-90.00000000,-4.19691753
Simul_+15deg,15,194.75999451,165.24000549,-90.00000000,-4.09302664
Simul_+15deg,15,195.11997986,164.88000488,-90.00000000,-3.98678398
Simul_+15deg,15,195.47999573,164.51998901,-90.00000000,-3.87841606
Simul_+15deg,15,195.83999634,164.15998840,-90.00000000,-3.76815414
Simul_+15deg,15,196.19998169,163.79998779,-90.00000000,-3.68930459
Simul_+15deg,15,196.55999756,163.43998718,-90.00000000,-3.63468051
Simul_+15deg,15,196.91998291,163.07998657,-90.00000000,-3.57769990
Simul_+15deg,15,197.27998352,162.72000122,-90.00000000,-3.51844931
Simul_+15deg,15,197.63999939,162.36000061,-90.00000000,-3.45703697
Simul_+15deg,15,197.99998474,161.99998474,-90.00000000,-3.39356375
Simul_+15deg,15,198.36000061,161.63999939,-90.00000000,-3.41241956
Simul_+15deg,15,198.71998596,161.27999878,-90.00000000,-3.42947125
Simul_+15deg,15,199.07998657,160.91998291,-90.00000000,-3.44469547
Simul_+15deg,15,199.43998718,160.56001282,-90.00000000,-3.45806980
Simul_+15deg,15,199.79998779,160.19998169,-90.00000000,-3.46958113
Simul_+15deg,15,200.15998840,159.83998108,-90.00000000,-3.52253819
Simul_+15deg,15,200.51998901,159.47999573,-90.00000000,-3.62768531
Simul_+15deg,15,200.87998962,159.11997986,-90.00000000,-3.73068190
Simul_+15deg,15,201.23999023,158.75999451,-90.00000000,-3.83130550
Simul_+15deg,15,201.59999084,158.39999390,-90.00000000,-3.92933702
Simul_+15deg,15,201.95999146,158.03997803,-90.00000000,-4.02454090
Simul_+15deg,15,202.31999207,157.67999268,-90.00000000,-4.19115496
Simul_+15deg,15,202.67999268,157.31997681,-90.00000000,-4.36124134
Simul_+15deg,15,203.03997803,156.95999146,-90.00000000,-4.52432108
Simul_+15deg,15,203.39999390,156.59999084,-90.00000000,-4.67936087
Simul_+15deg,15,203.75999451,156.23997498,-90.00000000,-4.82521772
Simul_+15deg,15,204.11997986,155.87998962,-90.00000000,-4.97553921
Simul_+15deg,15,204.47999573,155.51998901,-90.00000000,-5.14113045
Simul_+15deg,15,204.83998108,155.15998840,-90.00000000,-5.28908253
Simul_+15deg,15,205.19999695,154.79998779,-90.00000000,-5.41734028
Simul_+15deg,15,205.55998230,154.43998718,-90.00000000,-5.52394390
Simul_+15deg,15,205.91998291,154.07998657,-90.00000000,-5.60719776
Simul_+15deg,15,206.27999878,153.71998596,-90.00000000,-5.67914057
Simul_+15deg,15,206.63998413,153.35998535,-90.00000000,-5.73176861
Simul_+15deg,15,206.99998474,152.99998474,-90.00000000,-5.76073456
Simul_+15deg,15,207.35998535,152.63999939,-90.00000000,-5.76555634
Simul_+15deg,15,207.71998596,152.27998352,-90.00000000,-5.74615383
Simul_+15deg,15,208.07998657,151.91998291,-90.00000000,-5.71185207
Simul_+15deg,15,208.43998718,151.55999756,-90.00000000,-5.69191027
Simul_+15deg,15,208.79998779,151.19998169,-90.00000000,-5.65902758
Simul_+15deg,15,209.15998840,150.83999634,-90.00000000,-5.61350155
Simul_+15deg,15,209.51998901,150.47998047,-90.00000000,-5.55572462
Simul_+15deg,15,209.87998962,150.11999512,-90.00000000,-5.48618507
Simul_+15deg,15,210.23999023,149.75999451,-90.00000000,-5.45682716
Simul_+15deg,15,210.59999084,149.39997864,-90.00000000,-5.44819450
Simul_+15deg,15,210.95999146,149.03999329,-90.00000000,-5.43581963
Simul_+15deg,15,211.31999207,148.67999268,-90.00000000,-5.41972685
Simul_+15deg,15,211.67997742,148.31999207,-90.00000000,-5.39996243
Simul_+15deg,15,212.03999329,147.95999146,-90.00000000,-5.38507223
Simul_+15deg,15,212.39999390,147.59999084,-90.00000000,-5.43636322
Simul_+15deg,15,212.75997925,147.23999023,-90.00000000,-5.48729849
Simul_+15deg,15,213.11999512,146.88000488,-90.00000000,-5.53786802
Simul_+15deg,15,213.47998047,146.51998901,-90.00000000,-5.58804989
Simul_+15deg,15,213.83998108,146.15998840,-90.00000000,-5.63781691
Simul_+15deg,15,214.19999695,145.79998779,-90.00000000,-5.71289587
Simul_+15deg,15,214.55998230,145.43998718,-90.00000000,-5.80889463
Simul_+15deg,15,214.91999817,145.07998657,-90.00000000,-5.90544796
Simul_+15deg,15,215.27998352,144.72000122,-90.00000000,-6.00253105
Simul_+15deg,15,215.63998413,144.35998535,-90.00000000,-6.10014439
Simul_+15deg,15,216.00000000,143.99998474,-90.00000000,-6.19826269
Simul_+15deg,15,216.35998535,143.63998413,-90.00000000,-6.30242062
Simul_+15deg,15,216.71998596,143.27998352,-90.00000000,-6.40601254
Simul_+15deg,15,217.07998657,142.91999817,-90.00000000,-6.50891876
Simul_+15deg,15,217.43998718,142.55998230,-90.00000000,-6.61104107
Simul_+15deg,15,217.79998779,142.19998169,-90.00000000,-6.71226406
Simul_+15deg,15,218.15998840,141.83999634,-90.00000000,-6.80468369
Simul_+15deg,15,218.51998901,141.47998047,-90.00000000,-6.88510847
Simul_+15deg,15,218.87998962,141.11999512,-90.00000000,-6.96261978
Simul_+15deg,15,219.23999023,140.75997925,-90.00000000,-7.03704548
Simul_+15deg,15,219.59997559,140.39999390,-90.00000000,-7.10819435
Simul_+15deg,15,219.95999146,140.03999329,-90.00000000,-7.17588329
Simul_+15deg,15,220.31999207,139.67997742,-90.00000000,-7.23677397
Simul_+15deg,15,220.67997742,139.32000732,-90.00000000,-7.29356050
Simul_+15deg,15,221.03999329,138.95999146,-90.00000000,-7.34649944
Simul_+15deg,15,221.39997864,138.60000610,-90.00000000,-7.39542866
Simul_+15deg,15,221.75999451,138.23999023,-90.00000000,-7.44021511
Simul_+15deg,15,222.11999512,137.87998962,-90.00000000,-7.49097872
Simul_+15deg,15,222.47998047,137.51998901,-90.00000000,-7.55735159
Simul_+15deg,15,222.83999634,137.15998840,-90.00000000,-7.61833000
Simul_+15deg,15,223.19998169,136.79998779,-90.00000000,-7.67366171
Simul_+15deg,15,223.55998230,136.43998718,-90.00000000,-7.72312212
Simul_+15deg,15,223.91999817,136.07998657,-90.00000000,-7.76650000
Simul_+15deg,15,224.27998352,135.72000122,-90.00000000,-7.83142328
Simul_+15deg,15,224.63998413,135.36000061,-90.00000000,-7.89127254
Simul_+15deg,15,224.99998474,135.00000000,-90.00000000,-7.93671846
Simul_+15deg,15,225.35998535,134.63998413,-90.00000000,-7.96729851
Simul_+15deg,15,225.71998596,134.28001404,-90.00000000,-7.98269272
Simul_+15deg,15,226.07998657,133.91999817,-90.00000000,-7.98280144
Simul_+15deg,15,226.43998718,133.55998230,-90.00000000,-7.96053648
Simul_+15deg,15,226.79998779,133.20001221,-90.00000000,-7.91149139
Simul_+15deg,15,227.15998840,132.83998108,-90.00000000,-7.83654785
Simul_+15deg,15,227.51998901,132.47999573,-90.00000000,-7.73704100
Simul_+15deg,15,227.87998962,132.11999512,-90.00000000,-7.61464596
Simul_+15deg,15,228.23999023,131.75997925,-90.00000000,-7.45836926
Simul_+15deg,15,228.59999084,131.40000916,-90.00000000,-7.27442646
Simul_+15deg,15,228.95999146,131.03999329,-90.00000000,-7.07158184
Simul_+15deg,15,229.31997681,130.67999268,-90.00000000,-6.85274410
Simul_+15deg,15,229.67999268,130.31999207,-90.00000000,-6.62065697
Simul_+15deg,15,230.03999329,129.95997620,-90.00000000,-6.37984848
Simul_+15deg,15,230.39999390,129.59997559,-90.00000000,-6.14741993
Simul_+15deg,15,230.75997925,129.24000549,-90.00000000,-5.91015768
Simul_+15deg,15,231.11997986,128.87998962,-90.00000000,-5.66942739
Simul_+15deg,15,231.47999573,128.51998901,-90.00000000,-5.42644930
Simul_+15deg,15,231.83999634,128.15998840,-90.00000000,-5.18226862
Simul_+15deg,15,232.19999695,127.79998016,-90.00000000,-4.96556854
Simul_+15deg,15,232.55998230,127.43999481,-90.00000000,-4.77148247
Simul_+15deg,15,232.91998291,127.07999420,-90.00000000,-4.57808876
Simul_+15deg,15,233.27998352,126.71998596,-90.00000000,-4.38567448
Simul_+15deg,15,233.63999939,126.35998535,-90.00000000,-4.19447613
Simul_+15deg,15,234.00000000,125.99997711,-90.00000000,-4.00468588
Simul_+15deg,15,234.35998535,125.63999939,-90.00000000,-3.86246562
Simul_+15deg,15,234.71998596,125.27999115,-90.00000000,-3.72138882
Simul_+15deg,15,235.07998657,124.91998291,-90.00000000,-3.58149433
Simul_+15deg,15,235.44000244,124.55998230,-90.00000000,-3.44282246
Simul_+15deg,15,235.79997253,124.20000458,-90.00000000,-3.30540228
Simul_+15deg,15,236.15997314,123.84001160,-90.00000000,-3.17726898
Simul_+15deg,15,236.51998901,123.47998810,-90.00000000,-3.06046200
Simul_+15deg,15,236.87998962,123.11998749,-90.00000000,-2.94494390
Simul_+15deg,15,237.23999023,122.75997925,-90.00000000,-2.83068299
Simul_+15deg,15,237.59997559,122.40000153,-90.00000000,-2.71768093
Simul_+15deg,15,237.95997620,122.03999329,-90.00000000,-2.60588646
Simul_+15deg,15,238.31999207,121.68000793,-90.00000000,-2.48632216
Simul_+15deg,15,238.67999268,121.31998444,-90.00000000,-2.36722636
Simul_+15deg,15,239.03999329,120.95997620,-90.00000000,-2.24971628
Simul_+15deg,15,239.39997864,120.59999847,-90.00000000,-2.13375998
Simul_+15deg,15,239.75997925,120.23999786,-90.00000000,-2.01929641
Simul_+15deg,15,240.11997986,119.87998962,-90.00000000,-1.89986181
Simul_+15deg,15,240.47999573,119.51998138,-90.00000000,-1.76934767
Simul_+15deg,15,240.83999634,119.15998077,-90.00000000,-1.64075005
Simul_+15deg,15,241.19998169,118.80000305,-90.00000000,-1.51402712
Simul_+15deg,15,241.55998230,118.43999481,-90.00000000,-1.38910627
Simul_+15deg,15,241.91998291,118.07998657,-90.00000000,-1.26594663
Simul_+15deg,15,242.27999878,117.71998596,-90.00000000,-1.13986921
Simul_+15deg,15,242.63999939,117.35997772,-90.00000000,-1.01421702
Simul_+15deg,15,242.99996948,117.00000000,-90.00000000,-0.89029002
Simul_+15deg,15,243.35998535,116.63999176,-90.00000000,-0.76801544
Simul_+15deg,15,243.71998596,116.27999115,-90.00000000,-0.64737135
Simul_+15deg,15,244.07998657,115.91998291,-90.00000000,-0.53207982
Simul_+15deg,15,244.44000244,115.55997467,-90.00000000,-0.43109119
Simul_+15deg,15,244.79997253,115.19999695,-90.00000000,-0.33096206
Simul_+15deg,15,245.15998840,114.83999634,-90.00000000,-0.23166236
Simul_+15deg,15,245.51998901,114.47999573,-90.00000000,-0.13320492
Simul_+15deg,15,245.87998962,114.11998749,-90.00000000,-0.03557648
Simul_+15deg,15,246.24000549,113.75998688,-90.00000000,0.03919413
Simul_+15deg,15,246.59997559,113.40000916,-90.00000000,0.10312515
Simul_+15deg,15,246.95997620,113.04000092,-90.00000000,0.16741858
Simul_+15deg,15,247.31999207,112.67999268,-90.00000000,0.23203902
Simul_+15deg,15,247.67999268,112.31999207,-90.00000000,0.29695916
Simul_+15deg,15,248.03999329,111.95998383,-90.00000000,0.35829189
Simul_+15deg,15,248.39997864,111.60000610,-90.00000000,0.38976046
Simul_+15deg,15,248.75997925,111.23999786,-90.00000000,0.42279774
Simul_+15deg,15,249.11999512,110.87999725,-90.00000000,0.45736450
Simul_+15deg,15,249.47999573,110.51998901,-90.00000000,0.49342072
Simul_+15deg,15,249.83996582,110.16001129,-90.00000000,0.53092599
Simul_+15deg,15,250.19998169,109.80000305,-90.00000000,0.55721748
Simul_+15deg,15,250.55998230,109.44000244,-90.00000000,0.57567883
Simul_+15deg,15,250.91998291,109.07999420,-90.00000000,0.59663957
Simul_+15deg,15,251.27999878,108.71998596,-90.00000000,0.62006360
Simul_+15deg,15,251.63996887,108.36000824,-90.00000000,0.64590907
Simul_+15deg,15,251.99998474,108.00000763,-90.00000000,0.67413539
Simul_+15deg,15,252.35998535,107.63999939,-90.00000000,0.69588190
Simul_+15deg,15,252.71998596,107.27999115,-90.00000000,0.72033811
Simul_+15deg,15,253.08000183,106.91999054,-90.00000000,0.74745739
Simul_+15deg,15,253.43997192,106.56000519,-90.00000000,0.77718830
Simul_+15deg,15,253.79997253,106.20000458,-90.00000000,0.80947924
Simul_+15deg,15,254.15998840,105.83999634,-90.00000000,0.84209001
Simul_+15deg,15,254.51998901,105.47999573,-90.00000000,0.87402767
Simul_+15deg,15,254.87998962,105.11998749,-90.00000000,0.90782672
Simul_+15deg,15,255.23997498,104.76000977,-90.00000000,0.94343591
Simul_+15deg,15,255.59997559,104.40000153,-90.00000000,0.98081744
Simul_+15deg,15,255.95999146,104.03999329,-90.00000000,1.01991916
Simul_+15deg,15,256.31997681,103.67999268,-90.00000000,1.04909205
Simul_+15deg,15,256.67999268,103.31997681,-90.00000000,1.07777786
Simul_+15deg,15,257.03997803,102.95999908,-90.00000000,1.10735917
Simul_+15deg,15,257.39999390,102.59999847,-90.00000000,1.13782418
Simul_+15deg,15,257.75997925,102.23999786,-90.00000000,1.16914976
Simul_+15deg,15,258.11999512,101.87998962,-90.00000000,1.19339991
Simul_+15deg,15,258.48001099,101.51998901,-90.00000000,1.20269167
Simul_+15deg,15,258.83996582,101.16000366,-90.00000000,1.21287465
Simul_+15deg,15,259.19998169,100.79999542,-90.00000000,1.22394419
Simul_+15deg,15,259.55999756,100.43999481,-90.00000000,1.23589253
Simul_+15deg,15,259.91998291,100.07998657,-90.00000000,1.24871182
Simul_+15deg,15,260.27999878,99.71997833,-90.00000000,1.24160540
Simul_+15deg,15,260.63998413,99.36000061,-90.00000000,1.23046267
Simul_+15deg,15,260.99996948,98.99999237,-90.00000000,1.22136641
Simul_+15deg,15,261.35998535,98.63999176,-90.00000000,1.21433103
Simul_+15deg,15,261.72000122,98.27998352,-90.00000000,1.20936632
Simul_+15deg,15,262.07998657,97.92000580,-90.00000000,1.20213950
Simul_+15deg,15,262.43997192,97.56000519,-90.00000000,1.18288612
Simul_+15deg,15,262.79998779,97.19999695,-90.00000000,1.16752100
Simul_+15deg,15,263.16000366,96.83999634,-90.00000000,1.15608549
Simul_+15deg,15,263.51998901,96.47998047,-90.00000000,1.14861202
Simul_+15deg,15,263.87997437,96.12000275,-90.00000000,1.14511859
Simul_+15deg,15,264.23999023,95.76000214,-90.00000000,1.14026320
Simul_+15deg,15,264.59997559,95.39999390,-90.00000000,1.13766479
Simul_+15deg,15,264.95999146,95.03999329,-90.00000000,1.14019752
Simul_+15deg,15,265.32000732,94.67998505,-90.00000000,1.14785051
Simul_+15deg,15,265.67996216,94.31999969,-90.00000000,1.16059625
Simul_+15deg,15,266.03997803,93.95999908,-90.00000000,1.17781901
Simul_+15deg,15,266.39999390,93.59999084,-90.00000000,1.19522214
Simul_+15deg,15,266.75997925,93.23999023,-90.00000000,1.21713865
Simul_+15deg,15,267.11999512,92.87998962,-90.00000000,1.24349856
Simul_+15deg,15,267.47998047,92.52001190,-90.00000000,1.27421999
Simul_+15deg,15,267.83996582,92.16000366,-90.00000000,1.30921388
Simul_+15deg,15,268.19998169,91.79999542,-90.00000000,1.34063292
Simul_+15deg,15,268.55999756,91.43999481,-90.00000000,1.36902905
Simul_+15deg,15,268.91998291,91.07998657,-90.00000000,1.40027428
Simul_+15deg,15,269.27996826,90.72000885,-90.00000000,1.43430364
Simul_+15deg,15,269.63998413,90.36000061,-90.00000000,1.47105932
Simul_+15deg,15,270.00000000,90.00000000,-90.00000000,1.51046288
Simul_+15deg,15,270.35998535,89.63999176,-90.00000000,1.52692509
Simul_+15deg,15,270.72000122,89.27998352,-90.00000000,1.54524505
Simul_+15deg,15,271.07998657,88.92000580,-90.00000000,1.56539369
Simul_+15deg,15,271.43997192,88.56000519,-90.00000000,1.58735037
Simul_+15deg,15,271.79998779,88.19999695,-90.00000000,1.61108613
Simul_+15deg,15,272.16000366,87.83998871,-90.00000000,1.62325716
Simul_+15deg,15,272.51998901,87.47998810,-90.00000000,1.62039685
Simul_+15deg,15,272.87997437,87.12001038,-90.00000000,1.61910176
Simul_+15deg,15,273.23999023,86.76000214,-90.00000000,1.61937237
Simul_+15deg,15,273.59997559,86.39999390,-90.00000000,1.62120914
Simul_+15deg,15,273.95999146,86.03999329,-90.00000000,1.62460852
Simul_+15deg,15,274.32000732,85.67998505,-90.00000000,1.60699034
Simul_+15deg,15,274.67996216,85.32000732,-90.00000000,1.58778429
Simul_+15deg,15,275.03997803,84.95999908,-90.00000000,1.56980813
Simul_+15deg,15,275.39999390,84.59999847,-90.00000000,1.55307710
Simul_+15deg,15,275.75997925,84.23998260,-90.00000000,1.53760862
Simul_+15deg,15,276.11996460,83.88000488,-90.00000000,1.51860464
Simul_+15deg,15,276.47998047,83.52000427,-90.00000000,1.49071944
Simul_+15deg,15,276.83999634,83.16000366,-90.00000000,1.46330845
Simul_+15deg,15,277.19998169,82.79999542,-90.00000000,1.43638515
Simul_+15deg,15,277.55999756,82.43997955,-90.00000000,1.40995812
Simul_+15deg,15,277.91998291,82.08000183,-90.00000000,1.38403869
Simul_+15deg,15,278.27996826,81.72000885,-90.00000000,1.35782373
Simul_+15deg,15,278.63998413,81.36000061,-90.00000000,1.33141732
Simul_+15deg,15,279.00000000,80.99999237,-90.00000000,1.30499113
Simul_+15deg,15,279.35998535,80.63999176,-90.00000000,1.27854776
Simul_+15deg,15,279.71997070,80.28001404,-90.00000000,1.25208843
Simul_+15deg,15,280.07998657,79.91999817,-90.00000000,1.22827780
Simul_+15deg,15,280.43997192,79.55998993,-90.00000000,1.21416855
Simul_+15deg,15,280.79998779,79.19999695,-90.00000000,1.20066369
Simul_+15deg,15,281.16000366,78.83998871,-90.00000000,1.18776608
Simul_+15deg,15,281.51995850,78.48001099,-90.00000000,1.17548466
Simul_+15deg,15,281.87997437,78.11999512,-90.00000000,1.16382146
Simul_+15deg,15,282.23999023,77.75999451,-90.00000000,1.16492856
Simul_+15deg,15,282.59997559,77.39999390,-90.00000000,1.17378807
Simul_+15deg,15,282.95999146,77.03998566,-90.00000000,1.18452644
Simul_+15deg,15,283.31997681,76.68000793,-90.00000000,1.19712973
Simul_+15deg,15,283.67999268,76.31999969,-90.00000000,1.21158183
Simul_+15deg,15,284.03997803,75.95999908,-90.00000000,1.22884738
Simul_+15deg,15,284.39999390,75.59999084,-90.00000000,1.25611329
Simul_+15deg,15,284.76000977,75.23999023,-90.00000000,1.28575039
Simul_+15deg,15,285.11996460,74.88000488,-90.00000000,1.31770587
Simul_+15deg,15,285.47998047,74.52000427,-90.00000000,1.35193133
Simul_+15deg,15,285.83999634,74.15999603,-90.00000000,1.38837194
Simul_+15deg,15,286.19998169,73.79999542,-90.00000000,1.41925991
Simul_+15deg,15,286.55999756,73.43998718,-90.00000000,1.44593012
Simul_+15deg,15,286.91998291,73.08000946,-90.00000000,1.47446573
Simul_+15deg,15,287.27996826,72.72000122,-90.00000000,1.50483429
Simul_+15deg,15,287.63998413,72.36000061,-90.00000000,1.53699303
Simul_+15deg,15,288.00000000,71.99999237,-90.00000000,1.57090116
Simul_+15deg,15,288.35998535,71.63998413,-90.00000000,1.56940341
Simul_+15deg,15,288.71997070,71.28000641,-90.00000000,1.56920719
Simul_+15deg,15,289.07998657,70.91999817,-90.00000000,1.57031226
Simul_+15deg,15,289.44000244,70.55999756,-90.00000000,1.57271743
Simul_+15deg,15,289.79998779,70.19998932,-90.00000000,1.57642174
Simul_+15deg,15,290.15997314,69.84001160,-90.00000000,1.56030190
Simul_+15deg,15,290.51998901,69.48000336,-90.00000000,1.51875603
Simul_+15deg,15,290.87997437,69.12000275,-90.00000000,1.47808063
Simul_+15deg,15,291.23999023,68.75999451,-90.00000000,1.43830645
Simul_+15deg,15,291.60000610,68.39998627,-90.00000000,1.39945936
Simul_+15deg,15,291.95996094,68.04000854,-90.00000000,1.36157322
Simul_+15deg,15,292.31997681,67.68000793,-90.00000000,1.28774595
Simul_+15deg,15,292.67999268,67.31999969,-90.00000000,1.20976210
Simul_+15deg,15,293.03997803,66.95999146,-90.00000000,1.13225710
Simul_+15deg,15,293.39999390,66.59999084,-90.00000000,1.05528009
Simul_+15deg,15,293.75997925,66.24001312,-90.00000000,0.97889179
Simul_+15deg,15,294.11996460,65.88000488,-90.00000000,0.89531779
Simul_+15deg,15,294.47998047,65.51999664,-90.00000000,0.79634249
Simul_+15deg,15,294.83999634,65.15999603,-90.00000000,0.69742930
Simul_+15deg,15,295.19998169,64.79998779,-90.00000000,0.59863186
Simul_+15deg,15,295.55996704,64.44001007,-90.00000000,0.50002074
Simul_+15deg,15,295.91998291,64.08000183,-90.00000000,0.40164483
Simul_+15deg,15,296.27999878,63.71999741,-90.00000000,0.30075926
Simul_+15deg,15,296.63998413,63.35999298,-90.00000000,0.19886917
Simul_+15deg,15,297.00000000,62.99998856,-90.00000000,0.09675434
Simul_+15deg,15,297.35998535,62.64001083,-90.00000000,-0.00553795
Simul_+15deg,15,297.71997070,62.28000259,-90.00000000,-0.10797358
Simul_+15deg,15,298.07998657,61.91999817,-90.00000000,-0.20832622
Simul_+15deg,15,298.44000244,61.55999374,-90.00000000,-0.30124447
Simul_+15deg,15,298.79998779,61.19998932,-90.00000000,-0.39440578
Simul_+15deg,15,299.15997314,60.84000778,-90.00000000,-0.48777193
Simul_+15deg,15,299.51998901,60.48000336,-90.00000000,-0.58132851
Simul_+15deg,15,299.87997437,60.11999893,-90.00000000,-0.67503339
Simul_+15deg,15,300.23999023,59.75999069,-90.00000000,-0.75974357
Simul_+15deg,15,300.60000610,59.39998627,-90.00000000,-0.83949655
Simul_+15deg,15,300.95996094,59.04000854,-90.00000000,-0.91868997
Simul_+15deg,15,301.31997681,58.68000412,-90.00000000,-0.99727923
Simul_+15deg,15,301.67999268,58.31999207,-90.00000000,-1.07519817
Simul_+15deg,15,302.03997803,57.95998383,-90.00000000,-1.15128863
Simul_+15deg,15,302.39996338,57.60001373,-90.00000000,-1.21718657
Simul_+15deg,15,302.75997925,57.24000549,-90.00000000,-1.28104711
Simul_+15deg,15,303.11999512,56.88000107,-90.00000000,-1.34275317
Simul_+15deg,15,303.47998047,56.51999283,-90.00000000,-1.40220118
Simul_+15deg,15,303.83999634,56.15998840,-90.00000000,-1.45928276
Simul_+15deg,15,304.19998169,55.80001068,-90.00000000,-1.51277351
Simul_+15deg,15,304.55996704,55.44000244,-90.00000000,-1.56215525
Simul_+15deg,15,304.91998291,55.07999802,-90.00000000,-1.60801709
Simul_+15deg,15,305.27999878,54.71999359,-90.00000000,-1.65023899
Simul_+15deg,15,305.63998413,54.35998917,-90.00000000,-1.68871093
Simul_+15deg,15,305.99996948,54.00000763,-90.00000000,-1.72332644
Simul_+15deg,15,306.35998535,53.64000702,-90.00000000,-1.76089883
Simul_+15deg,15,306.71997070,53.27999878,-90.00000000,-1.79463553
Simul_+15deg,15,307.07998657,52.91999054,-90.00000000,-1.82444513
Simul_+15deg,15,307.44000244,52.55998993,-90.00000000,-1.85024190
Simul_+15deg,15,307.79995728,52.20001221,-90.00000000,-1.87195432
Simul_+15deg,15,308.15997314,51.84000397,-90.00000000,-1.89421225
Simul_+15deg,15,308.51998901,51.47999573,-90.00000000,-1.91895199
Simul_+15deg,15,308.87997437,51.11999130,-90.00000000,-1.94057167
Simul_+15deg,15,309.23999023,50.75998688,-90.00000000,-1.95902407
Simul_+15deg,15,309.59997559,50.40000916,-90.00000000,-1.97426736
Simul_+15deg,15,309.95999146,50.04000473,-90.00000000,-1.98626781
Simul_+15deg,15,310.31997681,49.67999649,-90.00000000,-1.99931276
Simul_+15deg,15,310.67999268,49.31999207,-90.00000000,-2.01096082
Simul_+15deg,15,311.04000854,48.95998383,-90.00000000,-2.02073908
Simul_+15deg,15,311.39996338,48.60000610,-90.00000000,-2.02863359
Simul_+15deg,15,311.75997925,48.24000168,-90.00000000,-2.03463483
Simul_+15deg,15,312.11999512,47.87999725,-90.00000000,-2.03562999
Simul_+15deg,15,312.47998047,47.51998901,-90.00000000,-2.02916694
Simul_+15deg,15,312.83999634,47.15998840,-90.00000000,-2.02178860
Simul_+15deg,15,313.19998169,46.80000687,-90.00000000,-2.01349926
Simul_+15deg,15,313.55996704,46.44000244,-90.00000000,-2.00430369
Simul_+15deg,15,313.91998291,46.07999420,-90.00000000,-1.99420869
Simul_+15deg,15,314.27999878,45.71998978,-90.00000000,-1.96654439
Simul_+15deg,15,314.63998413,45.35998535,-90.00000000,-1.93336117
Simul_+15deg,15,314.99996948,45.00000763,-90.00000000,-1.89946175
Simul_+15deg,15,315.35998535,44.63999557,-90.00000000,-1.86485553
Simul_+15deg,15,315.71997070,44.27999115,-90.00000000,-1.82956827
Simul_+15deg,15,316.07998657,43.91999054,-90.00000000,-1.78914797
Simul_+15deg,15,316.43997192,43.56001282,-90.00000000,-1.73233008
Simul_+15deg,15,316.79998779,43.20000839,-90.00000000,-1.67470598
Simul_+15deg,15,317.15997314,42.84000015,-90.00000000,-1.61632013
Simul_+15deg,15,317.51998901,42.47999191,-90.00000000,-1.55721319
Simul_+15deg,15,317.88000488,42.11998749,-90.00000000,-1.49742627
Simul_+15deg,15,318.23995972,41.76001358,-90.00000000,-1.43667758
Simul_+15deg,15,318.59997559,41.40000534,-90.00000000,-1.37525702
Simul_+15deg,15,318.95999146,41.03999710,-90.00000000,-1.31338620
Simul_+15deg,15,319.31997681,40.67998886,-90.00000000,-1.25109482
Simul_+15deg,15,319.67999268,40.31998444,-90.00000000,-1.18841422
Simul_+15deg,15,320.03997803,39.96000671,-90.00000000,-1.12832332
Simul_+15deg,15,320.39996338,39.60000229,-90.00000000,-1.09152782
Simul_+15deg,15,320.75997925,39.23999786,-90.00000000,-1.05452156
Simul_+15deg,15,321.11999512,38.87999344,-90.00000000,-1.01731229
Simul_+15deg,15,321.47998047,38.51998520,-90.00000000,-0.97990823
Simul_+15deg,15,321.83996582,38.16000748,-90.00000000,-0.94232088
Simul_+15deg,15,322.19998169,37.80000687,-90.00000000,-0.92718971
Simul_+15deg,15,322.55999756,37.43999481,-90.00000000,-0.92934084
Simul_+15deg,15,322.91998291,37.07999039,-90.00000000,-0.93047380
Simul_+15deg,15,323.27999878,36.71998215,-90.00000000,-0.93058735
Simul_+15deg,15,323.63998413,36.36000443,-90.00000000,-0.92968106
Simul_+15deg,15,323.99996948,36.00000381,-90.00000000,-0.92775667
Simul_+15deg,15,324.35998535,35.63999557,-90.00000000,-0.95447588
Simul_+15deg,15,324.72000122,35.27999115,-90.00000000,-0.97774649
Simul_+15deg,15,325.07998657,34.91998672,-90.00000000,-0.99751043
Simul_+15deg,15,325.43997192,34.56000900,-90.00000000,-1.01371908
Simul_+15deg,15,325.79998779,34.20000076,-90.00000000,-1.02633500
Simul_+15deg,15,326.15997314,33.83999634,-90.00000000,-1.03801525
Simul_+15deg,15,326.51998901,33.47999191,-90.00000000,-1.04771471
Simul_+15deg,15,326.88000488,33.11998367,-90.00000000,-1.05138314
Simul_+15deg,15,327.23995972,32.76000214,-90.00000000,-1.04900813
Simul_+15deg,15,327.59997559,32.40000534,-90.00000000,-1.04059672
Simul_+15deg,15,327.95999146,32.03999710,-90.00000000,-1.02618456
Simul_+15deg,15,328.31997681,31.67999268,-90.00000000,-1.00387263
Simul_+15deg,15,328.67999268,31.31998444,-90.00000000,-0.97597790
Simul_+15deg,15,329.03997803,30.96000671,-90.00000000,-0.94288021
Simul_+15deg,15,329.39999390,30.60000420,-90.00000000,-0.90469515
Simul_+15deg,15,329.75997925,30.23999786,-90.00000000,-0.86156034
Simul_+15deg,15,330.11999512,29.87998581,-90.00000000,-0.81888974
Simul_+15deg,15,330.47998047,29.52001190,-90.00000000,-0.78352356
Simul_+15deg,15,330.83996582,29.16000557,-90.00000000,-0.74571371
Simul_+15deg,15,331.19998169,28.80000305,-90.00000000,-0.70552742
Simul_+15deg,15,331.55999756,28.43999672,-90.00000000,-0.66303366
Simul_+15deg,15,331.91998291,28.07998657,-90.00000000,-0.61830306
Simul_+15deg,15,332.27996826,27.72001266,-90.00000000,-0.60097921
Simul_+15deg,15,332.63998413,27.36000633,-90.00000000,-0.59104633
Simul_+15deg,15,332.99996948,26.99999809,-90.00000000,-0.58019817
Simul_+15deg,15,333.35998535,26.63999557,-90.00000000,-0.56844217
Simul_+15deg,15,333.72000122,26.27998543,-90.00000000,-0.55578607
Simul_+15deg,15,334.07995605,25.92000771,-90.00000000,-0.55168307
Simul_+15deg,15,334.43997192,25.56000137,-90.00000000,-0.58006829
Simul_+15deg,15,334.79998779,25.19999886,-90.00000000,-0.60807300
Simul_+15deg,15,335.15997314,24.83999062,-90.00000000,-0.63568795
Simul_+15deg,15,335.51998901,24.47998619,-90.00000000,-0.66290450
Simul_+15deg,15,335.87997437,24.12000656,-90.00000000,-0.68971229
Simul_+15deg,15,336.23999023,23.76000595,-90.00000000,-0.73487222
Simul_+15deg,15,336.59997559,23.39999390,-90.00000000,-0.78942978
Simul_+15deg,15,336.95999146,23.03999329,-90.00000000,-0.84407896
Simul_+15deg,15,337.32000732,22.67998886,-90.00000000,-0.89881712
Simul_+15deg,15,337.67996216,22.32000923,-90.00000000,-0.95363426
Simul_+15deg,15,338.03997803,21.96000481,-90.00000000,-1.00872695
Simul_+15deg,15,338.39999390,21.59999657,-90.00000000,-1.06528866
Simul_+15deg,15,338.75997925,21.23999405,-90.00000000,-1.12162340
Simul_+15deg,15,339.11999512,20.87998390,-90.00000000,-1.17771530
Simul_+15deg,15,339.47998047,20.52000618,-90.00000000,-1.23353851
Simul_+15deg,15,339.83996582,20.16000557,-90.00000000,-1.28908229
Simul_+15deg,15,340.19998169,19.79999924,-90.00000000,-1.33042598
Simul_+15deg,15,340.55999756,19.43998718,-90.00000000,-1.35889101
Simul_+15deg,15,340.91998291,19.07998276,-90.00000000,-1.38514233
Simul_+15deg,15,341.27996826,18.72000694,-90.00000000,-1.40913594
Simul_+15deg,15,341.63998413,18.36000061,-90.00000000,-1.43083942
Simul_+15deg,15,341.99996948,17.99999428,-90.00000000,-1.45021391
Simul_+15deg,15,342.35998535,17.63998985,-90.00000000,-1.43499005
Simul_+15deg,15,342.71997070,17.28000641,-90.00000000,-1.41589522
Simul_+15deg,15,343.07998657,16.92000771,-90.00000000,-1.39297843
Simul_+15deg,15,343.43997192,16.56000137,-90.00000000,-1.36630154
Simul_+15deg,15,343.79998779,16.19999313,-90.00000000,-1.33593249
Simul_+15deg,15,344.16000366,15.83998680,-90.00000000,-1.30025697
Simul_+15deg,15,344.51995850,15.48001671,-90.00000000,-1.25893807
Simul_+15deg,15,344.87997437,15.12000275,-90.00000000,-1.21418536
Simul_+15deg,15,345.23999023,14.75999737,-90.00000000,-1.16611254
Simul_+15deg,15,345.59997559,14.39999866,-90.00000000,-1.11483479
Simul_+15deg,15,345.95999146,14.03999138,-90.00000000,-1.06046832
Simul_+15deg,15,346.31997681,13.68000603,-90.00000000,-1.04301250
Simul_+15deg,15,346.67996216,13.32001305,-90.00000000,-1.02734756
Simul_+15deg,15,347.03997803,12.95999718,-90.00000000,-1.00850594
Simul_+15deg,15,347.39999390,12.59998798,-90.00000000,-0.98653138
Simul_+15deg,15,347.75997925,12.23998928,-90.00000000,-0.96147072
Simul_+15deg,15,348.11996460,11.88000298,-90.00000000,-0.96178567
Simul_+15deg,15,348.47998047,11.51999664,-90.00000000,-1.01495039
Simul_+15deg,15,348.83996582,11.15999031,-90.00000000,-1.06353271
Simul_+15deg,15,349.19998169,10.79998875,-90.00000000,-1.10737062
Simul_+15deg,15,349.55999756,10.43999195,-90.00000000,-1.14631319
Simul_+15deg,15,349.91998291,10.08000946,-90.00000000,-1.18022323
Simul_+15deg,15,350.27996826,9.72000504,-90.00000000,-1.28564298
Simul_+15deg,15,350.63998413,9.36000347,-90.00000000,-1.40557277
Simul_+15deg,15,351.00000000,8.99999142,-90.00000000,-1.51714087
Simul_+15deg,15,351.35998535,8.63999653,-90.00000000,-1.61959231
Simul_+15deg,15,351.71997070,8.28000641,-90.00000000,-1.71220589
Simul_+15deg,15,352.07998657,7.92000675,-90.00000000,-1.81290531
Simul_+15deg,15,352.43997192,7.56000662,-90.00000000,-1.96611774
Simul_+15deg,15,352.79998779,7.19998980,-90.00000000,-2.10435891
Simul_+15deg,15,353.16000366,6.83999729,-90.00000000,-2.22596622
Simul_+15deg,15,353.51995850,6.48001719,-90.00000000,-2.32939601
Simul_+15deg,15,353.87997437,6.12000370,-90.00000000,-2.41325665
Simul_+15deg,15,354.23999023,5.76000357,-90.00000000,-2.51254082
Simul_+15deg,15,354.59997559,5.40000391,-90.00000000,-2.60830355
Simul_+15deg,15,354.95999146,5.03998899,-90.00000000,-2.68104458
Simul_+15deg,15,355.31997681,4.68002319,-90.00000000,-2.72954702
Simul_+15deg,15,355.67999268,4.32001114,-90.00000000,-2.75299573
Simul_+15deg,15,356.03997803,3.95997524,-90.00000000,-2.75571871
Simul_+15deg,15,356.39999390,3.59999967,-90.00000000,-2.77464151
Simul_+15deg,15,356.75997925,3.24002767,-90.00000000,-2.77474117
Simul_+15deg,15,357.11996460,2.87997603,-90.00000000,-2.75601006
Simul_+15deg,15,357.47998047,2.52002597,-90.00000000,-2.71870279
Simul_+15deg,15,357.83999634,2.16002965,-90.00000000,-2.66328096
Simul_+15deg,15,358.19998169,1.79994082,-90.00000000,-2.62536645
Simul_+15deg,15,358.55996704,1.44007802,-90.00000000,-2.60507870
Simul_+15deg,15,358.91998291,1.07992160,-90.00000000,-2.57644701
Simul_+15deg,15,359.27996826,0.72009277,-90.00000000,-2.53968525
Simul_+15deg,15,359.63998413,0.35990870,-90.00000000,-2.49493146
Simul_+30deg,30,0.00000000,0.00000000,90.00000000,-0.62931466
Simul_+30deg,30,0.35999998,0.35990870,90.00000000,-0.59140021
Simul_+30deg,30,0.71999997,0.72009277,90.00000000,-0.55070794
Simul_+30deg,30,1.07999992,1.07992160,90.00000000,-0.50739104
Simul_+30deg,30,1.43999994,1.43994224,90.00000000,-0.46146572
Simul_+30deg,30,1.79999995,1.80004954,90.00000000,-0.41303042
Simul_+30deg,30,2.15999985,2.16002965,90.00000000,-0.37004519
Simul_+30deg,30,2.51999998,2.52002597,90.00000000,-0.33595926
Simul_+30deg,30,2.87999988,2.87997603,90.00000000,-0.30154857
Simul_+30deg,30,3.23999977,3.24002767,90.00000000,-0.26680937
Simul_+30deg,30,3.59999990,3.59999967,90.00000000,-0.23176831
Simul_+30deg,30,3.95999956,3.95997524,90.00000000,-0.19642726
Simul_+30deg,30,4.31999969,4.32001114,90.00000000,-0.19367155
Simul_+30deg,30,4.67999983,4.67998075,90.00000000,-0.19443274
Simul_+30deg,30,5.03999996,5.03998899,90.00000000,-0.19458136
Simul_+30deg,30,5.39999962,5.40000391,90.00000000,-0.19411626
Simul_+30deg,30,5.75999975,5.76000357,90.00000000,-0.19303904
Simul_+30deg,30,6.11999989,6.12000370,90.00000000,-0.20652899
Simul_+30deg,30,6.47999954,6.47998667,90.00000000,-0.24861422
Simul_+30deg,30,6.83999968,6.83999729,90.00000000,-0.28830701
Simul_+30deg,30,7.19999981,7.19998980,90.00000000,-0.32553360
Simul_+30deg,30,7.55999947,7.56000662,90.00000000,-0.36023182
Simul_+30deg,30,7.91999912,7.92000675,90.00000000,-0.39233214
Simul_+30deg,30,8.27999973,8.28000641,90.00000000,-0.45488948
Simul_+30deg,30,8.63999939,8.63999653,90.00000000,-0.52284646
Simul_+30deg,30,9.00000000,8.99999142,90.00000000,-0.58637118
Simul_+30deg,30,9.35999966,9.36000347,90.00000000,-0.64525437
Simul_+30deg,30,9.72000027,9.72000504,90.00000000,-0.69928616
Simul_+30deg,30,10.07999992,10.07999039,90.00000000,-0.75586110
Simul_+30deg,30,10.43999863,10.43999195,90.00000000,-0.83411223
Simul_+30deg,30,10.79999924,10.80000591,90.00000000,-0.90743625
Simul_+30deg,30,11.15999889,11.15999031,90.00000000,-0.97554982
Simul_+30deg,30,11.51999950,11.51999664,90.00000000,-1.03819537
Simul_+30deg,30,11.87999916,11.88000298,90.00000000,-1.09511220
Simul_+30deg,30,12.23999977,12.24000549,90.00000000,-1.16210890
Simul_+30deg,30,12.59999943,12.60000420,90.00000000,-1.23332191
Simul_+30deg,30,12.95999908,12.95999718,90.00000000,-1.30101275
Simul_+30deg,30,13.31999969,13.31999779,90.00000000,-1.36500001
Simul_+30deg,30,13.67999935,13.68000603,90.00000000,-1.42510152
Simul_+30deg,30,14.03999901,14.04000568,90.00000000,-1.48205638
Simul_+30deg,30,14.39999962,14.39999866,90.00000000,-1.54389322
Simul_+30deg,30,14.75999832,14.75999737,90.00000000,-1.60457838
Simul_+30deg,30,15.11999893,15.12000275,90.00000000,-1.66404963
Simul_+30deg,30,15.47999954,15.48000336,90.00000000,-1.72224617
Simul_+30deg,30,15.83999825,15.84000015,90.00000000,-1.77910078
Simul_+30deg,30,16.19999886,16.19999313,90.00000000,-1.82676446
Simul_+30deg,30,16.55999947,16.56000137,90.00000000,-1.86769295
Simul_+30deg,30,16.92000008,16.91999626,90.00000000,-1.90837121
Simul_+30deg,30,17.27999878,17.27999496,90.00000000,-1.94878960
Simul_+30deg,30,17.63999939,17.64000320,90.00000000,-1.98893797
Simul_+30deg,30,18.00000000,17.99999428,90.00000000,-2.02880263
Simul_+30deg,30,18.35999870,18.36000061,90.00000000,-2.03288531
Simul_+30deg,30,18.71999931,18.71999741,90.00000000,-2.03610682
Simul_+30deg,30,19.07999992,19.08000183,90.00000000,-2.03846502
Simul_+30deg,30,19.44000053,19.43999863,90.00000000,-2.03995705
Simul_+30deg,30,19.79999924,19.79999924,90.00000000,-2.04058480
Simul_+30deg,30,20.15999985,20.15999603,90.00000000,-2.02465510
Simul_+30deg,30,20.51999855,20.51999664,90.00000000,-1.98783040
Simul_+30deg,30,20.87999725,20.88000298,90.00000000,-1.94959664
Simul_+30deg,30,21.23999786,21.24000168,90.00000000,-1.90999436
Simul_+30deg,30,21.59999847,21.59999657,90.00000000,-1.86906409
Simul_+30deg,30,21.95999908,21.95999527,90.00000000,-1.82684684
Simul_+30deg,30,22.31999779,22.31999969,90.00000000,-1.77405584
Simul_+30deg,30,22.67999840,22.67999649,90.00000000,-1.71853161
Simul_+30deg,30,23.03999901,23.04000282,90.00000000,-1.66148281
Simul_+30deg,30,23.39999771,23.39999390,90.00000000,-1.60298252
Simul_+30deg,30,23.75999832,23.75999641,90.00000000,-1.54309440
Simul_+30deg,30,24.11999893,24.11999702,90.00000000,-1.48826694
Simul_+30deg,30,24.47999954,24.48000336,90.00000000,-1.44466507
Simul_+30deg,30,24.83999825,24.84000015,90.00000000,-1.39945054
Simul_+30deg,30,25.19999886,25.19999886,90.00000000,-1.35267711
Simul_+30deg,30,25.55999947,25.56000137,90.00000000,-1.30439818
Simul_+30deg,30,25.91999817,25.92000008,90.00000000,-1.25467062
Simul_+30deg,30,26.27999878,26.28000259,90.00000000,-1.22751224
Simul_+30deg,30,26.63999939,26.63999557,90.00000000,-1.20571065
Simul_+30deg,30,27.00000000,26.99999809,90.00000000,-1.18242395
Simul_+30deg,30,27.35999870,27.35999870,90.00000000,-1.15767801
Simul_+30deg,30,27.71999931,27.71999931,90.00000000,-1.13149691
Simul_+30deg,30,28.07999802,28.08000183,90.00000000,-1.10715449
Simul_+30deg,30,28.43999863,28.43999672,90.00000000,-1.09229910
Simul_+30deg,30,28.79999924,28.80000305,90.00000000,-1.07527280
Simul_+30deg,30,29.15999794,29.15999794,90.00000000,-1.05610156
Simul_+30deg,30,29.51999664,29.51999664,90.00000000,-1.03481376
Simul_+30deg,30,29.87999916,29.88000298,90.00000000,-1.01143944
Simul_+30deg,30,30.23999786,30.23999786,90.00000000,-0.97289270
Simul_+30deg,30,30.59999657,30.59999657,90.00000000,-0.92414981
Simul_+30deg,30,30.95999908,30.95999908,90.00000000,-0.87157238
Simul_+30deg,30,31.31999779,31.31999779,90.00000000,-0.81530571
Simul_+30deg,30,31.67999649,31.67999268,90.00000000,-0.75550067
Simul_+30deg,30,32.03999710,32.03999710,90.00000000,-0.68844789
Simul_+30deg,30,32.39999771,32.39999771,90.00000000,-0.58681327
Simul_+30deg,30,32.75999832,32.75999832,90.00000000,-0.48140588
Simul_+30deg,30,33.11999893,33.11999893,90.00000000,-0.37254933
Simul_+30deg,30,33.47999573,33.47999573,90.00000000,-0.26056048
Simul_+30deg,30,33.84000015,33.83999634,90.00000000,-0.14574513
Simul_+30deg,30,34.19999695,34.20000076,90.00000000,-0.02404279
Simul_+30deg,30,34.55999756,34.56000137,90.00000000,0.10333850
Simul_+30deg,30,34.91999817,34.92000198,90.00000000,0.23262399
Simul_+30deg,30,35.27999878,35.27999878,90.00000000,0.36353889
Simul_+30deg,30,35.63999557,35.63999557,90.00000000,0.49583185
Simul_+30deg,30,36.00000000,36.00000000,90.00000000,0.62926304
Simul_+30deg,30,36.35999680,36.36000061,90.00000000,0.72970116
Simul_+30deg,30,36.71999741,36.71999359,90.00000000,0.83217615
Simul_+30deg,30,37.07999802,37.07999420,90.00000000,0.93649888
Simul_+30deg,30,37.43999863,37.43999481,90.00000000,1.04247785
Simul_+30deg,30,37.79999542,37.79999161,90.00000000,1.14993906
Simul_+30deg,30,38.15999985,38.15999985,90.00000000,1.23492026
Simul_+30deg,30,38.51999664,38.51999664,90.00000000,1.29260540
Simul_+30deg,30,38.88000107,38.88000107,90.00000000,1.35310543
Simul_+30deg,30,39.23999786,39.23999786,90.00000000,1.41629040
Simul_+30deg,30,39.59999847,39.59999847,90.00000000,1.48203444
Simul_+30deg,30,39.95999908,39.95999527,90.00000000,1.55020893
Simul_+30deg,30,40.31999969,40.31999969,90.00000000,1.58516753
Simul_+30deg,30,40.67999649,40.67999649,90.00000000,1.61847186
Simul_+30deg,30,41.03999710,41.03999710,90.00000000,1.65453124
Simul_+30deg,30,41.39999771,41.39999390,90.00000000,1.69327354
Simul_+30deg,30,41.75999451,41.75999451,90.00000000,1.73462653
Simul_+30deg,30,42.11999893,42.11999893,90.00000000,1.77524781
Simul_+30deg,30,42.47999573,42.47999573,90.00000000,1.81126666
Simul_+30deg,30,42.83999634,42.83999634,90.00000000,1.84891009
Simul_+30deg,30,43.19999695,43.19999695,90.00000000,1.88813090
Simul_+30deg,30,43.55999756,43.55999756,90.00000000,1.92888522
Simul_+30deg,30,43.91999817,43.91999817,90.00000000,1.97112691
Simul_+30deg,30,44.27999878,44.27999878,90.00000000,2.02342653
Simul_+30deg,30,44.63999557,44.63999557,90.00000000,2.07860470
Simul_+30deg,30,45.00000000,45.00000000,90.00000000,2.13405585
Simul_+30deg,30,45.35999680,45.35999680,90.00000000,2.18975925
Simul_+30deg,30,45.71999741,45.71999741,90.00000000,2.24569607
Simul_+30deg,30,46.07999802,46.07999802,90.00000000,2.30371284
Simul_+30deg,30,46.43999863,46.43999863,90.00000000,2.36846852
Simul_+30deg,30,46.79999542,46.79999542,90.00000000,2.43344498
Simul_+30deg,30,47.15999985,47.15999985,90.00000000,2.49861741
Simul_+30deg,30,47.51999664,47.52000046,90.00000000,2.56396508
Simul_+30deg,30,47.87999725,47.87999725,90.00000000,2.62946224
Simul_+30deg,30,48.23999786,48.23999786,90.00000000,2.68673801
Simul_+30deg,30,48.59999847,48.59999847,90.00000000,2.74104953
Simul_+30deg,30,48.95999908,48.96000290,90.00000000,2.79674029
Simul_+30deg,30,49.31999588,49.31999588,90.00000000,2.85374403
Simul_+30deg,30,49.67999649,49.67999649,90.00000000,2.91200447
Simul_+30deg,30,50.03999710,50.03999710,90.00000000,2.96751785
Simul_+30deg,30,50.39999771,50.39999771,90.00000000,2.99333906
Simul_+30deg,30,50.75999451,50.75999832,90.00000000,3.02152157
Simul_+30deg,30,51.11999893,51.11999893,90.00000000,3.05201769
Simul_+30deg,30,51.47999573,51.47999573,90.00000000,3.08477831
Simul_+30deg,30,51.83999634,51.84000015,90.00000000,3.11975121
Simul_+30deg,30,52.19999695,52.19999695,90.00000000,3.13225722
Simul_+30deg,30,52.55999756,52.55999756,90.00000000,3.12721872
Simul_+30deg,30,52.91999435,52.91999817,90.00000000,3.12435007
Simul_+30deg,30,53.27999878,53.27999878,90.00000000,3.12365294
Simul_+30deg,30,53.63999557,53.63999557,90.00000000,3.12512994
Simul_+30deg,30,54.00000000,54.00000000,90.00000000,3.12877798
Simul_+30deg,30,54.35999680,54.35999680,90.00000000,3.10128927
Simul_+30deg,30,54.71999741,54.71999741,90.00000000,3.07503128
Simul_+30deg,30,55.07999802,55.07999802,90.00000000,3.05002666
Simul_+30deg,30,55.43999863,55.43999863,90.00000000,3.02629924
Simul_+30deg,30,55.79999542,55.79999924,90.00000000,3.00387025
Simul_+30deg,30,56.15999603,56.15999603,90.00000000,2.97988439
Simul_+30deg,30,56.51999664,56.51999664,90.00000000,2.95304871
Simul_+30deg,30,56.87999725,56.87999725,90.00000000,2.92674279
Simul_+30deg,30,57.23999786,57.23999786,90.00000000,2.90097713
Simul_+30deg,30,57.59999847,57.59999847,90.00000000,2.87576246
Simul_+30deg,30,57.95999908,57.95999908,90.00000000,2.85110998
Simul_+30deg,30,58.31999588,58.31999588,90.00000000,2.84324646
Simul_+30deg,30,58.67999649,58.67999649,90.00000000,2.83786559
Simul_+30deg,30,59.03999329,59.03999329,90.00000000,2.83293700
Simul_+30deg,30,59.39999390,59.39999390,90.00000000,2.82845998
Simul_+30deg,30,59.75999832,59.75999832,90.00000000,2.82443786
Simul_+30deg,30,60.11999893,60.11999893,90.00000000,2.82817793
Simul_+30deg,30,60.47999573,60.47999573,90.00000000,2.84724450
Simul_+30deg,30,60.83999634,60.83999634,90.00000000,2.86714220
Simul_+30deg,30,61.19999313,61.19999313,90.00000000,2.88785934
Simul_+30deg,30,61.56000137,61.56000137,90.00000000,2.90938520
Simul_+30deg,30,61.91999817,61.91999817,90.00000000,2.93170547
Simul_+30deg,30,62.27999878,62.27999878,90.00000000,2.95531511
Simul_+30deg,30,62.63999557,62.63999557,90.00000000,2.98066187
Simul_+30deg,30,62.99999619,62.99999619,90.00000000,3.00767422
Simul_+30deg,30,63.35999298,63.35999298,90.00000000,3.03632164
Simul_+30deg,30,63.71999741,63.71999741,90.00000000,3.06657124
Simul_+30deg,30,64.07999420,64.07999420,90.00000000,3.09120870
Simul_+30deg,30,64.43999481,64.43999481,90.00000000,3.09295034
Simul_+30deg,30,64.79999542,64.79999542,90.00000000,3.09735274
Simul_+30deg,30,65.15999603,65.15999603,90.00000000,3.10440683
Simul_+30deg,30,65.51999664,65.51999664,90.00000000,3.11410093
Simul_+30deg,30,65.87999725,65.87999725,90.00000000,3.12641644
Simul_+30deg,30,66.23999786,66.23999786,90.00000000,3.10228467
Simul_+30deg,30,66.59999847,66.59999847,90.00000000,3.06135392
Simul_+30deg,30,66.95999146,66.95999146,90.00000000,3.02324533
Simul_+30deg,30,67.31999207,67.31999207,90.00000000,2.98803902
Simul_+30deg,30,67.68000031,67.68000031,90.00000000,2.95580578
Simul_+30deg,30,68.04000092,68.04000092,90.00000000,2.91919947
Simul_+30deg,30,68.39999390,68.39999390,90.00000000,2.82538915
Simul_+30deg,30,68.75999451,68.75999451,90.00000000,2.73305631
Simul_+30deg,30,69.11999512,69.11999512,90.00000000,2.64235139
Simul_+30deg,30,69.47999573,69.47999573,90.00000000,2.55341434
Simul_+30deg,30,69.83999634,69.83999634,90.00000000,2.46639466
Simul_+30deg,30,70.19999695,70.19999695,90.00000000,2.35263848
Simul_+30deg,30,70.55999756,70.55999756,90.00000000,2.21587801
Simul_+30deg,30,70.91999817,70.91999817,90.00000000,2.07864261
Simul_+30deg,30,71.27999115,71.27999115,90.00000000,1.94102895
Simul_+30deg,30,71.63999939,71.63999939,90.00000000,1.80314469
Simul_+30deg,30,72.00000000,72.00000000,90.00000000,1.66510797
Simul_+30deg,30,72.36000061,72.36000061,90.00000000,1.51383138
Simul_+30deg,30,72.71999359,72.71999359,90.00000000,1.36127961
Simul_+30deg,30,73.07999420,73.07999420,90.00000000,1.20751154
Simul_+30deg,30,73.43999481,73.43999481,90.00000000,1.05258715
Simul_+30deg,30,73.79999542,73.79999542,90.00000000,0.89658606
Simul_+30deg,30,74.15999603,74.15999603,90.00000000,0.75535107
Simul_+30deg,30,74.51999664,74.51999664,90.00000000,0.63379377
Simul_+30deg,30,74.87999725,74.87999725,90.00000000,0.51270086
Simul_+30deg,30,75.23999023,75.23999023,90.00000000,0.39221230
Simul_+30deg,30,75.59999084,75.59999084,90.00000000,0.27247778
Simul_+30deg,30,75.95999908,75.95999908,90.00000000,0.15365158
Simul_+30deg,30,76.31999969,76.31999969,90.00000000,0.08897699
Simul_+30deg,30,76.67999268,76.67999268,90.00000000,0.03284438
Simul_+30deg,30,77.03999329,77.03999329,90.00000000,-0.02125356
Simul_+30deg,30,77.39999390,77.39999390,90.00000000,-0.07323030
Simul_+30deg,30,77.76000214,77.76000214,90.00000000,-0.12300205
Simul_+30deg,30,78.11999512,78.11999512,90.00000000,-0.15845025
Simul_+30deg,30,78.47999573,78.47999573,90.00000000,-0.16817711
Simul_+30deg,30,78.83999634,78.83999634,90.00000000,-0.17657623
Simul_+30deg,30,79.19999695,79.19999695,90.00000000,-0.18364014
Simul_+30deg,30,79.55998993,79.55998993,90.00000000,-0.18936282
Simul_+30deg,30,79.91999817,79.91999817,90.00000000,-0.19373867
Simul_+30deg,30,80.27999878,80.27999878,90.00000000,-0.20669080
Simul_+30deg,30,80.63999939,80.63999939,90.00000000,-0.22146991
Simul_+30deg,30,80.99999237,80.99999237,90.00000000,-0.23527266
Simul_+30deg,30,81.35999298,81.35999298,90.00000000,-0.24809152
Simul_+30deg,30,81.72000122,81.72000122,90.00000000,-0.25991625
Simul_+30deg,30,82.07999420,82.07999420,90.00000000,-0.28189537
Simul_+30deg,30,82.43999481,82.43999481,90.00000000,-0.34165588
Simul_+30deg,30,82.79999542,82.79999542,90.00000000,-0.39993182
Simul_+30deg,30,83.15999603,83.15999603,90.00000000,-0.45665240
Simul_+30deg,30,83.51998901,83.51998901,90.00000000,-0.51174247
Simul_+30deg,30,83.87999725,83.87999725,90.00000000,-0.56513435
Simul_+30deg,30,84.23999786,84.23999786,90.00000000,-0.65735936
Simul_+30deg,30,84.59999847,84.59999847,90.00000000,-0.76805502
Simul_+30deg,30,84.95999146,84.95999146,90.00000000,-0.87671226
Simul_+30deg,30,85.31999207,85.31999207,90.00000000,-0.98310781
Simul_+30deg,30,85.67999268,85.67999268,90.00000000,-1.08700144
Simul_+30deg,30,86.04000092,86.04000092,90.00000000,-1.19338822
Simul_+30deg,30,86.39999390,86.39999390,90.00000000,-1.33916545
Simul_+30deg,30,86.75999451,86.75999451,90.00000000,-1.48233175
Simul_+30deg,30,87.11999512,87.11999512,90.00000000,-1.62245047
Simul_+30deg,30,87.47999573,87.47999573,90.00000000,-1.75905490
Simul_+30deg,30,87.83999634,87.83999634,90.00000000,-1.89166725
Simul_+30deg,30,88.19999695,88.19999695,90.00000000,-2.03156447
Simul_+30deg,30,88.55999756,88.55999756,90.00000000,-2.17675114
Simul_+30deg,30,88.91999817,88.91999817,90.00000000,-2.31745052
Simul_+30deg,30,89.27999115,89.27999115,90.00000000,-2.45305705
Simul_+30deg,30,89.63999176,89.63999176,90.00000000,-2.58293176
Simul_+30deg,30,90.00000000,90.00000000,90.00000000,-2.70640945
Simul_+30deg,30,90.35999298,90.35999298,90.00000000,-2.82115102
Simul_+30deg,30,90.71999359,90.71999359,90.00000000,-2.93010831
Simul_+30deg,30,91.07999420,91.07999420,90.00000000,-3.03276157
Simul_+30deg,30,91.43999481,91.43999481,90.00000000,-3.12858391
Simul_+30deg,30,91.79999542,91.79999542,90.00000000,-3.21706867
Simul_+30deg,30,92.15999603,92.15999603,90.00000000,-3.29178810
Simul_+30deg,30,92.51999664,92.51999664,90.00000000,-3.35276818
Simul_+30deg,30,92.87999725,92.87999725,90.00000000,-3.40786910
Simul_+30deg,30,93.23999023,93.23999023,90.00000000,-3.45685387
Simul_+30deg,30,93.59999084,93.59999084,90.00000000,-3.49950814
Simul_+30deg,30,93.95999908,93.95999908,90.00000000,-3.53563762
Simul_+30deg,30,94.31999969,94.31999969,90.00000000,-3.55217719
Simul_+30deg,30,94.67999268,94.67999268,90.00000000,-3.56277561
Simul_+30deg,30,95.03999329,95.03999329,90.00000000,-3.56915474
Simul_+30deg,30,95.39999390,95.39999390,90.00000000,-3.57129669
Simul_+30deg,30,95.75999451,95.75999451,90.00000000,-3.56919503
Simul_+30deg,30,96.11999512,96.11999512,90.00000000,-3.55815625
Simul_+30deg,30,96.47999573,96.47999573,90.00000000,-3.53469491
Simul_+30deg,30,96.83999634,96.83999634,90.00000000,-3.50884795
Simul_+30deg,30,97.19999695,97.19999695,90.00000000,-3.48066044
Simul_+30deg,30,97.55998993,97.55998993,90.00000000,-3.45017457
Simul_+30deg,30,97.91999817,97.91999817,90.00000000,-3.41744423
Simul_+30deg,30,98.27999878,98.27999878,90.00000000,-3.37398624
Simul_+30deg,30,98.63999176,98.63999176,90.00000000,-3.32681847
Simul_+30deg,30,98.99999237,98.99999237,90.00000000,-3.27853107
Simul_+30deg,30,99.35999298,99.35999298,90.00000000,-3.22916389
Simul_+30deg,30,99.71999359,99.71999359,90.00000000,-3.17876315
Simul_+30deg,30,100.07999420,100.07999420,90.00000000,-3.12615848
Simul_+30deg,30,100.43999481,100.43999481,90.00000000,-3.06858635
Simul_+30deg,30,100.79999542,100.79999542,90.00000000,-3.01044679
Simul_+30deg,30,101.15999603,101.15999603,90.00000000,-2.95177555
Simul_+30deg,30,101.51998901,101.51998901,90.00000000,-2.89260006
Simul_+30deg,30,101.87999725,101.87999725,90.00000000,-2.83295393
Simul_+30deg,30,102.23999786,102.23999786,90.00000000,-2.77396297
Simul_+30deg,30,102.59999847,102.59999847,90.00000000,-2.71502399
Simul_+30deg,30,102.95999146,102.95999146,90.00000000,-2.65560436
Simul_+30deg,30,103.31999207,103.31999207,90.00000000,-2.59573078
Simul_+30deg,30,103.67999268,103.67999268,90.00000000,-2.53543639
Simul_+30deg,30,104.03999329,104.03999329,90.00000000,-2.47556305
Simul_+30deg,30,104.39999390,104.39999390,90.00000000,-2.42170048
Simul_+30deg,30,104.75999451,104.75999451,90.00000000,-2.36722541
Simul_+30deg,30,105.11999512,105.11999512,90.00000000,-2.31217051
Simul_+30deg,30,105.47999573,105.47999573,90.00000000,-2.25656295
Simul_+30deg,30,105.83998871,105.83998871,90.00000000,-2.20043612
Simul_+30deg,30,106.19999695,106.19999695,90.00000000,-2.14984798
Simul_+30deg,30,106.55999756,106.55999756,90.00000000,-2.10351181
Simul_+30deg,30,106.91999054,106.91999054,90.00000000,-2.05659771
Simul_+30deg,30,107.27999115,107.27999115,90.00000000,-2.00912642
Simul_+30deg,30,107.63999176,107.63999176,90.00000000,-1.96112406
Simul_+30deg,30,108.00000000,108.00000000,90.00000000,-1.91261280
Simul_+30deg,30,108.35999298,108.35999298,90.00000000,-1.87749612
Simul_+30deg,30,108.71999359,108.71999359,90.00000000,-1.84199393
Simul_+30deg,30,109.07999420,109.07999420,90.00000000,-1.80611670
Simul_+30deg,30,109.43999481,109.43999481,90.00000000,-1.76987791
Simul_+30deg,30,109.79998779,109.79998779,90.00000000,-1.73328662
Simul_+30deg,30,110.15999603,110.15999603,90.00000000,-1.70413721
Simul_+30deg,30,110.51999664,110.51999664,90.00000000,-1.68440115
Simul_+30deg,30,110.87999725,110.87999725,90.00000000,-1.66436553
Simul_+30deg,30,111.23999023,111.23999023,90.00000000,-1.64403272
Simul_+30deg,30,111.59999084,111.59999084,90.00000000,-1.62340891
Simul_+30deg,30,111.95999908,111.95999908,90.00000000,-1.60249770
Simul_+30deg,30,112.31999207,112.31999207,90.00000000,-1.60017347
Simul_+30deg,30,112.67999268,112.67999268,90.00000000,-1.59947681
Simul_+30deg,30,113.03999329,113.03999329,90.00000000,-1.59802461
Simul_+30deg,30,113.39999390,113.39999390,90.00000000,-1.59581673
Simul_+30deg,30,113.75999451,113.75999451,90.00000000,-1.59285498
Simul_+30deg,30,114.11999512,114.11999512,90.00000000,-1.59723270
Simul_+30deg,30,114.47999573,114.47999573,90.00000000,-1.61632085
Simul_+30deg,30,114.83999634,114.83999634,90.00000000,-1.63355529
Simul_+30deg,30,115.19999695,115.19999695,90.00000000,-1.64891291
Simul_+30deg,30,115.55998993,115.55998993,90.00000000,-1.66237354
Simul_+30deg,30,115.91999817,115.91999817,90.00000000,-1.67391896
Simul_+30deg,30,116.27999115,116.27999115,90.00000000,-1.70394552
Simul_+30deg,30,116.63999176,116.63999176,90.00000000,-1.73693967
Simul_+30deg,30,117.00000000,117.00000000,90.00000000,-1.76688802
Simul_+30deg,30,117.35999298,117.35999298,90.00000000,-1.79372144
Simul_+30deg,30,117.72000122,117.72000122,90.00000000,-1.81738472
Simul_+30deg,30,118.07998657,118.07998657,90.00000000,-1.84448147
Simul_+30deg,30,118.43999481,118.43999481,90.00000000,-1.89181018
Simul_+30deg,30,118.79998779,118.79998779,90.00000000,-1.93609643
Simul_+30deg,30,119.15999603,119.15999603,90.00000000,-1.97724438
Simul_+30deg,30,119.51999664,119.51999664,90.00000000,-2.01515722
Simul_+30deg,30,119.87998962,119.87998962,90.00000000,-2.04974508
Simul_+30deg,30,120.23999786,120.23999786,90.00000000,-2.10460711
Simul_+30deg,30,120.59999084,120.59999084,90.00000000,-2.16964817
Simul_+30deg,30,120.95999146,120.95999146,90.00000000,-2.23332334
Simul_+30deg,30,121.31999969,121.31999969,90.00000000,-2.29555273
Simul_+30deg,30,121.67999268,121.67999268,90.00000000,-2.35625982
Simul_+30deg,30,122.03999329,122.03999329,90.00000000,-2.41920590
Simul_+30deg,30,122.39998627,122.39998627,90.00000000,-2.51256657
Simul_+30deg,30,122.75999451,122.75999451,90.00000000,-2.60675335
Simul_+30deg,30,123.12000275,123.12000275,90.00000000,-2.70176458
Simul_+30deg,30,123.47998810,123.47998810,90.00000000,-2.79761195
Simul_+30deg,30,123.83999634,123.83999634,90.00000000,-2.89430881
Simul_+30deg,30,124.19998932,124.19998932,90.00000000,-3.00145674
Simul_+30deg,30,124.55999756,124.55999756,90.00000000,-3.11705947
Simul_+30deg,30,124.91998291,124.91998291,90.00000000,-3.23338938
Simul_+30deg,30,125.27999115,125.27999115,90.00000000,-3.35042953
Simul_+30deg,30,125.63999939,125.63999939,90.00000000,-3.46814108
Simul_+30deg,30,125.99999237,125.99999237,90.00000000,-3.58649039
Simul_+30deg,30,126.35999298,126.35999298,90.00000000,-3.69166732
Simul_+30deg,30,126.71998596,126.71998596,90.00000000,-3.79453850
Simul_+30deg,30,127.07999420,127.07999420,90.00000000,-3.89487934
Simul_+30deg,30,127.43999481,127.43999481,90.00000000,-3.99245000
Simul_+30deg,30,127.79998779,127.79998779,90.00000000,-4.08700132
Simul_+30deg,30,128.15998840,128.15998840,90.00000000,-4.17152929
Simul_+30deg,30,128.51998901,128.51998901,90.00000000,-4.24429369
Simul_+30deg,30,128.87998962,128.87998962,90.00000000,-4.31363869
Simul_+30deg,30,129.24000549,129.24000549,90.00000000,-4.37937975
Simul_+30deg,30,129.59999084,129.59999084,90.00000000,-4.44133139
Simul_+30deg,30,129.95999146,129.95999146,90.00000000,-4.49931860
Simul_+30deg,30,130.31999207,130.31999207,90.00000000,-4.58817577
Simul_+30deg,30,130.67999268,130.67999268,90.00000000,-4.68077278
Simul_+30deg,30,131.03999329,131.03999329,90.00000000,-4.77287102
Simul_+30deg,30,131.39999390,131.39999390,90.00000000,-4.86439419
Simul_+30deg,30,131.75999451,131.75999451,90.00000000,-4.95526314
Simul_+30deg,30,132.11999512,132.11999512,90.00000000,-5.07966757
Simul_+30deg,30,132.47999573,132.47999573,90.00000000,-5.27385902
Simul_+30deg,30,132.83998108,132.83998108,90.00000000,-5.47022915
Simul_+30deg,30,133.19999695,133.19999695,90.00000000,-5.66866446
Simul_+30deg,30,133.55999756,133.55999756,90.00000000,-5.86902380
Simul_+30deg,30,133.91998291,133.91998291,90.00000000,-6.07113552
Simul_+30deg,30,134.27999878,134.27999878,90.00000000,-6.36652231
Simul_+30deg,30,134.63998413,134.63998413,90.00000000,-6.68897104
Simul_+30deg,30,135.00000000,135.00000000,90.00000000,-7.01059055
Simul_+30deg,30,135.36000061,135.36000061,90.00000000,-7.32915449
Simul_+30deg,30,135.71998596,135.71998596,90.00000000,-7.64201593
Simul_+30deg,30,136.08000183,136.08000183,90.00000000,-7.96093512
Simul_+30deg,30,136.43998718,136.43998718,90.00000000,-8.31519222
Simul_+30deg,30,136.79998779,136.79998779,90.00000000,-8.64275837
Simul_+30deg,30,137.16000366,137.16000366,90.00000000,-8.93480015
Simul_+30deg,30,137.51998901,137.51998901,90.00000000,-9.18194199
Simul_+30deg,30,137.87998962,137.87998962,90.00000000,-9.37503242
Simul_+30deg,30,138.23999023,138.23999023,90.00000000,-9.53506660
Simul_+30deg,30,138.59999084,138.59999084,90.00000000,-9.64201736
Simul_+30deg,30,138.95999146,138.95999146,90.00000000,-9.67648029
Simul_+30deg,30,139.31999207,139.31999207,90.00000000,-9.63672256
Simul_+30deg,30,139.67999268,139.67999268,90.00000000,-9.52473545
Simul_+30deg,30,140.03999329,140.03999329,90.00000000,-9.36345673
Simul_+30deg,30,140.39999390,140.39999390,90.00000000,-9.28129101
Simul_+30deg,30,140.75997925,140.75997925,90.00000000,-9.14170837
Simul_+30deg,30,141.11999512,141.11999512,90.00000000,-8.95009136
Simul_+30deg,30,141.47999573,141.47999573,90.00000000,-8.71320248
Simul_+30deg,30,141.83999634,141.83999634,90.00000000,-8.43848991
Simul_+30deg,30,142.19999695,142.19999695,90.00000000,-8.26787281
Simul_+30deg,30,142.55998230,142.55998230,90.00000000,-8.16693592
Simul_+30deg,30,142.91999817,142.91999817,90.00000000,-8.02748680
Simul_+30deg,30,143.27999878,143.27999878,90.00000000,-7.85318279
Simul_+30deg,30,143.63998413,143.63998413,90.00000000,-7.64822721
Simul_+30deg,30,144.00000000,144.00000000,90.00000000,-7.41707611
Simul_+30deg,30,144.35998535,144.35998535,90.00000000,-7.41054249
Simul_+30deg,30,144.72000122,144.72000122,90.00000000,-7.37657166
Simul_+30deg,30,145.07998657,145.07998657,90.00000000,-7.31580734
Simul_+30deg,30,145.43998718,145.43998718,90.00000000,-7.22934818
Simul_+30deg,30,145.80000305,145.80000305,90.00000000,-7.11872149
Simul_+30deg,30,146.15998840,146.15998840,90.00000000,-7.07805061
Simul_+30deg,30,146.51998901,146.51998901,90.00000000,-7.13735151
Simul_+30deg,30,146.87998962,146.87998962,90.00000000,-7.18309784
Simul_+30deg,30,147.23999023,147.23999023,90.00000000,-7.21485233
Simul_+30deg,30,147.59999084,147.59999084,90.00000000,-7.23230076
Simul_+30deg,30,147.95999146,147.95999146,90.00000000,-7.23527050
Simul_+30deg,30,148.31999207,148.31999207,90.00000000,-7.33735371
Simul_+30deg,30,148.67999268,148.67999268,90.00000000,-7.45016003
Simul_+30deg,30,149.03999329,149.03999329,90.00000000,-7.55983591
Simul_+30deg,30,149.39999390,149.39999390,90.00000000,-7.66606522
Simul_+30deg,30,149.75999451,149.75999451,90.00000000,-7.76850748
Simul_+30deg,30,150.11999512,150.11999512,90.00000000,-7.86983728
Simul_+30deg,30,150.47998047,150.47998047,90.00000000,-7.97439384
Simul_+30deg,30,150.83999634,150.83999634,90.00000000,-8.07678986
Simul_+30deg,30,151.19998169,151.19998169,90.00000000,-8.17680359
Simul_+30deg,30,151.55999756,151.55999756,90.00000000,-8.27422237
Simul_+30deg,30,151.91999817,151.91999817,90.00000000,-8.36880207
Simul_+30deg,30,152.27998352,152.27998352,90.00000000,-8.41046238
Simul_+30deg,30,152.63999939,152.63999939,90.00000000,-8.43281651
Simul_+30deg,30,152.99998474,152.99998474,90.00000000,-8.44979191
Simul_+30deg,30,153.35998535,153.35998535,90.00000000,-8.46132660
Simul_+30deg,30,153.72000122,153.72000122,90.00000000,-8.46737671
Simul_+30deg,30,154.07998657,154.07998657,90.00000000,-8.46525955
Simul_+30deg,30,154.43998718,154.43998718,90.00000000,-8.44935608
Simul_+30deg,30,154.79998779,154.79998779,90.00000000,-8.42968559
Simul_+30deg,30,155.15998840,155.15998840,90.00000000,-8.40629196
Simul_+30deg,30,155.52000427,155.52000427,90.00000000,-8.37924194
Simul_+30deg,30,155.87998962,155.87998962,90.00000000,-8.34860325
Simul_+30deg,30,156.23999023,156.23999023,90.00000000,-8.37082291
Simul_+30deg,30,156.59999084,156.59999084,90.00000000,-8.41765308
Simul_+30deg,30,156.95999146,156.95999146,90.00000000,-8.46077633
Simul_+30deg,30,157.31999207,157.31999207,90.00000000,-8.50007153
Simul_+30deg,30,157.67999268,157.67999268,90.00000000,-8.53543186
Simul_+30deg,30,158.03999329,158.03999329,90.00000000,-8.58072376
Simul_+30deg,30,158.39999390,158.39999390,90.00000000,-8.73366165
Simul_+30deg,30,158.75999451,158.75999451,90.00000000,-8.88206863
Simul_+30deg,30,159.11997986,159.11997986,90.00000000,-9.02526569
Simul_+30deg,30,159.47999573,159.47999573,90.00000000,-9.16256237
Simul_+30deg,30,159.83999634,159.83999634,90.00000000,-9.29322624
Simul_+30deg,30,160.19998169,160.19998169,90.00000000,-9.47073364
Simul_+30deg,30,160.55999756,160.55999756,90.00000000,-9.68485451
Simul_+30deg,30,160.91998291,160.91998291,90.00000000,-9.89112759
Simul_+30deg,30,161.27999878,161.27999878,90.00000000,-10.08787727
Simul_+30deg,30,161.63999939,161.63999939,90.00000000,-10.27326202
Simul_+30deg,30,161.99998474,161.99998474,90.00000000,-10.44537544
Simul_+30deg,30,162.36000061,162.36000061,90.00000000,-10.64103317
Simul_+30deg,30,162.71998596,162.71998596,90.00000000,-10.82456207
Simul_+30deg,30,163.07998657,163.07998657,90.00000000,-10.99400711
Simul_+30deg,30,163.44000244,163.44000244,90.00000000,-11.14732742
Simul_+30deg,30,163.79998779,163.79998779,90.00000000,-11.28253078
Simul_+30deg,30,164.15998840,164.15998840,90.00000000,-11.40209103
Simul_+30deg,30,164.51998901,164.51998901,90.00000000,-11.51255417
Simul_+30deg,30,164.87998962,164.87998962,90.00000000,-11.61009216
Simul_+30deg,30,165.23999023,165.23999023,90.00000000,-11.69374847
Simul_+30deg,30,165.59999084,165.59999084,90.00000000,-11.76266766
Simul_+30deg,30,165.95999146,165.95999146,90.00000000,-11.81611633
Simul_+30deg,30,166.31999207,166.31999207,90.00000000,-11.88011932
Simul_+30deg,30,166.67999268,166.67999268,90.00000000,-11.93635941
Simul_+30deg,30,167.03997803,167.03997803,90.00000000,-11.98138618
Simul_+30deg,30,167.39999390,167.39999390,90.00000000,-12.01485252
Simul_+30deg,30,167.75999451,167.75999451,90.00000000,-12.03648376
Simul_+30deg,30,168.11999512,168.11999512,90.00000000,-12.06255531
Simul_+30deg,30,168.47999573,168.47999573,90.00000000,-12.10652256
Simul_+30deg,30,168.83998108,168.83998108,90.00000000,-12.13361931
Simul_+30deg,30,169.19999695,169.19998169,90.00000000,-12.14352798
Simul_+30deg,30,169.55999756,169.55999756,90.00000000,-12.13613033
Simul_+30deg,30,169.91998291,169.91996765,90.00000000,-12.11151600
Simul_+30deg,30,170.27999878,170.27998352,90.00000000,-12.11702347
Simul_+30deg,30,170.63998413,170.63998413,90.00000000,-12.11071968
Simul_+30deg,30,170.99998474,171.00000000,90.00000000,-12.07821941
Simul_+30deg,30,171.35998535,171.36000061,90.00000000,-12.02011585
Simul_+30deg,30,171.71998596,171.71998596,90.00000000,-11.93741417
Simul_+30deg,30,172.08000183,172.07998657,90.00000000,-11.85153198
Simul_+30deg,30,172.43998718,172.43998718,90.00000000,-11.80904865
Simul_+30deg,30,172.79998779,172.80000305,90.00000000,-11.73780346
Simul_+30deg,30,173.15998840,173.16000366,90.00000000,-11.63920021
Simul_+30deg,30,173.51998901,173.52000427,90.00000000,-11.51508141
Simul_+30deg,30,173.87998962,173.87998962,90.00000000,-11.36763763
Simul_+30deg,30,174.23999023,174.23999023,90.00000000,-11.28495312
Simul_+30deg,30,174.59999084,174.59997559,90.00000000,-11.22151470
Simul_+30deg,30,174.95999146,174.95999146,90.00000000,-11.13467312
Simul_+30deg,30,175.31999207,175.32000732,90.00000000,-11.02583885
Simul_+30deg,30,175.67999268,175.67997742,90.00000000,-10.89666367
Simul_+30deg,30,176.03999329,176.03996277,90.00000000,-10.76670742
Simul_+30deg,30,176.39999390,176.39999390,90.00000000,-10.75980282
Simul_+30deg,30,176.75997925,176.75996399,90.00000000,-10.73298931
Simul_+30deg,30,177.11999512,177.12002563,90.00000000,-10.68661594
Simul_+30deg,30,177.47999573,177.47996521,90.00000000,-10.62132740
Simul_+30deg,30,177.83999634,177.83996582,90.00000000,-10.53795624
Simul_+30deg,30,178.19999695,178.19993591,90.00000000,-10.52485847
Simul_+30deg,30,178.55998230,178.56004333,90.00000000,-10.55986595
Simul_+30deg,30,178.91999817,178.92007446,90.00000000,-10.57111549
Simul_+30deg,30,179.27998352,179.27990723,90.00000000,-10.55844116
Simul_+30deg,30,179.63998413,179.64009094,90.00000000,-10.52201653
Simul_+30deg,30,180.00000000,180.00000000,-90.00000000,-10.46271801
Simul_+30deg,30,180.35998535,179.64009094,-90.00000000,-10.48388958
Simul_+30deg,30,180.71998596,179.27990723,-90.00000000,-10.46525478
Simul_+30deg,30,181.07998657,178.92007446,-90.00000000,-10.40714645
Simul_+30deg,30,181.43998718,178.56004333,-90.00000000,-10.31105423
Simul_+30deg,30,181.80000305,178.19993591,-90.00000000,-10.17944813
Simul_+30deg,30,182.15998840,177.83996582,-90.00000000,-10.03107643
Simul_+30deg,30,182.51998901,177.47996521,-90.00000000,-9.85820866
Simul_+30deg,30,182.87998962,177.12002563,-90.00000000,-9.64124107
Simul_+30deg,30,183.23999023,176.75996399,-90.00000000,-9.38670921
Simul_+30deg,30,183.59999084,176.39999390,-90.00000000,-9.10157299
Simul_+30deg,30,183.95999146,176.04000854,-90.00000000,-8.79231358
Simul_+30deg,30,184.31999207,175.67997742,-90.00000000,-8.48406315
Simul_+30deg,30,184.67999268,175.32000732,-90.00000000,-8.15784454
Simul_+30deg,30,185.03999329,174.95999146,-90.00000000,-7.81657314
Simul_+30deg,30,185.39997864,174.59997559,-90.00000000,-7.46525812
Simul_+30deg,30,185.75999451,174.23999023,-90.00000000,-7.10816336
Simul_+30deg,30,186.11999512,173.87998962,-90.00000000,-6.77154636
Simul_+30deg,30,186.47998047,173.52000427,-90.00000000,-6.47809267
Simul_+30deg,30,186.83999634,173.16000366,-90.00000000,-6.18250179
Simul_+30deg,30,187.19998169,172.80000305,-90.00000000,-5.88641596
Simul_+30deg,30,187.55998230,172.43998718,-90.00000000,-5.59115601
Simul_+30deg,30,187.91999817,172.07998657,-90.00000000,-5.29782724
Simul_+30deg,30,188.27998352,171.71998596,-90.00000000,-5.08939028
Simul_+30deg,30,188.63999939,171.36000061,-90.00000000,-4.90432453
Simul_+30deg,30,188.99998474,171.00000000,-90.00000000,-4.71914196
Simul_+30deg,30,189.35998535,170.63998413,-90.00000000,-4.53414059
Simul_+30deg,30,189.72000122,170.27998352,-90.00000000,-4.34965181
Simul_+30deg,30,190.07998657,169.91999817,-90.00000000,-4.19176245
Simul_+30deg,30,190.43998718,169.55998230,-90.00000000,-4.12400913
Simul_+30deg,30,190.79998779,169.20001221,-90.00000000,-4.05525494
Simul_+30deg,30,191.15998840,168.83998108,-90.00000000,-3.98555613
Simul_+30deg,30,191.51998901,168.47999573,-90.00000000,-3.91497827
Simul_+30deg,30,191.87998962,168.11999512,-90.00000000,-3.84358048
Simul_+30deg,30,192.23999023,167.75997925,-90.00000000,-3.83947611
Simul_+30deg,30,192.59999084,167.40000916,-90.00000000,-3.86856055
Simul_+30deg,30,192.95999146,167.03999329,-90.00000000,-3.89677143
Simul_+30deg,30,193.31997681,166.67999268,-90.00000000,-3.92408895
Simul_+30deg,30,193.67999268,166.31999207,-90.00000000,-3.95049715
Simul_+30deg,30,194.03999329,165.95997620,-90.00000000,-3.98453498
Simul_+30deg,30,194.39999390,165.59999084,-90.00000000,-4.08651876
Simul_+30deg,30,194.75999451,165.24000549,-90.00000000,-4.18836355
Simul_+30deg,30,195.11997986,164.88000488,-90.00000000,-4.29000854
Simul_+30deg,30,195.47999573,164.51998901,-90.00000000,-4.39137888
Simul_+30deg,30,195.83999634,164.15998840,-90.00000000,-4.49238396
Simul_+30deg,30,196.19998169,163.79998779,-90.00000000,-4.62533474
Simul_+30deg,30,196.55999756,163.43998718,-90.00000000,-4.78468704
Simul_+30deg,30,196.91998291,163.07998657,-90.00000000,-4.94465590
Simul_+30deg,30,197.27998352,162.72000122,-90.00000000,-5.10512543
Simul_+30deg,30,197.63999939,162.36000061,-90.00000000,-5.26590919
Simul_+30deg,30,197.99998474,161.99998474,-90.00000000,-5.42681980
Simul_+30deg,30,198.36000061,161.63999939,-90.00000000,-5.64310360
Simul_+30deg,30,198.71998596,161.27999878,-90.00000000,-5.86062384
Simul_+30deg,30,199.07998657,160.91998291,-90.00000000,-6.07899141
Simul_+30deg,30,199.43998718,160.56001282,-90.00000000,-6.29771233
Simul_+30deg,30,199.79998779,160.19998169,-90.00000000,-6.51630306
Simul_+30deg,30,200.15998840,159.83998108,-90.00000000,-6.75799322
Simul_+30deg,30,200.51998901,159.47999573,-90.00000000,-7.02824068
Simul_+30deg,30,200.87998962,159.11997986,-90.00000000,-7.29600859
Simul_+30deg,30,201.23999023,158.75999451,-90.00000000,-7.55966616
Simul_+30deg,30,201.59999084,158.39999390,-90.00000000,-7.81735420
Simul_+30deg,30,201.95999146,158.03997803,-90.00000000,-8.06690598
Simul_+30deg,30,202.31999207,157.67999268,-90.00000000,-8.32265854
Simul_+30deg,30,202.67999268,157.31997681,-90.00000000,-8.56245422
Simul_+30deg,30,203.03997803,156.95999146,-90.00000000,-8.77984047
Simul_+30deg,30,203.39999390,156.59999084,-90.00000000,-8.97067261
Simul_+30deg,30,203.75999451,156.23997498,-90.00000000,-9.13078880
Simul_+30deg,30,204.11997986,155.87998962,-90.00000000,-9.24443340
Simul_+30deg,30,204.47999573,155.51998901,-90.00000000,-9.29685211
Simul_+30deg,30,204.83998108,155.15998840,-90.00000000,-9.31057358
Simul_+30deg,30,205.19999695,154.79998779,-90.00000000,-9.28523159
Simul_+30deg,30,205.55998230,154.43998718,-90.00000000,-9.22150517
Simul_+30deg,30,205.91998291,154.07998657,-90.00000000,-9.12104416
Simul_+30deg,30,206.27999878,153.71998596,-90.00000000,-8.99403763
Simul_+30deg,30,206.63998413,153.35998535,-90.00000000,-8.84994888
Simul_+30deg,30,206.99998474,152.99998474,-90.00000000,-8.68997860
Simul_+30deg,30,207.35998535,152.63999939,-90.00000000,-8.51601696
Simul_+30deg,30,207.71998596,152.27998352,-90.00000000,-8.32988834
Simul_+30deg,30,208.07998657,151.91998291,-90.00000000,-8.16115761
Simul_+30deg,30,208.43998718,151.55999756,-90.00000000,-8.08404636
Simul_+30deg,30,208.79998779,151.19998169,-90.00000000,-8.00386047
Simul_+30deg,30,209.15998840,150.83999634,-90.00000000,-7.92080212
Simul_+30deg,30,209.51998901,150.47998047,-90.00000000,-7.83505344
Simul_+30deg,30,209.87998962,150.11999512,-90.00000000,-7.74680328
Simul_+30deg,30,210.23999023,149.75999451,-90.00000000,-7.78887939
Simul_+30deg,30,210.59999084,149.39997864,-90.00000000,-7.89604664
Simul_+30deg,30,210.95999146,149.03999329,-90.00000000,-8.00204468
Simul_+30deg,30,211.31999207,148.67999268,-90.00000000,-8.10673332
Simul_+30deg,30,211.67997742,148.31999207,-90.00000000,-8.20994568
Simul_+30deg,30,212.03999329,147.95999146,-90.00000000,-8.33142376
Simul_+30deg,30,212.39999390,147.59999084,-90.00000000,-8.61097431
Simul_+30deg,30,212.75997925,147.23999023,-90.00000000,-8.88880539
Simul_+30deg,30,213.11999512,146.88000488,-90.00000000,-9.16336727
Simul_+30deg,30,213.47998047,146.51998901,-90.00000000,-9.43275547
Simul_+30deg,30,213.83998108,146.15998840,-90.00000000,-9.69475174
Simul_+30deg,30,214.19999695,145.79998779,-90.00000000,-9.96973896
Simul_+30deg,30,214.55998230,145.43998718,-90.00000000,-10.24185276
Simul_+30deg,30,214.91999817,145.07998657,-90.00000000,-10.48487282
Simul_+30deg,30,215.27998352,144.72000122,-90.00000000,-10.69263935
Simul_+30deg,30,215.63998413,144.35998535,-90.00000000,-10.85926819
Simul_+30deg,30,216.00000000,143.99998474,-90.00000000,-10.97947884
Simul_+30deg,30,216.35998535,143.63998413,-90.00000000,-10.98242664
Simul_+30deg,30,216.71998596,143.27998352,-90.00000000,-10.94543457
Simul_+30deg,30,217.07998657,142.91999817,-90.00000000,-10.86951065
Simul_+30deg,30,217.43998718,142.55998230,-90.00000000,-10.75665379
Simul_+30deg,30,217.79998779,142.19998169,-90.00000000,-10.60969162
Simul_+30deg,30,218.15998840,141.83999634,-90.00000000,-10.45981312
Simul_+30deg,30,218.51998901,141.47998047,-90.00000000,-10.32473373
Simul_+30deg,30,218.87998962,141.11999512,-90.00000000,-10.17455196
Simul_+30deg,30,219.23999023,140.75997925,-90.00000000,-10.01090813
Simul_+30deg,30,219.59997559,140.39999390,-90.00000000,-9.83546162
Simul_+30deg,30,219.95999146,140.03999329,-90.00000000,-9.64982986
Simul_+30deg,30,220.31999207,139.67997742,-90.00000000,-9.60381794
Simul_+30deg,30,220.67997742,139.32000732,-90.00000000,-9.54798317
Simul_+30deg,30,221.03999329,138.95999146,-90.00000000,-9.46368599
Simul_+30deg,30,221.39997864,138.60000610,-90.00000000,-9.35258389
Simul_+30deg,30,221.75999451,138.23999023,-90.00000000,-9.21668816
Simul_+30deg,30,222.11999512,137.87998962,-90.00000000,-9.11133862
Simul_+30deg,30,222.47998047,137.51998901,-90.00000000,-9.07017326
Simul_+30deg,30,222.83999634,137.15998840,-90.00000000,-8.97828197
Simul_+30deg,30,223.19998169,136.79998779,-90.00000000,-8.83881474
Simul_+30deg,30,223.55998230,136.43998718,-90.00000000,-8.65625286
Simul_+30deg,30,223.91999817,136.07998657,-90.00000000,-8.43598080
Simul_+30deg,30,224.27998352,135.72000122,-90.00000000,-8.27013397
Simul_+30deg,30,224.63998413,135.36000061,-90.00000000,-8.08746243
Simul_+30deg,30,224.99998474,135.00000000,-90.00000000,-7.86687326
Simul_+30deg,30,225.35998535,134.63998413,-90.00000000,-7.61421871
Simul_+30deg,30,225.71998596,134.28001404,-90.00000000,-7.33544064
Simul_+30deg,30,226.07998657,133.91999817,-90.00000000,-7.06017590
Simul_+30deg,30,226.43998718,133.55998230,-90.00000000,-6.85222816
Simul_+30deg,30,226.79998779,133.20001221,-90.00000000,-6.62957668
Simul_+30deg,30,227.15998840,132.83998108,-90.00000000,-6.39480352
Simul_+30deg,30,227.51998901,132.47999573,-90.00000000,-6.15038633
Simul_+30deg,30,227.87998962,132.11999512,-90.00000000,-5.89852333
Simul_+30deg,30,228.23999023,131.75997925,-90.00000000,-5.70237255
Simul_+30deg,30,228.59999084,131.40000916,-90.00000000,-5.53271866
Simul_+30deg,30,228.95999146,131.03999329,-90.00000000,-5.35964918
Simul_+30deg,30,229.31997681,130.67999268,-90.00000000,-5.18383265
Simul_+30deg,30,229.67999268,130.31999207,-90.00000000,-5.00584793
Simul_+30deg,30,230.03999329,129.95997620,-90.00000000,-4.83128071
Simul_+30deg,30,230.39999390,129.59997559,-90.00000000,-4.69573307
Simul_+30deg,30,230.75997925,129.24000549,-90.00000000,-4.55881596
Simul_+30deg,30,231.11997986,128.87998962,-90.00000000,-4.42077065
Simul_+30deg,30,231.47999573,128.51998901,-90.00000000,-4.28183746
Simul_+30deg,30,231.83999634,128.15998840,-90.00000000,-4.14223528
Simul_+30deg,30,232.19999695,127.79998016,-90.00000000,-4.00340843
Simul_+30deg,30,232.55998230,127.43999481,-90.00000000,-3.86556196
Simul_+30deg,30,232.91998291,127.07999420,-90.00000000,-3.72788382
Simul_+30deg,30,233.27998352,126.71998596,-90.00000000,-3.59050059
Simul_+30deg,30,233.63999939,126.35998535,-90.00000000,-3.45351958
Simul_+30deg,30,234.00000000,125.99997711,-90.00000000,-3.31702805
Simul_+30deg,30,234.35998535,125.63999939,-90.00000000,-3.17155266
Simul_+30deg,30,234.71998596,125.27999115,-90.00000000,-3.02787757
Simul_+30deg,30,235.07998657,124.91998291,-90.00000000,-2.88598347
Simul_+30deg,30,235.44000244,124.55998230,-90.00000000,-2.74586153
Simul_+30deg,30,235.79997253,124.20000458,-90.00000000,-2.60749102
Simul_+30deg,30,236.15997314,123.84001160,-90.00000000,-2.47054720
Simul_+30deg,30,236.51998901,123.47998810,-90.00000000,-2.33510613
Simul_+30deg,30,236.87998962,123.11998749,-90.00000000,-2.20156503
Simul_+30deg,30,237.23999023,122.75997925,-90.00000000,-2.06986403
Simul_+30deg,30,237.59997559,122.40000153,-90.00000000,-1.93998110
Simul_+30deg,30,237.95997620,122.03999329,-90.00000000,-1.81183982
Simul_+30deg,30,238.31999207,121.68000793,-90.00000000,-1.69424486
Simul_+30deg,30,238.67999268,121.31998444,-90.00000000,-1.57874990
Simul_+30deg,30,239.03999329,120.95997620,-90.00000000,-1.46422839
Simul_+30deg,30,239.39997864,120.59999847,-90.00000000,-1.35068762
Simul_+30deg,30,239.75997925,120.23999786,-90.00000000,-1.23811197
Simul_+30deg,30,240.11997986,119.87998962,-90.00000000,-1.13190997
Simul_+30deg,30,240.47999573,119.51998138,-90.00000000,-1.03702092
Simul_+30deg,30,240.83999634,119.15998077,-90.00000000,-0.94242805
Simul_+30deg,30,241.19998169,118.80000305,-90.00000000,-0.84816575
Simul_+30deg,30,241.55998230,118.43999481,-90.00000000,-0.75424284
Simul_+30deg,30,241.91998291,118.07998657,-90.00000000,-0.66068721
Simul_+30deg,30,242.27999878,117.71998596,-90.00000000,-0.58214861
Simul_+30deg,30,242.63999939,117.35997772,-90.00000000,-0.50785422
Simul_+30deg,30,242.99996948,117.00000000,-90.00000000,-0.43360758
Simul_+30deg,30,243.35998535,116.63999176,-90.00000000,-0.35941207
Simul_+30deg,30,243.71998596,116.27999115,-90.00000000,-0.28529805
Simul_+30deg,30,244.07998657,115.91998291,-90.00000000,-0.21551844
Simul_+30deg,30,244.44000244,115.55997467,-90.00000000,-0.16047291
Simul_+30deg,30,244.79997253,115.19999695,-90.00000000,-0.10521322
Simul_+30deg,30,245.15998840,114.83999634,-90.00000000,-0.04974281
Simul_+30deg,30,245.51998901,114.47999573,-90.00000000,0.00591247
Simul_+30deg,30,245.87998962,114.11998749,-90.00000000,0.06173924
Simul_+30deg,30,246.24000549,113.75998688,-90.00000000,0.10636718
Simul_+30deg,30,246.59997559,113.40000916,-90.00000000,0.14585741
Simul_+30deg,30,246.95997620,113.04000092,-90.00000000,0.18595517
Simul_+30deg,30,247.31999207,112.67999268,-90.00000000,0.22663900
Simul_+30deg,30,247.67999268,112.31999207,-90.00000000,0.26788527
Simul_+30deg,30,248.03999329,111.95998383,-90.00000000,0.30808815
Simul_+30deg,30,248.39997864,111.60000610,-90.00000000,0.33642358
Simul_+30deg,30,248.75997925,111.23999786,-90.00000000,0.36586851
Simul_+30deg,30,249.11999512,110.87999725,-90.00000000,0.39639932
Simul_+30deg,30,249.47999573,110.51998901,-90.00000000,0.42798567
Simul_+30deg,30,249.83996582,110.16001129,-90.00000000,0.46060595
Simul_+30deg,30,250.19998169,109.80000305,-90.00000000,0.48766261
Simul_+30deg,30,250.55998230,109.44000244,-90.00000000,0.51096284
Simul_+30deg,30,250.91998291,109.07999420,-90.00000000,0.53588855
Simul_+30deg,30,251.27999878,108.71998596,-90.00000000,0.56241387
Simul_+30deg,30,251.63996887,108.36000824,-90.00000000,0.59050477
Simul_+30deg,30,251.99998474,108.00000763,-90.00000000,0.62013453
Simul_+30deg,30,252.35998535,107.63999939,-90.00000000,0.64040875
Simul_+30deg,30,252.71998596,107.27999115,-90.00000000,0.66279292
Simul_+30deg,30,253.08000183,106.91999054,-90.00000000,0.68725491
Simul_+30deg,30,253.43997192,106.56000519,-90.00000000,0.71375644
Simul_+30deg,30,253.79997253,106.20000458,-90.00000000,0.74226493
Simul_+30deg,30,254.15998840,105.83999634,-90.00000000,0.76760662
Simul_+30deg,30,254.51998901,105.47999573,-90.00000000,0.78876698
Simul_+30deg,30,254.87998962,105.11998749,-90.00000000,0.81223989
Simul_+30deg,30,255.23997498,104.76000977,-90.00000000,0.83798540
Simul_+30deg,30,255.59997559,104.40000153,-90.00000000,0.86596781
Simul_+30deg,30,255.95999146,104.03999329,-90.00000000,0.89614004
Simul_+30deg,30,256.31997681,103.67999268,-90.00000000,0.91780341
Simul_+30deg,30,256.67999268,103.31997681,-90.00000000,0.94029421
Simul_+30deg,30,257.03997803,102.95999908,-90.00000000,0.96490747
Simul_+30deg,30,257.39999390,102.59999847,-90.00000000,0.99161178
Simul_+30deg,30,257.75997925,102.23999786,-90.00000000,1.02036619
Simul_+30deg,30,258.11999512,101.87998962,-90.00000000,1.04746413
Simul_+30deg,30,258.48001099,101.51998901,-90.00000000,1.06900108
Simul_+30deg,30,258.83996582,101.16000366,-90.00000000,1.09217823
Simul_+30deg,30,259.19998169,100.79999542,-90.00000000,1.11697292
Simul_+30deg,30,259.55999756,100.43999481,-90.00000000,1.14335430
Simul_+30deg,30,259.91998291,100.07998657,-90.00000000,1.17129457
Simul_+30deg,30,260.27999878,99.71997833,-90.00000000,1.19391346
Simul_+30deg,30,260.63998413,99.36000061,-90.00000000,1.21569109
Simul_+30deg,30,260.99996948,98.99999237,-90.00000000,1.23852468
Simul_+30deg,30,261.35998535,98.63999176,-90.00000000,1.26239240
Simul_+30deg,30,261.72000122,98.27998352,-90.00000000,1.28728032
Simul_+30deg,30,262.07998657,97.92000580,-90.00000000,1.31171870
Simul_+30deg,30,262.43997192,97.56000519,-90.00000000,1.33191454
Simul_+30deg,30,262.79998779,97.19999695,-90.00000000,1.35281992
Simul_+30deg,30,263.16000366,96.83999634,-90.00000000,1.37442350
Simul_+30deg,30,263.51998901,96.47998047,-90.00000000,1.39671540
Simul_+30deg,30,263.87997437,96.12000275,-90.00000000,1.41968369
Simul_+30deg,30,264.23999023,95.76000214,-90.00000000,1.43980515
Simul_+30deg,30,264.59997559,95.39999390,-90.00000000,1.45895660
Simul_+30deg,30,264.95999146,95.03999329,-90.00000000,1.47891343
Simul_+30deg,30,265.32000732,94.67998505,-90.00000000,1.49966109
Simul_+30deg,30,265.67996216,94.31999969,-90.00000000,1.52118802
Simul_+30deg,30,266.03997803,93.95999908,-90.00000000,1.54297936
Simul_+30deg,30,266.39999390,93.59999084,-90.00000000,1.56184793
Simul_+30deg,30,266.75997925,93.23999023,-90.00000000,1.58210540
Simul_+30deg,30,267.11999512,92.87998962,-90.00000000,1.60373211
Simul_+30deg,30,267.47998047,92.52001190,-90.00000000,1.62670434
Simul_+30deg,30,267.83996582,92.16000366,-90.00000000,1.65100443
Simul_+30deg,30,268.19998169,91.79999542,-90.00000000,1.67451787
Simul_+30deg,30,268.55999756,91.43999481,-90.00000000,1.69835019
Simul_+30deg,30,268.91998291,91.07998657,-90.00000000,1.72433960
Simul_+30deg,30,269.27996826,90.72000885,-90.00000000,1.75244474
Simul_+30deg,30,269.63998413,90.36000061,-90.00000000,1.78263140
Simul_+30deg,30,270.00000000,90.00000000,-90.00000000,1.81484985
Simul_+30deg,30,270.35998535,89.63999176,-90.00000000,1.84345794
Simul_+30deg,30,270.72000122,89.27998352,-90.00000000,1.87470210
Simul_+30deg,30,271.07998657,88.92000580,-90.00000000,1.90851736
Simul_+30deg,30,271.43997192,88.56000519,-90.00000000,1.94485080
Simul_+30deg,30,271.79998779,88.19999695,-90.00000000,1.98363304
Simul_+30deg,30,272.16000366,87.83998871,-90.00000000,2.01872635
Simul_+30deg,30,272.51998901,87.47998810,-90.00000000,2.04862452
Simul_+30deg,30,272.87997437,87.12001038,-90.00000000,2.08088779
Simul_+30deg,30,273.23999023,86.76000214,-90.00000000,2.11546707
Simul_+30deg,30,273.59997559,86.39999390,-90.00000000,2.15230274
Simul_+30deg,30,273.95999146,86.03999329,-90.00000000,2.19133568
Simul_+30deg,30,274.32000732,85.67998505,-90.00000000,2.20893621
Simul_+30deg,30,274.67996216,85.32000732,-90.00000000,2.22526193
Simul_+30deg,30,275.03997803,84.95999908,-90.00000000,2.24321651
Simul_+30deg,30,275.39999390,84.59999847,-90.00000000,2.26277924
Simul_+30deg,30,275.75997925,84.23998260,-90.00000000,2.28392720
Simul_+30deg,30,276.11996460,83.88000488,-90.00000000,2.29438210
Simul_+30deg,30,276.47998047,83.52000427,-90.00000000,2.28135586
Simul_+30deg,30,276.83999634,83.16000366,-90.00000000,2.26910067
Simul_+30deg,30,277.19998169,82.79999542,-90.00000000,2.25762534
Simul_+30deg,30,277.55999756,82.43997955,-90.00000000,2.24693441
Simul_+30deg,30,277.91998291,82.08000183,-90.00000000,2.23703599
Simul_+30deg,30,278.27996826,81.72000885,-90.00000000,2.20008135
Simul_+30deg,30,278.63998413,81.36000061,-90.00000000,2.15529871
Simul_+30deg,30,279.00000000,80.99999237,-90.00000000,2.11056995
Simul_+30deg,30,279.35998535,80.63999176,-90.00000000,2.06590271
Simul_+30deg,30,279.71997070,80.28001404,-90.00000000,2.02130532
Simul_+30deg,30,280.07998657,79.91999817,-90.00000000,1.97273755
Simul_+30deg,30,280.43997192,79.55998993,-90.00000000,1.91005576
Simul_+30deg,30,280.79998779,79.19999695,-90.00000000,1.84737635
Simul_+30deg,30,281.16000366,78.83998871,-90.00000000,1.78470826
Simul_+30deg,30,281.51995850,78.48001099,-90.00000000,1.72207367
Simul_+30deg,30,281.87997437,78.11999512,-90.00000000,1.65947449
Simul_+30deg,30,282.23999023,77.75999451,-90.00000000,1.60417914
Simul_+30deg,30,282.59997559,77.39999390,-90.00000000,1.55336964
Simul_+30deg,30,282.95999146,77.03998566,-90.00000000,1.50362313
Simul_+30deg,30,283.31997681,76.68000793,-90.00000000,1.45498765
Simul_+30deg,30,283.67999268,76.31999969,-90.00000000,1.40750039
Simul_+30deg,30,284.03997803,75.95999908,-90.00000000,1.36496007
Simul_+30deg,30,284.39999390,75.59999084,-90.00000000,1.35422289
Simul_+30deg,30,284.76000977,75.23999023,-90.00000000,1.34574902
Simul_+30deg,30,285.11996460,74.88000488,-90.00000000,1.33955097
Simul_+30deg,30,285.47998047,74.52000427,-90.00000000,1.33563888
Simul_+30deg,30,285.83999634,74.15999603,-90.00000000,1.33401763
Simul_+30deg,30,286.19998169,73.79999542,-90.00000000,1.35276568
Simul_+30deg,30,286.55999756,73.43998718,-90.00000000,1.38832259
Simul_+30deg,30,286.91998291,73.08000946,-90.00000000,1.42619550
Simul_+30deg,30,287.27996826,72.72000122,-90.00000000,1.46632624
Simul_+30deg,30,287.63998413,72.36000061,-90.00000000,1.50864577
Simul_+30deg,30,288.00000000,71.99999237,-90.00000000,1.55308974
Simul_+30deg,30,288.35998535,71.63998413,-90.00000000,1.60675693
Simul_+30deg,30,288.71997070,71.28000641,-90.00000000,1.66233921
Simul_+30deg,30,289.07998657,70.91999817,-90.00000000,1.71976435
Simul_+30deg,30,289.44000244,70.55999756,-90.00000000,1.77894807
Simul_+30deg,30,289.79998779,70.19998932,-90.00000000,1.83980882
Simul_+30deg,30,290.15997314,69.84001160,-90.00000000,1.89210033
Simul_+30deg,30,290.51998901,69.48000336,-90.00000000,1.93341243
Simul_+30deg,30,290.87997437,69.12000275,-90.00000000,1.97646117
Simul_+30deg,30,291.23999023,68.75999451,-90.00000000,2.02118993
Simul_+30deg,30,291.60000610,68.39998627,-90.00000000,2.06754422
Simul_+30deg,30,291.95996094,68.04000854,-90.00000000,2.11546278
Simul_+30deg,30,292.31997681,67.68000793,-90.00000000,2.12988663
Simul_+30deg,30,292.67999268,67.31999969,-90.00000000,2.14139366
Simul_+30deg,30,293.03997803,66.95999146,-90.00000000,2.15434718
Simul_+30deg,30,293.39999390,66.59999084,-90.00000000,2.16873574
Simul_+30deg,30,293.75997925,66.24001312,-90.00000000,2.18454289
Simul_+30deg,30,294.11996460,65.88000488,-90.00000000,2.19035125
Simul_+30deg,30,294.47998047,65.51999664,-90.00000000,2.17439461
Simul_+30deg,30,294.83999634,65.15999603,-90.00000000,2.15931702
Simul_+30deg,30,295.19998169,64.79998779,-90.00000000,2.14512753
Simul_+30deg,30,295.55996704,64.44001007,-90.00000000,2.13183737
Simul_+30deg,30,295.91998291,64.08000183,-90.00000000,2.11945105
Simul_+30deg,30,296.27999878,63.71999741,-90.00000000,2.09988022
Simul_+30deg,30,296.63998413,63.35999298,-90.00000000,2.07855439
Simul_+30deg,30,297.00000000,62.99998856,-90.00000000,2.05774879
Simul_+30deg,30,297.35998535,62.64001083,-90.00000000,2.03747535
Simul_+30deg,30,297.71997070,62.28000259,-90.00000000,2.01773763
Simul_+30deg,30,298.07998657,61.91999817,-90.00000000,2.00221443
Simul_+30deg,30,298.44000244,61.55999374,-90.00000000,1.99997854
Simul_+30deg,30,298.79998779,61.19998932,-90.00000000,1.99812758
Simul_+30deg,30,299.15997314,60.84000778,-90.00000000,1.99666286
Simul_+30deg,30,299.51998901,60.48000336,-90.00000000,1.99558377
Simul_+30deg,30,299.87997437,60.11999893,-90.00000000,1.99489069
Simul_+30deg,30,300.23999023,59.75999069,-90.00000000,2.01055360
Simul_+30deg,30,300.60000610,59.39998627,-90.00000000,2.03434467
Simul_+30deg,30,300.95996094,59.04000854,-90.00000000,2.05822492
Simul_+30deg,30,301.31997681,58.68000412,-90.00000000,2.08219719
Simul_+30deg,30,301.67999268,58.31999207,-90.00000000,2.10625839
Simul_+30deg,30,302.03997803,57.95998383,-90.00000000,2.13097334
Simul_+30deg,30,302.39996338,57.60001373,-90.00000000,2.16048646
Simul_+30deg,30,302.75997925,57.24000549,-90.00000000,2.19037580
Simul_+30deg,30,303.11999512,56.88000107,-90.00000000,2.22062683
Simul_+30deg,30,303.47998047,56.51999283,-90.00000000,2.25123143
Simul_+30deg,30,303.83999634,56.15998840,-90.00000000,2.28218126
Simul_+30deg,30,304.19998169,55.80001068,-90.00000000,2.30045199
Simul_+30deg,30,304.55996704,55.44000244,-90.00000000,2.30968928
Simul_+30deg,30,304.91998291,55.07999802,-90.00000000,2.32059288
Simul_+30deg,30,305.27999878,54.71999359,-90.00000000,2.33315015
Simul_+30deg,30,305.63998413,54.35998917,-90.00000000,2.34734631
Simul_+30deg,30,305.99996948,54.00000763,-90.00000000,2.36316466
Simul_+30deg,30,306.35998535,53.64000702,-90.00000000,2.33969283
Simul_+30deg,30,306.71997070,53.27999878,-90.00000000,2.31911969
Simul_+30deg,30,307.07998657,52.91999054,-90.00000000,2.30148888
Simul_+30deg,30,307.44000244,52.55998993,-90.00000000,2.28683686
Simul_+30deg,30,307.79995728,52.20001221,-90.00000000,2.27519417
Simul_+30deg,30,308.15997314,51.84000397,-90.00000000,2.24958467
Simul_+30deg,30,308.51998901,51.47999573,-90.00000000,2.20572615
Simul_+30deg,30,308.87997437,51.11999130,-90.00000000,2.16493106
Simul_+30deg,30,309.23999023,50.75998688,-90.00000000,2.12728739
Simul_+30deg,30,309.59997559,50.40000916,-90.00000000,2.09288573
Simul_+30deg,30,309.95999146,50.04000473,-90.00000000,2.06180024
Simul_+30deg,30,310.31997681,49.67999649,-90.00000000,2.01866841
Simul_+30deg,30,310.67999268,49.31999207,-90.00000000,1.97566855
Simul_+30deg,30,311.04000854,48.95998383,-90.00000000,1.93471181
Simul_+30deg,30,311.39996338,48.60000610,-90.00000000,1.89586425
Simul_+30deg,30,311.75997925,48.24000168,-90.00000000,1.85917997
Simul_+30deg,30,312.11999512,47.87999725,-90.00000000,1.82821214
Simul_+30deg,30,312.47998047,47.51998901,-90.00000000,1.80541623
Simul_+30deg,30,312.83999634,47.15998840,-90.00000000,1.78328490
Simul_+30deg,30,313.19998169,46.80000687,-90.00000000,1.76183033
Simul_+30deg,30,313.55996704,46.44000244,-90.00000000,1.74106002
Simul_+30deg,30,313.91998291,46.07999420,-90.00000000,1.72098565
Simul_+30deg,30,314.27999878,45.71998978,-90.00000000,1.72337246
Simul_+30deg,30,314.63998413,45.35998535,-90.00000000,1.73229325
Simul_+30deg,30,314.99996948,45.00000763,-90.00000000,1.74148130
Simul_+30deg,30,315.35998535,44.63999557,-90.00000000,1.75093639
Simul_+30deg,30,315.71997070,44.27999115,-90.00000000,1.76065612
Simul_+30deg,30,316.07998657,43.91999054,-90.00000000,1.77609038
Simul_+30deg,30,316.43997192,43.56001282,-90.00000000,1.81134164
Simul_+30deg,30,316.79998779,43.20000839,-90.00000000,1.84762132
Simul_+30deg,30,317.15997314,42.84000015,-90.00000000,1.88489914
Simul_+30deg,30,317.51998901,42.47999191,-90.00000000,1.92314649
Simul_+30deg,30,317.88000488,42.11998749,-90.00000000,1.96233487
Simul_+30deg,30,318.23995972,41.76001358,-90.00000000,2.00395060
Simul_+30deg,30,318.59997559,41.40000534,-90.00000000,2.04802227
Simul_+30deg,30,318.95999146,41.03999710,-90.00000000,2.09389043
Simul_+30deg,30,319.31997681,40.67998886,-90.00000000,2.14149761
Simul_+30deg,30,319.67999268,40.31998444,-90.00000000,2.19077897
Simul_+30deg,30,320.03997803,39.96000671,-90.00000000,2.23908162
Simul_+30deg,30,320.39996338,39.60000229,-90.00000000,2.26840901
Simul_+30deg,30,320.75997925,39.23999786,-90.00000000,2.29957914
Simul_+30deg,30,321.11999512,38.87999344,-90.00000000,2.33255005
Simul_+30deg,30,321.47998047,38.51998520,-90.00000000,2.36727977
Simul_+30deg,30,321.83996582,38.16000748,-90.00000000,2.40372157
Simul_+30deg,30,322.19998169,37.80000687,-90.00000000,2.42317963
Simul_+30deg,30,322.55999756,37.43999481,-90.00000000,2.42908692
Simul_+30deg,30,322.91998291,37.07999039,-90.00000000,2.43628597
Simul_+30deg,30,323.27999878,36.71998215,-90.00000000,2.44477081
Simul_+30deg,30,323.63998413,36.36000443,-90.00000000,2.45453310
Simul_+30deg,30,323.99996948,36.00000381,-90.00000000,2.46556640
Simul_+30deg,30,324.35998535,35.63999557,-90.00000000,2.45542741
Simul_+30deg,30,324.72000122,35.27999115,-90.00000000,2.44630718
Simul_+30deg,30,325.07998657,34.91998672,-90.00000000,2.43821192
Simul_+30deg,30,325.43997192,34.56000900,-90.00000000,2.43114662
Simul_+30deg,30,325.79998779,34.20000076,-90.00000000,2.42511749
Simul_+30deg,30,326.15997314,33.83999634,-90.00000000,2.42007756
Simul_+30deg,30,326.51998901,33.47999191,-90.00000000,2.41624594
Simul_+30deg,30,326.88000488,33.11998367,-90.00000000,2.41377306
Simul_+30deg,30,327.23995972,32.76000214,-90.00000000,2.41266203
Simul_+30deg,30,327.59997559,32.40000534,-90.00000000,2.41291428
Simul_+30deg,30,327.95999146,32.03999710,-90.00000000,2.41452861
Simul_+30deg,30,328.31997681,31.67999268,-90.00000000,2.42886162
Simul_+30deg,30,328.67999268,31.31998444,-90.00000000,2.44616914
Simul_+30deg,30,329.03997803,30.96000671,-90.00000000,2.46502662
Simul_+30deg,30,329.39999390,30.60000420,-90.00000000,2.48541331
Simul_+30deg,30,329.75997925,30.23999786,-90.00000000,2.50730872
Simul_+30deg,30,330.11999512,29.87998581,-90.00000000,2.53263378
Simul_+30deg,30,330.47998047,29.52001190,-90.00000000,2.56315804
Simul_+30deg,30,330.83996582,29.16000557,-90.00000000,2.59489799
Simul_+30deg,30,331.19998169,28.80000305,-90.00000000,2.62782001
Simul_+30deg,30,331.55999756,28.43999672,-90.00000000,2.66189814
Simul_+30deg,30,331.91998291,28.07998657,-90.00000000,2.69710302
Simul_+30deg,30,332.27996826,27.72001266,-90.00000000,2.72560477
Simul_+30deg,30,332.63998413,27.36000633,-90.00000000,2.75276923
Simul_+30deg,30,332.99996948,26.99999809,-90.00000000,2.78077865
Simul_+30deg,30,333.35998535,26.63999557,-90.00000000,2.80961561
Simul_+30deg,30,333.72000122,26.27998543,-90.00000000,2.83926439
Simul_+30deg,30,334.07995605,25.92000771,-90.00000000,2.86563516
Simul_+30deg,30,334.43997192,25.56000137,-90.00000000,2.87854052
Simul_+30deg,30,334.79998779,25.19999886,-90.00000000,2.89220572
Simul_+30deg,30,335.15997314,24.83999062,-90.00000000,2.90662479
Simul_+30deg,30,335.51998901,24.47998619,-90.00000000,2.92178726
Simul_+30deg,30,335.87997437,24.12000656,-90.00000000,2.93768692
Simul_+30deg,30,336.23999023,23.76000595,-90.00000000,2.94491482
Simul_+30deg,30,336.59997559,23.39999390,-90.00000000,2.94827580
Simul_+30deg,30,336.95999146,23.03999329,-90.00000000,2.95249343
Simul_+30deg,30,337.32000732,22.67998886,-90.00000000,2.95756459
Simul_+30deg,30,337.67996216,22.32000923,-90.00000000,2.96348596
Simul_+30deg,30,338.03997803,21.96000481,-90.00000000,2.96967292
Simul_+30deg,30,338.39999390,21.59999657,-90.00000000,2.97212029
Simul_+30deg,30,338.75997925,21.23999405,-90.00000000,2.97551823
Simul_+30deg,30,339.11999512,20.87998390,-90.00000000,2.97986484
Simul_+30deg,30,339.47998047,20.52000618,-90.00000000,2.98515654
Simul_+30deg,30,339.83996582,20.16000557,-90.00000000,2.99139214
Simul_+30deg,30,340.19998169,19.79999924,-90.00000000,2.99661112
Simul_+30deg,30,340.55999756,19.43998718,-90.00000000,3.00110555
Simul_+30deg,30,340.91998291,19.07998276,-90.00000000,3.00640798
Simul_+30deg,30,341.27996826,18.72000694,-90.00000000,3.01251531
Simul_+30deg,30,341.63998413,18.36000061,-90.00000000,3.01942396
Simul_+30deg,30,341.99996948,17.99999428,-90.00000000,3.02713037
Simul_+30deg,30,342.35998535,17.63998985,-90.00000000,3.02196050
Simul_+30deg,30,342.71997070,17.28000641,-90.00000000,3.01735353
Simul_+30deg,30,343.07998657,16.92000771,-90.00000000,3.01331043
Simul_+30deg,30,343.43997192,16.56000137,-90.00000000,3.00983310
Simul_+30deg,30,343.79998779,16.19999313,-90.00000000,3.00692415
Simul_+30deg,30,344.16000366,15.83998680,-90.00000000,2.99155259
Simul_+30deg,30,344.51995850,15.48001671,-90.00000000,2.96039295
Simul_+30deg,30,344.87997437,15.12000275,-90.00000000,2.92970562
Simul_+30deg,30,345.23999023,14.75999737,-90.00000000,2.89951038
Simul_+30deg,30,345.59997559,14.39999866,-90.00000000,2.86981630
Simul_+30deg,30,345.95999146,14.03999138,-90.00000000,2.84063387
Simul_+30deg,30,346.31997681,13.68000603,-90.00000000,2.77532053
Simul_+30deg,30,346.67996216,13.32001305,-90.00000000,2.70589781
Simul_+30deg,30,347.03997803,12.95999718,-90.00000000,2.63698244
Simul_+30deg,30,347.39999390,12.59998798,-90.00000000,2.56862164
Simul_+30deg,30,347.75997925,12.23998928,-90.00000000,2.50086069
Simul_+30deg,30,348.11996460,11.88000298,-90.00000000,2.41915274
Simul_+30deg,30,348.47998047,11.51999664,-90.00000000,2.30878377
Simul_+30deg,30,348.83996582,11.15999031,-90.00000000,2.19895601
Simul_+30deg,30,349.19998169,10.79998875,-90.00000000,2.08978653
Simul_+30deg,30,349.55999756,10.43999195,-90.00000000,1.98139894
Simul_+30deg,30,349.91998291,10.08000946,-90.00000000,1.87392533
Simul_+30deg,30,350.27996826,9.72000504,-90.00000000,1.73931575
Simul_+30deg,30,350.63998413,9.36000347,-90.00000000,1.59759891
Simul_+30deg,30,351.00000000,8.99999142,-90.00000000,1.45703554
Simul_+30deg,30,351.35998535,8.63999653,-90.00000000,1.31791019
Simul_+30deg,30,351.71997070,8.28000641,-90.00000000,1.18050992
Simul_+30deg,30,352.07998657,7.92000675,-90.00000000,1.04065192
Simul_+30deg,30,352.43997192,7.56000662,-90.00000000,0.88740039
Simul_+30deg,30,352.79998779,7.19998980,-90.00000000,0.73689932
Simul_+30deg,30,353.16000366,6.83999729,-90.00000000,0.58965695
Simul_+30deg,30,353.51995850,6.48001719,-90.00000000,0.44619530
Simul_+30deg,30,353.87997437,6.12000370,-90.00000000,0.30705214
Simul_+30deg,30,354.23999023,5.76000357,-90.00000000,0.17294495
Simul_+30deg,30,354.59997559,5.40000391,-90.00000000,0.04450524
Simul_+30deg,30,354.95999146,5.03998899,-90.00000000,-0.07767300
Simul_+30deg,30,355.31997681,4.68002319,-90.00000000,-0.19291593
Simul_+30deg,30,355.67999268,4.32001114,-90.00000000,-0.30059639
Simul_+30deg,30,356.03997803,3.95997524,-90.00000000,-0.39811116
Simul_+30deg,30,356.39999390,3.59999967,-90.00000000,-0.47175142
Simul_+30deg,30,356.75997925,3.24002767,-90.00000000,-0.53699827
Simul_+30deg,30,357.11996460,2.87997603,-90.00000000,-0.59346312
Simul_+30deg,30,357.47998047,2.52002597,-90.00000000,-0.64075941
Simul_+30deg,30,357.83999634,2.16002965,-90.00000000,-0.67859977
Simul_+30deg,30,358.19998169,1.79994082,-90.00000000,-0.69546402
Simul_+30deg,30,358.55996704,1.44007802,-90.00000000,-0.69581401
Simul_+30deg,30,358.91998291,1.07992160,-90.00000000,-0.68932545
Simul_+30deg,30,359.27996826,0.72009277,-90.00000000,-0.67603993
Simul_+30deg,30,359.63998413,0.35990870,-90.00000000,-0.65599376
Simul_+45deg,45,0.00000000,0.00000000,90.00000000,-10.32633400
Simul_+45deg,45,0.35999998,0.35990870,90.00000000,-10.61359501
Simul_+45deg,45,0.71999997,0.72009277,90.00000000,-10.89813232
Simul_+45deg,45,1.07999992,1.07992160,90.00000000,-11.17745972
Simul_+45deg,45,1.43999994,1.43994224,90.00000000,-11.44969082
Simul_+45deg,45,1.79999995,1.80004954,90.00000000,-11.71205902
Simul_+45deg,45,2.15999985,2.16002965,90.00000000,-12.00820541
Simul_+45deg,45,2.51999998,2.52002597,90.00000000,-12.35785103
Simul_+45deg,45,2.87999988,2.87997603,90.00000000,-12.70380878
Simul_+45deg,45,3.23999977,3.24002767,90.00000000,-13.04275703
Simul_+45deg,45,3.59999990,3.59999967,90.00000000,-13.37033844
Simul_+45deg,45,3.95999956,3.95997524,90.00000000,-13.68169022
Simul_+45deg,45,4.31999969,4.32001114,90.00000000,-14.06554794
Simul_+45deg,45,4.67999983,4.67998075,90.00000000,-14.45310020
Simul_+45deg,45,5.03999996,5.03998899,90.00000000,-14.82813454
Simul_+45deg,45,5.39999962,5.40000391,90.00000000,-15.18374062
Simul_+45deg,45,5.75999975,5.76000357,90.00000000,-15.51181602
Simul_+45deg,45,6.11999989,6.12000370,90.00000000,-15.82975006
Simul_+45deg,45,6.47999954,6.47998667,90.00000000,-16.17092896
Simul_+45deg,45,6.83999968,6.83999729,90.00000000,-16.48222542
Simul_+45deg,45,7.19999981,7.19998980,90.00000000,-16.75468636
Simul_+45deg,45,7.55999947,7.56000662,90.00000000,-16.97917938
Simul_+45deg,45,7.91999912,7.92000675,90.00000000,-17.14704132
Simul_+45deg,45,8.27999973,8.28000641,90.00000000,-17.30105591
Simul_+45deg,45,8.63999939,8.63999653,90.00000000,-17.41968155
Simul_+45deg,45,9.00000000,8.99999142,90.00000000,-17.48700333
Simul_+45deg,45,9.35999966,9.36000347,90.00000000,-17.50057602
Simul_+45deg,45,9.72000027,9.72000504,90.00000000,-17.45989418
Simul_+45deg,45,10.07999992,10.07999039,90.00000000,-17.37711716
Simul_+45deg,45,10.43999863,10.43999195,90.00000000,-17.28743744
Simul_+45deg,45,10.79999924,10.80000591,90.00000000,-17.15988350
Simul_+45deg,45,11.15999889,11.15999031,90.00000000,-16.99775887
Simul_+45deg,45,11.51999950,11.51999664,90.00000000,-16.80490303
Simul_+45deg,45,11.87999916,11.88000298,90.00000000,-16.58550072
Simul_+45deg,45,12.23999977,12.24000549,90.00000000,-16.38354301
Simul_+45deg,45,12.59999943,12.60000420,90.00000000,-16.17990494
Simul_+45deg,45,12.95999908,12.95999718,90.00000000,-15.95743752
Simul_+45deg,45,13.31999969,13.31999779,90.00000000,-15.71935081
Simul_+45deg,45,13.67999935,13.68000603,90.00000000,-15.46866417
Simul_+45deg,45,14.03999901,14.04000568,90.00000000,-15.21880245
Simul_+45deg,45,14.39999962,14.39999866,90.00000000,-15.03979492
Simul_+45deg,45,14.75999832,14.75999737,90.00000000,-14.84343719
Simul_+45deg,45,15.11999893,15.12000275,90.00000000,-14.63229752
Simul_+45deg,45,15.47999954,15.48000336,90.00000000,-14.40884781
Simul_+45deg,45,15.83999825,15.84000015,90.00000000,-14.17539406
Simul_+45deg,45,16.19999886,16.19999313,90.00000000,-13.99664116
Simul_+45deg,45,16.55999947,16.56000137,90.00000000,-13.84826851
Simul_+45deg,45,16.92000008,16.91999626,90.00000000,-13.67868900
Simul_+45deg,45,17.27999878,17.27999496,90.00000000,-13.49047565
Simul_+45deg,45,17.63999939,17.64000320,90.00000000,-13.28622246
Simul_+45deg,45,18.00000000,17.99999428,90.00000000,-13.06847000
Simul_+45deg,45,18.35999870,18.36000061,90.00000000,-12.92675495
Simul_+45deg,45,18.71999931,18.71999741,90.00000000,-12.75742435
Simul_+45deg,45,19.07999992,19.08000183,90.00000000,-12.56374741
Simul_+45deg,45,19.44000053,19.43999863,90.00000000,-12.34913635
Simul_+45deg,45,19.79999924,19.79999924,90.00000000,-12.11694527
Simul_+45deg,45,20.15999985,20.15999603,90.00000000,-11.89437962
Simul_+45deg,45,20.51999855,20.51999664,90.00000000,-11.68020058
Simul_+45deg,45,20.87999725,20.88000298,90.00000000,-11.44429207
Simul_+45deg,45,21.23999786,21.24000168,90.00000000,-11.19056320
Simul_+45deg,45,21.59999847,21.59999657,90.00000000,-10.92266655
Simul_+45deg,45,21.95999908,21.95999527,90.00000000,-10.64391518
Simul_+45deg,45,22.31999779,22.31999969,90.00000000,-10.40746593
Simul_+45deg,45,22.67999840,22.67999649,90.00000000,-10.16514015
Simul_+45deg,45,23.03999901,23.04000282,90.00000000,-9.91285801
Simul_+45deg,45,23.39999771,23.39999390,90.00000000,-9.65300751
Simul_+45deg,45,23.75999832,23.75999641,90.00000000,-9.38766479
Simul_+45deg,45,24.11999893,24.11999702,90.00000000,-9.15585518
Simul_+45deg,45,24.47999954,24.48000336,90.00000000,-8.99285412
Simul_+45deg,45,24.83999825,24.84000015,90.00000000,-8.82361221
Simul_+45deg,45,25.19999886,25.19999886,90.00000000,-8.64905548
Simul_+45deg,45,25.55999947,25.56000137,90.00000000,-8.47005272
Simul_+45deg,45,25.91999817,25.92000008,90.00000000,-8.28740692
Simul_+45deg,45,26.27999878,26.28000259,90.00000000,-8.23133755
Simul_+45deg,45,26.63999939,26.63999557,90.00000000,-8.20795441
Simul_+45deg,45,27.00000000,26.99999809,90.00000000,-8.18011951
Simul_+45deg,45,27.35999870,27.35999870,90.00000000,-8.14791775
Simul_+45deg,45,27.71999931,27.71999931,90.00000000,-8.11144924
Simul_+45deg,45,28.07999802,28.08000183,90.00000000,-8.11109734
Simul_+45deg,45,28.43999863,28.43999672,90.00000000,-8.25034046
Simul_+45deg,45,28.79999924,28.80000305,90.00000000,-8.38986492
Simul_+45deg,45,29.15999794,29.15999794,90.00000000,-8.52953720
Simul_+45deg,45,29.51999664,29.51999664,90.00000000,-8.66922855
Simul_+45deg,45,29.87999916,29.88000298,90.00000000,-8.80878830
Simul_+45deg,45,30.23999786,30.23999786,90.00000000,-9.02482986
Simul_+45deg,45,30.59999657,30.59999657,90.00000000,-9.28181744
Simul_+45deg,45,30.95999908,30.95999908,90.00000000,-9.54162407
Simul_+45deg,45,31.31999779,31.31999779,90.00000000,-9.80377388
Simul_+45deg,45,31.67999649,31.67999268,90.00000000,-10.06768703
Simul_+45deg,45,32.03999710,32.03999710,90.00000000,-10.32546902
Simul_+45deg,45,32.39999771,32.39999771,90.00000000,-10.51820850
Simul_+45deg,45,32.75999832,32.75999832,90.00000000,-10.69532490
Simul_+45deg,45,33.11999893,33.11999893,90.00000000,-10.85447502
Simul_+45deg,45,33.47999573,33.47999573,90.00000000,-10.99335575
Simul_+45deg,45,33.84000015,33.83999634,90.00000000,-11.10977745
Simul_+45deg,45,34.19999695,34.20000076,90.00000000,-11.09862328
Simul_+45deg,45,34.55999756,34.56000137,90.00000000,-10.98640919
Simul_+45deg,45,34.91999817,34.92000198,90.00000000,-10.85872459
Simul_+45deg,45,35.27999878,35.27999878,90.00000000,-10.71698189
Simul_+45deg,45,35.63999557,35.63999557,90.00000000,-10.56263065
Simul_+45deg,45,36.00000000,36.00000000,90.00000000,-10.39712906
Simul_+45deg,45,36.35999680,36.36000061,90.00000000,-10.20529556
Simul_+45deg,45,36.71999741,36.71999359,90.00000000,-10.01625156
Simul_+45deg,45,37.07999802,37.07999420,90.00000000,-9.82998371
Simul_+45deg,45,37.43999863,37.43999481,90.00000000,-9.64648628
Simul_+45deg,45,37.79999542,37.79999161,90.00000000,-9.46573162
Simul_+45deg,45,38.15999985,38.15999985,90.00000000,-9.35024452
Simul_+45deg,45,38.51999664,38.51999664,90.00000000,-9.30725861
Simul_+45deg,45,38.88000107,38.88000107,90.00000000,-9.25557518
Simul_+45deg,45,39.23999786,39.23999786,90.00000000,-9.19550800
Simul_+45deg,45,39.59999847,39.59999847,90.00000000,-9.12740612
Simul_+45deg,45,39.95999908,39.95999527,90.00000000,-9.05165768
Simul_+45deg,45,40.31999969,40.31999969,90.00000000,-9.10867023
Simul_+45deg,45,40.67999649,40.67999649,90.00000000,-9.15458202
Simul_+45deg,45,41.03999710,41.03999710,90.00000000,-9.16971302
Simul_+45deg,45,41.39999771,41.39999390,90.00000000,-9.15374088
Simul_+45deg,45,41.75999451,41.75999451,90.00000000,-9.10700607
Simul_+45deg,45,42.11999893,42.11999893,90.00000000,-9.05488873
Simul_+45deg,45,42.47999573,42.47999573,90.00000000,-9.00547218
Simul_+45deg,45,42.83999634,42.83999634,90.00000000,-8.90309715
Simul_+45deg,45,43.19999695,43.19999695,90.00000000,-8.75141811
Simul_+45deg,45,43.55999756,43.55999756,90.00000000,-8.55548286
Simul_+45deg,45,43.91999817,43.91999817,90.00000000,-8.32123756
Simul_+45deg,45,44.27999878,44.27999878,90.00000000,-8.06779194
Simul_+45deg,45,44.63999557,44.63999557,90.00000000,-7.78514481
Simul_+45deg,45,45.00000000,45.00000000,90.00000000,-7.47573328
Simul_+45deg,45,45.35999680,45.35999680,90.00000000,-7.14611053
Simul_+45deg,45,45.71999741,45.71999741,90.00000000,-6.80206966
Simul_+45deg,45,46.07999802,46.07999802,90.00000000,-6.46447468
Simul_+45deg,45,46.43999863,46.43999863,90.00000000,-6.17522669
Simul_+45deg,45,46.79999542,46.79999542,90.00000000,-5.88024712
Simul_+45deg,45,47.15999985,47.15999985,90.00000000,-5.58182192
Simul_+45deg,45,47.51999664,47.52000046,90.00000000,-5.28186035
Simul_+45deg,45,47.87999725,47.87999725,90.00000000,-4.98195171
Simul_+45deg,45,48.23999786,48.23999786,90.00000000,-4.76263285
Simul_+45deg,45,48.59999847,48.59999847,90.00000000,-4.58104706
Simul_+45deg,45,48.95999908,48.96000290,90.00000000,-4.39735365
Simul_+45deg,45,49.31999588,49.31999588,90.00000000,-4.21212244
Simul_+45deg,45,49.67999649,49.67999649,90.00000000,-4.02584171
Simul_+45deg,45,50.03999710,50.03999710,90.00000000,-3.85230255
Simul_+45deg,45,50.39999771,50.39999771,90.00000000,-3.78374314
Simul_+45deg,45,50.75999451,50.75999832,90.00000000,-3.71251011
Simul_+45deg,45,51.11999893,51.11999893,90.00000000,-3.63875413
Simul_+45deg,45,51.47999573,51.47999573,90.00000000,-3.56262016
Simul_+45deg,45,51.83999634,51.84000015,90.00000000,-3.48425031
Simul_+45deg,45,52.19999695,52.19999695,90.00000000,-3.44917536
Simul_+45deg,45,52.55999756,52.55999756,90.00000000,-3.44825625
Simul_+45deg,45,52.91999435,52.91999817,90.00000000,-3.44515276
Simul_+45deg,45,53.27999878,53.27999878,90.00000000,-3.43986726
Simul_+45deg,45,53.63999557,53.63999557,90.00000000,-3.43240833
Simul_+45deg,45,54.00000000,54.00000000,90.00000000,-3.42278743
Simul_+45deg,45,54.35999680,54.35999680,90.00000000,-3.44085312
Simul_+45deg,45,54.71999741,54.71999741,90.00000000,-3.45728993
Simul_+45deg,45,55.07999802,55.07999802,90.00000000,-3.47208142
Simul_+45deg,45,55.43999863,55.43999863,90.00000000,-3.48520660
Simul_+45deg,45,55.79999542,55.79999924,90.00000000,-3.49665427
Simul_+45deg,45,56.15999603,56.15999603,90.00000000,-3.50229979
Simul_+45deg,45,56.51999664,56.51999664,90.00000000,-3.50165367
Simul_+45deg,45,56.87999725,56.87999725,90.00000000,-3.50006437
Simul_+45deg,45,57.23999786,57.23999786,90.00000000,-3.49753165
Simul_+45deg,45,57.59999847,57.59999847,90.00000000,-3.49405789
Simul_+45deg,45,57.95999908,57.95999908,90.00000000,-3.48964548
Simul_+45deg,45,58.31999588,58.31999588,90.00000000,-3.46551609
Simul_+45deg,45,58.67999649,58.67999649,90.00000000,-3.43876863
Simul_+45deg,45,59.03999329,59.03999329,90.00000000,-3.41179609
Simul_+45deg,45,59.39999390,59.39999390,90.00000000,-3.38460302
Simul_+45deg,45,59.75999832,59.75999832,90.00000000,-3.35719371
Simul_+45deg,45,60.11999893,60.11999893,90.00000000,-3.32530212
Simul_+45deg,45,60.47999573,60.47999573,90.00000000,-3.28466439
Simul_+45deg,45,60.83999634,60.83999634,90.00000000,-3.24383759
Simul_+45deg,45,61.19999313,61.19999313,90.00000000,-3.20283079
Simul_+45deg,45,61.56000137,61.56000137,90.00000000,-3.16165185
Simul_+45deg,45,61.91999817,61.91999817,90.00000000,-3.12031078
Simul_+45deg,45,62.27999878,62.27999878,90.00000000,-3.08236504
Simul_+45deg,45,62.63999557,62.63999557,90.00000000,-3.04481649
Simul_+45deg,45,62.99999619,62.99999619,90.00000000,-3.00661063
Simul_+45deg,45,63.35999298,63.35999298,90.00000000,-2.96776557
Simul_+45deg,45,63.71999741,63.71999741,90.00000000,-2.92830133
Simul_+45deg,45,64.07999420,64.07999420,90.00000000,-2.89340544
Simul_+45deg,45,64.43999481,64.43999481,90.00000000,-2.87574911
Simul_+45deg,45,64.79999542,64.79999542,90.00000000,-2.85709405
Simul_+45deg,45,65.15999603,65.15999603,90.00000000,-2.83745646
Simul_+45deg,45,65.51999664,65.51999664,90.00000000,-2.81684899
Simul_+45deg,45,65.87999725,65.87999725,90.00000000,-2.79528570
Simul_+45deg,45,66.23999786,66.23999786,90.00000000,-2.79651999
Simul_+45deg,45,66.59999847,66.59999847,90.00000000,-2.80877495
Simul_+45deg,45,66.95999146,66.95999146,90.00000000,-2.82019496
Simul_+45deg,45,67.31999207,67.31999207,90.00000000,-2.83077288
Simul_+45deg,45,67.68000031,67.68000031,90.00000000,-2.84050202
Simul_+45deg,45,68.04000092,68.04000092,90.00000000,-2.85337687
Simul_+45deg,45,68.39999390,68.39999390,90.00000000,-2.89772248
Simul_+45deg,45,68.75999451,68.75999451,90.00000000,-2.94180107
Simul_+45deg,45,69.11999512,69.11999512,90.00000000,-2.98559690
Simul_+45deg,45,69.47999573,69.47999573,90.00000000,-3.02910042
Simul_+45deg,45,69.83999634,69.83999634,90.00000000,-3.07229733
Simul_+45deg,45,70.19999695,70.19999695,90.00000000,-3.12896490
Simul_+45deg,45,70.55999756,70.55999756,90.00000000,-3.19683886
Simul_+45deg,45,70.91999817,70.91999817,90.00000000,-3.26501989
Simul_+45deg,45,71.27999115,71.27999115,90.00000000,-3.33350754
Simul_+45deg,45,71.63999939,71.63999939,90.00000000,-3.40229774
Simul_+45deg,45,72.00000000,72.00000000,90.00000000,-3.47138834
Simul_+45deg,45,72.36000061,72.36000061,90.00000000,-3.54998326
Simul_+45deg,45,72.71999359,72.71999359,90.00000000,-3.62915015
Simul_+45deg,45,73.07999420,73.07999420,90.00000000,-3.70889568
Simul_+45deg,45,73.43999481,73.43999481,90.00000000,-3.78922486
Simul_+45deg,45,73.79999542,73.79999542,90.00000000,-3.87014532
Simul_+45deg,45,74.15999603,74.15999603,90.00000000,-3.95132661
Simul_+45deg,45,74.51999664,74.51999664,90.00000000,-4.03264618
Simul_+45deg,45,74.87999725,74.87999725,90.00000000,-4.11449480
Simul_+45deg,45,75.23999023,75.23999023,90.00000000,-4.19687080
Simul_+45deg,45,75.59999084,75.59999084,90.00000000,-4.27977514
Simul_+45deg,45,75.95999908,75.95999908,90.00000000,-4.36321354
Simul_+45deg,45,76.31999969,76.31999969,90.00000000,-4.44601107
Simul_+45deg,45,76.67999268,76.67999268,90.00000000,-4.52890778
Simul_+45deg,45,77.03999329,77.03999329,90.00000000,-4.61201048
Simul_+45deg,45,77.39999390,77.39999390,90.00000000,-4.69530535
Simul_+45deg,45,77.76000214,77.76000214,90.00000000,-4.77877092
Simul_+45deg,45,78.11999512,78.11999512,90.00000000,-4.86242247
Simul_+45deg,45,78.47999573,78.47999573,90.00000000,-4.94577837
Simul_+45deg,45,78.83999634,78.83999634,90.00000000,-5.02844048
Simul_+45deg,45,79.19999695,79.19999695,90.00000000,-5.11034203
Simul_+45deg,45,79.55998993,79.55998993,90.00000000,-5.19140530
Simul_+45deg,45,79.91999817,79.91999817,90.00000000,-5.27155972
Simul_+45deg,45,80.27999878,80.27999878,90.00000000,-5.34452391
Simul_+45deg,45,80.63999939,80.63999939,90.00000000,-5.41310024
Simul_+45deg,45,80.99999237,80.99999237,90.00000000,-5.47871161
Simul_+45deg,45,81.35999298,81.35999298,90.00000000,-5.54120970
Simul_+45deg,45,81.72000122,81.72000122,90.00000000,-5.60044289
Simul_+45deg,45,82.07999420,82.07999420,90.00000000,-5.65082788
Simul_+45deg,45,82.43999481,82.43999481,90.00000000,-5.67717361
Simul_+45deg,45,82.79999542,82.79999542,90.00000000,-5.69744015
Simul_+45deg,45,83.15999603,83.15999603,90.00000000,-5.71154165
Simul_+45deg,45,83.51998901,83.51998901,90.00000000,-5.71941853
Simul_+45deg,45,83.87999725,83.87999725,90.00000000,-5.72103500
Simul_+45deg,45,84.23999786,84.23999786,90.00000000,-5.69322634
Simul_+45deg,45,84.59999847,84.59999847,90.00000000,-5.64646435
Simul_+45deg,45,84.95999146,84.95999146,90.00000000,-5.59232807
Simul_+45deg,45,85.31999207,85.31999207,90.00000000,-5.53109646
Simul_+45deg,45,85.67999268,85.67999268,90.00000000,-5.46307468
Simul_+45deg,45,86.04000092,86.04000092,90.00000000,-5.38583994
Simul_+45deg,45,86.39999390,86.39999390,90.00000000,-5.28037596
Simul_+45deg,45,86.75999451,86.75999451,90.00000000,-5.16905260
Simul_+45deg,45,87.11999512,87.11999512,90.00000000,-5.05237532
Simul_+45deg,45,87.47999573,87.47999573,90.00000000,-4.93084240
Simul_+45deg,45,87.83999634,87.83999634,90.00000000,-4.80492544
Simul_+45deg,45,88.19999695,88.19999695,90.00000000,-4.66973448
Simul_+45deg,45,88.55999756,88.55999756,90.00000000,-4.52632475
Simul_+45deg,45,88.91999817,88.91999817,90.00000000,-4.37938547
Simul_+45deg,45,89.27999115,89.27999115,90.00000000,-4.22941065
Simul_+45deg,45,89.63999176,89.63999176,90.00000000,-4.07686758
Simul_+45deg,45,90.00000000,90.00000000,90.00000000,-3.92219901
Simul_+45deg,45,90.35999298,90.35999298,90.00000000,-3.75822687
Simul_+45deg,45,90.71999359,90.71999359,90.00000000,-3.59171677
Simul_+45deg,45,91.07999420,91.07999420,90.00000000,-3.42316985
Simul_+45deg,45,91.43999481,91.43999481,90.00000000,-3.25305676
Simul_+45deg,45,91.79999542,91.79999542,90.00000000,-3.08178234
Simul_+45deg,45,92.15999603,92.15999603,90.00000000,-2.90500140
Simul_+45deg,45,92.51999664,92.51999664,90.00000000,-2.72117472
Simul_+45deg,45,92.87999725,92.87999725,90.00000000,-2.53642344
Simul_+45deg,45,93.23999023,93.23999023,90.00000000,-2.35117579
Simul_+45deg,45,93.59999084,93.59999084,90.00000000,-2.16579556
Simul_+45deg,45,93.95999908,93.95999908,90.00000000,-1.98062658
Simul_+45deg,45,94.31999969,94.31999969,90.00000000,-1.79632366
Simul_+45deg,45,94.67999268,94.67999268,90.00000000,-1.61231947
Simul_+45deg,45,95.03999329,95.03999329,90.00000000,-1.42881346
Simul_+45deg,45,95.39999390,95.39999390,90.00000000,-1.24605143
Simul_+45deg,45,95.75999451,95.75999451,90.00000000,-1.06426227
Simul_+45deg,45,96.11999512,96.11999512,90.00000000,-0.89326113
Simul_+45deg,45,96.47999573,96.47999573,90.00000000,-0.74220181
Simul_+45deg,45,96.83999634,96.83999634,90.00000000,-0.59161258
Simul_+45deg,45,97.19999695,97.19999695,90.00000000,-0.44162238
Simul_+45deg,45,97.55998993,97.55998993,90.00000000,-0.29233241
Simul_+45deg,45,97.91999817,97.91999817,90.00000000,-0.14385107
Simul_+45deg,45,98.27999878,98.27999878,90.00000000,-0.03781974
Simul_+45deg,45,98.63999176,98.63999176,90.00000000,0.05631835
Simul_+45deg,45,98.99999237,98.99999237,90.00000000,0.15050869
Simul_+45deg,45,99.35999298,99.35999298,90.00000000,0.24470535
Simul_+45deg,45,99.71999359,99.71999359,90.00000000,0.33885926
Simul_+45deg,45,100.07999420,100.07999420,90.00000000,0.42143822
Simul_+45deg,45,100.43999481,100.43999481,90.00000000,0.46391249
Simul_+45deg,45,100.79999542,100.79999542,90.00000000,0.50668448
Simul_+45deg,45,101.15999603,101.15999603,90.00000000,0.54973871
Simul_+45deg,45,101.51998901,101.51998901,90.00000000,0.59306723
Simul_+45deg,45,101.87999725,101.87999725,90.00000000,0.63665503
Simul_+45deg,45,102.23999786,102.23999786,90.00000000,0.67087424
Simul_+45deg,45,102.59999847,102.59999847,90.00000000,0.70092654
Simul_+45deg,45,102.95999146,102.95999146,90.00000000,0.73168153
Simul_+45deg,45,103.31999207,103.31999207,90.00000000,0.76312488
Simul_+45deg,45,103.67999268,103.67999268,90.00000000,0.79523772
Simul_+45deg,45,104.03999329,104.03999329,90.00000000,0.83221889
Simul_+45deg,45,104.39999390,104.39999390,90.00000000,0.90373760
Simul_+45deg,45,104.75999451,104.75999451,90.00000000,0.97620535
Simul_+45deg,45,105.11999512,105.11999512,90.00000000,1.04955232
Simul_+45deg,45,105.47999573,105.47999573,90.00000000,1.12371969
Simul_+45deg,45,105.83998871,105.83998871,90.00000000,1.19864094
Simul_+45deg,45,106.19999695,106.19999695,90.00000000,1.30621219
Simul_+45deg,45,106.55999756,106.55999756,90.00000000,1.43898010
Simul_+45deg,45,106.91999054,106.91999054,90.00000000,1.57102811
Simul_+45deg,45,107.27999115,107.27999115,90.00000000,1.70231080
Simul_+45deg,45,107.63999176,107.63999176,90.00000000,1.83276832
Simul_+45deg,45,108.00000000,108.00000000,90.00000000,1.96237183
Simul_+45deg,45,108.35999298,108.35999298,90.00000000,2.11451674
Simul_+45deg,45,108.71999359,108.71999359,90.00000000,2.26551795
Simul_+45deg,45,109.07999420,109.07999420,90.00000000,2.41531634
Simul_+45deg,45,109.43999481,109.43999481,90.00000000,2.56384945
Simul_+45deg,45,109.79998779,109.79998779,90.00000000,2.71108651
Simul_+45deg,45,110.15999603,110.15999603,90.00000000,2.84372044
Simul_+45deg,45,110.51999664,110.51999664,90.00000000,2.96042109
Simul_+45deg,45,110.87999725,110.87999725,90.00000000,3.07838559
Simul_+45deg,45,111.23999023,111.23999023,90.00000000,3.19743848
Simul_+45deg,45,111.59999084,111.59999084,90.00000000,3.31740022
Simul_+45deg,45,111.95999908,111.95999908,90.00000000,3.43811464
Simul_+45deg,45,112.31999207,112.31999207,90.00000000,3.50199270
Simul_+45deg,45,112.67999268,112.67999268,90.00000000,3.56205320
Simul_+45deg,45,113.03999329,113.03999329,90.00000000,3.62549591
Simul_+45deg,45,113.39999390,113.39999390,90.00000000,3.69215846
Simul_+45deg,45,113.75999451,113.75999451,90.00000000,3.76188302
Simul_+45deg,45,114.11999512,114.11999512,90.00000000,3.81142759
Simul_+45deg,45,114.47999573,114.47999573,90.00000000,3.81804657
Simul_+45deg,45,114.83999634,114.83999634,90.00000000,3.82809663
Simul_+45deg,45,115.19999695,115.19999695,90.00000000,3.84155703
Simul_+45deg,45,115.55998993,115.55998993,90.00000000,3.85839248
Simul_+45deg,45,115.91999817,115.91999817,90.00000000,3.87856698
Simul_+45deg,45,116.27999115,116.27999115,90.00000000,3.86813354
Simul_+45deg,45,116.63999176,116.63999176,90.00000000,3.85017729
Simul_+45deg,45,117.00000000,117.00000000,90.00000000,3.83426952
Simul_+45deg,45,117.35999298,117.35999298,90.00000000,3.82043481
Simul_+45deg,45,117.72000122,117.72000122,90.00000000,3.80869102
Simul_+45deg,45,118.07998657,118.07998657,90.00000000,3.79865408
Simul_+45deg,45,118.43999481,118.43999481,90.00000000,3.78858376
Simul_+45deg,45,118.79998779,118.79998779,90.00000000,3.77941608
Simul_+45deg,45,119.15999603,119.15999603,90.00000000,3.77115679
Simul_+45deg,45,119.51999664,119.51999664,90.00000000,3.76380968
Simul_+45deg,45,119.87998962,119.87998962,90.00000000,3.75738168
Simul_+45deg,45,120.23999786,120.23999786,90.00000000,3.77031898
Simul_+45deg,45,120.59999084,120.59999084,90.00000000,3.79306459
Simul_+45deg,45,120.95999146,120.95999146,90.00000000,3.81632376
Simul_+45deg,45,121.31999969,121.31999969,90.00000000,3.84008646
Simul_+45deg,45,121.67999268,121.67999268,90.00000000,3.86434412
Simul_+45deg,45,122.03999329,122.03999329,90.00000000,3.89151621
Simul_+45deg,45,122.39998627,122.39998627,90.00000000,3.93886590
Simul_+45deg,45,122.75999451,122.75999451,90.00000000,3.98714161
Simul_+45deg,45,123.12000275,123.12000275,90.00000000,4.03630257
Simul_+45deg,45,123.47998810,123.47998810,90.00000000,4.08631372
Simul_+45deg,45,123.83999634,123.83999634,90.00000000,4.13714123
Simul_+45deg,45,124.19998932,124.19998932,90.00000000,4.18186522
Simul_+45deg,45,124.55999756,124.55999756,90.00000000,4.22308159
Simul_+45deg,45,124.91998291,124.91998291,90.00000000,4.26658726
Simul_+45deg,45,125.27999115,125.27999115,90.00000000,4.31231546
Simul_+45deg,45,125.63999939,125.63999939,90.00000000,4.36018753
Simul_+45deg,45,125.99999237,125.99999237,90.00000000,4.41012716
Simul_+45deg,45,126.35999298,126.35999298,90.00000000,4.41521597
Simul_+45deg,45,126.71998596,126.71998596,90.00000000,4.42372274
Simul_+45deg,45,127.07999420,127.07999420,90.00000000,4.43562841
Simul_+45deg,45,127.43999481,127.43999481,90.00000000,4.45090580
Simul_+45deg,45,127.79998779,127.79998779,90.00000000,4.46951818
Simul_+45deg,45,128.15998840,128.15998840,90.00000000,4.46472836
Simul_+45deg,45,128.51998901,128.51998901,90.00000000,4.42941713
Simul_+45deg,45,128.87998962,128.87998962,90.00000000,4.39684486
Simul_+45deg,45,129.24000549,129.24000549,90.00000000,4.36707544
Simul_+45deg,45,129.59999084,129.59999084,90.00000000,4.34017038
Simul_+45deg,45,129.95999146,129.95999146,90.00000000,4.31618166
Simul_+45deg,45,130.31999207,130.31999207,90.00000000,4.25674057
Simul_+45deg,45,130.67999268,130.67999268,90.00000000,4.19345474
Simul_+45deg,45,131.03999329,131.03999329,90.00000000,4.13105965
Simul_+45deg,45,131.39999390,131.39999390,90.00000000,4.06960678
Simul_+45deg,45,131.75999451,131.75999451,90.00000000,4.00915098
Simul_+45deg,45,132.11999512,132.11999512,90.00000000,3.94934177
Simul_+45deg,45,132.47999573,132.47999573,90.00000000,3.88917589
Simul_+45deg,45,132.83998108,132.83998108,90.00000000,3.82915759
Simul_+45deg,45,133.19999695,133.19999695,90.00000000,3.76930332
Simul_+45deg,45,133.55999756,133.55999756,90.00000000,3.70963240
Simul_+45deg,45,133.91998291,133.91998291,90.00000000,3.65016365
Simul_+45deg,45,134.27999878,134.27999878,90.00000000,3.62026787
Simul_+45deg,45,134.63998413,134.63998413,90.00000000,3.59988952
Simul_+45deg,45,135.00000000,135.00000000,90.00000000,3.58077192
Simul_+45deg,45,135.36000061,135.36000061,90.00000000,3.56293297
Simul_+45deg,45,135.71998596,135.71998596,90.00000000,3.54639006
Simul_+45deg,45,136.08000183,136.08000183,90.00000000,3.53898072
Simul_+45deg,45,136.43998718,136.43998718,90.00000000,3.56056833
Simul_+45deg,45,136.79998779,136.79998779,90.00000000,3.58393908
Simul_+45deg,45,137.16000366,137.16000366,90.00000000,3.60906267
Simul_+45deg,45,137.51998901,137.51998901,90.00000000,3.63590527
Simul_+45deg,45,137.87998962,137.87998962,90.00000000,3.66443658
Simul_+45deg,45,138.23999023,138.23999023,90.00000000,3.68759584
Simul_+45deg,45,138.59999084,138.59999084,90.00000000,3.70865250
Simul_+45deg,45,138.95999146,138.95999146,90.00000000,3.73105812
Simul_+45deg,45,139.31999207,139.31999207,90.00000000,3.75479269
Simul_+45deg,45,139.67999268,139.67999268,90.00000000,3.77983212
Simul_+45deg,45,140.03999329,140.03999329,90.00000000,3.79975677
Simul_+45deg,45,140.39999390,140.39999390,90.00000000,3.76942396
Simul_+45deg,45,140.75997925,140.75997925,90.00000000,3.73971224
Simul_+45deg,45,141.11999512,141.11999512,90.00000000,3.71063662
Simul_+45deg,45,141.47999573,141.47999573,90.00000000,3.68221235
Simul_+45deg,45,141.83999634,141.83999634,90.00000000,3.65445232
Simul_+45deg,45,142.19999695,142.19999695,90.00000000,3.58821273
Simul_+45deg,45,142.55998230,142.55998230,90.00000000,3.49010611
Simul_+45deg,45,142.91999817,142.91999817,90.00000000,3.39109945
Simul_+45deg,45,143.27999878,143.27999878,90.00000000,3.29118395
Simul_+45deg,45,143.63998413,143.63998413,90.00000000,3.19034791
Simul_+45deg,45,144.00000000,144.00000000,90.00000000,3.08858132
Simul_+45deg,45,144.35998535,144.35998535,90.00000000,2.94537592
Simul_+45deg,45,144.72000122,144.72000122,90.00000000,2.80034876
Simul_+45deg,45,145.07998657,145.07998657,90.00000000,2.65350127
Simul_+45deg,45,145.43998718,145.43998718,90.00000000,2.50479198
Simul_+45deg,45,145.80000305,145.80000305,90.00000000,2.35422087
Simul_+45deg,45,146.15998840,146.15998840,90.00000000,2.20812201
Simul_+45deg,45,146.51998901,146.51998901,90.00000000,2.06933832
Simul_+45deg,45,146.87998962,146.87998962,90.00000000,1.93054187
Simul_+45deg,45,147.23999023,147.23999023,90.00000000,1.79187584
Simul_+45deg,45,147.59999084,147.59999084,90.00000000,1.65351164
Simul_+45deg,45,147.95999146,147.95999146,90.00000000,1.51562917
Simul_+45deg,45,148.31999207,148.31999207,90.00000000,1.42251062
Simul_+45deg,45,148.67999268,148.67999268,90.00000000,1.33707142
Simul_+45deg,45,149.03999329,149.03999329,90.00000000,1.25404572
Simul_+45deg,45,149.39999390,149.39999390,90.00000000,1.17360425
Simul_+45deg,45,149.75999451,149.75999451,90.00000000,1.09593332
Simul_+45deg,45,150.11999512,150.11999512,90.00000000,1.03357840
Simul_+45deg,45,150.47998047,150.47998047,90.00000000,0.99843794
Simul_+45deg,45,150.83999634,150.83999634,90.00000000,0.96550894
Simul_+45deg,45,151.19998169,151.19998169,90.00000000,0.93484557
Simul_+45deg,45,151.55999756,151.55999756,90.00000000,0.90649366
Simul_+45deg,45,151.91999817,151.91999817,90.00000000,0.88050336
Simul_+45deg,45,152.27998352,152.27998352,90.00000000,0.86408889
Simul_+45deg,45,152.63999939,152.63999939,90.00000000,0.85130727
Simul_+45deg,45,152.99998474,152.99998474,90.00000000,0.84001601
Simul_+45deg,45,153.35998535,153.35998535,90.00000000,0.83022445
Simul_+45deg,45,153.72000122,153.72000122,90.00000000,0.82194740
Simul_+45deg,45,154.07998657,154.07998657,90.00000000,0.81686860
Simul_+45deg,45,154.43998718,154.43998718,90.00000000,0.81895280
Simul_+45deg,45,154.79998779,154.79998779,90.00000000,0.82217401
Simul_+45deg,45,155.15998840,155.15998840,90.00000000,0.82652771
Simul_+45deg,45,155.52000427,155.52000427,90.00000000,0.83201289
Simul_+45deg,45,155.87998962,155.87998962,90.00000000,0.83862400
Simul_+45deg,45,156.23999023,156.23999023,90.00000000,0.86943078
Simul_+45deg,45,156.59999084,156.59999084,90.00000000,0.91244698
Simul_+45deg,45,156.95999146,156.95999146,90.00000000,0.95602936
Simul_+45deg,45,157.31999207,157.31999207,90.00000000,1.00015187
Simul_+45deg,45,157.67999268,157.67999268,90.00000000,1.04479444
Simul_+45deg,45,158.03999329,158.03999329,90.00000000,1.09701371
Simul_+45deg,45,158.39999390,158.39999390,90.00000000,1.20559549
Simul_+45deg,45,158.75999451,158.75999451,90.00000000,1.31337154
Simul_+45deg,45,159.11997986,159.11997986,90.00000000,1.42033219
Simul_+45deg,45,159.47999573,159.47999573,90.00000000,1.52647924
Simul_+45deg,45,159.83999634,159.83999634,90.00000000,1.63180995
Simul_+45deg,45,160.19998169,160.19998169,90.00000000,1.77155733
Simul_+45deg,45,160.55999756,160.55999756,90.00000000,1.93732548
Simul_+45deg,45,160.91998291,160.91998291,90.00000000,2.10056973
Simul_+45deg,45,161.27999878,161.27999878,90.00000000,2.26136088
Simul_+45deg,45,161.63999939,161.63999939,90.00000000,2.41972852
Simul_+45deg,45,161.99998474,161.99998474,90.00000000,2.57572365
Simul_+45deg,45,162.36000061,162.36000061,90.00000000,2.76023006
Simul_+45deg,45,162.71998596,162.71998596,90.00000000,2.94183779
Simul_+45deg,45,163.07998657,163.07998657,90.00000000,3.12062049
Simul_+45deg,45,163.44000244,163.44000244,90.00000000,3.29659891
Simul_+45deg,45,163.79998779,163.79998779,90.00000000,3.46982741
Simul_+45deg,45,164.15998840,164.15998840,90.00000000,3.63426256
Simul_+45deg,45,164.51998901,164.51998901,90.00000000,3.78920174
Simul_+45deg,45,164.87998962,164.87998962,90.00000000,3.94256330
Simul_+45deg,45,165.23999023,165.23999023,90.00000000,4.09431934
Simul_+45deg,45,165.59999084,165.59999084,90.00000000,4.24445534
Simul_+45deg,45,165.95999146,165.95999146,90.00000000,4.39295673
Simul_+45deg,45,166.31999207,166.31999207,90.00000000,4.49538946
Simul_+45deg,45,166.67999268,166.67999268,90.00000000,4.59208441
Simul_+45deg,45,167.03997803,167.03997803,90.00000000,4.68862867
Simul_+45deg,45,167.39999390,167.39999390,90.00000000,4.78500414
Simul_+45deg,45,167.75999451,167.75999451,90.00000000,4.88117743
Simul_+45deg,45,168.11999512,168.11999512,90.00000000,4.95393276
Simul_+45deg,45,168.47999573,168.47999573,90.00000000,4.98054028
Simul_+45deg,45,168.83998108,168.83998108,90.00000000,5.00753641
Simul_+45deg,45,169.19999695,169.19998169,90.00000000,5.03490973
Simul_+45deg,45,169.55999756,169.55999756,90.00000000,5.06265688
Simul_+45deg,45,169.91998291,169.91996765,90.00000000,5.09076595
Simul_+45deg,45,170.27999878,170.27998352,90.00000000,5.06547022
Simul_+45deg,45,170.63998413,170.63998413,90.00000000,5.02477551
Simul_+45deg,45,170.99998474,171.00000000,90.00000000,4.98399401
Simul_+45deg,45,171.35998535,171.36000061,90.00000000,4.94313860
Simul_+45deg,45,171.71998596,171.71998596,90.00000000,4.90220118
Simul_+45deg,45,172.08000183,172.07998657,90.00000000,4.84997654
Simul_+45deg,45,172.43998718,172.43998718,90.00000000,4.75808239
Simul_+45deg,45,172.79998779,172.80000305,90.00000000,4.66553640
Simul_+45deg,45,173.15998840,173.16000366,90.00000000,4.57234764
Simul_+45deg,45,173.51998901,173.52000427,90.00000000,4.47851372
Simul_+45deg,45,173.87998962,173.87998962,90.00000000,4.38403988
Simul_+45deg,45,174.23999023,174.23999023,90.00000000,4.27667046
Simul_+45deg,45,174.59999084,174.59997559,90.00000000,4.16292572
Simul_+45deg,45,174.95999146,174.95999146,90.00000000,4.04904938
Simul_+45deg,45,175.31999207,175.32000732,90.00000000,3.93513799
Simul_+45deg,45,175.67999268,175.67997742,90.00000000,3.82126379
Simul_+45deg,45,176.03999329,176.03996277,90.00000000,3.70941401
Simul_+45deg,45,176.39999390,176.39999390,90.00000000,3.61367416
Simul_+45deg,45,176.75997925,176.75996399,90.00000000,3.51949596
Simul_+45deg,45,177.11999512,177.12002563,90.00000000,3.42698526
Simul_+45deg,45,177.47999573,177.47996521,90.00000000,3.33634615
Simul_+45deg,45,177.83999634,177.83996582,90.00000000,3.24771214
Simul_+45deg,45,178.19999695,178.19993591,90.00000000,3.18525290
Simul_+45deg,45,178.55998230,178.56004333,90.00000000,3.14459181
Simul_+45deg,45,178.91999817,178.92007446,90.00000000,3.10670137
Simul_+45deg,45,179.27998352,179.27990723,90.00000000,3.07167482
Simul_+45deg,45,179.63998413,179.64009094,90.00000000,3.03952551
Simul_+45deg,45,180.00000000,180.00000000,-90.00000000,3.01051593
Simul_+45deg,45,180.35998535,179.64009094,-90.00000000,3.03550386
Simul_+45deg,45,180.71998596,179.27990723,-90.00000000,3.06273580
Simul_+45deg,45,181.07998657,178.92007446,-90.00000000,3.09198713
Simul_+45deg,45,181.43998718,178.56004333,-90.00000000,3.12326312
Simul_+45deg,45,181.80000305,178.19993591,-90.00000000,3.15650678
Simul_+45deg,45,182.15998840,177.83996582,-90.00000000,3.21185780
Simul_+45deg,45,182.51998901,177.47996521,-90.00000000,3.29343033
Simul_+45deg,45,182.87998962,177.12002563,-90.00000000,3.37557936
Simul_+45deg,45,183.23999023,176.75996399,-90.00000000,3.45827079
Simul_+45deg,45,183.59999084,176.39999390,-90.00000000,3.54139924
Simul_+45deg,45,183.95999146,176.04000854,-90.00000000,3.62494135
Simul_+45deg,45,184.31999207,175.67997742,-90.00000000,3.73484135
Simul_+45deg,45,184.67999268,175.32000732,-90.00000000,3.84746408
Simul_+45deg,45,185.03999329,174.95999146,-90.00000000,3.95949388
Simul_+45deg,45,185.39997864,174.59997559,-90.00000000,4.07090855
Simul_+45deg,45,185.75999451,174.23999023,-90.00000000,4.18166065
Simul_+45deg,45,186.11999512,173.87998962,-90.00000000,4.29357815
Simul_+45deg,45,186.47998047,173.52000427,-90.00000000,4.40824938
Simul_+45deg,45,186.83999634,173.16000366,-90.00000000,4.52190876
Simul_+45deg,45,187.19998169,172.80000305,-90.00000000,4.63455248
Simul_+45deg,45,187.55998230,172.43998718,-90.00000000,4.74618816
Simul_+45deg,45,187.91999817,172.07998657,-90.00000000,4.85681105
Simul_+45deg,45,188.27998352,171.71998596,-90.00000000,4.94975471
Simul_+45deg,45,188.63999939,171.36000061,-90.00000000,5.03725815
Simul_+45deg,45,188.99998474,171.00000000,-90.00000000,5.12411642
Simul_+45deg,45,189.35998535,170.63998413,-90.00000000,5.21035004
Simul_+45deg,45,189.72000122,170.27998352,-90.00000000,5.29594469
Simul_+45deg,45,190.07998657,169.91999817,-90.00000000,5.37128925
Simul_+45deg,45,190.43998718,169.55998230,-90.00000000,5.41276932
Simul_+45deg,45,190.79998779,169.20001221,-90.00000000,5.45429659
Simul_+45deg,45,191.15998840,168.83998108,-90.00000000,5.49587059
Simul_+45deg,45,191.51998901,168.47999573,-90.00000000,5.53748417
Simul_+45deg,45,191.87998962,168.11999512,-90.00000000,5.57913256
Simul_+45deg,45,192.23999023,167.75997925,-90.00000000,5.58609581
Simul_+45deg,45,192.59999084,167.40000916,-90.00000000,5.57601500
Simul_+45deg,45,192.95999146,167.03999329,-90.00000000,5.56630325
Simul_+45deg,45,193.31997681,166.67999268,-90.00000000,5.55696440
Simul_+45deg,45,193.67999268,166.31999207,-90.00000000,5.54800034
Simul_+45deg,45,194.03999329,165.95997620,-90.00000000,5.53452873
Simul_+45deg,45,194.39999390,165.59999084,-90.00000000,5.48224640
Simul_+45deg,45,194.75999451,165.24000549,-90.00000000,5.43011665
Simul_+45deg,45,195.11997986,164.88000488,-90.00000000,5.37815046
Simul_+45deg,45,195.47999573,164.51998901,-90.00000000,5.32636166
Simul_+45deg,45,195.83999634,164.15998840,-90.00000000,5.27477026
Simul_+45deg,45,196.19998169,163.79998779,-90.00000000,5.21248627
Simul_+45deg,45,196.55999756,163.43998718,-90.00000000,5.14142084
Simul_+45deg,45,196.91998291,163.07998657,-90.00000000,5.07024765
Simul_+45deg,45,197.27998352,162.72000122,-90.00000000,4.99895954
Simul_+45deg,45,197.63999939,162.36000061,-90.00000000,4.92757750
Simul_+45deg,45,197.99998474,161.99998474,-90.00000000,4.85611439
Simul_+45deg,45,198.36000061,161.63999939,-90.00000000,4.79707336
Simul_+45deg,45,198.71998596,161.27999878,-90.00000000,4.73799276
Simul_+45deg,45,199.07998657,160.91998291,-90.00000000,4.67888021
Simul_+45deg,45,199.43998718,160.56001282,-90.00000000,4.61975765
Simul_+45deg,45,199.79998779,160.19998169,-90.00000000,4.56061745
Simul_+45deg,45,200.15998840,159.83998108,-90.00000000,4.51728630
Simul_+45deg,45,200.51998901,159.47999573,-90.00000000,4.49381495
Simul_+45deg,45,200.87998962,159.11997986,-90.00000000,4.47048855
Simul_+45deg,45,201.23999023,158.75999451,-90.00000000,4.44731188
Simul_+45deg,45,201.59999084,158.39999390,-90.00000000,4.42428541
Simul_+45deg,45,201.95999146,158.03997803,-90.00000000,4.40141296
Simul_+45deg,45,202.31999207,157.67999268,-90.00000000,4.40996695
Simul_+45deg,45,202.67999268,157.31997681,-90.00000000,4.42251778
Simul_+45deg,45,203.03997803,156.95999146,-90.00000000,4.43515253
Simul_+45deg,45,203.39999390,156.59999084,-90.00000000,4.44787121
Simul_+45deg,45,203.75999451,156.23997498,-90.00000000,4.46067238
Simul_+45deg,45,204.11997986,155.87998962,-90.00000000,4.47831392
Simul_+45deg,45,204.47999573,155.51998901,-90.00000000,4.50557899
Simul_+45deg,45,204.83998108,155.15998840,-90.00000000,4.53295898
Simul_+45deg,45,205.19999695,154.79998779,-90.00000000,4.56045580
Simul_+45deg,45,205.55998230,154.43998718,-90.00000000,4.58805990
Simul_+45deg,45,205.91998291,154.07998657,-90.00000000,4.61577415
Simul_+45deg,45,206.27999878,153.71998596,-90.00000000,4.63701534
Simul_+45deg,45,206.63998413,153.35998535,-90.00000000,4.65674257
Simul_+45deg,45,206.99998474,152.99998474,-90.00000000,4.67686462
Simul_+45deg,45,207.35998535,152.63999939,-90.00000000,4.69737244
Simul_+45deg,45,207.71998596,152.27998352,-90.00000000,4.71826315
Simul_+45deg,45,208.07998657,151.91998291,-90.00000000,4.73612118
Simul_+45deg,45,208.43998718,151.55999756,-90.00000000,4.74267673
Simul_+45deg,45,208.79998779,151.19998169,-90.00000000,4.75001526
Simul_+45deg,45,209.15998840,150.83999634,-90.00000000,4.75813198
Simul_+45deg,45,209.51998901,150.47998047,-90.00000000,4.76702309
Simul_+45deg,45,209.87998962,150.11999512,-90.00000000,4.77668381
Simul_+45deg,45,210.23999023,149.75999451,-90.00000000,4.78501463
Simul_+45deg,45,210.59999084,149.39997864,-90.00000000,4.79338884
Simul_+45deg,45,210.95999146,149.03999329,-90.00000000,4.80290985
Simul_+45deg,45,211.31999207,148.67999268,-90.00000000,4.81357241
Simul_+45deg,45,211.67997742,148.31999207,-90.00000000,4.82536745
Simul_+45deg,45,212.03999329,147.95999146,-90.00000000,4.83946037
Simul_+45deg,45,212.39999390,147.59999084,-90.00000000,4.86396217
Simul_+45deg,45,212.75997925,147.23999023,-90.00000000,4.88937759
Simul_+45deg,45,213.11999512,146.88000488,-90.00000000,4.91569471
Simul_+45deg,45,213.47998047,146.51998901,-90.00000000,4.94289589
Simul_+45deg,45,213.83998108,146.15998840,-90.00000000,4.97096062
Simul_+45deg,45,214.19999695,145.79998779,-90.00000000,5.00156689
Simul_+45deg,45,214.55998230,145.43998718,-90.00000000,5.03387499
Simul_+45deg,45,214.91999817,145.07998657,-90.00000000,5.06638908
Simul_+45deg,45,215.27998352,144.72000122,-90.00000000,5.09909582
Simul_+45deg,45,215.63998413,144.35998535,-90.00000000,5.13199520
Simul_+45deg,45,216.00000000,143.99998474,-90.00000000,5.16507578
Simul_+45deg,45,216.35998535,143.63998413,-90.00000000,5.17326641
Simul_+45deg,45,216.71998596,143.27998352,-90.00000000,5.18190861
Simul_+45deg,45,217.07998657,142.91999817,-90.00000000,5.19099760
Simul_+45deg,45,217.43998718,142.55998230,-90.00000000,5.20053101
Simul_+45deg,45,217.79998779,142.19998169,-90.00000000,5.21050644
Simul_+45deg,45,218.15998840,141.83999634,-90.00000000,5.19824791
Simul_+45deg,45,218.51998901,141.47998047,-90.00000000,5.15888739
Simul_+45deg,45,218.87998962,141.11999512,-90.00000000,5.12111235
Simul_+45deg,45,219.23999023,140.75997925,-90.00000000,5.08496380
Simul_+45deg,45,219.59997559,140.39999390,-90.00000000,5.05048561
Simul_+45deg,45,219.95999146,140.03999329,-90.00000000,5.01772118
Simul_+45deg,45,220.31999207,139.67997742,-90.00000000,4.93871260
Simul_+45deg,45,220.67997742,139.32000732,-90.00000000,4.85602856
Simul_+45deg,45,221.03999329,138.95999146,-90.00000000,4.77584171
Simul_+45deg,45,221.39997864,138.60000610,-90.00000000,4.69834232
Simul_+45deg,45,221.75999451,138.23999023,-90.00000000,4.62367964
Simul_+45deg,45,222.11999512,137.87998962,-90.00000000,4.54215097
Simul_+45deg,45,222.47998047,137.51998901,-90.00000000,4.44350004
Simul_+45deg,45,222.83999634,137.15998840,-90.00000000,4.34744596
Simul_+45deg,45,223.19998169,136.79998779,-90.00000000,4.25422716
Simul_+45deg,45,223.55998230,136.43998718,-90.00000000,4.16407299
Simul_+45deg,45,223.91999817,136.07998657,-90.00000000,4.07721949
Simul_+45deg,45,224.27998352,135.72000122,-90.00000000,4.00096989
Simul_+45deg,45,224.63998413,135.36000061,-90.00000000,3.92895174
Simul_+45deg,45,224.99998474,135.00000000,-90.00000000,3.85909057
Simul_+45deg,45,225.35998535,134.63998413,-90.00000000,3.79150844
Simul_+45deg,45,225.71998596,134.28001404,-90.00000000,3.72634196
Simul_+45deg,45,226.07998657,133.91999817,-90.00000000,3.67211771
Simul_+45deg,45,226.43998718,133.55998230,-90.00000000,3.64890552
Simul_+45deg,45,226.79998779,133.20001221,-90.00000000,3.62658954
Simul_+45deg,45,227.15998840,132.83998108,-90.00000000,3.60517883
Simul_+45deg,45,227.51998901,132.47999573,-90.00000000,3.58469057
Simul_+45deg,45,227.87998962,132.11999512,-90.00000000,3.56513834
Simul_+45deg,45,228.23999023,131.75997925,-90.00000000,3.57025123
Simul_+45deg,45,228.59999084,131.40000916,-90.00000000,3.58754921
Simul_+45deg,45,228.95999146,131.03999329,-90.00000000,3.60505295
Simul_+45deg,45,229.31997681,130.67999268,-90.00000000,3.62275600
Simul_+45deg,45,229.67999268,130.31999207,-90.00000000,3.64065695
Simul_+45deg,45,230.03999329,129.95997620,-90.00000000,3.65951490
Simul_+45deg,45,230.39999390,129.59997559,-90.00000000,3.68503904
Simul_+45deg,45,230.75997925,129.24000549,-90.00000000,3.71145511
Simul_+45deg,45,231.11997986,128.87998962,-90.00000000,3.73874784
Simul_+45deg,45,231.47999573,128.51998901,-90.00000000,3.76689911
Simul_+45deg,45,231.83999634,128.15998840,-90.00000000,3.79588985
Simul_+45deg,45,232.19999695,127.79998016,-90.00000000,3.81012344
Simul_+45deg,45,232.55998230,127.43999481,-90.00000000,3.81347632
Simul_+45deg,45,232.91998291,127.07999420,-90.00000000,3.81863165
Simul_+45deg,45,233.27998352,126.71998596,-90.00000000,3.82558107
Simul_+45deg,45,233.63999939,126.35998535,-90.00000000,3.83431673
Simul_+45deg,45,234.00000000,125.99997711,-90.00000000,3.84482479
Simul_+45deg,45,234.35998535,125.63999939,-90.00000000,3.80835080
Simul_+45deg,45,234.71998596,125.27999115,-90.00000000,3.77342486
Simul_+45deg,45,235.07998657,124.91998291,-90.00000000,3.74008870
Simul_+45deg,45,235.44000244,124.55998230,-90.00000000,3.70838213
Simul_+45deg,45,235.79997253,124.20000458,-90.00000000,3.67834592
Simul_+45deg,45,236.15997314,123.84001160,-90.00000000,3.63137054
Simul_+45deg,45,236.51998901,123.47998810,-90.00000000,3.56175542
Simul_+45deg,45,236.87998962,123.11998749,-90.00000000,3.49243736
Simul_+45deg,45,237.23999023,122.75997925,-90.00000000,3.42344284
Simul_+45deg,45,237.59997559,122.40000153,-90.00000000,3.35481787
Simul_+45deg,45,237.95997620,122.03999329,-90.00000000,3.28657889
Simul_+45deg,45,238.31999207,121.68000793,-90.00000000,3.21175575
Simul_+45deg,45,238.67999268,121.31998444,-90.00000000,3.13559294
Simul_+45deg,45,239.03999329,120.95997620,-90.00000000,3.05892229
Simul_+45deg,45,239.39997864,120.59999847,-90.00000000,2.98174524
Simul_+45deg,45,239.75997925,120.23999786,-90.00000000,2.90404510
Simul_+45deg,45,240.11997986,119.87998962,-90.00000000,2.83708477
Simul_+45deg,45,240.47999573,119.51998138,-90.00000000,2.79243970
Simul_+45deg,45,240.83999634,119.15998077,-90.00000000,2.74775553
Simul_+45deg,45,241.19998169,118.80000305,-90.00000000,2.70304060
Simul_+45deg,45,241.55998230,118.43999481,-90.00000000,2.65829086
Simul_+45deg,45,241.91998291,118.07998657,-90.00000000,2.61351323
Simul_+45deg,45,242.27999878,117.71998596,-90.00000000,2.60389781
Simul_+45deg,45,242.63999939,117.35997772,-90.00000000,2.60476828
Simul_+45deg,45,242.99996948,117.00000000,-90.00000000,2.60613060
Simul_+45deg,45,243.35998535,116.63999176,-90.00000000,2.60798359
Simul_+45deg,45,243.71998596,116.27999115,-90.00000000,2.61032677
Simul_+45deg,45,244.07998657,115.91998291,-90.00000000,2.61568999
Simul_+45deg,45,244.44000244,115.55997467,-90.00000000,2.63070464
Simul_+45deg,45,244.79997253,115.19999695,-90.00000000,2.64670348
Simul_+45deg,45,245.15998840,114.83999634,-90.00000000,2.66367769
Simul_+45deg,45,245.51998901,114.47999573,-90.00000000,2.68161321
Simul_+45deg,45,245.87998962,114.11998749,-90.00000000,2.70050001
Simul_+45deg,45,246.24000549,113.75998688,-90.00000000,2.69596553
Simul_+45deg,45,246.59997559,113.40000916,-90.00000000,2.68079853
Simul_+45deg,45,246.95997620,113.04000092,-90.00000000,2.66731071
Simul_+45deg,45,247.31999207,112.67999268,-90.00000000,2.65552044
Simul_+45deg,45,247.67999268,112.31999207,-90.00000000,2.64544201
Simul_+45deg,45,248.03999329,111.95998383,-90.00000000,2.63045502
Simul_+45deg,45,248.39997864,111.60000610,-90.00000000,2.56393766
Simul_+45deg,45,248.75997925,111.23999786,-90.00000000,2.49878502
Simul_+45deg,45,249.11999512,110.87999725,-90.00000000,2.43507624
Simul_+45deg,45,249.47999573,110.51998901,-90.00000000,2.37289667
Simul_+45deg,45,249.83996582,110.16001129,-90.00000000,2.31232929
Simul_+45deg,45,250.19998169,109.80000305,-90.00000000,2.23189187
Simul_+45deg,45,250.55998230,109.44000244,-90.00000000,2.13521743
Simul_+45deg,45,250.91998291,109.07999420,-90.00000000,2.03942275
Simul_+45deg,45,251.27999878,108.71998596,-90.00000000,1.94461334
Simul_+45deg,45,251.63996887,108.36000824,-90.00000000,1.85091674
Simul_+45deg,45,251.99998474,108.00000763,-90.00000000,1.75843167
Simul_+45deg,45,252.35998535,107.63999939,-90.00000000,1.68489003
Simul_+45deg,45,252.71998596,107.27999115,-90.00000000,1.61341488
Simul_+45deg,45,253.08000183,106.91999054,-90.00000000,1.54412925
Simul_+45deg,45,253.43997192,106.56000519,-90.00000000,1.47716475
Simul_+45deg,45,253.79997253,106.20000458,-90.00000000,1.41263616
Simul_+45deg,45,254.15998840,105.83999634,-90.00000000,1.37730646
Simul_+45deg,45,254.51998901,105.47999573,-90.00000000,1.37790620
Simul_+45deg,45,254.87998962,105.11998749,-90.00000000,1.38114762
Simul_+45deg,45,255.23997498,104.76000977,-90.00000000,1.38702524
Simul_+45deg,45,255.59997559,104.40000153,-90.00000000,1.39552808
Simul_+45deg,45,255.95999146,104.03999329,-90.00000000,1.40664101
Simul_+45deg,45,256.31997681,103.67999268,-90.00000000,1.45479071
Simul_+45deg,45,256.67999268,103.31997681,-90.00000000,1.50806952
Simul_+45deg,45,257.03997803,102.95999908,-90.00000000,1.56202793
Simul_+45deg,45,257.39999390,102.59999847,-90.00000000,1.61664510
Simul_+45deg,45,257.75997925,102.23999786,-90.00000000,1.67188060
Simul_+45deg,45,258.11999512,101.87998962,-90.00000000,1.72143638
Simul_+45deg,45,258.48001099,101.51998901,-90.00000000,1.75892937
Simul_+45deg,45,258.83996582,101.16000366,-90.00000000,1.79683423
Simul_+45deg,45,259.19998169,100.79999542,-90.00000000,1.83514607
Simul_+45deg,45,259.55999756,100.43999481,-90.00000000,1.87384498
Simul_+45deg,45,259.91998291,100.07998657,-90.00000000,1.91291940
Simul_+45deg,45,260.27999878,99.71997833,-90.00000000,1.90759838
Simul_+45deg,45,260.63998413,99.36000061,-90.00000000,1.89057231
Simul_+45deg,45,260.99996948,98.99999237,-90.00000000,1.87472761
Simul_+45deg,45,261.35998535,98.63999176,-90.00000000,1.86007953
Simul_+45deg,45,261.72000122,98.27998352,-90.00000000,1.84663951
Simul_+45deg,45,262.07998657,97.92000580,-90.00000000,1.82218051
Simul_+45deg,45,262.43997192,97.56000519,-90.00000000,1.75603771
Simul_+45deg,45,262.79998779,97.19999695,-90.00000000,1.69107449
Simul_+45deg,45,263.16000366,96.83999634,-90.00000000,1.62736487
Simul_+45deg,45,263.51998901,96.47998047,-90.00000000,1.56497312
Simul_+45deg,45,263.87997437,96.12000275,-90.00000000,1.50397825
Simul_+45deg,45,264.23999023,95.76000214,-90.00000000,1.43116462
Simul_+45deg,45,264.59997559,95.39999390,-90.00000000,1.35287750
Simul_+45deg,45,264.95999146,95.03999329,-90.00000000,1.27577138
Simul_+45deg,45,265.32000732,94.67998505,-90.00000000,1.19993591
Simul_+45deg,45,265.67996216,94.31999969,-90.00000000,1.12546957
Simul_+45deg,45,266.03997803,93.95999908,-90.00000000,1.05452347
Simul_+45deg,45,266.39999390,93.59999084,-90.00000000,1.00150168
Simul_+45deg,45,266.75997925,93.23999023,-90.00000000,0.94980812
Simul_+45deg,45,267.11999512,92.87998962,-90.00000000,0.89950114
Simul_+45deg,45,267.47998047,92.52001190,-90.00000000,0.85063696
Simul_+45deg,45,267.83996582,92.16000366,-90.00000000,0.80326670
Simul_+45deg,45,268.19998169,91.79999542,-90.00000000,0.77295130
Simul_+45deg,45,268.55999756,91.43999481,-90.00000000,0.75618279
Simul_+45deg,45,268.91998291,91.07998657,-90.00000000,0.74044573
Simul_+45deg,45,269.27996826,90.72000885,-90.00000000,0.72575217
Simul_+45deg,45,269.63998413,90.36000061,-90.00000000,0.71210980
Simul_+45deg,45,270.00000000,90.00000000,-90.00000000,0.69953114
Simul_+45deg,45,270.35998535,89.63999176,-90.00000000,0.69431496
Simul_+45deg,45,270.72000122,89.27998352,-90.00000000,0.69001043
Simul_+45deg,45,271.07998657,88.92000580,-90.00000000,0.68662059
Simul_+45deg,45,271.43997192,88.56000519,-90.00000000,0.68414599
Simul_+45deg,45,271.79998779,88.19999695,-90.00000000,0.68258941
Simul_+45deg,45,272.16000366,87.83998871,-90.00000000,0.67314935
Simul_+45deg,45,272.51998901,87.47998810,-90.00000000,0.65398043
Simul_+45deg,45,272.87997437,87.12001038,-90.00000000,0.63623512
Simul_+45deg,45,273.23999023,86.76000214,-90.00000000,0.61992854
Simul_+45deg,45,273.59997559,86.39999390,-90.00000000,0.60507852
Simul_+45deg,45,273.95999146,86.03999329,-90.00000000,0.59169990
Simul_+45deg,45,274.32000732,85.67998505,-90.00000000,0.55384541
Simul_+45deg,45,274.67996216,85.32000732,-90.00000000,0.51456606
Simul_+45deg,45,275.03997803,84.95999908,-90.00000000,0.47717005
Simul_+45deg,45,275.39999390,84.59999847,-90.00000000,0.44171467
Simul_+45deg,45,275.75997925,84.23998260,-90.00000000,0.40824765
Simul_+45deg,45,276.11996460,83.88000488,-90.00000000,0.37037286
Simul_+45deg,45,276.47998047,83.52000427,-90.00000000,0.32157496
Simul_+45deg,45,276.83999634,83.16000366,-90.00000000,0.27476248
Simul_+45deg,45,277.19998169,82.79999542,-90.00000000,0.23001112
Simul_+45deg,45,277.55999756,82.43997955,-90.00000000,0.18738644
Simul_+45deg,45,277.91998291,82.08000183,-90.00000000,0.14696014
Simul_+45deg,45,278.27996826,81.72000885,-90.00000000,0.10801178
Simul_+45deg,45,278.63998413,81.36000061,-90.00000000,0.07077127
Simul_+45deg,45,279.00000000,80.99999237,-90.00000000,0.03546817
Simul_+45deg,45,279.35998535,80.63999176,-90.00000000,0.00215473
Simul_+45deg,45,279.71997070,80.28001404,-90.00000000,-0.02912128
Simul_+45deg,45,280.07998657,79.91999817,-90.00000000,-0.05593847
Simul_+45deg,45,280.43997192,79.55998993,-90.00000000,-0.07265985
Simul_+45deg,45,280.79998779,79.19999695,-90.00000000,-0.08782263
Simul_+45deg,45,281.16000366,78.83998871,-90.00000000,-0.10140996
Simul_+45deg,45,281.51995850,78.48001099,-90.00000000,-0.11340630
Simul_+45deg,45,281.87997437,78.11999512,-90.00000000,-0.12379968
Simul_+45deg,45,282.23999023,77.75999451,-90.00000000,-0.12737738
Simul_+45deg,45,282.59997559,77.39999390,-90.00000000,-0.12710389
Simul_+45deg,45,282.95999146,77.03998566,-90.00000000,-0.12565224
Simul_+45deg,45,283.31997681,76.68000793,-90.00000000,-0.12302603
Simul_+45deg,45,283.67999268,76.31999969,-90.00000000,-0.11922549
Simul_+45deg,45,284.03997803,75.95999908,-90.00000000,-0.11465797
Simul_+45deg,45,284.39999390,75.59999084,-90.00000000,-0.11209231
Simul_+45deg,45,284.76000977,75.23999023,-90.00000000,-0.10825887
Simul_+45deg,45,285.11996460,74.88000488,-90.00000000,-0.10316391
Simul_+45deg,45,285.47998047,74.52000427,-90.00000000,-0.09680924
Simul_+45deg,45,285.83999634,74.15999603,-90.00000000,-0.08920144
Simul_+45deg,45,286.19998169,73.79999542,-90.00000000,-0.08787044
Simul_+45deg,45,286.55999756,73.43998718,-90.00000000,-0.09088307
Simul_+45deg,45,286.91998291,73.08000946,-90.00000000,-0.09209494
Simul_+45deg,45,287.27996826,72.72000122,-90.00000000,-0.09150430
Simul_+45deg,45,287.63998413,72.36000061,-90.00000000,-0.08911212
Simul_+45deg,45,288.00000000,71.99999237,-90.00000000,-0.08492061
Simul_+45deg,45,288.35998535,71.63998413,-90.00000000,-0.09676769
Simul_+45deg,45,288.71997070,71.28000641,-90.00000000,-0.10631052
Simul_+45deg,45,289.07998657,70.91999817,-90.00000000,-0.11353597
Simul_+45deg,45,289.44000244,70.55999756,-90.00000000,-0.11843216
Simul_+45deg,45,289.79998779,70.19998932,-90.00000000,-0.12099039
Simul_+45deg,45,290.15997314,69.84001160,-90.00000000,-0.13020574
Simul_+45deg,45,290.51998901,69.48000336,-90.00000000,-0.14832406
Simul_+45deg,45,290.87997437,69.12000275,-90.00000000,-0.16406724
Simul_+45deg,45,291.23999023,68.75999451,-90.00000000,-0.17740965
Simul_+45deg,45,291.60000610,68.39998627,-90.00000000,-0.18832894
Simul_+45deg,45,291.95996094,68.04000854,-90.00000000,-0.19680618
Simul_+45deg,45,292.31997681,67.68000793,-90.00000000,-0.22512954
Simul_+45deg,45,292.67999268,67.31999969,-90.00000000,-0.25431013
Simul_+45deg,45,293.03997803,66.95999146,-90.00000000,-0.28154954
Simul_+45deg,45,293.39999390,66.59999084,-90.00000000,-0.30681235
Simul_+45deg,45,293.75997925,66.24001312,-90.00000000,-0.33005953
Simul_+45deg,45,294.11996460,65.88000488,-90.00000000,-0.36142841
Simul_+45deg,45,294.47998047,65.51999664,-90.00000000,-0.41169062
Simul_+45deg,45,294.83999634,65.15999603,-90.00000000,-0.46077913
Simul_+45deg,45,295.19998169,64.79998779,-90.00000000,-0.50864947
Simul_+45deg,45,295.55996704,64.44001007,-90.00000000,-0.55524921
Simul_+45deg,45,295.91998291,64.08000183,-90.00000000,-0.60054076
Simul_+45deg,45,296.27999878,63.71999741,-90.00000000,-0.66724992
Simul_+45deg,45,296.63998413,63.35999298,-90.00000000,-0.73993689
Simul_+45deg,45,297.00000000,62.99998856,-90.00000000,-0.81215650
Simul_+45deg,45,297.35998535,62.64001083,-90.00000000,-0.88386148
Simul_+45deg,45,297.71997070,62.28000259,-90.00000000,-0.95501411
Simul_+45deg,45,298.07998657,61.91999817,-90.00000000,-1.02870321
Simul_+45deg,45,298.44000244,61.55999374,-90.00000000,-1.11304069
Simul_+45deg,45,298.79998779,61.19998932,-90.00000000,-1.19720471
Simul_+45deg,45,299.15997314,60.84000778,-90.00000000,-1.28114343
Simul_+45deg,45,299.51998901,60.48000336,-90.00000000,-1.36482644
Simul_+45deg,45,299.87997437,60.11999893,-90.00000000,-1.44819760
Simul_+45deg,45,300.23999023,59.75999069,-90.00000000,-1.52556789
Simul_+45deg,45,300.60000610,59.39998627,-90.00000000,-1.59964144
Simul_+45deg,45,300.95996094,59.04000854,-90.00000000,-1.67316961
Simul_+45deg,45,301.31997681,58.68000412,-90.00000000,-1.74611473
Simul_+45deg,45,301.67999268,58.31999207,-90.00000000,-1.81842017
Simul_+45deg,45,302.03997803,57.95998383,-90.00000000,-1.88813424
Simul_+45deg,45,302.39996338,57.60001373,-90.00000000,-1.94194210
Simul_+45deg,45,302.75997925,57.24000549,-90.00000000,-1.99498034
Simul_+45deg,45,303.11999512,56.88000107,-90.00000000,-2.04720378
Simul_+45deg,45,303.47998047,56.51999283,-90.00000000,-2.09857726
Simul_+45deg,45,303.83999634,56.15998840,-90.00000000,-2.14905906
Simul_+45deg,45,304.19998169,55.80001068,-90.00000000,-2.20196223
Simul_+45deg,45,304.55996704,55.44000244,-90.00000000,-2.25668144
Simul_+45deg,45,304.91998291,55.07999802,-90.00000000,-2.31052351
Simul_+45deg,45,305.27999878,54.71999359,-90.00000000,-2.36344361
Simul_+45deg,45,305.63998413,54.35998917,-90.00000000,-2.41540170
Simul_+45deg,45,305.99996948,54.00000763,-90.00000000,-2.46635103
Simul_+45deg,45,306.35998535,53.64000702,-90.00000000,-2.56538582
Simul_+45deg,45,306.71997070,53.27999878,-90.00000000,-2.66335392
Simul_+45deg,45,307.07998657,52.91999054,-90.00000000,-2.76012421
Simul_+45deg,45,307.44000244,52.55998993,-90.00000000,-2.85556698
Simul_+45deg,45,307.79995728,52.20001221,-90.00000000,-2.94953680
Simul_+45deg,45,308.15997314,51.84000397,-90.00000000,-3.07877588
Simul_+45deg,45,308.51998901,51.47999573,-90.00000000,-3.25369310
Simul_+45deg,45,308.87997437,51.11999130,-90.00000000,-3.42843962
Simul_+45deg,45,309.23999023,50.75998688,-90.00000000,-3.60270143
Simul_+45deg,45,309.59997559,50.40000916,-90.00000000,-3.77609992
Simul_+45deg,45,309.95999146,50.04000473,-90.00000000,-3.94826412
Simul_+45deg,45,310.31997681,49.67999649,-90.00000000,-4.19646931
Simul_+45deg,45,310.67999268,49.31999207,-90.00000000,-4.45777845
Simul_+45deg,45,311.04000854,48.95998383,-90.00000000,-4.72248459
Simul_+45deg,45,311.39996338,48.60000610,-90.00000000,-4.99016428
Simul_+45deg,45,311.75997925,48.24000168,-90.00000000,-5.26035595
Simul_+45deg,45,312.11999512,47.87999725,-90.00000000,-5.54987383
Simul_+45deg,45,312.47998047,47.51998901,-90.00000000,-5.88115120
Simul_+45deg,45,312.83999634,47.15998840,-90.00000000,-6.22212029
Simul_+45deg,45,313.19998169,46.80000687,-90.00000000,-6.57297802
Simul_+45deg,45,313.55996704,46.44000244,-90.00000000,-6.93387794
Simul_+45deg,45,313.91998291,46.07999420,-90.00000000,-7.30482483
Simul_+45deg,45,314.27999878,45.71998978,-90.00000000,-7.67976475
Simul_+45deg,45,314.63998413,45.35998535,-90.00000000,-8.06676006
Simul_+45deg,45,314.99996948,45.00000763,-90.00000000,-8.46871471
Simul_+45deg,45,315.35998535,44.63999557,-90.00000000,-8.88654518
Simul_+45deg,45,315.71997070,44.27999115,-90.00000000,-9.32101631
Simul_+45deg,45,316.07998657,43.91999054,-90.00000000,-9.75667191
Simul_+45deg,45,316.43997192,43.56001282,-90.00000000,-10.14584446
Simul_+45deg,45,316.79998779,43.20000839,-90.00000000,-10.53919983
Simul_+45deg,45,317.15997314,42.84000015,-90.00000000,-10.93432045
Simul_+45deg,45,317.51998901,42.47999191,-90.00000000,-11.32798767
Simul_+45deg,45,317.88000488,42.11998749,-90.00000000,-11.71604156
Simul_+45deg,45,318.23995972,41.76001358,-90.00000000,-12.04133606
Simul_+45deg,45,318.59997559,41.40000534,-90.00000000,-12.30491829
Simul_+45deg,45,318.95999146,41.03999710,-90.00000000,-12.52034950
Simul_+45deg,45,319.31997681,40.67998886,-90.00000000,-12.67939949
Simul_+45deg,45,319.67999268,40.31998444,-90.00000000,-12.77533913
Simul_+45deg,45,320.03997803,39.96000671,-90.00000000,-12.81601143
Simul_+45deg,45,320.39996338,39.60000229,-90.00000000,-12.88299179
Simul_+45deg,45,320.75997925,39.23999786,-90.00000000,-12.87516212
Simul_+45deg,45,321.11999512,38.87999344,-90.00000000,-12.79292202
Simul_+45deg,45,321.47998047,38.51998520,-90.00000000,-12.64037609
Simul_+45deg,45,321.83996582,38.16000748,-90.00000000,-12.42469883
Simul_+45deg,45,322.19998169,37.80000687,-90.00000000,-12.33607197
Simul_+45deg,45,322.55999756,37.43999481,-90.00000000,-12.33965874
Simul_+45deg,45,322.91998291,37.07999039,-90.00000000,-12.28971481
Simul_+45deg,45,323.27999878,36.71998215,-90.00000000,-12.18805313
Simul_+45deg,45,323.63998413,36.36000443,-90.00000000,-12.03822517
Simul_+45deg,45,323.99996948,36.00000381,-90.00000000,-11.84509373
Simul_+45deg,45,324.35998535,35.63999557,-90.00000000,-12.02865505
Simul_+45deg,45,324.72000122,35.27999115,-90.00000000,-12.18490982
Simul_+45deg,45,325.07998657,34.91998672,-90.00000000,-12.31053925
Simul_+45deg,45,325.43997192,34.56000900,-90.00000000,-12.40266418
Simul_+45deg,45,325.79998779,34.20000076,-90.00000000,-12.45906258
Simul_+45deg,45,326.15997314,33.83999634,-90.00000000,-12.65580177
Simul_+45deg,45,326.51998901,33.47999191,-90.00000000,-13.06781960
Simul_+45deg,45,326.88000488,33.11998367,-90.00000000,-13.48312759
Simul_+45deg,45,327.23995972,32.76000214,-90.00000000,-13.89838409
Simul_+45deg,45,327.59997559,32.40000534,-90.00000000,-14.30926418
Simul_+45deg,45,327.95999146,32.03999710,-90.00000000,-14.71006775
Simul_+45deg,45,328.31997681,31.67999268,-90.00000000,-15.37312984
Simul_+45deg,45,328.67999268,31.31998444,-90.00000000,-16.11015701
Simul_+45deg,45,329.03997803,30.96000671,-90.00000000,-16.89010048
Simul_+45deg,45,329.39999390,30.60000420,-90.00000000,-17.71052170
Simul_+45deg,45,329.75997925,30.23999786,-90.00000000,-18.56294632
Simul_+45deg,45,330.11999512,29.87998581,-90.00000000,-19.42980194
Simul_+45deg,45,330.47998047,29.52001190,-90.00000000,-20.23937416
Simul_+45deg,45,330.83996582,29.16000557,-90.00000000,-20.88749313
Simul_+45deg,45,331.19998169,28.80000305,-90.00000000,-21.26840210
Simul_+45deg,45,331.55999756,28.43999672,-90.00000000,-21.30170631
Simul_+45deg,45,331.91998291,28.07998657,-90.00000000,-20.97962379
Simul_+45deg,45,332.27996826,27.72001266,-90.00000000,-20.34061050
Simul_+45deg,45,332.63998413,27.36000633,-90.00000000,-19.52573395
Simul_+45deg,45,332.99996948,26.99999809,-90.00000000,-18.63736725
Simul_+45deg,45,333.35998535,26.63999557,-90.00000000,-17.73641586
Simul_+45deg,45,333.72000122,26.27998543,-90.00000000,-16.85728836
Simul_+45deg,45,334.07995605,25.92000771,-90.00000000,-16.05813599
Simul_+45deg,45,334.43997192,25.56000137,-90.00000000,-15.42687988
Simul_+45deg,45,334.79998779,25.19999886,-90.00000000,-14.81195259
Simul_+45deg,45,335.15997314,24.83999062,-90.00000000,-14.21771049
Simul_+45deg,45,335.51998901,24.47998619,-90.00000000,-13.64630508
Simul_+45deg,45,335.87997437,24.12000656,-90.00000000,-13.09848785
Simul_+45deg,45,336.23999023,23.76000595,-90.00000000,-12.65729332
Simul_+45deg,45,336.59997559,23.39999390,-90.00000000,-12.26639557
Simul_+45deg,45,336.95999146,23.03999329,-90.00000000,-11.88253021
Simul_+45deg,45,337.32000732,22.67998886,-90.00000000,-11.50668335
Simul_+45deg,45,337.67996216,22.32000923,-90.00000000,-11.13952160
Simul_+45deg,45,338.03997803,21.96000481,-90.00000000,-10.78525543
Simul_+45deg,45,338.39999390,21.59999657,-90.00000000,-10.46710587
Simul_+45deg,45,338.75997925,21.23999405,-90.00000000,-10.15162086
Simul_+45deg,45,339.11999512,20.87998390,-90.00000000,-9.83976936
Simul_+45deg,45,339.47998047,20.52000618,-90.00000000,-9.53231812
Simul_+45deg,45,339.83996582,20.16000557,-90.00000000,-9.22977352
Simul_+45deg,45,340.19998169,19.79999924,-90.00000000,-8.93113327
Simul_+45deg,45,340.55999756,19.43998718,-90.00000000,-8.63548183
Simul_+45deg,45,340.91998291,19.07998276,-90.00000000,-8.34404564
Simul_+45deg,45,341.27996826,18.72000694,-90.00000000,-8.05726242
Simul_+45deg,45,341.63998413,18.36000061,-90.00000000,-7.77538347
Simul_+45deg,45,341.99996948,17.99999428,-90.00000000,-7.49864388
Simul_+45deg,45,342.35998535,17.63998985,-90.00000000,-7.25635815
Simul_+45deg,45,342.71997070,17.28000641,-90.00000000,-7.01818371
Simul_+45deg,45,343.07998657,16.92000771,-90.00000000,-6.78412914
Simul_+45deg,45,343.43997192,16.56000137,-90.00000000,-6.55421543
Simul_+45deg,45,343.79998779,16.19999313,-90.00000000,-6.32843113
Simul_+45deg,45,344.16000366,15.83998680,-90.00000000,-6.13974142
Simul_+45deg,45,344.51995850,15.48001671,-90.00000000,-5.99467564
Simul_+45deg,45,344.87997437,15.12000275,-90.00000000,-5.85130024
Simul_+45deg,45,345.23999023,14.75999737,-90.00000000,-5.70962524
Simul_+45deg,45,345.59997559,14.39999866,-90.00000000,-5.56963491
Simul_+45deg,45,345.95999146,14.03999138,-90.00000000,-5.43130779
Simul_+45deg,45,346.31997681,13.68000603,-90.00000000,-5.37859201
Simul_+45deg,45,346.67996216,13.32001305,-90.00000000,-5.33643293
Simul_+45deg,45,347.03997803,12.95999718,-90.00000000,-5.29425144
Simul_+45deg,45,347.39999390,12.59998798,-90.00000000,-5.25205421
Simul_+45deg,45,347.75997925,12.23998928,-90.00000000,-5.20984602
Simul_+45deg,45,348.11996460,11.88000298,-90.00000000,-5.19702816
Simul_+45deg,45,348.47998047,11.51999664,-90.00000000,-5.24295807
Simul_+45deg,45,348.83996582,11.15999031,-90.00000000,-5.28881550
Simul_+45deg,45,349.19998169,10.79998875,-90.00000000,-5.33459282
Simul_+45deg,45,349.55999756,10.43999195,-90.00000000,-5.38028288
Simul_+45deg,45,349.91998291,10.08000946,-90.00000000,-5.42587566
Simul_+45deg,45,350.27996826,9.72000504,-90.00000000,-5.52253437
Simul_+45deg,45,350.63998413,9.36000347,-90.00000000,-5.63437939
Simul_+45deg,45,351.00000000,8.99999142,-90.00000000,-5.74685955
Simul_+45deg,45,351.35998535,8.63999653,-90.00000000,-5.85993385
Simul_+45deg,45,351.71997070,8.28000641,-90.00000000,-5.97357845
Simul_+45deg,45,352.07998657,7.92000675,-90.00000000,-6.09690619
Simul_+45deg,45,352.43997192,7.56000662,-90.00000000,-6.25297785
Simul_+45deg,45,352.79998779,7.19998980,-90.00000000,-6.40984631
Simul_+45deg,45,353.16000366,6.83999729,-90.00000000,-6.56736946
Simul_+45deg,45,353.51995850,6.48001719,-90.00000000,-6.72540903
Simul_+45deg,45,353.87997437,6.12000370,-90.00000000,-6.88382626
Simul_+45deg,45,354.23999023,5.76000357,-90.00000000,-7.06020451
Simul_+45deg,45,354.59997559,5.40000391,-90.00000000,-7.24527407
Simul_+45deg,45,354.95999146,5.03998899,-90.00000000,-7.42973757
Simul_+45deg,45,355.31997681,4.68002319,-90.00000000,-7.61312437
Simul_+45deg,45,355.67999268,4.32001114,-90.00000000,-7.79499340
Simul_+45deg,45,356.03997803,3.95997524,-90.00000000,-7.97816086
Simul_+45deg,45,356.39999390,3.59999967,-90.00000000,-8.18614864
Simul_+45deg,45,356.75997925,3.24002767,-90.00000000,-8.39171982
Simul_+45deg,45,357.11996460,2.87997603,-90.00000000,-8.59405899
Simul_+45deg,45,357.47998047,2.52002597,-90.00000000,-8.79210377
Simul_+45deg,45,357.83999634,2.16002965,-90.00000000,-8.98487282
Simul_+45deg,45,358.19998169,1.79994082,-90.00000000,-9.20134354
Simul_+45deg,45,358.55996704,1.44007802,-90.00000000,-9.43776894
Simul_+45deg,45,358.91998291,1.07992160,-90.00000000,-9.67017078
Simul_+45deg,45,359.27996826,0.72009277,-90.00000000,-9.89669418
Simul_+45deg,45,359.63998413,0.35990870,-90.00000000,-10.11614227
Simul_+60deg,60,0.00000000,0.00000000,90.00000000,6.71745300
Simul_+60deg,60,0.35999998,0.35990870,90.00000000,6.67400455
Simul_+60deg,60,0.71999997,0.72009277,90.00000000,6.63086843
Simul_+60deg,60,1.07999992,1.07992160,90.00000000,6.58813429
Simul_+60deg,60,1.43999994,1.43994224,90.00000000,6.54575157
Simul_+60deg,60,1.79999995,1.80004954,90.00000000,6.50374937
Simul_+60deg,60,2.15999985,2.16002965,90.00000000,6.43183041
Simul_+60deg,60,2.51999998,2.52002597,90.00000000,6.32237148
Simul_+60deg,60,2.87999988,2.87997603,90.00000000,6.21335983
Simul_+60deg,60,3.23999977,3.24002767,90.00000000,6.10485506
Simul_+60deg,60,3.59999990,3.59999967,90.00000000,5.99702787
Simul_+60deg,60,3.95999956,3.95997524,90.00000000,5.88996840
Simul_+60deg,60,4.31999969,4.32001114,90.00000000,5.75437450
Simul_+60deg,60,4.67999983,4.67998075,90.00000000,5.61652899
Simul_+60deg,60,5.03999996,5.03998899,90.00000000,5.48037720
Simul_+60deg,60,5.39999962,5.40000391,90.00000000,5.34623909
Simul_+60deg,60,5.75999975,5.76000357,90.00000000,5.21445322
Simul_+60deg,60,6.11999989,6.12000370,90.00000000,5.08754206
Simul_+60deg,60,6.47999954,6.47998667,90.00000000,4.96801424
Simul_+60deg,60,6.83999968,6.83999729,90.00000000,4.85183477
Simul_+60deg,60,7.19999981,7.19998980,90.00000000,4.73938513
Simul_+60deg,60,7.55999947,7.56000662,90.00000000,4.63103151
Simul_+60deg,60,7.91999912,7.92000675,90.00000000,4.52717400
Simul_+60deg,60,8.27999973,8.28000641,90.00000000,4.44815350
Simul_+60deg,60,8.63999939,8.63999653,90.00000000,4.37789106
Simul_+60deg,60,9.00000000,8.99999142,90.00000000,4.31058455
Simul_+60deg,60,9.35999966,9.36000347,90.00000000,4.24638844
Simul_+60deg,60,9.72000027,9.72000504,90.00000000,4.18546343
Simul_+60deg,60,10.07999992,10.07999039,90.00000000,4.13134623
Simul_+60deg,60,10.43999863,10.43999195,90.00000000,4.09076738
Simul_+60deg,60,10.79999924,10.80000591,90.00000000,4.05074358
Simul_+60deg,60,11.15999889,11.15999031,90.00000000,4.01129913
Simul_+60deg,60,11.51999950,11.51999664,90.00000000,3.97244835
Simul_+60deg,60,11.87999916,11.88000298,90.00000000,3.93421125
Simul_+60deg,60,12.23999977,12.24000549,90.00000000,3.89097118
Simul_+60deg,60,12.59999943,12.60000420,90.00000000,3.84488487
Simul_+60deg,60,12.95999908,12.95999718,90.00000000,3.79863834
Simul_+60deg,60,13.31999969,13.31999779,90.00000000,3.75222826
Simul_+60deg,60,13.67999935,13.68000603,90.00000000,3.70565629
Simul_+60deg,60,14.03999901,14.04000568,90.00000000,3.65642023
Simul_+60deg,60,14.39999962,14.39999866,90.00000000,3.58744240
Simul_+60deg,60,14.75999832,14.75999737,90.00000000,3.51912260
Simul_+60deg,60,15.11999893,15.12000275,90.00000000,3.45150924
Simul_+60deg,60,15.47999954,15.48000336,90.00000000,3.38465548
Simul_+60deg,60,15.83999825,15.84000015,90.00000000,3.31861472
Simul_+60deg,60,16.19999886,16.19999313,90.00000000,3.24187613
Simul_+60deg,60,16.55999947,16.56000137,90.00000000,3.15683460
Simul_+60deg,60,16.92000008,16.91999626,90.00000000,3.07284307
Simul_+60deg,60,17.27999878,17.27999496,90.00000000,2.98999357
Simul_+60deg,60,17.63999939,17.64000320,90.00000000,2.90838194
Simul_+60deg,60,18.00000000,17.99999428,90.00000000,2.82811499
Simul_+60deg,60,18.35999870,18.36000061,90.00000000,2.74331331
Simul_+60deg,60,18.71999931,18.71999741,90.00000000,2.65884686
Simul_+60deg,60,19.07999992,19.08000183,90.00000000,2.57476354
Simul_+60deg,60,19.44000053,19.43999863,90.00000000,2.49112225
Simul_+60deg,60,19.79999924,19.79999924,90.00000000,2.40797949
Simul_+60deg,60,20.15999985,20.15999603,90.00000000,2.33378386
Simul_+60deg,60,20.51999855,20.51999664,90.00000000,2.27042484
Simul_+60deg,60,20.87999725,20.88000298,90.00000000,2.20734549
Simul_+60deg,60,21.23999786,21.24000168,90.00000000,2.14457297
Simul_+60deg,60,21.59999847,21.59999657,90.00000000,2.08213520
Simul_+60deg,60,21.95999908,21.95999527,90.00000000,2.02005887
Simul_+60deg,60,22.31999779,22.31999969,90.00000000,1.99256682
Simul_+60deg,60,22.67999840,22.67999649,90.00000000,1.97080839
Simul_+60deg,60,23.03999901,23.04000282,90.00000000,1.95059288
Simul_+60deg,60,23.39999771,23.39999390,90.00000000,1.93194437
Simul_+60deg,60,23.75999832,23.75999641,90.00000000,1.91488135
Simul_+60deg,60,24.11999893,24.11999702,90.00000000,1.90834284
Simul_+60deg,60,24.47999954,24.48000336,90.00000000,1.92155468
Simul_+60deg,60,24.83999825,24.84000015,90.00000000,1.93681216
Simul_+60deg,60,25.19999886,25.19999886,90.00000000,1.95409477
Simul_+60deg,60,25.55999947,25.56000137,90.00000000,1.97337794
Simul_+60deg,60,25.91999817,25.92000008,90.00000000,1.99463391
Simul_+60deg,60,26.27999878,26.28000259,90.00000000,2.00496507
Simul_+60deg,60,26.63999939,26.63999557,90.00000000,2.01327181
Simul_+60deg,60,27.00000000,26.99999809,90.00000000,2.02318621
Simul_+60deg,60,27.35999870,27.35999870,90.00000000,2.03469729
Simul_+60deg,60,27.71999931,27.71999931,90.00000000,2.04779363
Simul_+60deg,60,28.07999802,28.08000183,90.00000000,2.05035591
Simul_+60deg,60,28.43999863,28.43999672,90.00000000,2.01197577
Simul_+60deg,60,28.79999924,28.80000305,90.00000000,1.97496247
Simul_+60deg,60,29.15999794,29.15999794,90.00000000,1.93935490
Simul_+60deg,60,29.51999664,29.51999664,90.00000000,1.90518880
Simul_+60deg,60,29.87999916,29.88000298,90.00000000,1.87250268
Simul_+60deg,60,30.23999786,30.23999786,90.00000000,1.80649590
Simul_+60deg,60,30.59999657,30.59999657,90.00000000,1.72454071
Simul_+60deg,60,30.95999908,30.95999908,90.00000000,1.64414215
Simul_+60deg,60,31.31999779,31.31999779,90.00000000,1.56542003
Simul_+60deg,60,31.67999649,31.67999268,90.00000000,1.48849535
Simul_+60deg,60,32.03999710,32.03999710,90.00000000,1.41291666
Simul_+60deg,60,32.39999771,32.39999771,90.00000000,1.33500719
Simul_+60deg,60,32.75999832,32.75999832,90.00000000,1.25964499
Simul_+60deg,60,33.11999893,33.11999893,90.00000000,1.18698943
Simul_+60deg,60,33.47999573,33.47999573,90.00000000,1.11719978
Simul_+60deg,60,33.84000015,33.83999634,90.00000000,1.05043662
Simul_+60deg,60,34.19999695,34.20000076,90.00000000,1.01531887
Simul_+60deg,60,34.55999756,34.56000137,90.00000000,1.00569534
Simul_+60deg,60,34.91999817,34.92000198,90.00000000,0.99865639
Simul_+60deg,60,35.27999878,35.27999878,90.00000000,0.99421585
Simul_+60deg,60,35.63999557,35.63999557,90.00000000,0.99238098
Simul_+60deg,60,36.00000000,36.00000000,90.00000000,0.99315536
Simul_+60deg,60,36.35999680,36.36000061,90.00000000,1.06118584
Simul_+60deg,60,36.71999741,36.71999359,90.00000000,1.12982655
Simul_+60deg,60,37.07999802,37.07999420,90.00000000,1.19903541
Simul_+60deg,60,37.43999863,37.43999481,90.00000000,1.26876485
Simul_+60deg,60,37.79999542,37.79999161,90.00000000,1.33897591
Simul_+60deg,60,38.15999985,38.15999985,90.00000000,1.42500615
Simul_+60deg,60,38.51999664,38.51999664,90.00000000,1.53125894
Simul_+60deg,60,38.88000107,38.88000107,90.00000000,1.63861704
Simul_+60deg,60,39.23999786,39.23999786,90.00000000,1.74693561
Simul_+60deg,60,39.59999847,39.59999847,90.00000000,1.85607898
Simul_+60deg,60,39.95999908,39.95999527,90.00000000,1.96592271
Simul_+60deg,60,40.31999969,40.31999969,90.00000000,2.07174492
Simul_+60deg,60,40.67999649,40.67999649,90.00000000,2.18021965
Simul_+60deg,60,41.03999710,41.03999710,90.00000000,2.29178715
Simul_+60deg,60,41.39999771,41.39999390,90.00000000,2.40614200
Simul_+60deg,60,41.75999451,41.75999451,90.00000000,2.52300072
Simul_+60deg,60,42.11999893,42.11999893,90.00000000,2.63042545
Simul_+60deg,60,42.47999573,42.47999573,90.00000000,2.71763444
Simul_+60deg,60,42.83999634,42.83999634,90.00000000,2.80827713
Simul_+60deg,60,43.19999695,43.19999695,90.00000000,2.90210199
Simul_+60deg,60,43.55999756,43.55999756,90.00000000,2.99887204
Simul_+60deg,60,43.91999817,43.91999817,90.00000000,3.09834862
Simul_+60deg,60,44.27999878,44.27999878,90.00000000,3.16651225
Simul_+60deg,60,44.63999557,44.63999557,90.00000000,3.22690392
Simul_+60deg,60,45.00000000,45.00000000,90.00000000,3.28903818
Simul_+60deg,60,45.35999680,45.35999680,90.00000000,3.35282540
Simul_+60deg,60,45.71999741,45.71999741,90.00000000,3.41818285
Simul_+60deg,60,46.07999802,46.07999802,90.00000000,3.47879434
Simul_+60deg,60,46.43999863,46.43999863,90.00000000,3.51833797
Simul_+60deg,60,46.79999542,46.79999542,90.00000000,3.55818534
Simul_+60deg,60,47.15999985,47.15999985,90.00000000,3.59832716
Simul_+60deg,60,47.51999664,47.52000046,90.00000000,3.63875055
Simul_+60deg,60,47.87999725,47.87999725,90.00000000,3.67944288
Simul_+60deg,60,48.23999786,48.23999786,90.00000000,3.71970654
Simul_+60deg,60,48.59999847,48.59999847,90.00000000,3.75961351
Simul_+60deg,60,48.95999908,48.96000290,90.00000000,3.79945755
Simul_+60deg,60,49.31999588,49.31999588,90.00000000,3.83923316
Simul_+60deg,60,49.67999649,49.67999649,90.00000000,3.87894273
Simul_+60deg,60,50.03999710,50.03999710,90.00000000,3.91978240
Simul_+60deg,60,50.39999771,50.39999771,90.00000000,3.97022963
Simul_+60deg,60,50.75999451,50.75999832,90.00000000,4.02076435
Simul_+60deg,60,51.11999893,51.11999893,90.00000000,4.07137632
Simul_+60deg,60,51.47999573,51.47999573,90.00000000,4.12205362
Simul_+60deg,60,51.83999634,51.84000015,90.00000000,4.17279005
Simul_+60deg,60,52.19999695,52.19999695,90.00000000,4.21872187
Simul_+60deg,60,52.55999756,52.55999756,90.00000000,4.26130724
Simul_+60deg,60,52.91999435,52.91999817,90.00000000,4.30455160
Simul_+60deg,60,53.27999878,53.27999878,90.00000000,4.34843063
Simul_+60deg,60,53.63999557,53.63999557,90.00000000,4.39292240
Simul_+60deg,60,54.00000000,54.00000000,90.00000000,4.43800068
Simul_+60deg,60,54.35999680,54.35999680,90.00000000,4.44167662
Simul_+60deg,60,54.71999741,54.71999741,90.00000000,4.44707060
Simul_+60deg,60,55.07999802,55.07999802,90.00000000,4.45417690
Simul_+60deg,60,55.43999863,55.43999863,90.00000000,4.46298742
Simul_+60deg,60,55.79999542,55.79999924,90.00000000,4.47349262
Simul_+60deg,60,56.15999603,56.15999603,90.00000000,4.45876884
Simul_+60deg,60,56.51999664,56.51999664,90.00000000,4.41233540
Simul_+60deg,60,56.87999725,56.87999725,90.00000000,4.36798429
Simul_+60deg,60,57.23999786,57.23999786,90.00000000,4.32578421
Simul_+60deg,60,57.59999847,57.59999847,90.00000000,4.28580093
Simul_+60deg,60,57.95999908,57.95999908,90.00000000,4.24810314
Simul_+60deg,60,58.31999588,58.31999588,90.00000000,4.16849804
Simul_+60deg,60,58.67999649,58.67999649,90.00000000,4.08472872
Simul_+60deg,60,59.03999329,59.03999329,90.00000000,4.00237036
Simul_+60deg,60,59.39999390,59.39999390,90.00000000,3.92154098
Simul_+60deg,60,59.75999832,59.75999832,90.00000000,3.84235168
Simul_+60deg,60,60.11999893,60.11999893,90.00000000,3.75919294
Simul_+60deg,60,60.47999573,60.47999573,90.00000000,3.66555738
Simul_+60deg,60,60.83999634,60.83999634,90.00000000,3.57255602
Simul_+60deg,60,61.19999313,61.19999313,90.00000000,3.48027372
Simul_+60deg,60,61.56000137,61.56000137,90.00000000,3.38879728
Simul_+60deg,60,61.91999817,61.91999817,90.00000000,3.29822731
Simul_+60deg,60,62.27999878,62.27999878,90.00000000,3.21581745
Simul_+60deg,60,62.63999557,62.63999557,90.00000000,3.13616943
Simul_+60deg,60,62.99999619,62.99999619,90.00000000,3.05726242
Simul_+60deg,60,63.35999298,63.35999298,90.00000000,2.97916079
Simul_+60deg,60,63.71999741,63.71999741,90.00000000,2.90193439
Simul_+60deg,60,64.07999420,64.07999420,90.00000000,2.82669044
Simul_+60deg,60,64.43999481,64.43999481,90.00000000,2.75617623
Simul_+60deg,60,64.79999542,64.79999542,90.00000000,2.68692160
Simul_+60deg,60,65.15999603,65.15999603,90.00000000,2.61900711
Simul_+60deg,60,65.51999664,65.51999664,90.00000000,2.55251527
Simul_+60deg,60,65.87999725,65.87999725,90.00000000,2.48752737
Simul_+60deg,60,66.23999786,66.23999786,90.00000000,2.40797091
Simul_+60deg,60,66.59999847,66.59999847,90.00000000,2.32170892
Simul_+60deg,60,66.95999146,66.95999146,90.00000000,2.23687291
Simul_+60deg,60,67.31999207,67.31999207,90.00000000,2.15358353
Simul_+60deg,60,67.68000031,67.68000031,90.00000000,2.07195950
Simul_+60deg,60,68.04000092,68.04000092,90.00000000,1.98746467
Simul_+60deg,60,68.39999390,68.39999390,90.00000000,1.86644030
Simul_+60deg,60,68.75999451,68.75999451,90.00000000,1.74543488
Simul_+60deg,60,69.11999512,69.11999512,90.00000000,1.62455654
Simul_+60deg,60,69.47999573,69.47999573,90.00000000,1.50390732
Simul_+60deg,60,69.83999634,69.83999634,90.00000000,1.38360405
Simul_+60deg,60,70.19999695,70.19999695,90.00000000,1.25205696
Simul_+60deg,60,70.55999756,70.55999756,90.00000000,1.10987556
Simul_+60deg,60,70.91999817,70.91999817,90.00000000,0.96591562
Simul_+60deg,60,71.27999115,71.27999115,90.00000000,0.82015610
Simul_+60deg,60,71.63999939,71.63999939,90.00000000,0.67257965
Simul_+60deg,60,72.00000000,72.00000000,90.00000000,0.52317137
Simul_+60deg,60,72.36000061,72.36000061,90.00000000,0.40586376
Simul_+60deg,60,72.71999359,72.71999359,90.00000000,0.28701761
Simul_+60deg,60,73.07999420,73.07999420,90.00000000,0.16659757
Simul_+60deg,60,73.43999481,73.43999481,90.00000000,0.04455751
Simul_+60deg,60,73.79999542,73.79999542,90.00000000,-0.07914349
Simul_+60deg,60,74.15999603,74.15999603,90.00000000,-0.17537478
Simul_+60deg,60,74.51999664,74.51999664,90.00000000,-0.23583727
Simul_+60deg,60,74.87999725,74.87999725,90.00000000,-0.29659325
Simul_+60deg,60,75.23999023,75.23999023,90.00000000,-0.35764259
Simul_+60deg,60,75.59999084,75.59999084,90.00000000,-0.41898388
Simul_+60deg,60,75.95999908,75.95999908,90.00000000,-0.48062164
Simul_+60deg,60,76.31999969,76.31999969,90.00000000,-0.52129048
Simul_+60deg,60,76.67999268,76.67999268,90.00000000,-0.55874056
Simul_+60deg,60,77.03999329,77.03999329,90.00000000,-0.59556174
Simul_+60deg,60,77.39999390,77.39999390,90.00000000,-0.63173568
Simul_+60deg,60,77.76000214,77.76000214,90.00000000,-0.66724449
Simul_+60deg,60,78.11999512,78.11999512,90.00000000,-0.71956933
Simul_+60deg,60,78.47999573,78.47999573,90.00000000,-0.80558664
Simul_+60deg,60,78.83999634,78.83999634,90.00000000,-0.88986135
Simul_+60deg,60,79.19999695,79.19999695,90.00000000,-0.97226089
Simul_+60deg,60,79.55998993,79.55998993,90.00000000,-1.05264235
Simul_+60deg,60,79.91999817,79.91999817,90.00000000,-1.13086748
Simul_+60deg,60,80.27999878,80.27999878,90.00000000,-1.28112566
Simul_+60deg,60,80.63999939,80.63999939,90.00000000,-1.45222890
Simul_+60deg,60,80.99999237,80.99999237,90.00000000,-1.62290108
Simul_+60deg,60,81.35999298,81.35999298,90.00000000,-1.79281664
Simul_+60deg,60,81.72000122,81.72000122,90.00000000,-1.96160483
Simul_+60deg,60,82.07999420,82.07999420,90.00000000,-2.14562416
Simul_+60deg,60,82.43999481,82.43999481,90.00000000,-2.39010382
Simul_+60deg,60,82.79999542,82.79999542,90.00000000,-2.63851357
Simul_+60deg,60,83.15999603,83.15999603,90.00000000,-2.89069700
Simul_+60deg,60,83.51998901,83.51998901,90.00000000,-3.14643979
Simul_+60deg,60,83.87999725,83.87999725,90.00000000,-3.40548062
Simul_+60deg,60,84.23999786,84.23999786,90.00000000,-3.67006302
Simul_+60deg,60,84.59999847,84.59999847,90.00000000,-3.94172764
Simul_+60deg,60,84.95999146,84.95999146,90.00000000,-4.21987152
Simul_+60deg,60,85.31999207,85.31999207,90.00000000,-4.50462294
Simul_+60deg,60,85.67999268,85.67999268,90.00000000,-4.79606581
Simul_+60deg,60,86.04000092,86.04000092,90.00000000,-5.08619261
Simul_+60deg,60,86.39999390,86.39999390,90.00000000,-5.31761551
Simul_+60deg,60,86.75999451,86.75999451,90.00000000,-5.55373716
Simul_+60deg,60,87.11999512,87.11999512,90.00000000,-5.79462433
Simul_+60deg,60,87.47999573,87.47999573,90.00000000,-6.04033184
Simul_+60deg,60,87.83999634,87.83999634,90.00000000,-6.29091215
Simul_+60deg,60,88.19999695,88.19999695,90.00000000,-6.50173140
Simul_+60deg,60,88.55999756,88.55999756,90.00000000,-6.67941952
Simul_+60deg,60,88.91999817,88.91999817,90.00000000,-6.85894012
Simul_+60deg,60,89.27999115,89.27999115,90.00000000,-7.04021692
Simul_+60deg,60,89.63999176,89.63999176,90.00000000,-7.22314787
Simul_+60deg,60,90.00000000,90.00000000,90.00000000,-7.40760088
Simul_+60deg,60,90.35999298,90.35999298,90.00000000,-7.56713486
Simul_+60deg,60,90.71999359,90.71999359,90.00000000,-7.72511530
Simul_+60deg,60,91.07999420,91.07999420,90.00000000,-7.88115072
Simul_+60deg,60,91.43999481,91.43999481,90.00000000,-8.03479958
Simul_+60deg,60,91.79999542,91.79999542,90.00000000,-8.18560314
Simul_+60deg,60,92.15999603,92.15999603,90.00000000,-8.33997059
Simul_+60deg,60,92.51999664,92.51999664,90.00000000,-8.49740410
Simul_+60deg,60,92.87999725,92.87999725,90.00000000,-8.64771748
Simul_+60deg,60,93.23999023,93.23999023,90.00000000,-8.78994083
Simul_+60deg,60,93.59999084,93.59999084,90.00000000,-8.92308712
Simul_+60deg,60,93.95999908,93.95999908,90.00000000,-9.04614353
Simul_+60deg,60,94.31999969,94.31999969,90.00000000,-9.17131329
Simul_+60deg,60,94.67999268,94.67999268,90.00000000,-9.28584290
Simul_+60deg,60,95.03999329,95.03999329,90.00000000,-9.38698673
Simul_+60deg,60,95.39999390,95.39999390,90.00000000,-9.47372246
Simul_+60deg,60,95.75999451,95.75999451,90.00000000,-9.54511833
Simul_+60deg,60,96.11999512,96.11999512,90.00000000,-9.60139179
Simul_+60deg,60,96.47999573,96.47999573,90.00000000,-9.64473057
Simul_+60deg,60,96.83999634,96.83999634,90.00000000,-9.67359352
Simul_+60deg,60,97.19999695,97.19999695,90.00000000,-9.68768978
Simul_+60deg,60,97.55998993,97.55998993,90.00000000,-9.68687439
Simul_+60deg,60,97.91999817,97.91999817,90.00000000,-9.67115307
Simul_+60deg,60,98.27999878,98.27999878,90.00000000,-9.64670277
Simul_+60deg,60,98.63999176,98.63999176,90.00000000,-9.61228943
Simul_+60deg,60,98.99999237,98.99999237,90.00000000,-9.56681824
Simul_+60deg,60,99.35999298,99.35999298,90.00000000,-9.51063347
Simul_+60deg,60,99.71999359,99.71999359,90.00000000,-9.44415951
Simul_+60deg,60,100.07999420,100.07999420,90.00000000,-9.37101936
Simul_+60deg,60,100.43999481,100.43999481,90.00000000,-9.30043507
Simul_+60deg,60,100.79999542,100.79999542,90.00000000,-9.22230530
Simul_+60deg,60,101.15999603,101.15999603,90.00000000,-9.13705254
Simul_+60deg,60,101.51998901,101.51998901,90.00000000,-9.04511261
Simul_+60deg,60,101.87999725,101.87999725,90.00000000,-8.94694042
Simul_+60deg,60,102.23999786,102.23999786,90.00000000,-8.85236263
Simul_+60deg,60,102.59999847,102.59999847,90.00000000,-8.75749397
Simul_+60deg,60,102.95999146,102.95999146,90.00000000,-8.65808105
Simul_+60deg,60,103.31999207,103.31999207,90.00000000,-8.55446911
Simul_+60deg,60,103.67999268,103.67999268,90.00000000,-8.44701481
Simul_+60deg,60,104.03999329,104.03999329,90.00000000,-8.33771133
Simul_+60deg,60,104.39999390,104.39999390,90.00000000,-8.23900604
Simul_+60deg,60,104.75999451,104.75999451,90.00000000,-8.13818264
Simul_+60deg,60,105.11999512,105.11999512,90.00000000,-8.03543854
Simul_+60deg,60,105.47999573,105.47999573,90.00000000,-7.93095541
Simul_+60deg,60,105.83998871,105.83998871,90.00000000,-7.82491779
Simul_+60deg,60,106.19999695,106.19999695,90.00000000,-7.72858381
Simul_+60deg,60,106.55999756,106.55999756,90.00000000,-7.64061928
Simul_+60deg,60,106.91999054,106.91999054,90.00000000,-7.55242920
Simul_+60deg,60,107.27999115,107.27999115,90.00000000,-7.46405840
Simul_+60deg,60,107.63999176,107.63999176,90.00000000,-7.37555695
Simul_+60deg,60,108.00000000,108.00000000,90.00000000,-7.28696346
Simul_+60deg,60,108.35999298,108.35999298,90.00000000,-7.21451473
Simul_+60deg,60,108.71999359,108.71999359,90.00000000,-7.14222431
Simul_+60deg,60,109.07999420,109.07999420,90.00000000,-7.07010365
Simul_+60deg,60,109.43999481,109.43999481,90.00000000,-6.99817133
Simul_+60deg,60,109.79998779,109.79998779,90.00000000,-6.92642975
Simul_+60deg,60,110.15999603,110.15999603,90.00000000,-6.85473394
Simul_+60deg,60,110.51999664,110.51999664,90.00000000,-6.78236771
Simul_+60deg,60,110.87999725,110.87999725,90.00000000,-6.70931053
Simul_+60deg,60,111.23999023,111.23999023,90.00000000,-6.63561296
Simul_+60deg,60,111.59999084,111.59999084,90.00000000,-6.56133175
Simul_+60deg,60,111.95999908,111.95999908,90.00000000,-6.48651552
Simul_+60deg,60,112.31999207,112.31999207,90.00000000,-6.40233612
Simul_+60deg,60,112.67999268,112.67999268,90.00000000,-6.31531763
Simul_+60deg,60,113.03999329,113.03999329,90.00000000,-6.22662163
Simul_+60deg,60,113.39999390,113.39999390,90.00000000,-6.13639307
Simul_+60deg,60,113.75999451,113.75999451,90.00000000,-6.04475451
Simul_+60deg,60,114.11999512,114.11999512,90.00000000,-5.95539522
Simul_+60deg,60,114.47999573,114.47999573,90.00000000,-5.87065029
Simul_+60deg,60,114.83999634,114.83999634,90.00000000,-5.78292847
Simul_+60deg,60,115.19999695,115.19999695,90.00000000,-5.69243145
Simul_+60deg,60,115.55998993,115.55998993,90.00000000,-5.59937716
Simul_+60deg,60,115.91999817,115.91999817,90.00000000,-5.50395775
Simul_+60deg,60,116.27999115,116.27999115,90.00000000,-5.44521141
Simul_+60deg,60,116.63999176,116.63999176,90.00000000,-5.39245987
Simul_+60deg,60,117.00000000,117.00000000,90.00000000,-5.33441782
Simul_+60deg,60,117.35999298,117.35999298,90.00000000,-5.27131033
Simul_+60deg,60,117.72000122,117.72000122,90.00000000,-5.20335722
Simul_+60deg,60,118.07998657,118.07998657,90.00000000,-5.14895821
Simul_+60deg,60,118.43999481,118.43999481,90.00000000,-5.15151978
Simul_+60deg,60,118.79998779,118.79998779,90.00000000,-5.14614105
Simul_+60deg,60,119.15999603,119.15999603,90.00000000,-5.13284731
Simul_+60deg,60,119.51999664,119.51999664,90.00000000,-5.11171579
Simul_+60deg,60,119.87998962,119.87998962,90.00000000,-5.08285761
Simul_+60deg,60,120.23999786,120.23999786,90.00000000,-5.10467577
Simul_+60deg,60,120.59999084,120.59999084,90.00000000,-5.14721298
Simul_+60deg,60,120.95999146,120.95999146,90.00000000,-5.18093967
Simul_+60deg,60,121.31999969,121.31999969,90.00000000,-5.20564127
Simul_+60deg,60,121.67999268,121.67999268,90.00000000,-5.22116661
Simul_+60deg,60,122.03999329,122.03999329,90.00000000,-5.23548365
Simul_+60deg,60,122.39998627,122.39998627,90.00000000,-5.30662632
Simul_+60deg,60,122.75999451,122.75999451,90.00000000,-5.37105942
Simul_+60deg,60,123.12000275,123.12000275,90.00000000,-5.42845249
Simul_+60deg,60,123.47998810,123.47998810,90.00000000,-5.47851562
Simul_+60deg,60,123.83999634,123.83999634,90.00000000,-5.52098370
Simul_+60deg,60,124.19998932,124.19998932,90.00000000,-5.58296585
Simul_+60deg,60,124.55999756,124.55999756,90.00000000,-5.66246986
Simul_+60deg,60,124.91998291,124.91998291,90.00000000,-5.73846054
Simul_+60deg,60,125.27999115,125.27999115,90.00000000,-5.81072998
Simul_+60deg,60,125.63999939,125.63999939,90.00000000,-5.87906122
Simul_+60deg,60,125.99999237,125.99999237,90.00000000,-5.94324636
Simul_+60deg,60,126.35999298,126.35999298,90.00000000,-6.02291584
Simul_+60deg,60,126.71998596,126.71998596,90.00000000,-6.09967327
Simul_+60deg,60,127.07999420,127.07999420,90.00000000,-6.17333889
Simul_+60deg,60,127.43999481,127.43999481,90.00000000,-6.24372673
Simul_+60deg,60,127.79998779,127.79998779,90.00000000,-6.31065178
Simul_+60deg,60,128.15998840,128.15998840,90.00000000,-6.36966801
Simul_+60deg,60,128.51998901,128.51998901,90.00000000,-6.41670990
Simul_+60deg,60,128.87998962,128.87998962,90.00000000,-6.45579863
Simul_+60deg,60,129.24000549,129.24000549,90.00000000,-6.48671198
Simul_+60deg,60,129.59999084,129.59999084,90.00000000,-6.50927114
Simul_+60deg,60,129.95999146,129.95999146,90.00000000,-6.52334690
Simul_+60deg,60,130.31999207,130.31999207,90.00000000,-6.51818991
Simul_+60deg,60,130.67999268,130.67999268,90.00000000,-6.49938297
Simul_+60deg,60,131.03999329,131.03999329,90.00000000,-6.46819592
Simul_+60deg,60,131.39999390,131.39999390,90.00000000,-6.42489529
Simul_+60deg,60,131.75999451,131.75999451,90.00000000,-6.36984110
Simul_+60deg,60,132.11999512,132.11999512,90.00000000,-6.31483078
Simul_+60deg,60,132.47999573,132.47999573,90.00000000,-6.27162218
Simul_+60deg,60,132.83998108,132.83998108,90.00000000,-6.21783781
Simul_+60deg,60,133.19999695,133.19999695,90.00000000,-6.15387154
Simul_+60deg,60,133.55999756,133.55999756,90.00000000,-6.08017635
Simul_+60deg,60,133.91998291,133.91998291,90.00000000,-5.99725437
Simul_+60deg,60,134.27999878,134.27999878,90.00000000,-5.97754526
Simul_+60deg,60,134.63998413,134.63998413,90.00000000,-5.97191906
Simul_+60deg,60,135.00000000,135.00000000,90.00000000,-5.96010447
Simul_+60deg,60,135.36000061,135.36000061,90.00000000,-5.94215393
Simul_+60deg,60,135.71998596,135.71998596,90.00000000,-5.91814137
Simul_+60deg,60,136.08000183,136.08000183,90.00000000,-5.91446352
Simul_+60deg,60,136.43998718,136.43998718,90.00000000,-5.99954891
Simul_+60deg,60,136.79998779,136.79998779,90.00000000,-6.08295822
Simul_+60deg,60,137.16000366,137.16000366,90.00000000,-6.16455603
Simul_+60deg,60,137.51998901,137.51998901,90.00000000,-6.24420452
Simul_+60deg,60,137.87998962,137.87998962,90.00000000,-6.32176685
Simul_+60deg,60,138.23999023,138.23999023,90.00000000,-6.46115732
Simul_+60deg,60,138.59999084,138.59999084,90.00000000,-6.63362980
Simul_+60deg,60,138.95999146,138.95999146,90.00000000,-6.80775261
Simul_+60deg,60,139.31999207,139.31999207,90.00000000,-6.98343945
Simul_+60deg,60,139.67999268,139.67999268,90.00000000,-7.16059303
Simul_+60deg,60,140.03999329,140.03999329,90.00000000,-7.34184265
Simul_+60deg,60,140.39999390,140.39999390,90.00000000,-7.54488516
Simul_+60deg,60,140.75997925,140.75997925,90.00000000,-7.74567699
Simul_+60deg,60,141.11999512,141.11999512,90.00000000,-7.94342613
Simul_+60deg,60,141.47999573,141.47999573,90.00000000,-8.13724899
Simul_+60deg,60,141.83999634,141.83999634,90.00000000,-8.32616711
Simul_+60deg,60,142.19999695,142.19999695,90.00000000,-8.48148346
Simul_+60deg,60,142.55998230,142.55998230,90.00000000,-8.60220528
Simul_+60deg,60,142.91999817,142.91999817,90.00000000,-8.70761967
Simul_+60deg,60,143.27999878,143.27999878,90.00000000,-8.79651165
Simul_+60deg,60,143.63998413,143.63998413,90.00000000,-8.86779594
Simul_+60deg,60,144.00000000,144.00000000,90.00000000,-8.92056942
Simul_+60deg,60,144.35998535,144.35998535,90.00000000,-8.92715168
Simul_+60deg,60,144.72000122,144.72000122,90.00000000,-8.91816521
Simul_+60deg,60,145.07998657,145.07998657,90.00000000,-8.89371014
Simul_+60deg,60,145.43998718,145.43998718,90.00000000,-8.85404110
Simul_+60deg,60,145.80000305,145.80000305,90.00000000,-8.79957581
Simul_+60deg,60,146.15998840,146.15998840,90.00000000,-8.76514816
Simul_+60deg,60,146.51998901,146.51998901,90.00000000,-8.76446915
Simul_+60deg,60,146.87998962,146.87998962,90.00000000,-8.75654316
Simul_+60deg,60,147.23999023,147.23999023,90.00000000,-8.74140739
Simul_+60deg,60,147.59999084,147.59999084,90.00000000,-8.71913815
Simul_+60deg,60,147.95999146,147.95999146,90.00000000,-8.68984795
Simul_+60deg,60,148.31999207,148.31999207,90.00000000,-8.79835987
Simul_+60deg,60,148.67999268,148.67999268,90.00000000,-8.92363739
Simul_+60deg,60,149.03999329,149.03999329,90.00000000,-9.04771614
Simul_+60deg,60,149.39999390,149.39999390,90.00000000,-9.17039108
Simul_+60deg,60,149.75999451,149.75999451,90.00000000,-9.29141998
Simul_+60deg,60,150.11999512,150.11999512,90.00000000,-9.47240353
Simul_+60deg,60,150.47998047,150.47998047,90.00000000,-9.78094101
Simul_+60deg,60,150.83999634,150.83999634,90.00000000,-10.09623718
Simul_+60deg,60,151.19998169,151.19998169,90.00000000,-10.41806984
Simul_+60deg,60,151.55999756,151.55999756,90.00000000,-10.74612808
Simul_+60deg,60,151.91999817,151.91999817,90.00000000,-11.07985020
Simul_+60deg,60,152.27998352,152.27998352,90.00000000,-11.52125931
Simul_+60deg,60,152.63999939,152.63999939,90.00000000,-11.99526691
Simul_+60deg,60,152.99998474,152.99998474,90.00000000,-12.46728516
Simul_+60deg,60,153.35998535,153.35998535,90.00000000,-12.93005371
Simul_+60deg,60,153.72000122,153.72000122,90.00000000,-13.37386513
Simul_+60deg,60,154.07998657,154.07998657,90.00000000,-13.78085136
Simul_+60deg,60,154.43998718,154.43998718,90.00000000,-14.10646248
Simul_+60deg,60,154.79998779,154.79998779,90.00000000,-14.34228802
Simul_+60deg,60,155.15998840,155.15998840,90.00000000,-14.47194004
Simul_+60deg,60,155.52000427,155.52000427,90.00000000,-14.48546314
Simul_+60deg,60,155.87998962,155.87998962,90.00000000,-14.38179398
Simul_+60deg,60,156.23999023,156.23999023,90.00000000,-14.15439510
Simul_+60deg,60,156.59999084,156.59999084,90.00000000,-13.84879971
Simul_+60deg,60,156.95999146,156.95999146,90.00000000,-13.49112129
Simul_+60deg,60,157.31999207,157.31999207,90.00000000,-13.09486294
Simul_+60deg,60,157.67999268,157.67999268,90.00000000,-12.67210102
Simul_+60deg,60,158.03999329,158.03999329,90.00000000,-12.25246239
Simul_+60deg,60,158.39999390,158.39999390,90.00000000,-11.98245049
Simul_+60deg,60,158.75999451,158.75999451,90.00000000,-11.71054363
Simul_+60deg,60,159.11997986,159.11997986,90.00000000,-11.43804932
Simul_+60deg,60,159.47999573,159.47999573,90.00000000,-11.16602039
Simul_+60deg,60,159.83999634,159.83999634,90.00000000,-10.89535236
Simul_+60deg,60,160.19998169,160.19998169,90.00000000,-10.78055763
Simul_+60deg,60,160.55999756,160.55999756,90.00000000,-10.78798866
Simul_+60deg,60,160.91998291,160.91998291,90.00000000,-10.79370975
Simul_+60deg,60,161.27999878,161.27999878,90.00000000,-10.79771042
Simul_+60deg,60,161.63999939,161.63999939,90.00000000,-10.79998875
Simul_+60deg,60,161.99998474,161.99998474,90.00000000,-10.80053902
Simul_+60deg,60,162.36000061,162.36000061,90.00000000,-11.11207771
Simul_+60deg,60,162.71998596,162.71998596,90.00000000,-11.43229866
Simul_+60deg,60,163.07998657,163.07998657,90.00000000,-11.76144695
Simul_+60deg,60,163.44000244,163.44000244,90.00000000,-12.09963322
Simul_+60deg,60,163.79998779,163.79998779,90.00000000,-12.44694519
Simul_+60deg,60,164.15998840,164.15998840,90.00000000,-12.93762684
Simul_+60deg,60,164.51998901,164.51998901,90.00000000,-13.63060570
Simul_+60deg,60,164.87998962,164.87998962,90.00000000,-14.37124062
Simul_+60deg,60,165.23999023,165.23999023,90.00000000,-15.16326809
Simul_+60deg,60,165.59999084,165.59999084,90.00000000,-16.00914955
Simul_+60deg,60,165.95999146,165.95999146,90.00000000,-16.90817642
Simul_+60deg,60,166.31999207,166.31999207,90.00000000,-18.09233856
Simul_+60deg,60,166.67999268,166.67999268,90.00000000,-19.40590286
Simul_+60deg,60,167.03997803,167.03997803,90.00000000,-20.78116608
Simul_+60deg,60,167.39999390,167.39999390,90.00000000,-22.09128952
Simul_+60deg,60,167.75999451,167.75999451,90.00000000,-23.06289482
Simul_+60deg,60,168.11999512,168.11999512,90.00000000,-23.45895386
Simul_+60deg,60,168.47999573,168.47999573,90.00000000,-23.31801224
Simul_+60deg,60,168.83998108,168.83998108,90.00000000,-22.52215385
Simul_+60deg,60,169.19999695,169.19998169,90.00000000,-21.35513687
Simul_+60deg,60,169.55999756,169.55999756,90.00000000,-20.07331467
Simul_+60deg,60,169.91998291,169.91996765,90.00000000,-18.81621170
Simul_+60deg,60,170.27999878,170.27998352,90.00000000,-17.94958496
Simul_+60deg,60,170.63998413,170.63998413,90.00000000,-17.19160271
Simul_+60deg,60,170.99998474,171.00000000,90.00000000,-16.45708847
Simul_+60deg,60,171.35998535,171.36000061,90.00000000,-15.75326061
Simul_+60deg,60,171.71998596,171.71998596,90.00000000,-15.08282566
Simul_+60deg,60,172.08000183,172.07998657,90.00000000,-14.51401901
Simul_+60deg,60,172.43998718,172.43998718,90.00000000,-14.19493675
Simul_+60deg,60,172.79998779,172.80000305,90.00000000,-13.87614346
Simul_+60deg,60,173.15998840,173.16000366,90.00000000,-13.55914688
Simul_+60deg,60,173.51998901,173.52000427,90.00000000,-13.24509811
Simul_+60deg,60,173.87998962,173.87998962,90.00000000,-12.93491173
Simul_+60deg,60,174.23999023,174.23999023,90.00000000,-12.76459694
Simul_+60deg,60,174.59999084,174.59997559,90.00000000,-12.65992641
Simul_+60deg,60,174.95999146,174.95999146,90.00000000,-12.55209160
Simul_+60deg,60,175.31999207,175.32000732,90.00000000,-12.44140625
Simul_+60deg,60,175.67999268,175.67997742,90.00000000,-12.32814407
Simul_+60deg,60,176.03999329,176.03996277,90.00000000,-12.22524071
Simul_+60deg,60,176.39999390,176.39999390,90.00000000,-12.22085190
Simul_+60deg,60,176.75997925,176.75996399,90.00000000,-12.21295261
Simul_+60deg,60,177.11999512,177.12002563,90.00000000,-12.20155525
Simul_+60deg,60,177.47999573,177.47996521,90.00000000,-12.18669415
Simul_+60deg,60,177.83999634,177.83996582,90.00000000,-12.16840172
Simul_+60deg,60,178.19999695,178.19993591,90.00000000,-12.15846252
Simul_+60deg,60,178.55998230,178.56004333,90.00000000,-12.14648247
Simul_+60deg,60,178.91999817,178.92007446,90.00000000,-12.12087059
Simul_+60deg,60,179.27998352,179.27990723,90.00000000,-12.08188915
Simul_+60deg,60,179.63998413,179.64009094,90.00000000,-12.02982521
Simul_+60deg,60,180.00000000,180.00000000,-90.00000000,-11.96452332
Simul_+60deg,60,180.35998535,179.64009094,-90.00000000,-11.82117844
Simul_+60deg,60,180.71998596,179.27990723,-90.00000000,-11.64807796
Simul_+60deg,60,181.07998657,178.92007446,-90.00000000,-11.44977093
Simul_+60deg,60,181.43998718,178.56004333,-90.00000000,-11.22957993
Simul_+60deg,60,181.80000305,178.19993591,-90.00000000,-10.99115849
Simul_+60deg,60,182.15998840,177.83996582,-90.00000000,-10.70945740
Simul_+60deg,60,182.51998901,177.47996521,-90.00000000,-10.37479877
Simul_+60deg,60,182.87998962,177.12002563,-90.00000000,-10.02600861
Simul_+60deg,60,183.23999023,176.75996399,-90.00000000,-9.66799736
Simul_+60deg,60,183.59999084,176.39999390,-90.00000000,-9.30510807
Simul_+60deg,60,183.95999146,176.04000854,-90.00000000,-8.94054508
Simul_+60deg,60,184.31999207,175.67997742,-90.00000000,-8.58871365
Simul_+60deg,60,184.67999268,175.32000732,-90.00000000,-8.23673725
Simul_+60deg,60,185.03999329,174.95999146,-90.00000000,-7.88525867
Simul_+60deg,60,185.39997864,174.59997559,-90.00000000,-7.53619432
Simul_+60deg,60,185.75999451,174.23999023,-90.00000000,-7.19109488
Simul_+60deg,60,186.11999512,173.87998962,-90.00000000,-6.88076735
Simul_+60deg,60,186.47998047,173.52000427,-90.00000000,-6.63021851
Simul_+60deg,60,186.83999634,173.16000366,-90.00000000,-6.37818050
Simul_+60deg,60,187.19998169,172.80000305,-90.00000000,-6.12567854
Simul_+60deg,60,187.55998230,172.43998718,-90.00000000,-5.87356091
Simul_+60deg,60,187.91999817,172.07998657,-90.00000000,-5.62256145
Simul_+60deg,60,188.27998352,171.71998596,-90.00000000,-5.47286224
Simul_+60deg,60,188.63999939,171.36000061,-90.00000000,-5.34649658
Simul_+60deg,60,188.99998474,171.00000000,-90.00000000,-5.21470833
Simul_+60deg,60,189.35998535,170.63998413,-90.00000000,-5.07806540
Simul_+60deg,60,189.72000122,170.27998352,-90.00000000,-4.93715715
Simul_+60deg,60,190.07998657,169.91999817,-90.00000000,-4.82425451
Simul_+60deg,60,190.43998718,169.55998230,-90.00000000,-4.81577682
Simul_+60deg,60,190.79998779,169.20001221,-90.00000000,-4.79866457
Simul_+60deg,60,191.15998840,168.83998108,-90.00000000,-4.77301645
Simul_+60deg,60,191.51998901,168.47999573,-90.00000000,-4.73898506
Simul_+60deg,60,191.87998962,168.11999512,-90.00000000,-4.69676638
Simul_+60deg,60,192.23999023,167.75997925,-90.00000000,-4.73919773
Simul_+60deg,60,192.59999084,167.40000916,-90.00000000,-4.81859016
Simul_+60deg,60,192.95999146,167.03999329,-90.00000000,-4.88785648
Simul_+60deg,60,193.31997681,166.67999268,-90.00000000,-4.94647646
Simul_+60deg,60,193.67999268,166.31999207,-90.00000000,-4.99400330
Simul_+60deg,60,194.03999329,165.95997620,-90.00000000,-5.04474354
Simul_+60deg,60,194.39999390,165.59999084,-90.00000000,-5.20293427
Simul_+60deg,60,194.75999451,165.24000549,-90.00000000,-5.35174751
Simul_+60deg,60,195.11997986,164.88000488,-90.00000000,-5.48999214
Simul_+60deg,60,195.47999573,164.51998901,-90.00000000,-5.61646175
Simul_+60deg,60,195.83999634,164.15998840,-90.00000000,-5.72995472
Simul_+60deg,60,196.19998169,163.79998779,-90.00000000,-5.90313816
Simul_+60deg,60,196.55999756,163.43998718,-90.00000000,-6.12728405
Simul_+60deg,60,196.91998291,163.07998657,-90.00000000,-6.34375191
Simul_+60deg,60,197.27998352,162.72000122,-90.00000000,-6.55078936
Simul_+60deg,60,197.63999939,162.36000061,-90.00000000,-6.74642181
Simul_+60deg,60,197.99998474,161.99998474,-90.00000000,-6.92859221
Simul_+60deg,60,198.36000061,161.63999939,-90.00000000,-7.23385334
Simul_+60deg,60,198.71998596,161.27999878,-90.00000000,-7.53529119
Simul_+60deg,60,199.07998657,160.91998291,-90.00000000,-7.83040571
Simul_+60deg,60,199.43998718,160.56001282,-90.00000000,-8.11621094
Simul_+60deg,60,199.79998779,160.19998169,-90.00000000,-8.38939476
Simul_+60deg,60,200.15998840,159.83998108,-90.00000000,-8.69828892
Simul_+60deg,60,200.51998901,159.47999573,-90.00000000,-9.05945873
Simul_+60deg,60,200.87998962,159.11997986,-90.00000000,-9.40519238
Simul_+60deg,60,201.23999023,158.75999451,-90.00000000,-9.72886181
Simul_+60deg,60,201.59999084,158.39999390,-90.00000000,-10.02298832
Simul_+60deg,60,201.95999146,158.03997803,-90.00000000,-10.27944660
Simul_+60deg,60,202.31999207,157.67999268,-90.00000000,-10.54290199
Simul_+60deg,60,202.67999268,157.31997681,-90.00000000,-10.75621033
Simul_+60deg,60,203.03997803,156.95999146,-90.00000000,-10.90315628
Simul_+60deg,60,203.39999390,156.59999084,-90.00000000,-10.97657299
Simul_+60deg,60,203.75999451,156.23997498,-90.00000000,-10.97262478
Simul_+60deg,60,204.11997986,155.87998962,-90.00000000,-10.91222572
Simul_+60deg,60,204.47999573,155.51998901,-90.00000000,-10.82399464
Simul_+60deg,60,204.83998108,155.15998840,-90.00000000,-10.67314053
Simul_+60deg,60,205.19999695,154.79998779,-90.00000000,-10.46596622
Simul_+60deg,60,205.55998230,154.43998718,-90.00000000,-10.21041012
Simul_+60deg,60,205.91998291,154.07998657,-90.00000000,-9.91502571
Simul_+60deg,60,206.27999878,153.71998596,-90.00000000,-9.72901917
Simul_+60deg,60,206.63998413,153.35998535,-90.00000000,-9.55935574
Simul_+60deg,60,206.99998474,152.99998474,-90.00000000,-9.36898422
Simul_+60deg,60,207.35998535,152.63999939,-90.00000000,-9.16082287
Simul_+60deg,60,207.71998596,152.27998352,-90.00000000,-8.93766975
Simul_+60deg,60,208.07998657,151.91998291,-90.00000000,-8.75929832
Simul_+60deg,60,208.43998718,151.55999756,-90.00000000,-8.77130604
Simul_+60deg,60,208.79998779,151.19998169,-90.00000000,-8.77474403
Simul_+60deg,60,209.15998840,150.83999634,-90.00000000,-8.76959419
Simul_+60deg,60,209.51998901,150.47998047,-90.00000000,-8.75588512
Simul_+60deg,60,209.87998962,150.11999512,-90.00000000,-8.73369789
Simul_+60deg,60,210.23999023,149.75999451,-90.00000000,-8.86004543
Simul_+60deg,60,210.59999084,149.39997864,-90.00000000,-9.06378460
Simul_+60deg,60,210.95999146,149.03999329,-90.00000000,-9.26752281
Simul_+60deg,60,211.31999207,148.67999268,-90.00000000,-9.47080708
Simul_+60deg,60,211.67997742,148.31999207,-90.00000000,-9.67308044
Simul_+60deg,60,212.03999329,147.95999146,-90.00000000,-9.88161087
Simul_+60deg,60,212.39999390,147.59999084,-90.00000000,-10.14889526
Simul_+60deg,60,212.75997925,147.23999023,-90.00000000,-10.40831661
Simul_+60deg,60,213.11999512,146.88000488,-90.00000000,-10.65738678
Simul_+60deg,60,213.47998047,146.51998901,-90.00000000,-10.89325714
Simul_+60deg,60,213.83998108,146.15998840,-90.00000000,-11.11281872
Simul_+60deg,60,214.19999695,145.79998779,-90.00000000,-11.20538139
Simul_+60deg,60,214.55998230,145.43998718,-90.00000000,-11.18143845
Simul_+60deg,60,214.91999817,145.07998657,-90.00000000,-11.12477684
Simul_+60deg,60,215.27998352,144.72000122,-90.00000000,-11.03666878
Simul_+60deg,60,215.63998413,144.35998535,-90.00000000,-10.91898537
Simul_+60deg,60,216.00000000,143.99998474,-90.00000000,-10.77411556
Simul_+60deg,60,216.35998535,143.63998413,-90.00000000,-10.46695709
Simul_+60deg,60,216.71998596,143.27998352,-90.00000000,-10.15987015
Simul_+60deg,60,217.07998657,142.91999817,-90.00000000,-9.85427189
Simul_+60deg,60,217.43998718,142.55998230,-90.00000000,-9.55120468
Simul_+60deg,60,217.79998779,142.19998169,-90.00000000,-9.25152206
Simul_+60deg,60,218.15998840,141.83999634,-90.00000000,-8.98750114
Simul_+60deg,60,218.51998901,141.47998047,-90.00000000,-8.75982189
Simul_+60deg,60,218.87998962,141.11999512,-90.00000000,-8.52737617
Simul_+60deg,60,219.23999023,140.75997925,-90.00000000,-8.29145622
Simul_+60deg,60,219.59997559,140.39999390,-90.00000000,-8.05323505
Simul_+60deg,60,219.95999146,140.03999329,-90.00000000,-7.81372309
Simul_+60deg,60,220.31999207,139.67997742,-90.00000000,-7.72133446
Simul_+60deg,60,220.67997742,139.32000732,-90.00000000,-7.62766361
Simul_+60deg,60,221.03999329,138.95999146,-90.00000000,-7.51439762
Simul_+60deg,60,221.39997864,138.60000610,-90.00000000,-7.38311052
Simul_+60deg,60,221.75999451,138.23999023,-90.00000000,-7.23543739
Simul_+60deg,60,222.11999512,137.87998962,-90.00000000,-7.13172531
Simul_+60deg,60,222.47998047,137.51998901,-90.00000000,-7.12331963
Simul_+60deg,60,222.83999634,137.15998840,-90.00000000,-7.08918667
Simul_+60deg,60,223.19998169,136.79998779,-90.00000000,-7.02993155
Simul_+60deg,60,223.55998230,136.43998718,-90.00000000,-6.94656754
Simul_+60deg,60,223.91999817,136.07998657,-90.00000000,-6.84046984
Simul_+60deg,60,224.27998352,135.72000122,-90.00000000,-6.81070089
Simul_+60deg,60,224.63998413,135.36000061,-90.00000000,-6.78635550
Simul_+60deg,60,224.99998474,135.00000000,-90.00000000,-6.73972034
Simul_+60deg,60,225.35998535,134.63998413,-90.00000000,-6.67150450
Simul_+60deg,60,225.71998596,134.28001404,-90.00000000,-6.58272552
Simul_+60deg,60,226.07998657,133.91999817,-90.00000000,-6.48758030
Simul_+60deg,60,226.43998718,133.55998230,-90.00000000,-6.42154217
Simul_+60deg,60,226.79998779,133.20001221,-90.00000000,-6.34120512
Simul_+60deg,60,227.15998840,132.83998108,-90.00000000,-6.24734688
Simul_+60deg,60,227.51998901,132.47999573,-90.00000000,-6.14087152
Simul_+60deg,60,227.87998962,132.11999512,-90.00000000,-6.02273083
Simul_+60deg,60,228.23999023,131.75997925,-90.00000000,-5.90220451
Simul_+60deg,60,228.59999084,131.40000916,-90.00000000,-5.77884293
Simul_+60deg,60,228.95999146,131.03999329,-90.00000000,-5.64966202
Simul_+60deg,60,229.31997681,130.67999268,-90.00000000,-5.51528931
Simul_+60deg,60,229.67999268,130.31999207,-90.00000000,-5.37630081
Simul_+60deg,60,230.03999329,129.95997620,-90.00000000,-5.23389292
Simul_+60deg,60,230.39999390,129.59997559,-90.00000000,-5.09394169
Simul_+60deg,60,230.75997925,129.24000549,-90.00000000,-4.95234871
Simul_+60deg,60,231.11997986,128.87998962,-90.00000000,-4.80939913
Simul_+60deg,60,231.47999573,128.51998901,-90.00000000,-4.66537285
Simul_+60deg,60,231.83999634,128.15998840,-90.00000000,-4.52052355
Simul_+60deg,60,232.19999695,127.79998016,-90.00000000,-4.38876343
Simul_+60deg,60,232.55998230,127.43999481,-90.00000000,-4.26723528
Simul_+60deg,60,232.91998291,127.07999420,-90.00000000,-4.14503860
Simul_+60deg,60,233.27998352,126.71998596,-90.00000000,-4.02232933
Simul_+60deg,60,233.63999939,126.35998535,-90.00000000,-3.89924526
Simul_+60deg,60,234.00000000,125.99997711,-90.00000000,-3.77591014
Simul_+60deg,60,234.35998535,125.63999939,-90.00000000,-3.69237757
Simul_+60deg,60,234.71998596,125.27999115,-90.00000000,-3.60781336
Simul_+60deg,60,235.07998657,124.91998291,-90.00000000,-3.52230835
Simul_+60deg,60,235.44000244,124.55998230,-90.00000000,-3.43595600
Simul_+60deg,60,235.79997253,124.20000458,-90.00000000,-3.34884024
Simul_+60deg,60,236.15997314,123.84001160,-90.00000000,-3.27928495
Simul_+60deg,60,236.51998901,123.47998810,-90.00000000,-3.23153257
Simul_+60deg,60,236.87998962,123.11998749,-90.00000000,-3.18266201
Simul_+60deg,60,237.23999023,122.75997925,-90.00000000,-3.13271308
Simul_+60deg,60,237.59997559,122.40000153,-90.00000000,-3.08173609
Simul_+60deg,60,237.95997620,122.03999329,-90.00000000,-3.02976084
Simul_+60deg,60,238.31999207,121.68000793,-90.00000000,-3.00584936
Simul_+60deg,60,238.67999268,121.31998444,-90.00000000,-2.98444247
Simul_+60deg,60,239.03999329,120.95997620,-90.00000000,-2.96192217
Simul_+60deg,60,239.39997864,120.59999847,-90.00000000,-2.93830681
Simul_+60deg,60,239.75997925,120.23999786,-90.00000000,-2.91361141
Simul_+60deg,60,240.11997986,119.87998962,-90.00000000,-2.89581394
Simul_+60deg,60,240.47999573,119.51998138,-90.00000000,-2.89252377
Simul_+60deg,60,240.83999634,119.15998077,-90.00000000,-2.88765073
Simul_+60deg,60,241.19998169,118.80000305,-90.00000000,-2.88120151
Simul_+60deg,60,241.55998230,118.43999481,-90.00000000,-2.87318325
Simul_+60deg,60,241.91998291,118.07998657,-90.00000000,-2.86360407
Simul_+60deg,60,242.27999878,117.71998596,-90.00000000,-2.86472082
Simul_+60deg,60,242.63999939,117.35997772,-90.00000000,-2.86650062
Simul_+60deg,60,242.99996948,117.00000000,-90.00000000,-2.86527872
Simul_+60deg,60,243.35998535,116.63999176,-90.00000000,-2.86105824
Simul_+60deg,60,243.71998596,116.27999115,-90.00000000,-2.85384774
Simul_+60deg,60,244.07998657,115.91998291,-90.00000000,-2.84534478
Simul_+60deg,60,244.44000244,115.55997467,-90.00000000,-2.83849001
Simul_+60deg,60,244.79997253,115.19999695,-90.00000000,-2.82660818
Simul_+60deg,60,245.15998840,114.83999634,-90.00000000,-2.80973482
Simul_+60deg,60,245.51998901,114.47999573,-90.00000000,-2.78793287
Simul_+60deg,60,245.87998962,114.11998749,-90.00000000,-2.76127219
Simul_+60deg,60,246.24000549,113.75998688,-90.00000000,-2.73254442
Simul_+60deg,60,246.59997559,113.40000916,-90.00000000,-2.69926047
Simul_+60deg,60,246.95997620,113.04000092,-90.00000000,-2.65995860
Simul_+60deg,60,247.31999207,112.67999268,-90.00000000,-2.61480522
Simul_+60deg,60,247.67999268,112.31999207,-90.00000000,-2.56398463
Simul_+60deg,60,248.03999329,111.95998383,-90.00000000,-2.50951743
Simul_+60deg,60,248.39997864,111.60000610,-90.00000000,-2.46421766
Simul_+60deg,60,248.75997925,111.23999786,-90.00000000,-2.41362762
Simul_+60deg,60,249.11999512,110.87999725,-90.00000000,-2.35793328
Simul_+60deg,60,249.47999573,110.51998901,-90.00000000,-2.29734468
Simul_+60deg,60,249.83996582,110.16001129,-90.00000000,-2.23207331
Simul_+60deg,60,250.19998169,109.80000305,-90.00000000,-2.18394089
Simul_+60deg,60,250.55998230,109.44000244,-90.00000000,-2.14917278
Simul_+60deg,60,250.91998291,109.07999420,-90.00000000,-2.11067724
Simul_+60deg,60,251.27999878,108.71998596,-90.00000000,-2.06855392
Simul_+60deg,60,251.63996887,108.36000824,-90.00000000,-2.02291775
Simul_+60deg,60,251.99998474,108.00000763,-90.00000000,-1.97387052
Simul_+60deg,60,252.35998535,107.63999939,-90.00000000,-1.97611761
Simul_+60deg,60,252.71998596,107.27999115,-90.00000000,-1.97595239
Simul_+60deg,60,253.08000183,106.91999054,-90.00000000,-1.97337461
Simul_+60deg,60,253.43997192,106.56000519,-90.00000000,-1.96838856
Simul_+60deg,60,253.79997253,106.20000458,-90.00000000,-1.96100223
Simul_+60deg,60,254.15998840,105.83999634,-90.00000000,-1.97298479
Simul_+60deg,60,254.51998901,105.47999573,-90.00000000,-2.01053143
Simul_+60deg,60,254.87998962,105.11998749,-90.00000000,-2.04670691
Simul_+60deg,60,255.23997498,104.76000977,-90.00000000,-2.08147001
Simul_+60deg,60,255.59997559,104.40000153,-90.00000000,-2.11479092
Simul_+60deg,60,255.95999146,104.03999329,-90.00000000,-2.14662886
Simul_+60deg,60,256.31997681,103.67999268,-90.00000000,-2.19516587
Simul_+60deg,60,256.67999268,103.31997681,-90.00000000,-2.24461436
Simul_+60deg,60,257.03997803,102.95999908,-90.00000000,-2.29264641
Simul_+60deg,60,257.39999390,102.59999847,-90.00000000,-2.33922219
Simul_+60deg,60,257.75997925,102.23999786,-90.00000000,-2.38427925
Simul_+60deg,60,258.11999512,101.87998962,-90.00000000,-2.42173290
Simul_+60deg,60,258.48001099,101.51998901,-90.00000000,-2.44468617
Simul_+60deg,60,258.83996582,101.16000366,-90.00000000,-2.46474719
Simul_+60deg,60,259.19998169,100.79999542,-90.00000000,-2.48188043
Simul_+60deg,60,259.55999756,100.43999481,-90.00000000,-2.49604654
Simul_+60deg,60,259.91998291,100.07998657,-90.00000000,-2.50721955
Simul_+60deg,60,260.27999878,99.71997833,-90.00000000,-2.48605204
Simul_+60deg,60,260.63998413,99.36000061,-90.00000000,-2.45243120
Simul_+60deg,60,260.99996948,98.99999237,-90.00000000,-2.41468883
Simul_+60deg,60,261.35998535,98.63999176,-90.00000000,-2.37293530
Simul_+60deg,60,261.72000122,98.27998352,-90.00000000,-2.32728815
Simul_+60deg,60,262.07998657,97.92000580,-90.00000000,-2.27454805
Simul_+60deg,60,262.43997192,97.56000519,-90.00000000,-2.20593357
Simul_+60deg,60,262.79998779,97.19999695,-90.00000000,-2.13293052
Simul_+60deg,60,263.16000366,96.83999634,-90.00000000,-2.05578303
Simul_+60deg,60,263.51998901,96.47998047,-90.00000000,-1.97472203
Simul_+60deg,60,263.87997437,96.12000275,-90.00000000,-1.88999629
Simul_+60deg,60,264.23999023,95.76000214,-90.00000000,-1.82401562
Simul_+60deg,60,264.59997559,95.39999390,-90.00000000,-1.76448393
Simul_+60deg,60,264.95999146,95.03999329,-90.00000000,-1.70023787
Simul_+60deg,60,265.32000732,94.67998505,-90.00000000,-1.63149500
Simul_+60deg,60,265.67996216,94.31999969,-90.00000000,-1.55848503
Simul_+60deg,60,266.03997803,93.95999908,-90.00000000,-1.48936510
Simul_+60deg,60,266.39999390,93.59999084,-90.00000000,-1.47945476
Simul_+60deg,60,266.75997925,93.23999023,-90.00000000,-1.46503782
Simul_+60deg,60,267.11999512,92.87998962,-90.00000000,-1.44615841
Simul_+60deg,60,267.47998047,92.52001190,-90.00000000,-1.42287624
Simul_+60deg,60,267.83996582,92.16000366,-90.00000000,-1.39526069
Simul_+60deg,60,268.19998169,91.79999542,-90.00000000,-1.40215683
Simul_+60deg,60,268.55999756,91.43999481,-90.00000000,-1.43727076
Simul_+60deg,60,268.91998291,91.07998657,-90.00000000,-1.46994126
Simul_+60deg,60,269.27996826,90.72000885,-90.00000000,-1.50011170
Simul_+60deg,60,269.63998413,90.36000061,-90.00000000,-1.52773237
Simul_+60deg,60,270.00000000,90.00000000,-90.00000000,-1.55274773
Simul_+60deg,60,270.35998535,89.63999176,-90.00000000,-1.59245872
Simul_+60deg,60,270.72000122,89.27998352,-90.00000000,-1.63129461
Simul_+60deg,60,271.07998657,88.92000580,-90.00000000,-1.66922271
Simul_+60deg,60,271.43997192,88.56000519,-90.00000000,-1.70622361
Simul_+60deg,60,271.79998779,88.19999695,-90.00000000,-1.74226809
Simul_+60deg,60,272.16000366,87.83998871,-90.00000000,-1.74981844
Simul_+60deg,60,272.51998901,87.47998810,-90.00000000,-1.72157383
Simul_+60deg,60,272.87997437,87.12001038,-90.00000000,-1.69179010
Simul_+60deg,60,273.23999023,86.76000214,-90.00000000,-1.66049540
Simul_+60deg,60,273.59997559,86.39999390,-90.00000000,-1.62772524
Simul_+60deg,60,273.95999146,86.03999329,-90.00000000,-1.59351516
Simul_+60deg,60,274.32000732,85.67998505,-90.00000000,-1.48180664
Simul_+60deg,60,274.67996216,85.32000732,-90.00000000,-1.35971570
Simul_+60deg,60,275.03997803,84.95999908,-90.00000000,-1.23691726
Simul_+60deg,60,275.39999390,84.59999847,-90.00000000,-1.11357450
Simul_+60deg,60,275.75997925,84.23998260,-90.00000000,-0.98982263
Simul_+60deg,60,276.11996460,83.88000488,-90.00000000,-0.86006850
Simul_+60deg,60,276.47998047,83.52000427,-90.00000000,-0.71776444
Simul_+60deg,60,276.83999634,83.16000366,-90.00000000,-0.57416654
Simul_+60deg,60,277.19998169,82.79999542,-90.00000000,-0.42956057
Simul_+60deg,60,277.55999756,82.43997955,-90.00000000,-0.28418553
Simul_+60deg,60,277.91998291,82.08000183,-90.00000000,-0.13828208
Simul_+60deg,60,278.27996826,81.72000885,-90.00000000,-0.04624288
Simul_+60deg,60,278.63998413,81.36000061,-90.00000000,0.03409843
Simul_+60deg,60,279.00000000,80.99999237,-90.00000000,0.11842757
Simul_+60deg,60,279.35998535,80.63999176,-90.00000000,0.20648789
Simul_+60deg,60,279.71997070,80.28001404,-90.00000000,0.29801741
Simul_+60deg,60,280.07998657,79.91999817,-90.00000000,0.36841664
Simul_+60deg,60,280.43997192,79.55998993,-90.00000000,0.35709614
Simul_+60deg,60,280.79998779,79.19999695,-90.00000000,0.34965992
Simul_+60deg,60,281.16000366,78.83998871,-90.00000000,0.34612948
Simul_+60deg,60,281.51995850,78.48001099,-90.00000000,0.34651190
Simul_+60deg,60,281.87997437,78.11999512,-90.00000000,0.35080808
Simul_+60deg,60,282.23999023,77.75999451,-90.00000000,0.30625227
Simul_+60deg,60,282.59997559,77.39999390,-90.00000000,0.23680978
Simul_+60deg,60,282.95999146,77.03998566,-90.00000000,0.16843218
Simul_+60deg,60,283.31997681,76.68000793,-90.00000000,0.10119648
Simul_+60deg,60,283.67999268,76.31999969,-90.00000000,0.03516108
Simul_+60deg,60,284.03997803,75.95999908,-90.00000000,-0.02854174
Simul_+60deg,60,284.39999390,75.59999084,-90.00000000,-0.08294630
Simul_+60deg,60,284.76000977,75.23999023,-90.00000000,-0.13681147
Simul_+60deg,60,285.11996460,74.88000488,-90.00000000,-0.19010377
Simul_+60deg,60,285.47998047,74.52000427,-90.00000000,-0.24280176
Simul_+60deg,60,285.83999634,74.15999603,-90.00000000,-0.29487413
Simul_+60deg,60,286.19998169,73.79999542,-90.00000000,-0.29884434
Simul_+60deg,60,286.55999756,73.43998718,-90.00000000,-0.26377705
Simul_+60deg,60,286.91998291,73.08000946,-90.00000000,-0.22753508
Simul_+60deg,60,287.27996826,72.72000122,-90.00000000,-0.19014351
Simul_+60deg,60,287.63998413,72.36000061,-90.00000000,-0.15163840
Simul_+60deg,60,288.00000000,71.99999237,-90.00000000,-0.11205088
Simul_+60deg,60,288.35998535,71.63998413,-90.00000000,-0.00517458
Simul_+60deg,60,288.71997070,71.28000641,-90.00000000,0.10130421
Simul_+60deg,60,289.07998657,70.91999817,-90.00000000,0.20736656
Simul_+60deg,60,289.44000244,70.55999756,-90.00000000,0.31297749
Simul_+60deg,60,289.79998779,70.19998932,-90.00000000,0.41810763
Simul_+60deg,60,290.15997314,69.84001160,-90.00000000,0.52030694
Simul_+60deg,60,290.51998901,69.48000336,-90.00000000,0.61946529
Simul_+60deg,60,290.87997437,69.12000275,-90.00000000,0.71873301
Simul_+60deg,60,291.23999023,68.75999451,-90.00000000,0.81805056
Simul_+60deg,60,291.60000610,68.39998627,-90.00000000,0.91736627
Simul_+60deg,60,291.95996094,68.04000854,-90.00000000,1.01662135
Simul_+60deg,60,292.31997681,67.68000793,-90.00000000,1.07845962
Simul_+60deg,60,292.67999268,67.31999969,-90.00000000,1.13657820
Simul_+60deg,60,293.03997803,66.95999146,-90.00000000,1.19565856
Simul_+60deg,60,293.39999390,66.59999084,-90.00000000,1.25565386
Simul_+60deg,60,293.75997925,66.24001312,-90.00000000,1.31650901
Simul_+60deg,60,294.11996460,65.88000488,-90.00000000,1.37123036
Simul_+60deg,60,294.47998047,65.51999664,-90.00000000,1.41266572
Simul_+60deg,60,294.83999634,65.15999603,-90.00000000,1.45463765
Simul_+60deg,60,295.19998169,64.79998779,-90.00000000,1.49712789
Simul_+60deg,60,295.55996704,64.44001007,-90.00000000,1.54011321
Simul_+60deg,60,295.91998291,64.08000183,-90.00000000,1.58358204
Simul_+60deg,60,296.27999878,63.71999741,-90.00000000,1.64788604
Simul_+60deg,60,296.63998413,63.35999298,-90.00000000,1.71781957
Simul_+60deg,60,297.00000000,62.99998856,-90.00000000,1.78747439
Simul_+60deg,60,297.35998535,62.64001083,-90.00000000,1.85684335
Simul_+60deg,60,297.71997070,62.28000259,-90.00000000,1.92592835
Simul_+60deg,60,298.07998657,61.91999817,-90.00000000,2.00455761
Simul_+60deg,60,298.44000244,61.55999374,-90.00000000,2.11681557
Simul_+60deg,60,298.79998779,61.19998932,-90.00000000,2.22798800
Simul_+60deg,60,299.15997314,60.84000778,-90.00000000,2.33807230
Simul_+60deg,60,299.51998901,60.48000336,-90.00000000,2.44710016
Simul_+60deg,60,299.87997437,60.11999893,-90.00000000,2.55507112
Simul_+60deg,60,300.23999023,59.75999069,-90.00000000,2.67074728
Simul_+60deg,60,300.60000610,59.39998627,-90.00000000,2.79006052
Simul_+60deg,60,300.95996094,59.04000854,-90.00000000,2.90865684
Simul_+60deg,60,301.31997681,58.68000412,-90.00000000,3.02652454
Simul_+60deg,60,301.67999268,58.31999207,-90.00000000,3.14363194
Simul_+60deg,60,302.03997803,57.95998383,-90.00000000,3.25643015
Simul_+60deg,60,302.39996338,57.60001373,-90.00000000,3.34105849
Simul_+60deg,60,302.75997925,57.24000549,-90.00000000,3.42631197
Simul_+60deg,60,303.11999512,56.88000107,-90.00000000,3.51210833
Simul_+60deg,60,303.47998047,56.51999283,-90.00000000,3.59838867
Simul_+60deg,60,303.83999634,56.15998840,-90.00000000,3.68508816
Simul_+60deg,60,304.19998169,55.80001068,-90.00000000,3.74361563
Simul_+60deg,60,304.55996704,55.44000244,-90.00000000,3.78013611
Simul_+60deg,60,304.91998291,55.07999802,-90.00000000,3.81758809
Simul_+60deg,60,305.27999878,54.71999359,-90.00000000,3.85594368
Simul_+60deg,60,305.63998413,54.35998917,-90.00000000,3.89517665
Simul_+60deg,60,305.99996948,54.00000763,-90.00000000,3.93525720
Simul_+60deg,60,306.35998535,53.64000702,-90.00000000,3.93987560
Simul_+60deg,60,306.71997070,53.27999878,-90.00000000,3.94487810
Simul_+60deg,60,307.07998657,52.91999054,-90.00000000,3.95026588
Simul_+60deg,60,307.44000244,52.55998993,-90.00000000,3.95603704
Simul_+60deg,60,307.79995728,52.20001221,-90.00000000,3.96218991
Simul_+60deg,60,308.15997314,51.84000397,-90.00000000,3.96794987
Simul_+60deg,60,308.51998901,51.47999573,-90.00000000,3.97288585
Simul_+60deg,60,308.87997437,51.11999130,-90.00000000,3.97787666
Simul_+60deg,60,309.23999023,50.75998688,-90.00000000,3.98292112
Simul_+60deg,60,309.59997559,50.40000916,-90.00000000,3.98801827
Simul_+60deg,60,309.95999146,50.04000473,-90.00000000,3.99317002
Simul_+60deg,60,310.31997681,49.67999649,-90.00000000,4.01494503
Simul_+60deg,60,310.67999268,49.31999207,-90.00000000,4.03878212
Simul_+60deg,60,311.04000854,48.95998383,-90.00000000,4.06260300
Simul_+60deg,60,311.39996338,48.60000610,-90.00000000,4.08640718
Simul_+60deg,60,311.75997925,48.24000168,-90.00000000,4.11019659
Simul_+60deg,60,312.11999512,47.87999725,-90.00000000,4.13571024
Simul_+60deg,60,312.47998047,47.51998901,-90.00000000,4.16496897
Simul_+60deg,60,312.83999634,47.15998840,-90.00000000,4.19461870
Simul_+60deg,60,313.19998169,46.80000687,-90.00000000,4.22465086
Simul_+60deg,60,313.55996704,46.44000244,-90.00000000,4.25505829
Simul_+60deg,60,313.91998291,46.07999420,-90.00000000,4.28583193
Simul_+60deg,60,314.27999878,45.71998978,-90.00000000,4.29823494
Simul_+60deg,60,314.63998413,45.35998535,-90.00000000,4.30673504
Simul_+60deg,60,314.99996948,45.00000763,-90.00000000,4.31680584
Simul_+60deg,60,315.35998535,44.63999557,-90.00000000,4.32844067
Simul_+60deg,60,315.71997070,44.27999115,-90.00000000,4.34162521
Simul_+60deg,60,316.07998657,43.91999054,-90.00000000,4.34756327
Simul_+60deg,60,316.43997192,43.56001282,-90.00000000,4.32479811
Simul_+60deg,60,316.79998779,43.20000839,-90.00000000,4.30439997
Simul_+60deg,60,317.15997314,42.84000015,-90.00000000,4.28640461
Simul_+60deg,60,317.51998901,42.47999191,-90.00000000,4.27084160
Simul_+60deg,60,317.88000488,42.11998749,-90.00000000,4.25773907
Simul_+60deg,60,318.23995972,41.76001358,-90.00000000,4.22960901
Simul_+60deg,60,318.59997559,41.40000534,-90.00000000,4.19475460
Simul_+60deg,60,318.95999146,41.03999710,-90.00000000,4.16188622
Simul_+60deg,60,319.31997681,40.67998886,-90.00000000,4.13104916
Simul_+60deg,60,319.67999268,40.31998444,-90.00000000,4.10228825
Simul_+60deg,60,320.03997803,39.96000671,-90.00000000,4.07660341
Simul_+60deg,60,320.39996338,39.60000229,-90.00000000,4.06011343
Simul_+60deg,60,320.75997925,39.23999786,-90.00000000,4.04474211
Simul_+60deg,60,321.11999512,38.87999344,-90.00000000,4.03050137
Simul_+60deg,60,321.47998047,38.51998520,-90.00000000,4.01740408
Simul_+60deg,60,321.83996582,38.16000748,-90.00000000,4.00546074
Simul_+60deg,60,322.19998169,37.80000687,-90.00000000,4.01707268
Simul_+60deg,60,322.55999756,37.43999481,-90.00000000,4.04749012
Simul_+60deg,60,322.91998291,37.07999039,-90.00000000,4.07870102
Simul_+60deg,60,323.27999878,36.71998215,-90.00000000,4.11068535
Simul_+60deg,60,323.63998413,36.36000443,-90.00000000,4.14342356
Simul_+60deg,60,323.99996948,36.00000381,-90.00000000,4.17690039
Simul_+60deg,60,324.35998535,35.63999557,-90.00000000,4.25151777
Simul_+60deg,60,324.72000122,35.27999115,-90.00000000,4.32683372
Simul_+60deg,60,325.07998657,34.91998672,-90.00000000,4.40278625
Simul_+60deg,60,325.43997192,34.56000900,-90.00000000,4.47931719
Simul_+60deg,60,325.79998779,34.20000076,-90.00000000,4.55638313
Simul_+60deg,60,326.15997314,33.83999634,-90.00000000,4.63551664
Simul_+60deg,60,326.51998901,33.47999191,-90.00000000,4.71719885
Simul_+60deg,60,326.88000488,33.11998367,-90.00000000,4.79944181
Simul_+60deg,60,327.23995972,32.76000214,-90.00000000,4.88217783
Simul_+60deg,60,327.59997559,32.40000534,-90.00000000,4.96536207
Simul_+60deg,60,327.95999146,32.03999710,-90.00000000,5.04893732
Simul_+60deg,60,328.31997681,31.67999268,-90.00000000,5.09665108
Simul_+60deg,60,328.67999268,31.31998444,-90.00000000,5.14045191
Simul_+60deg,60,329.03997803,30.96000671,-90.00000000,5.18485165
Simul_+60deg,60,329.39999390,30.60000420,-90.00000000,5.22983599
Simul_+60deg,60,329.75997925,30.23999786,-90.00000000,5.27538013
Simul_+60deg,60,330.11999512,29.87998581,-90.00000000,5.30163860
Simul_+60deg,60,330.47998047,29.52001190,-90.00000000,5.28877211
Simul_+60deg,60,330.83996582,29.16000557,-90.00000000,5.27641249
Simul_+60deg,60,331.19998169,28.80000305,-90.00000000,5.26456738
Simul_+60deg,60,331.55999756,28.43999672,-90.00000000,5.25323629
Simul_+60deg,60,331.91998291,28.07998657,-90.00000000,5.24242830
Simul_+60deg,60,332.27996826,27.72001266,-90.00000000,5.20045519
Simul_+60deg,60,332.63998413,27.36000633,-90.00000000,5.15016127
Simul_+60deg,60,332.99996948,26.99999809,-90.00000000,5.10066414
Simul_+60deg,60,333.35998535,26.63999557,-90.00000000,5.05199671
Simul_+60deg,60,333.72000122,26.27998543,-90.00000000,5.00419426
Simul_+60deg,60,334.07995605,25.92000771,-90.00000000,4.95683241
Simul_+60deg,60,334.43997192,25.56000137,-90.00000000,4.90914869
Simul_+60deg,60,334.79998779,25.19999886,-90.00000000,4.86305809
Simul_+60deg,60,335.15997314,24.83999062,-90.00000000,4.81861687
Simul_+60deg,60,335.51998901,24.47998619,-90.00000000,4.77588081
Simul_+60deg,60,335.87997437,24.12000656,-90.00000000,4.73490906
Simul_+60deg,60,336.23999023,23.76000595,-90.00000000,4.70771313
Simul_+60deg,60,336.59997559,23.39999390,-90.00000000,4.68779469
Simul_+60deg,60,336.95999146,23.03999329,-90.00000000,4.66907692
Simul_+60deg,60,337.32000732,22.67998886,-90.00000000,4.65157604
Simul_+60deg,60,337.67996216,22.32000923,-90.00000000,4.63530827
Simul_+60deg,60,338.03997803,21.96000481,-90.00000000,4.62046242
Simul_+60deg,60,338.39999390,21.59999657,-90.00000000,4.60775471
Simul_+60deg,60,338.75997925,21.23999405,-90.00000000,4.59534502
Simul_+60deg,60,339.11999512,20.87998390,-90.00000000,4.58323479
Simul_+60deg,60,339.47998047,20.52000618,-90.00000000,4.57142782
Simul_+60deg,60,339.83996582,20.16000557,-90.00000000,4.55992508
Simul_+60deg,60,340.19998169,19.79999924,-90.00000000,4.53464365
Simul_+60deg,60,340.55999756,19.43998718,-90.00000000,4.49894714
Simul_+60deg,60,340.91998291,19.07998276,-90.00000000,4.46428442
Simul_+60deg,60,341.27996826,18.72000694,-90.00000000,4.43068695
Simul_+60deg,60,341.63998413,18.36000061,-90.00000000,4.39817619
Simul_+60deg,60,341.99996948,17.99999428,-90.00000000,4.36677933
Simul_+60deg,60,342.35998535,17.63998985,-90.00000000,4.30336380
Simul_+60deg,60,342.71997070,17.28000641,-90.00000000,4.24221468
Simul_+60deg,60,343.07998657,16.92000771,-90.00000000,4.18343496
Simul_+60deg,60,343.43997192,16.56000137,-90.00000000,4.12713575
Simul_+60deg,60,343.79998779,16.19999313,-90.00000000,4.07342672
Simul_+60deg,60,344.16000366,15.83998680,-90.00000000,4.01443863
Simul_+60deg,60,344.51995850,15.48001671,-90.00000000,3.94773126
Simul_+60deg,60,344.87997437,15.12000275,-90.00000000,3.88315463
Simul_+60deg,60,345.23999023,14.75999737,-90.00000000,3.82083082
Simul_+60deg,60,345.59997559,14.39999866,-90.00000000,3.76087093
Simul_+60deg,60,345.95999146,14.03999138,-90.00000000,3.70338416
Simul_+60deg,60,346.31997681,13.68000603,-90.00000000,3.65900040
Simul_+60deg,60,346.67996216,13.32001305,-90.00000000,3.61670995
Simul_+60deg,60,347.03997803,12.95999718,-90.00000000,3.57511258
Simul_+60deg,60,347.39999390,12.59998798,-90.00000000,3.53423500
Simul_+60deg,60,347.75997925,12.23998928,-90.00000000,3.49410343
Simul_+60deg,60,348.11996460,11.88000298,-90.00000000,3.47063303
Simul_+60deg,60,348.47998047,11.51999664,-90.00000000,3.47972822
Simul_+60deg,60,348.83996582,11.15999031,-90.00000000,3.48959947
Simul_+60deg,60,349.19998169,10.79998875,-90.00000000,3.50024223
Simul_+60deg,60,349.55999756,10.43999195,-90.00000000,3.51165104
Simul_+60deg,60,349.91998291,10.08000946,-90.00000000,3.52381921
Simul_+60deg,60,350.27996826,9.72000504,-90.00000000,3.59277582
Simul_+60deg,60,350.63998413,9.36000347,-90.00000000,3.67997670
Simul_+60deg,60,351.00000000,8.99999142,-90.00000000,3.76943326
Simul_+60deg,60,351.35998535,8.63999653,-90.00000000,3.86096716
Simul_+60deg,60,351.71997070,8.28000641,-90.00000000,3.95441628
Simul_+60deg,60,352.07998657,7.92000675,-90.00000000,4.06274223
Simul_+60deg,60,352.43997192,7.56000662,-90.00000000,4.21855879
Simul_+60deg,60,352.79998779,7.19998980,-90.00000000,4.37562323
Simul_+60deg,60,353.16000366,6.83999729,-90.00000000,4.53359604
Simul_+60deg,60,353.51995850,6.48001719,-90.00000000,4.69218874
Simul_+60deg,60,353.87997437,6.12000370,-90.00000000,4.85115528
Simul_+60deg,60,354.23999023,5.76000357,-90.00000000,5.01725435
Simul_+60deg,60,354.59997559,5.40000391,-90.00000000,5.18612957
Simul_+60deg,60,354.95999146,5.03998899,-90.00000000,5.35400009
Simul_+60deg,60,355.31997681,4.68002319,-90.00000000,5.52071095
Simul_+60deg,60,355.67999268,4.32001114,-90.00000000,5.68619823
Simul_+60deg,60,356.03997803,3.95997524,-90.00000000,5.84568214
Simul_+60deg,60,356.39999390,3.59999967,-90.00000000,5.96662951
Simul_+60deg,60,356.75997925,3.24002767,-90.00000000,6.08663607
Simul_+60deg,60,357.11996460,2.87997603,-90.00000000,6.20571661
Simul_+60deg,60,357.47998047,2.52002597,-90.00000000,6.32380056
Simul_+60deg,60,357.83999634,2.16002965,-90.00000000,6.44092846
Simul_+60deg,60,358.19998169,1.79994082,-90.00000000,6.51516008
Simul_+60deg,60,358.55996704,1.44007802,-90.00000000,6.55560017
Simul_+60deg,60,358.91998291,1.07992160,-90.00000000,6.59607935
Simul_+60deg,60,359.27996826,0.72009277,-90.00000000,6.63652325
Simul_+60deg,60,359.63998413,0.35990870,-90.00000000,6.67700529
