scenario,waypoint,distance_along_m,rx_config_index,rx_config_name,mean_snr_db,capacity_bits_s_hz,time_s,tx_center_x_m,tx_center_y_m,tx_center_z_m
linear_lens,0,0.0,0,Simul_+60deg,1.3,1.21,0.0,0.0,-9.5,2.0
linear_lens,0,0.0,1,Simul_+45deg,-0.1,0.97,0.0,0.0,-9.5,2.0
linear_lens,0,0.0,2,Simul_+30deg,-3.2,0.56,0.0,0.0,-9.5,2.0
linear_lens,0,0.0,3,Simul_+15deg,-1.4,0.77,0.0,0.0,-9.5,2.0
linear_lens,0,0.0,4,Simul_+0deg,2.8,1.52,0.0,0.0,-9.5,2.0
linear_lens,0,0.0,5,Simul_-15deg,7.6,2.71,0.0,0.0,-9.5,2.0
linear_lens,0,0.0,6,Simul_-30deg,7.9,2.79,0.0,0.0,-9.5,2.0
linear_lens,0,0.0,7,Simul_-45deg,4.3,1.85,0.0,0.0,-9.5,2.0
linear_lens,0,0.0,8,Simul_-60deg,8.6,3.01,0.0,0.0,-9.5,2.0
linear_lens,1,0.95,0,Simul_+60deg,1.2,1.21,0.95,0.0,-8.55,2.0
linear_lens,1,0.95,1,Simul_+45deg,-0.3,0.93,0.95,0.0,-8.55,2.0
linear_lens,1,0.95,2,Simul_+30deg,-2.1,0.68,0.95,0.0,-8.55,2.0
linear_lens,1,0.95,3,Simul_+15deg,0.7,1.11,0.95,0.0,-8.55,2.0
linear_lens,1,0.95,4,Simul_+0deg,3.0,1.56,0.95,0.0,-8.55,2.0
linear_lens,1,0.95,5,Simul_-15deg,7.7,2.75,0.95,0.0,-8.55,2.0
linear_lens,1,0.95,6,Simul_-30deg,7.6,2.74,0.95,0.0,-8.55,2.0
linear_lens,1,0.95,7,Simul_-45deg,5.0,2.03,0.95,0.0,-8.55,2.0
linear_lens,1,0.95,8,Simul_-60deg,8.6,2.98,0.95,0.0,-8.55,2.0
linear_lens,2,1.9,0,Simul_+60deg,1.4,1.23,1.9,0.0,-7.6,2.0
linear_lens,2,1.9,1,Simul_+45deg,-0.8,0.86,1.9,0.0,-7.6,2.0
linear_lens,2,1.9,2,Simul_+30deg,-1.7,0.73,1.9,0.0,-7.6,2.0
linear_lens,2,1.9,3,Simul_+15deg,1.7,1.28,1.9,0.0,-7.6,2.0
linear_lens,2,1.9,4,Simul_+0deg,3.1,1.56,1.9,0.0,-7.6,2.0
linear_lens,2,1.9,5,Simul_-15deg,8.2,2.86,1.9,0.0,-7.6,2.0
linear_lens,2,1.9,6,Simul_-30deg,7.2,2.6,1.9,0.0,-7.6,2.0
linear_lens,2,1.9,7,Simul_-45deg,5.6,2.2,1.9,0.0,-7.6,2.0
linear_lens,2,1.9,8,Simul_-60deg,7.9,2.77,1.9,0.0,-7.6,2.0
linear_lens,3,2.85,0,Simul_+60deg,1.8,1.31,2.85,0.0,-6.65,2.0
linear_lens,3,2.85,1,Simul_+45deg,-0.7,0.89,2.85,0.0,-6.65,2.0
linear_lens,3,2.85,2,Simul_+30deg,-0.6,0.9,2.85,0.0,-6.65,2.0
linear_lens,3,2.85,3,Simul_+15deg,1.9,1.33,2.85,0.0,-6.65,2.0
linear_lens,3,2.85,4,Simul_+0deg,2.8,1.5,2.85,0.0,-6.65,2.0
linear_lens,3,2.85,5,Simul_-15deg,8.4,2.93,2.85,0.0,-6.65,2.0
linear_lens,3,2.85,6,Simul_-30deg,6.1,2.29,2.85,0.0,-6.65,2.0
linear_lens,3,2.85,7,Simul_-45deg,6.7,2.45,2.85,0.0,-6.65,2.0
linear_lens,3,2.85,8,Simul_-60deg,7.1,2.56,2.85,0.0,-6.65,2.0
linear_lens,4,3.8,0,Simul_+60deg,1.2,1.19,3.8,0.0,-5.7,2.0
linear_lens,4,3.8,1,Simul_+45deg,0.5,1.07,3.8,0.0,-5.7,2.0
linear_lens,4,3.8,2,Simul_+30deg,0.5,1.07,3.8,0.0,-5.7,2.0
linear_lens,4,3.8,3,Simul_+15deg,2.4,1.44,3.8,0.0,-5.7,2.0
linear_lens,4,3.8,4,Simul_+0deg,2.8,1.5,3.8,0.0,-5.7,2.0
linear_lens,4,3.8,5,Simul_-15deg,7.8,2.73,3.8,0.0,-5.7,2.0
linear_lens,4,3.8,6,Simul_-30deg,5.8,2.23,3.8,0.0,-5.7,2.0
linear_lens,4,3.8,7,Simul_-45deg,7.2,2.61,3.8,0.0,-5.7,2.0
linear_lens,4,3.8,8,Simul_-60deg,5.9,2.27,3.8,0.0,-5.7,2.0
linear_lens,5,4.75,0,Simul_+60deg,0.9,1.15,4.75,0.0,-4.75,2.0
linear_lens,5,4.75,1,Simul_+45deg,1.2,1.19,4.75,0.0,-4.75,2.0
linear_lens,5,4.75,2,Simul_+30deg,1.1,1.18,4.75,0.0,-4.75,2.0
linear_lens,5,4.75,3,Simul_+15deg,3.2,1.6,4.75,0.0,-4.75,2.0
linear_lens,5,4.75,4,Simul_+0deg,3.2,1.6,4.75,0.0,-4.75,2.0
linear_lens,5,4.75,5,Simul_-15deg,6.5,2.43,4.75,0.0,-4.75,2.0
linear_lens,5,4.75,6,Simul_-30deg,6.1,2.28,4.75,0.0,-4.75,2.0
linear_lens,5,4.75,7,Simul_-45deg,7.2,2.6,4.75,0.0,-4.75,2.0
linear_lens,5,4.75,8,Simul_-60deg,4.8,1.96,4.75,0.0,-4.75,2.0
linear_lens,6,5.7,0,Simul_+60deg,0.6,1.08,5.7,0.0,-3.8,2.0
linear_lens,6,5.7,1,Simul_+45deg,1.7,1.29,5.7,0.0,-3.8,2.0
linear_lens,6,5.7,2,Simul_+30deg,0.3,1.03,5.7,0.0,-3.8,2.0
linear_lens,6,5.7,3,Simul_+15deg,2.6,1.46,5.7,0.0,-3.8,2.0
linear_lens,6,5.7,4,Simul_+0deg,4.3,1.85,5.7,0.0,-3.8,2.0
linear_lens,6,5.7,5,Simul_-15deg,4.7,1.96,5.7,0.0,-3.8,2.0
linear_lens,6,5.7,6,Simul_-30deg,7.1,2.56,5.7,0.0,-3.8,2.0
linear_lens,6,5.7,7,Simul_-45deg,6.1,2.3,5.7,0.0,-3.8,2.0
linear_lens,6,5.7,8,Simul_-60deg,5.1,2.05,5.7,0.0,-3.8,2.0
linear_lens,7,6.65,0,Simul_+60deg,0.4,1.05,6.65,0.0,-2.85,2.0
linear_lens,7,6.65,1,Simul_+45deg,2.9,1.54,6.65,0.0,-2.85,2.0
linear_lens,7,6.65,2,Simul_+30deg,0.8,1.12,6.65,0.0,-2.85,2.0
linear_lens,7,6.65,3,Simul_+15deg,0.8,1.11,6.65,0.0,-2.85,2.0
linear_lens,7,6.65,4,Simul_+0deg,2.5,1.46,6.65,0.0,-2.85,2.0
linear_lens,7,6.65,5,Simul_-15deg,6.1,2.3,6.65,0.0,-2.85,2.0
linear_lens,7,6.65,6,Simul_-30deg,5.4,2.11,6.65,0.0,-2.85,2.0
linear_lens,7,6.65,7,Simul_-45deg,7.3,2.61,6.65,0.0,-2.85,2.0
linear_lens,7,6.65,8,Simul_-60deg,4.1,1.82,6.65,0.0,-2.85,2.0
linear_lens,8,7.6,0,Simul_+60deg,-2.2,0.67,7.6,0.0,-1.9000000000000004,2.0
linear_lens,8,7.6,1,Simul_+45deg,2.7,1.5,7.6,0.0,-1.9000000000000004,2.0
linear_lens,8,7.6,2,Simul_+30deg,-1.3,0.79,7.6,0.0,-1.9000000000000004,2.0
linear_lens,8,7.6,3,Simul_+15deg,1.9,1.34,7.6,0.0,-1.9000000000000004,2.0
linear_lens,8,7.6,4,Simul_+0deg,3.5,1.67,7.6,0.0,-1.9000000000000004,2.0
linear_lens,8,7.6,5,Simul_-15deg,7.1,2.58,7.6,0.0,-1.9000000000000004,2.0
linear_lens,8,7.6,6,Simul_-30deg,8.4,2.97,7.6,0.0,-1.9000000000000004,2.0
linear_lens,8,7.6,7,Simul_-45deg,6.5,2.44,7.6,0.0,-1.9000000000000004,2.0
linear_lens,8,7.6,8,Simul_-60deg,4.5,1.92,7.6,0.0,-1.9000000000000004,2.0
linear_lens,9,8.55,0,Simul_+60deg,-1.1,0.82,8.55,0.0,-0.9499999999999992,2.0
linear_lens,9,8.55,1,Simul_+45deg,3.1,1.57,8.55,0.0,-0.9499999999999992,2.0
linear_lens,9,8.55,2,Simul_+30deg,-4.4,0.45,8.55,0.0,-0.9499999999999992,2.0
linear_lens,9,8.55,3,Simul_+15deg,1.9,1.32,8.55,0.0,-0.9499999999999992,2.0
linear_lens,9,8.55,4,Simul_+0deg,8.7,3.05,8.55,0.0,-0.9499999999999992,2.0
linear_lens,9,8.55,5,Simul_-15deg,5.3,2.13,8.55,0.0,-0.9499999999999992,2.0
linear_lens,9,8.55,6,Simul_-30deg,7.9,2.82,8.55,0.0,-0.9499999999999992,2.0
linear_lens,9,8.55,7,Simul_-45deg,4.9,2.0,8.55,0.0,-0.9499999999999992,2.0
linear_lens,9,8.55,8,Simul_-60deg,1.7,1.3,8.55,0.0,-0.9499999999999992,2.0
linear_lens,10,9.5,0,Simul_+60deg,-0.2,0.95,9.5,0.0,0.0,2.0
linear_lens,10,9.5,1,Simul_+45deg,1.2,1.19,9.5,0.0,0.0,2.0
linear_lens,10,9.5,2,Simul_+30deg,-2.2,0.68,9.5,0.0,0.0,2.0
linear_lens,10,9.5,3,Simul_+15deg,9.3,3.23,9.5,0.0,0.0,2.0
linear_lens,10,9.5,4,Simul_+0deg,-2.9,0.59,9.5,0.0,0.0,2.0
linear_lens,10,9.5,5,Simul_-15deg,9.1,3.2,9.5,0.0,0.0,2.0
linear_lens,10,9.5,6,Simul_-30deg,1.7,1.31,9.5,0.0,0.0,2.0
linear_lens,10,9.5,7,Simul_-45deg,2.5,1.44,9.5,0.0,0.0,2.0
linear_lens,10,9.5,8,Simul_-60deg,3.8,1.76,9.5,0.0,0.0,2.0
linear_lens,11,10.45,0,Simul_+60deg,-1.4,0.78,10.45,0.0,0.9499999999999992,2.0
linear_lens,11,10.45,1,Simul_+45deg,4.3,1.84,10.45,0.0,0.9499999999999992,2.0
linear_lens,11,10.45,2,Simul_+30deg,8.2,2.89,10.45,0.0,0.9499999999999992,2.0
linear_lens,11,10.45,3,Simul_+15deg,5.9,2.27,10.45,0.0,0.9499999999999992,2.0
linear_lens,11,10.45,4,Simul_+0deg,9.0,3.14,10.45,0.0,0.9499999999999992,2.0
linear_lens,11,10.45,5,Simul_-15deg,3.1,1.58,10.45,0.0,0.9499999999999992,2.0
linear_lens,11,10.45,6,Simul_-30deg,2.7,1.51,10.45,0.0,0.9499999999999992,2.0
linear_lens,11,10.45,7,Simul_-45deg,4.2,1.85,10.45,0.0,0.9499999999999992,2.0
linear_lens,11,10.45,8,Simul_-60deg,1.9,1.34,10.45,0.0,0.9499999999999992,2.0
linear_lens,12,11.4,0,Simul_+60deg,2.9,1.56,11.4,0.0,1.9000000000000004,2.0
linear_lens,12,11.4,1,Simul_+45deg,4.7,1.98,11.4,0.0,1.9000000000000004,2.0
linear_lens,12,11.4,2,Simul_+30deg,9.1,3.17,11.4,0.0,1.9000000000000004,2.0
linear_lens,12,11.4,3,Simul_+15deg,6.6,2.45,11.4,0.0,1.9000000000000004,2.0
linear_lens,12,11.4,4,Simul_+0deg,4.9,2.01,11.4,0.0,1.9000000000000004,2.0
linear_lens,12,11.4,5,Simul_-15deg,4.6,1.94,11.4,0.0,1.9000000000000004,2.0
linear_lens,12,11.4,6,Simul_-30deg,4.3,1.87,11.4,0.0,1.9000000000000004,2.0
linear_lens,12,11.4,7,Simul_-45deg,3.8,1.74,11.4,0.0,1.9000000000000004,2.0
linear_lens,12,11.4,8,Simul_-60deg,0.6,1.09,11.4,0.0,1.9000000000000004,2.0
linear_lens,13,12.35,0,Simul_+60deg,2.1,1.37,12.35,0.0,2.85,2.0
linear_lens,13,12.35,1,Simul_+45deg,6.1,2.3,12.35,0.0,2.85,2.0
linear_lens,13,12.35,2,Simul_+30deg,6.0,2.31,12.35,0.0,2.85,2.0
linear_lens,13,12.35,3,Simul_+15deg,5.5,2.17,12.35,0.0,2.85,2.0
linear_lens,13,12.35,4,Simul_+0deg,3.8,1.75,12.35,0.0,2.85,2.0
linear_lens,13,12.35,5,Simul_-15deg,5.2,2.06,12.35,0.0,2.85,2.0
linear_lens,13,12.35,6,Simul_-30deg,5.5,2.17,12.35,0.0,2.85,2.0
linear_lens,13,12.35,7,Simul_-45deg,3.2,1.62,12.35,0.0,2.85,2.0
linear_lens,13,12.35,8,Simul_-60deg,0.6,1.08,12.35,0.0,2.85,2.0
linear_lens,14,13.3,0,Simul_+60deg,4.1,1.79,13.3,0.0,3.8000000000000007,2.0
linear_lens,14,13.3,1,Simul_+45deg,4.8,1.98,13.3,0.0,3.8000000000000007,2.0
linear_lens,14,13.3,2,Simul_+30deg,6.9,2.54,13.3,0.0,3.8000000000000007,2.0
linear_lens,14,13.3,3,Simul_+15deg,4.1,1.79,13.3,0.0,3.8000000000000007,2.0
linear_lens,14,13.3,4,Simul_+0deg,4.3,1.85,13.3,0.0,3.8000000000000007,2.0
linear_lens,14,13.3,5,Simul_-15deg,6.3,2.35,13.3,0.0,3.8000000000000007,2.0
linear_lens,14,13.3,6,Simul_-30deg,5.2,2.09,13.3,0.0,3.8000000000000007,2.0
linear_lens,14,13.3,7,Simul_-45deg,2.5,1.45,13.3,0.0,3.8000000000000007,2.0
linear_lens,14,13.3,8,Simul_-60deg,1.2,1.19,13.3,0.0,3.8000000000000007,2.0
linear_lens,15,14.25,0,Simul_+60deg,4.1,1.8,14.25,0.0,4.75,2.0
linear_lens,15,14.25,1,Simul_+45deg,5.6,2.19,14.25,0.0,4.75,2.0
linear_lens,15,14.25,2,Simul_+30deg,6.5,2.4,14.25,0.0,4.75,2.0
linear_lens,15,14.25,3,Simul_+15deg,5.3,2.11,14.25,0.0,4.75,2.0
linear_lens,15,14.25,4,Simul_+0deg,3.8,1.74,14.25,0.0,4.75,2.0
linear_lens,15,14.25,5,Simul_-15deg,6.6,2.44,14.25,0.0,4.75,2.0
linear_lens,15,14.25,6,Simul_-30deg,4.5,1.91,14.25,0.0,4.75,2.0
linear_lens,15,14.25,7,Simul_-45deg,1.6,1.26,14.25,0.0,4.75,2.0
linear_lens,15,14.25,8,Simul_-60deg,2.4,1.42,14.25,0.0,4.75,2.0
linear_lens,16,15.2,0,Simul_+60deg,6.5,2.42,15.2,0.0,5.699999999999999,2.0
linear_lens,16,15.2,1,Simul_+45deg,6.4,2.39,15.2,0.0,5.699999999999999,2.0
linear_lens,16,15.2,2,Simul_+30deg,3.8,1.72,15.2,0.0,5.699999999999999,2.0
linear_lens,16,15.2,3,Simul_+15deg,5.8,2.21,15.2,0.0,5.699999999999999,2.0
linear_lens,16,15.2,4,Simul_+0deg,3.2,1.6,15.2,0.0,5.699999999999999,2.0
linear_lens,16,15.2,5,Simul_-15deg,5.8,2.22,15.2,0.0,5.699999999999999,2.0
linear_lens,16,15.2,6,Simul_-30deg,3.5,1.66,15.2,0.0,5.699999999999999,2.0
linear_lens,16,15.2,7,Simul_-45deg,0.5,1.06,15.2,0.0,5.699999999999999,2.0
linear_lens,16,15.2,8,Simul_-60deg,2.9,1.54,15.2,0.0,5.699999999999999,2.0
linear_lens,17,16.15,0,Simul_+60deg,6.9,2.55,16.15,0.0,6.649999999999999,2.0
linear_lens,17,16.15,1,Simul_+45deg,6.7,2.45,16.15,0.0,6.649999999999999,2.0
linear_lens,17,16.15,2,Simul_+30deg,6.7,2.47,16.15,0.0,6.649999999999999,2.0
linear_lens,17,16.15,3,Simul_+15deg,4.4,1.88,16.15,0.0,6.649999999999999,2.0
linear_lens,17,16.15,4,Simul_+0deg,3.7,1.71,16.15,0.0,6.649999999999999,2.0
linear_lens,17,16.15,5,Simul_-15deg,4.5,1.9,16.15,0.0,6.649999999999999,2.0
linear_lens,17,16.15,6,Simul_-30deg,2.2,1.39,16.15,0.0,6.649999999999999,2.0
linear_lens,17,16.15,7,Simul_-45deg,-0.4,0.92,16.15,0.0,6.649999999999999,2.0
linear_lens,17,16.15,8,Simul_-60deg,2.2,1.39,16.15,0.0,6.649999999999999,2.0
linear_lens,18,17.1,0,Simul_+60deg,5.7,2.21,17.1,0.0,7.600000000000001,2.0
linear_lens,18,17.1,1,Simul_+45deg,5.5,2.14,17.1,0.0,7.600000000000001,2.0
linear_lens,18,17.1,2,Simul_+30deg,5.3,2.08,17.1,0.0,7.600000000000001,2.0
linear_lens,18,17.1,3,Simul_+15deg,4.1,1.79,17.1,0.0,7.600000000000001,2.0
linear_lens,18,17.1,4,Simul_+0deg,2.9,1.53,17.1,0.0,7.600000000000001,2.0
linear_lens,18,17.1,5,Simul_-15deg,3.4,1.66,17.1,0.0,7.600000000000001,2.0
linear_lens,18,17.1,6,Simul_-30deg,0.5,1.07,17.1,0.0,7.600000000000001,2.0
linear_lens,18,17.1,7,Simul_-45deg,-0.5,0.9,17.1,0.0,7.600000000000001,2.0
linear_lens,18,17.1,8,Simul_-60deg,2.4,1.42,17.1,0.0,7.600000000000001,2.0
linear_lens,19,18.05,0,Simul_+60deg,3.2,1.6,18.05,0.0,8.55,2.0
linear_lens,19,18.05,1,Simul_+45deg,3.4,1.65,18.05,0.0,8.55,2.0
linear_lens,19,18.05,2,Simul_+30deg,6.0,2.28,18.05,0.0,8.55,2.0
linear_lens,19,18.05,3,Simul_+15deg,2.9,1.53,18.05,0.0,8.55,2.0
linear_lens,19,18.05,4,Simul_+0deg,2.2,1.39,18.05,0.0,8.55,2.0
linear_lens,19,18.05,5,Simul_-15deg,1.4,1.23,18.05,0.0,8.55,2.0
linear_lens,19,18.05,6,Simul_-30deg,-0.7,0.88,18.05,0.0,8.55,2.0
linear_lens,19,18.05,7,Simul_-45deg,-1.2,0.81,18.05,0.0,8.55,2.0
linear_lens,19,18.05,8,Simul_-60deg,1.3,1.22,18.05,0.0,8.55,2.0
linear_lens,20,19.0,0,Simul_+60deg,1.2,1.21,19.0,0.0,9.5,2.0
linear_lens,20,19.0,1,Simul_+45deg,2.9,1.55,19.0,0.0,9.5,2.0
linear_lens,20,19.0,2,Simul_+30deg,4.7,1.96,19.0,0.0,9.5,2.0
linear_lens,20,19.0,3,Simul_+15deg,2.7,1.51,19.0,0.0,9.5,2.0
linear_lens,20,19.0,4,Simul_+0deg,1.6,1.29,19.0,0.0,9.5,2.0
linear_lens,20,19.0,5,Simul_-15deg,-0.9,0.85,19.0,0.0,9.5,2.0
linear_lens,20,19.0,6,Simul_-30deg,-2.2,0.67,19.0,0.0,9.5,2.0
linear_lens,20,19.0,7,Simul_-45deg,-1.4,0.78,19.0,0.0,9.5,2.0
linear_lens,20,19.0,8,Simul_-60deg,0.8,1.13,19.0,0.0,9.5,2.0
linear_wolens,0,0.0,0,Simul_+4,3.6,1.68,0.0,0.0,-9.5,2.0
linear_wolens,0,0.0,1,Simul_+3,3.5,1.66,0.0,0.0,-9.5,2.0
linear_wolens,0,0.0,2,Simul_+2,3.4,1.64,0.0,0.0,-9.5,2.0
linear_wolens,0,0.0,3,Simul_+1,3.3,1.62,0.0,0.0,-9.5,2.0
linear_wolens,0,0.0,4,Simul_0,3.1,1.59,0.0,0.0,-9.5,2.0
linear_wolens,0,0.0,5,Simul_-1,3.0,1.57,0.0,0.0,-9.5,2.0
linear_wolens,0,0.0,6,Simul_-2,3.0,1.57,0.0,0.0,-9.5,2.0
linear_wolens,0,0.0,7,Simul_-3,3.0,1.58,0.0,0.0,-9.5,2.0
linear_wolens,0,0.0,8,Simul_-4,3.1,1.59,0.0,0.0,-9.5,2.0
linear_wolens,1,0.95,0,Simul_+4,3.3,1.63,0.95,0.0,-8.55,2.0
linear_wolens,1,0.95,1,Simul_+3,3.3,1.62,0.95,0.0,-8.55,2.0
linear_wolens,1,0.95,2,Simul_+2,3.3,1.63,0.95,0.0,-8.55,2.0
linear_wolens,1,0.95,3,Simul_+1,3.1,1.58,0.95,0.0,-8.55,2.0
linear_wolens,1,0.95,4,Simul_0,3.1,1.57,0.95,0.0,-8.55,2.0
linear_wolens,1,0.95,5,Simul_-1,3.4,1.63,0.95,0.0,-8.55,2.0
linear_wolens,1,0.95,6,Simul_-2,3.4,1.65,0.95,0.0,-8.55,2.0
linear_wolens,1,0.95,7,Simul_-3,3.3,1.61,0.95,0.0,-8.55,2.0
linear_wolens,1,0.95,8,Simul_-4,3.2,1.6,0.95,0.0,-8.55,2.0
linear_wolens,2,1.9,0,Simul_+4,3.2,1.59,1.9,0.0,-7.6,2.0
linear_wolens,2,1.9,1,Simul_+3,3.3,1.6,1.9,0.0,-7.6,2.0
linear_wolens,2,1.9,2,Simul_+2,3.3,1.61,1.9,0.0,-7.6,2.0
linear_wolens,2,1.9,3,Simul_+1,3.3,1.61,1.9,0.0,-7.6,2.0
linear_wolens,2,1.9,4,Simul_0,3.4,1.62,1.9,0.0,-7.6,2.0
linear_wolens,2,1.9,5,Simul_-1,3.5,1.67,1.9,0.0,-7.6,2.0
linear_wolens,2,1.9,6,Simul_-2,3.6,1.69,1.9,0.0,-7.6,2.0
linear_wolens,2,1.9,7,Simul_-3,3.5,1.67,1.9,0.0,-7.6,2.0
linear_wolens,2,1.9,8,Simul_-4,3.6,1.69,1.9,0.0,-7.6,2.0
linear_wolens,3,2.85,0,Simul_+4,3.5,1.68,2.85,0.0,-6.65,2.0
linear_wolens,3,2.85,1,Simul_+3,3.4,1.64,2.85,0.0,-6.65,2.0
linear_wolens,3,2.85,2,Simul_+2,3.3,1.62,2.85,0.0,-6.65,2.0
linear_wolens,3,2.85,3,Simul_+1,3.3,1.63,2.85,0.0,-6.65,2.0
linear_wolens,3,2.85,4,Simul_0,3.2,1.59,2.85,0.0,-6.65,2.0
linear_wolens,3,2.85,5,Simul_-1,3.2,1.61,2.85,0.0,-6.65,2.0
linear_wolens,3,2.85,6,Simul_-2,3.2,1.59,2.85,0.0,-6.65,2.0
linear_wolens,3,2.85,7,Simul_-3,3.1,1.58,2.85,0.0,-6.65,2.0
linear_wolens,3,2.85,8,Simul_-4,3.3,1.61,2.85,0.0,-6.65,2.0
linear_wolens,4,3.8,0,Simul_+4,3.1,1.59,3.8,0.0,-5.7,2.0
linear_wolens,4,3.8,1,Simul_+3,3.2,1.59,3.8,0.0,-5.7,2.0
linear_wolens,4,3.8,2,Simul_+2,3.2,1.6,3.8,0.0,-5.7,2.0
linear_wolens,4,3.8,3,Simul_+1,3.2,1.6,3.8,0.0,-5.7,2.0
linear_wolens,4,3.8,4,Simul_0,3.2,1.6,3.8,0.0,-5.7,2.0
linear_wolens,4,3.8,5,Simul_-1,3.2,1.59,3.8,0.0,-5.7,2.0
linear_wolens,4,3.8,6,Simul_-2,3.2,1.59,3.8,0.0,-5.7,2.0
linear_wolens,4,3.8,7,Simul_-3,3.1,1.57,3.8,0.0,-5.7,2.0
linear_wolens,4,3.8,8,Simul_-4,3.1,1.57,3.8,0.0,-5.7,2.0
linear_wolens,5,4.75,0,Simul_+4,2.4,1.42,4.75,0.0,-4.75,2.0
linear_wolens,5,4.75,1,Simul_+3,2.4,1.43,4.75,0.0,-4.75,2.0
linear_wolens,5,4.75,2,Simul_+2,2.4,1.42,4.75,0.0,-4.75,2.0
linear_wolens,5,4.75,3,Simul_+1,2.4,1.42,4.75,0.0,-4.75,2.0
linear_wolens,5,4.75,4,Simul_0,2.3,1.41,4.75,0.0,-4.75,2.0
linear_wolens,5,4.75,5,Simul_-1,2.4,1.42,4.75,0.0,-4.75,2.0
linear_wolens,5,4.75,6,Simul_-2,2.4,1.42,4.75,0.0,-4.75,2.0
linear_wolens,5,4.75,7,Simul_-3,2.4,1.43,4.75,0.0,-4.75,2.0
linear_wolens,5,4.75,8,Simul_-4,2.4,1.43,4.75,0.0,-4.75,2.0
linear_wolens,6,5.7,0,Simul_+4,1.4,1.24,5.7,0.0,-3.8,2.0
linear_wolens,6,5.7,1,Simul_+3,1.4,1.24,5.7,0.0,-3.8,2.0
linear_wolens,6,5.7,2,Simul_+2,1.5,1.25,5.7,0.0,-3.8,2.0
linear_wolens,6,5.7,3,Simul_+1,1.5,1.25,5.7,0.0,-3.8,2.0
linear_wolens,6,5.7,4,Simul_0,1.5,1.26,5.7,0.0,-3.8,2.0
linear_wolens,6,5.7,5,Simul_-1,1.5,1.26,5.7,0.0,-3.8,2.0
linear_wolens,6,5.7,6,Simul_-2,1.5,1.26,5.7,0.0,-3.8,2.0
linear_wolens,6,5.7,7,Simul_-3,1.5,1.26,5.7,0.0,-3.8,2.0
linear_wolens,6,5.7,8,Simul_-4,1.4,1.25,5.7,0.0,-3.8,2.0
linear_wolens,7,6.65,0,Simul_+4,-0.1,0.97,6.65,0.0,-2.85,2.0
linear_wolens,7,6.65,1,Simul_+3,-0.1,0.97,6.65,0.0,-2.85,2.0
linear_wolens,7,6.65,2,Simul_+2,0.0,0.99,6.65,0.0,-2.85,2.0
linear_wolens,7,6.65,3,Simul_+1,0.1,1.0,6.65,0.0,-2.85,2.0
linear_wolens,7,6.65,4,Simul_0,0.2,1.02,6.65,0.0,-2.85,2.0
linear_wolens,7,6.65,5,Simul_-1,0.2,1.02,6.65,0.0,-2.85,2.0
linear_wolens,7,6.65,6,Simul_-2,0.3,1.04,6.65,0.0,-2.85,2.0
linear_wolens,7,6.65,7,Simul_-3,0.4,1.04,6.65,0.0,-2.85,2.0
linear_wolens,7,6.65,8,Simul_-4,0.4,1.05,6.65,0.0,-2.85,2.0
linear_wolens,8,7.6,0,Simul_+4,-0.9,0.84,7.6,0.0,-1.9000000000000004,2.0
linear_wolens,8,7.6,1,Simul_+3,-0.9,0.85,7.6,0.0,-1.9000000000000004,2.0
linear_wolens,8,7.6,2,Simul_+2,-0.9,0.85,7.6,0.0,-1.9000000000000004,2.0
linear_wolens,8,7.6,3,Simul_+1,-0.9,0.85,7.6,0.0,-1.9000000000000004,2.0
linear_wolens,8,7.6,4,Simul_0,-0.9,0.85,7.6,0.0,-1.9000000000000004,2.0
linear_wolens,8,7.6,5,Simul_-1,-0.9,0.85,7.6,0.0,-1.9000000000000004,2.0
linear_wolens,8,7.6,6,Simul_-2,-0.9,0.85,7.6,0.0,-1.9000000000000004,2.0
linear_wolens,8,7.6,7,Simul_-3,-0.9,0.85,7.6,0.0,-1.9000000000000004,2.0
linear_wolens,8,7.6,8,Simul_-4,-1.0,0.84,7.6,0.0,-1.9000000000000004,2.0
linear_wolens,9,8.55,0,Simul_+4,-2.0,0.7,8.55,0.0,-0.9499999999999992,2.0
linear_wolens,9,8.55,1,Simul_+3,-2.0,0.7,8.55,0.0,-0.9499999999999992,2.0
linear_wolens,9,8.55,2,Simul_+2,-2.0,0.7,8.55,0.0,-0.9499999999999992,2.0
linear_wolens,9,8.55,3,Simul_+1,-2.0,0.71,8.55,0.0,-0.9499999999999992,2.0
linear_wolens,9,8.55,4,Simul_0,-2.0,0.7,8.55,0.0,-0.9499999999999992,2.0
linear_wolens,9,8.55,5,Simul_-1,-1.9,0.71,8.55,0.0,-0.9499999999999992,2.0
linear_wolens,9,8.55,6,Simul_-2,-1.9,0.71,8.55,0.0,-0.9499999999999992,2.0
linear_wolens,9,8.55,7,Simul_-3,-1.9,0.71,8.55,0.0,-0.9499999999999992,2.0
linear_wolens,9,8.55,8,Simul_-4,-1.9,0.71,8.55,0.0,-0.9499999999999992,2.0
linear_wolens,10,9.5,0,Simul_+4,-1.9,0.71,9.5,0.0,0.0,2.0
linear_wolens,10,9.5,1,Simul_+3,-2.0,0.7,9.5,0.0,0.0,2.0
linear_wolens,10,9.5,2,Simul_+2,-2.5,0.64,9.5,0.0,0.0,2.0
linear_wolens,10,9.5,3,Simul_+1,-1.9,0.71,9.5,0.0,0.0,2.0
linear_wolens,10,9.5,4,Simul_0,-2.6,0.63,9.5,0.0,0.0,2.0
linear_wolens,10,9.5,5,Simul_-1,-2.0,0.7,9.5,0.0,0.0,2.0
linear_wolens,10,9.5,6,Simul_-2,-2.4,0.65,9.5,0.0,0.0,2.0
linear_wolens,10,9.5,7,Simul_-3,-2.2,0.68,9.5,0.0,0.0,2.0
linear_wolens,10,9.5,8,Simul_-4,-2.1,0.69,9.5,0.0,0.0,2.0
linear_wolens,11,10.45,0,Simul_+4,-1.6,0.75,10.45,0.0,0.9499999999999992,2.0
linear_wolens,11,10.45,1,Simul_+3,-1.6,0.75,10.45,0.0,0.9499999999999992,2.0
linear_wolens,11,10.45,2,Simul_+2,-1.6,0.75,10.45,0.0,0.9499999999999992,2.0
linear_wolens,11,10.45,3,Simul_+1,-1.6,0.75,10.45,0.0,0.9499999999999992,2.0
linear_wolens,11,10.45,4,Simul_0,-1.7,0.75,10.45,0.0,0.9499999999999992,2.0
linear_wolens,11,10.45,5,Simul_-1,-1.6,0.75,10.45,0.0,0.9499999999999992,2.0
linear_wolens,11,10.45,6,Simul_-2,-1.7,0.74,10.45,0.0,0.9499999999999992,2.0
linear_wolens,11,10.45,7,Simul_-3,-1.6,0.75,10.45,0.0,0.9499999999999992,2.0
linear_wolens,11,10.45,8,Simul_-4,-1.7,0.74,10.45,0.0,0.9499999999999992,2.0
linear_wolens,12,11.4,0,Simul_+4,-1.3,0.79,11.4,0.0,1.9000000000000004,2.0
linear_wolens,12,11.4,1,Simul_+3,-1.3,0.8,11.4,0.0,1.9000000000000004,2.0
linear_wolens,12,11.4,2,Simul_+2,-1.3,0.79,11.4,0.0,1.9000000000000004,2.0
linear_wolens,12,11.4,3,Simul_+1,-1.3,0.79,11.4,0.0,1.9000000000000004,2.0
linear_wolens,12,11.4,4,Simul_0,-1.3,0.8,11.4,0.0,1.9000000000000004,2.0
linear_wolens,12,11.4,5,Simul_-1,-1.3,0.79,11.4,0.0,1.9000000000000004,2.0
linear_wolens,12,11.4,6,Simul_-2,-1.3,0.8,11.4,0.0,1.9000000000000004,2.0
linear_wolens,12,11.4,7,Simul_-3,-1.3,0.8,11.4,0.0,1.9000000000000004,2.0
linear_wolens,12,11.4,8,Simul_-4,-1.3,0.8,11.4,0.0,1.9000000000000004,2.0
linear_wolens,13,12.35,0,Simul_+4,-1.0,0.84,12.35,0.0,2.85,2.0
linear_wolens,13,12.35,1,Simul_+3,-0.9,0.85,12.35,0.0,2.85,2.0
linear_wolens,13,12.35,2,Simul_+2,-0.9,0.85,12.35,0.0,2.85,2.0
linear_wolens,13,12.35,3,Simul_+1,-0.9,0.85,12.35,0.0,2.85,2.0
linear_wolens,13,12.35,4,Simul_0,-0.9,0.85,12.35,0.0,2.85,2.0
linear_wolens,13,12.35,5,Simul_-1,-0.9,0.85,12.35,0.0,2.85,2.0
linear_wolens,13,12.35,6,Simul_-2,-1.0,0.84,12.35,0.0,2.85,2.0
linear_wolens,13,12.35,7,Simul_-3,-1.0,0.83,12.35,0.0,2.85,2.0
linear_wolens,13,12.35,8,Simul_-4,-1.1,0.82,12.35,0.0,2.85,2.0
linear_wolens,14,13.3,0,Simul_+4,-0.8,0.86,13.3,0.0,3.8000000000000007,2.0
linear_wolens,14,13.3,1,Simul_+3,-0.7,0.87,13.3,0.0,3.8000000000000007,2.0
linear_wolens,14,13.3,2,Simul_+2,-0.7,0.87,13.3,0.0,3.8000000000000007,2.0
linear_wolens,14,13.3,3,Simul_+1,-0.8,0.86,13.3,0.0,3.8000000000000007,2.0
linear_wolens,14,13.3,4,Simul_0,-0.9,0.85,13.3,0.0,3.8000000000000007,2.0
linear_wolens,14,13.3,5,Simul_-1,-1.0,0.84,13.3,0.0,3.8000000000000007,2.0
linear_wolens,14,13.3,6,Simul_-2,-1.1,0.82,13.3,0.0,3.8000000000000007,2.0
linear_wolens,14,13.3,7,Simul_-3,-1.2,0.8,13.3,0.0,3.8000000000000007,2.0
linear_wolens,14,13.3,8,Simul_-4,-1.2,0.8,13.3,0.0,3.8000000000000007,2.0
linear_wolens,15,14.25,0,Simul_+4,-1.0,0.84,14.25,0.0,4.75,2.0
linear_wolens,15,14.25,1,Simul_+3,-1.0,0.83,14.25,0.0,4.75,2.0
linear_wolens,15,14.25,2,Simul_+2,-1.1,0.83,14.25,0.0,4.75,2.0
linear_wolens,15,14.25,3,Simul_+1,-1.1,0.82,14.25,0.0,4.75,2.0
linear_wolens,15,14.25,4,Simul_0,-1.2,0.81,14.25,0.0,4.75,2.0
linear_wolens,15,14.25,5,Simul_-1,-1.2,0.81,14.25,0.0,4.75,2.0
linear_wolens,15,14.25,6,Simul_-2,-1.2,0.81,14.25,0.0,4.75,2.0
linear_wolens,15,14.25,7,Simul_-3,-1.2,0.81,14.25,0.0,4.75,2.0
linear_wolens,15,14.25,8,Simul_-4,-1.1,0.82,14.25,0.0,4.75,2.0
linear_wolens,16,15.2,0,Simul_+4,-1.3,0.79,15.2,0.0,5.699999999999999,2.0
linear_wolens,16,15.2,1,Simul_+3,-1.2,0.8,15.2,0.0,5.699999999999999,2.0
linear_wolens,16,15.2,2,Simul_+2,-1.2,0.8,15.2,0.0,5.699999999999999,2.0
linear_wolens,16,15.2,3,Simul_+1,-1.1,0.81,15.2,0.0,5.699999999999999,2.0
linear_wolens,16,15.2,4,Simul_0,-1.2,0.81,15.2,0.0,5.699999999999999,2.0
linear_wolens,16,15.2,5,Simul_-1,-1.1,0.81,15.2,0.0,5.699999999999999,2.0
linear_wolens,16,15.2,6,Simul_-2,-1.1,0.81,15.2,0.0,5.699999999999999,2.0
linear_wolens,16,15.2,7,Simul_-3,-1.1,0.81,15.2,0.0,5.699999999999999,2.0
linear_wolens,16,15.2,8,Simul_-4,-1.2,0.81,15.2,0.0,5.699999999999999,2.0
linear_wolens,17,16.15,0,Simul_+4,-1.3,0.79,16.15,0.0,6.649999999999999,2.0
linear_wolens,17,16.15,1,Simul_+3,-1.4,0.78,16.15,0.0,6.649999999999999,2.0
linear_wolens,17,16.15,2,Simul_+2,-1.3,0.79,16.15,0.0,6.649999999999999,2.0
linear_wolens,17,16.15,3,Simul_+1,-1.2,0.8,16.15,0.0,6.649999999999999,2.0
linear_wolens,17,16.15,4,Simul_0,-1.4,0.78,16.15,0.0,6.649999999999999,2.0
linear_wolens,17,16.15,5,Simul_-1,-1.3,0.79,16.15,0.0,6.649999999999999,2.0
linear_wolens,17,16.15,6,Simul_-2,-1.3,0.8,16.15,0.0,6.649999999999999,2.0
linear_wolens,17,16.15,7,Simul_-3,-1.3,0.79,16.15,0.0,6.649999999999999,2.0
linear_wolens,17,16.15,8,Simul_-4,-1.2,0.81,16.15,0.0,6.649999999999999,2.0
linear_wolens,18,17.1,0,Simul_+4,-1.9,0.7,17.1,0.0,7.600000000000001,2.0
linear_wolens,18,17.1,1,Simul_+3,-2.0,0.7,17.1,0.0,7.600000000000001,2.0
linear_wolens,18,17.1,2,Simul_+2,-1.9,0.71,17.1,0.0,7.600000000000001,2.0
linear_wolens,18,17.1,3,Simul_+1,-2.0,0.7,17.1,0.0,7.600000000000001,2.0
linear_wolens,18,17.1,4,Simul_0,-2.1,0.68,17.1,0.0,7.600000000000001,2.0
linear_wolens,18,17.1,5,Simul_-1,-2.1,0.68,17.1,0.0,7.600000000000001,2.0
linear_wolens,18,17.1,6,Simul_-2,-2.0,0.69,17.1,0.0,7.600000000000001,2.0
linear_wolens,18,17.1,7,Simul_-3,-2.0,0.69,17.1,0.0,7.600000000000001,2.0
linear_wolens,18,17.1,8,Simul_-4,-2.0,0.69,17.1,0.0,7.600000000000001,2.0
linear_wolens,19,18.05,0,Simul_+4,-2.4,0.65,18.05,0.0,8.55,2.0
linear_wolens,19,18.05,1,Simul_+3,-2.2,0.67,18.05,0.0,8.55,2.0
linear_wolens,19,18.05,2,Simul_+2,-2.3,0.66,18.05,0.0,8.55,2.0
linear_wolens,19,18.05,3,Simul_+1,-2.5,0.63,18.05,0.0,8.55,2.0
linear_wolens,19,18.05,4,Simul_0,-2.4,0.65,18.05,0.0,8.55,2.0
linear_wolens,19,18.05,5,Simul_-1,-2.1,0.68,18.05,0.0,8.55,2.0
linear_wolens,19,18.05,6,Simul_-2,-2.1,0.68,18.05,0.0,8.55,2.0
linear_wolens,19,18.05,7,Simul_-3,-2.2,0.67,18.05,0.0,8.55,2.0
linear_wolens,19,18.05,8,Simul_-4,-2.1,0.69,18.05,0.0,8.55,2.0
linear_wolens,20,19.0,0,Simul_+4,-3.0,0.58,19.0,0.0,9.5,2.0
linear_wolens,20,19.0,1,Simul_+3,-3.0,0.58,19.0,0.0,9.5,2.0
linear_wolens,20,19.0,2,Simul_+2,-2.9,0.59,19.0,0.0,9.5,2.0
linear_wolens,20,19.0,3,Simul_+1,-2.8,0.6,19.0,0.0,9.5,2.0
linear_wolens,20,19.0,4,Simul_0,-2.7,0.61,19.0,0.0,9.5,2.0
linear_wolens,20,19.0,5,Simul_-1,-2.6,0.62,19.0,0.0,9.5,2.0
linear_wolens,20,19.0,6,Simul_-2,-2.5,0.64,19.0,0.0,9.5,2.0
linear_wolens,20,19.0,7,Simul_-3,-2.4,0.64,19.0,0.0,9.5,2.0
linear_wolens,20,19.0,8,Simul_-4,-2.4,0.65,19.0,0.0,9.5,2.0
half_lens,0,0.0,0,Simul_+60deg,1.5,1.24,,,,
half_lens,0,0.0,1,Simul_+45deg,0.1,1.01,,,,
half_lens,0,0.0,2,Simul_+30deg,-2.6,0.63,,,,
half_lens,0,0.0,3,Simul_+15deg,-0.2,0.96,,,,
half_lens,0,0.0,4,Simul_+0deg,2.8,1.5,,,,
half_lens,0,0.0,5,Simul_-15deg,7.9,2.79,,,,
half_lens,0,0.0,6,Simul_-30deg,7.7,2.75,,,,
half_lens,0,0.0,7,Simul_-45deg,4.7,1.97,,,,
half_lens,0,0.0,8,Simul_-60deg,8.2,2.9,,,,
half_lens,1,0.79,0,Simul_+60deg,1.5,1.24,,,,
half_lens,1,0.79,1,Simul_+45deg,-0.5,0.89,,,,
half_lens,1,0.79,2,Simul_+30deg,-2.6,0.63,,,,
half_lens,1,0.79,3,Simul_+15deg,0.6,1.08,,,,
half_lens,1,0.79,4,Simul_+0deg,2.5,1.43,,,,
half_lens,1,0.79,5,Simul_-15deg,8.3,2.91,,,,
half_lens,1,0.79,6,Simul_-30deg,7.7,2.7,,,,
half_lens,1,0.79,7,Simul_-45deg,4.9,2.03,,,,
half_lens,1,0.79,8,Simul_-60deg,9.2,3.2,,,,
half_lens,2,1.57,0,Simul_+60deg,0.5,1.07,,,,
half_lens,2,1.57,1,Simul_+45deg,-0.7,0.87,,,,
half_lens,2,1.57,2,Simul_+30deg,-3.5,0.53,,,,
half_lens,2,1.57,3,Simul_+15deg,1.3,1.2,,,,
half_lens,2,1.57,4,Simul_+0deg,2.1,1.39,,,,
half_lens,2,1.57,5,Simul_-15deg,7.6,2.72,,,,
half_lens,2,1.57,6,Simul_-30deg,7.5,2.69,,,,
half_lens,2,1.57,7,Simul_-45deg,6.2,2.35,,,,
half_lens,2,1.57,8,Simul_-60deg,10.4,3.53,,,,
half_lens,3,2.36,0,Simul_+60deg,-0.6,0.89,,,,
half_lens,3,2.36,1,Simul_+45deg,-0.4,0.92,,,,
half_lens,3,2.36,2,Simul_+30deg,-3.4,0.54,,,,
half_lens,3,2.36,3,Simul_+15deg,1.9,1.33,,,,
half_lens,3,2.36,4,Simul_+0deg,2.3,1.42,,,,
half_lens,3,2.36,5,Simul_-15deg,6.4,2.38,,,,
half_lens,3,2.36,6,Simul_-30deg,6.1,2.3,,,,
half_lens,3,2.36,7,Simul_-45deg,7.6,2.72,,,,
half_lens,3,2.36,8,Simul_-60deg,10.3,3.48,,,,
half_lens,4,3.14,0,Simul_+60deg,-1.2,0.81,,,,
half_lens,4,3.14,1,Simul_+45deg,-0.3,0.94,,,,
half_lens,4,3.14,2,Simul_+30deg,-1.9,0.71,,,,
half_lens,4,3.14,3,Simul_+15deg,1.7,1.29,,,,
half_lens,4,3.14,4,Simul_+0deg,1.6,1.25,,,,
half_lens,4,3.14,5,Simul_-15deg,5.9,2.26,,,,
half_lens,4,3.14,6,Simul_-30deg,6.3,2.37,,,,
half_lens,4,3.14,7,Simul_-45deg,8.7,3.07,,,,
half_lens,4,3.14,8,Simul_-60deg,10.0,3.41,,,,
half_lens,5,3.93,0,Simul_+60deg,-1.6,0.75,,,,
half_lens,5,3.93,1,Simul_+45deg,-0.3,0.92,,,,
half_lens,5,3.93,2,Simul_+30deg,-1.5,0.74,,,,
half_lens,5,3.93,3,Simul_+15deg,1.9,1.26,,,,
half_lens,5,3.93,4,Simul_+0deg,1.6,1.22,,,,
half_lens,5,3.93,5,Simul_-15deg,4.3,1.79,,,,
half_lens,5,3.93,6,Simul_-30deg,7.0,2.54,,,,
half_lens,5,3.93,7,Simul_-45deg,10.1,3.45,,,,
half_lens,5,3.93,8,Simul_-60deg,9.4,3.22,,,,
half_lens,6,4.71,0,Simul_+60deg,-2.0,0.7,,,,
half_lens,6,4.71,1,Simul_+45deg,-0.5,0.91,,,,
half_lens,6,4.71,2,Simul_+30deg,-0.9,0.85,,,,
half_lens,6,4.71,3,Simul_+15deg,1.8,1.31,,,,
half_lens,6,4.71,4,Simul_+0deg,0.9,1.15,,,,
half_lens,6,4.71,5,Simul_-15deg,4.2,1.81,,,,
half_lens,6,4.71,6,Simul_-30deg,6.3,2.38,,,,
half_lens,6,4.71,7,Simul_-45deg,9.9,3.4,,,,
half_lens,6,4.71,8,Simul_-60deg,8.5,2.96,,,,
half_lens,7,5.5,0,Simul_+60deg,-2.1,0.68,,,,
half_lens,7,5.5,1,Simul_+45deg,-0.7,0.88,,,,
half_lens,7,5.5,2,Simul_+30deg,-1.0,0.84,,,,
half_lens,7,5.5,3,Simul_+15deg,1.2,1.21,,,,
half_lens,7,5.5,4,Simul_+0deg,0.5,1.08,,,,
half_lens,7,5.5,5,Simul_-15deg,3.2,1.59,,,,
half_lens,7,5.5,6,Simul_-30deg,7.0,2.56,,,,
half_lens,7,5.5,7,Simul_-45deg,9.8,3.4,,,,
half_lens,7,5.5,8,Simul_-60deg,7.3,2.64,,,,
half_lens,8,6.28,0,Simul_+60deg,-2.0,0.7,,,,
half_lens,8,6.28,1,Simul_+45deg,-0.7,0.88,,,,
half_lens,8,6.28,2,Simul_+30deg,-0.9,0.85,,,,
half_lens,8,6.28,3,Simul_+15deg,1.0,1.16,,,,
half_lens,8,6.28,4,Simul_+0deg,0.3,1.04,,,,
half_lens,8,6.28,5,Simul_-15deg,3.1,1.59,,,,
half_lens,8,6.28,6,Simul_-30deg,7.3,2.66,,,,
half_lens,8,6.28,7,Simul_-45deg,9.5,3.3,,,,
half_lens,8,6.28,8,Simul_-60deg,5.9,2.24,,,,
half_lens,9,7.07,0,Simul_+60deg,-2.6,0.62,,,,
half_lens,9,7.07,1,Simul_+45deg,-0.5,0.9,,,,
half_lens,9,7.07,2,Simul_+30deg,-0.9,0.84,,,,
half_lens,9,7.07,3,Simul_+15deg,0.8,1.13,,,,
half_lens,9,7.07,4,Simul_+0deg,0.0,0.99,,,,
half_lens,9,7.07,5,Simul_-15deg,3.3,1.63,,,,
half_lens,9,7.07,6,Simul_-30deg,7.5,2.7,,,,
half_lens,9,7.07,7,Simul_-45deg,8.8,3.09,,,,
half_lens,9,7.07,8,Simul_-60deg,5.5,2.17,,,,
half_lens,10,7.85,0,Simul_+60deg,-1.8,0.72,,,,
half_lens,10,7.85,1,Simul_+45deg,-1.2,0.8,,,,
half_lens,10,7.85,2,Simul_+30deg,-2.1,0.68,,,,
half_lens,10,7.85,3,Simul_+15deg,-1.1,0.81,,,,
half_lens,10,7.85,4,Simul_+0deg,-1.3,0.79,,,,
half_lens,10,7.85,5,Simul_-15deg,5.3,2.09,,,,
half_lens,10,7.85,6,Simul_-30deg,8.2,2.91,,,,
half_lens,10,7.85,7,Simul_-45deg,7.9,2.78,,,,
half_lens,10,7.85,8,Simul_-60deg,4.1,1.8,,,,
half_lens,11,8.64,0,Simul_+60deg,-2.9,0.59,,,,
half_lens,11,8.64,1,Simul_+45deg,-1.0,0.83,,,,
half_lens,11,8.64,2,Simul_+30deg,-1.1,0.82,,,,
half_lens,11,8.64,3,Simul_+15deg,-1.3,0.8,,,,
half_lens,11,8.64,4,Simul_+0deg,-0.3,0.94,,,,
half_lens,11,8.64,5,Simul_-15deg,4.5,1.87,,,,
half_lens,11,8.64,6,Simul_-30deg,8.2,2.89,,,,
half_lens,11,8.64,7,Simul_-45deg,6.8,2.51,,,,
half_lens,11,8.64,8,Simul_-60deg,4.1,1.82,,,,
half_lens,12,9.42,0,Simul_+60deg,-2.7,0.62,,,,
half_lens,12,9.42,1,Simul_+45deg,-0.9,0.85,,,,
half_lens,12,9.42,2,Simul_+30deg,-2.2,0.68,,,,
half_lens,12,9.42,3,Simul_+15deg,-2.3,0.66,,,,
half_lens,12,9.42,4,Simul_+0deg,0.7,1.1,,,,
half_lens,12,9.42,5,Simul_-15deg,5.1,2.06,,,,
half_lens,12,9.42,6,Simul_-30deg,8.3,2.93,,,,
half_lens,12,9.42,7,Simul_-45deg,5.6,2.19,,,,
half_lens,12,9.42,8,Simul_-60deg,4.3,1.87,,,,
half_lens,13,10.21,0,Simul_+60deg,-2.9,0.6,,,,
half_lens,13,10.21,1,Simul_+45deg,-0.5,0.91,,,,
half_lens,13,10.21,2,Simul_+30deg,-2.6,0.63,,,,
half_lens,13,10.21,3,Simul_+15deg,-2.6,0.63,,,,
half_lens,13,10.21,4,Simul_+0deg,1.7,1.31,,,,
half_lens,13,10.21,5,Simul_-15deg,5.7,2.23,,,,
half_lens,13,10.21,6,Simul_-30deg,7.7,2.78,,,,
half_lens,13,10.21,7,Simul_-45deg,3.7,1.72,,,,
half_lens,13,10.21,8,Simul_-60deg,4.3,1.87,,,,
half_lens,14,10.99,0,Simul_+60deg,-1.9,0.72,,,,
half_lens,14,10.99,1,Simul_+45deg,-0.2,0.96,,,,
half_lens,14,10.99,2,Simul_+30deg,-3.3,0.55,,,,
half_lens,14,10.99,3,Simul_+15deg,-2.5,0.63,,,,
half_lens,14,10.99,4,Simul_+0deg,3.7,1.74,,,,
half_lens,14,10.99,5,Simul_-15deg,6.5,2.44,,,,
half_lens,14,10.99,6,Simul_-30deg,7.2,2.63,,,,
half_lens,14,10.99,7,Simul_-45deg,2.9,1.55,,,,
half_lens,14,10.99,8,Simul_-60deg,4.4,1.89,,,,
half_lens,15,11.78,0,Simul_+60deg,-2.1,0.69,,,,
half_lens,15,11.78,1,Simul_+45deg,0.4,1.06,,,,
half_lens,15,11.78,2,Simul_+30deg,-3.8,0.5,,,,
half_lens,15,11.78,3,Simul_+15deg,-0.7,0.89,,,,
half_lens,15,11.78,4,Simul_+0deg,4.4,1.9,,,,
half_lens,15,11.78,5,Simul_-15deg,6.9,2.53,,,,
half_lens,15,11.78,6,Simul_-30deg,5.9,2.28,,,,
half_lens,15,11.78,7,Simul_-45deg,1.5,1.25,,,,
half_lens,15,11.78,8,Simul_-60deg,4.3,1.88,,,,
half_lens,16,12.56,0,Simul_+60deg,-1.4,0.77,,,,
half_lens,16,12.56,1,Simul_+45deg,1.0,1.16,,,,
half_lens,16,12.56,2,Simul_+30deg,-3.6,0.51,,,,
half_lens,16,12.56,3,Simul_+15deg,1.7,1.29,,,,
half_lens,16,12.56,4,Simul_+0deg,4.4,1.88,,,,
half_lens,16,12.56,5,Simul_-15deg,6.8,2.53,,,,
half_lens,16,12.56,6,Simul_-30deg,4.7,1.91,,,,
half_lens,16,12.56,7,Simul_-45deg,0.1,1.0,,,,
half_lens,16,12.56,8,Simul_-60deg,4.1,1.81,,,,
half_lens,17,13.35,0,Simul_+60deg,-0.4,0.93,,,,
half_lens,17,13.35,1,Simul_+45deg,0.7,1.11,,,,
half_lens,17,13.35,2,Simul_+30deg,-2.1,0.69,,,,
half_lens,17,13.35,3,Simul_+15deg,3.1,1.58,,,,
half_lens,17,13.35,4,Simul_+0deg,5.8,2.23,,,,
half_lens,17,13.35,5,Simul_-15deg,7.0,2.57,,,,
half_lens,17,13.35,6,Simul_-30deg,4.5,1.92,,,,
half_lens,17,13.35,7,Simul_-45deg,0.4,1.04,,,,
half_lens,17,13.35,8,Simul_-60deg,3.0,1.56,,,,
half_lens,18,14.13,0,Simul_+60deg,-1.2,0.8,,,,
half_lens,18,14.13,1,Simul_+45deg,1.5,1.26,,,,
half_lens,18,14.13,2,Simul_+30deg,0.1,1.01,,,,
half_lens,18,14.13,3,Simul_+15deg,5.1,2.05,,,,
half_lens,18,14.13,4,Simul_+0deg,4.8,1.98,,,,
half_lens,18,14.13,5,Simul_-15deg,5.9,2.23,,,,
half_lens,18,14.13,6,Simul_-30deg,2.2,1.39,,,,
half_lens,18,14.13,7,Simul_-45deg,-0.9,0.85,,,,
half_lens,18,14.13,8,Simul_-60deg,2.4,1.43,,,,
half_lens,19,14.92,0,Simul_+60deg,-1.0,0.84,,,,
half_lens,19,14.92,1,Simul_+45deg,2.4,1.43,,,,
half_lens,19,14.92,2,Simul_+30deg,1.4,1.19,,,,
half_lens,19,14.92,3,Simul_+15deg,5.2,2.06,,,,
half_lens,19,14.92,4,Simul_+0deg,4.2,1.83,,,,
half_lens,19,14.92,5,Simul_-15deg,5.4,2.14,,,,
half_lens,19,14.92,6,Simul_-30deg,1.5,1.26,,,,
half_lens,19,14.92,7,Simul_-45deg,-1.6,0.76,,,,
half_lens,19,14.92,8,Simul_-60deg,1.8,1.32,,,,
half_lens,20,15.7,0,Simul_+60deg,-0.1,0.97,,,,
half_lens,20,15.7,1,Simul_+45deg,3.0,1.57,,,,
half_lens,20,15.7,2,Simul_+30deg,5.2,2.08,,,,
half_lens,20,15.7,3,Simul_+15deg,5.7,2.21,,,,
half_lens,20,15.7,4,Simul_+0deg,4.1,1.82,,,,
half_lens,20,15.7,5,Simul_-15deg,4.2,1.84,,,,
half_lens,20,15.7,6,Simul_-30deg,0.8,1.12,,,,
half_lens,20,15.7,7,Simul_-45deg,-2.2,0.67,,,,
half_lens,20,15.7,8,Simul_-60deg,1.1,1.19,,,,
half_lens,21,16.49,0,Simul_+60deg,0.5,1.08,,,,
half_lens,21,16.49,1,Simul_+45deg,4.6,1.92,,,,
half_lens,21,16.49,2,Simul_+30deg,6.0,2.25,,,,
half_lens,21,16.49,3,Simul_+15deg,6.0,2.3,,,,
half_lens,21,16.49,4,Simul_+0deg,4.1,1.83,,,,
half_lens,21,16.49,5,Simul_-15deg,3.4,1.64,,,,
half_lens,21,16.49,6,Simul_-30deg,0.6,1.09,,,,
half_lens,21,16.49,7,Simul_-45deg,-2.3,0.66,,,,
half_lens,21,16.49,8,Simul_-60deg,0.8,1.13,,,,
half_lens,22,17.27,0,Simul_+60deg,-0.0,0.99,,,,
half_lens,22,17.27,1,Simul_+45deg,6.3,2.39,,,,
half_lens,22,17.27,2,Simul_+30deg,7.0,2.57,,,,
half_lens,22,17.27,3,Simul_+15deg,5.4,2.14,,,,
half_lens,22,17.27,4,Simul_+0deg,3.3,1.63,,,,
half_lens,22,17.27,5,Simul_-15deg,2.7,1.5,,,,
half_lens,22,17.27,6,Simul_-30deg,0.3,1.03,,,,
half_lens,22,17.27,7,Simul_-45deg,-1.9,0.71,,,,
half_lens,22,17.27,8,Simul_-60deg,0.9,1.15,,,,
half_lens,23,18.06,0,Simul_+60deg,0.5,1.07,,,,
half_lens,23,18.06,1,Simul_+45deg,7.6,2.73,,,,
half_lens,23,18.06,2,Simul_+30deg,7.3,2.63,,,,
half_lens,23,18.06,3,Simul_+15deg,5.4,2.14,,,,
half_lens,23,18.06,4,Simul_+0deg,3.5,1.67,,,,
half_lens,23,18.06,5,Simul_-15deg,2.5,1.46,,,,
half_lens,23,18.06,6,Simul_-30deg,0.6,1.1,,,,
half_lens,23,18.06,7,Simul_-45deg,-1.2,0.8,,,,
half_lens,23,18.06,8,Simul_-60deg,1.8,1.32,,,,
half_lens,24,18.84,0,Simul_+60deg,0.2,1.01,,,,
half_lens,24,18.84,1,Simul_+45deg,8.9,3.1,,,,
half_lens,24,18.84,2,Simul_+30deg,7.1,2.59,,,,
half_lens,24,18.84,3,Simul_+15deg,4.5,1.88,,,,
half_lens,24,18.84,4,Simul_+0deg,2.9,1.54,,,,
half_lens,24,18.84,5,Simul_-15deg,1.8,1.32,,,,
half_lens,24,18.84,6,Simul_-30deg,0.6,1.1,,,,
half_lens,24,18.84,7,Simul_-45deg,-0.7,0.87,,,,
half_lens,24,18.84,8,Simul_-60deg,2.6,1.47,,,,
half_lens,25,19.63,0,Simul_+60deg,1.0,1.16,,,,
half_lens,25,19.63,1,Simul_+45deg,9.8,3.37,,,,
half_lens,25,19.63,2,Simul_+30deg,6.9,2.53,,,,
half_lens,25,19.63,3,Simul_+15deg,4.3,1.8,,,,
half_lens,25,19.63,4,Simul_+0deg,2.3,1.41,,,,
half_lens,25,19.63,5,Simul_-15deg,2.1,1.36,,,,
half_lens,25,19.63,6,Simul_-30deg,1.1,1.17,,,,
half_lens,25,19.63,7,Simul_-45deg,-0.1,0.97,,,,
half_lens,25,19.63,8,Simul_-60deg,3.5,1.67,,,,
half_lens,26,20.41,0,Simul_+60deg,3.1,1.59,,,,
half_lens,26,20.41,1,Simul_+45deg,10.0,3.39,,,,
half_lens,26,20.41,2,Simul_+30deg,7.2,2.62,,,,
half_lens,26,20.41,3,Simul_+15deg,3.2,1.6,,,,
half_lens,26,20.41,4,Simul_+0deg,1.3,1.2,,,,
half_lens,26,20.41,5,Simul_-15deg,2.6,1.47,,,,
half_lens,26,20.41,6,Simul_-30deg,1.0,1.14,,,,
half_lens,26,20.41,7,Simul_-45deg,-0.2,0.95,,,,
half_lens,26,20.41,8,Simul_-60deg,3.5,1.67,,,,
half_lens,27,21.2,0,Simul_+60deg,3.7,1.72,,,,
half_lens,27,21.2,1,Simul_+45deg,10.8,3.68,,,,
half_lens,27,21.2,2,Simul_+30deg,7.4,2.67,,,,
half_lens,27,21.2,3,Simul_+15deg,1.8,1.31,,,,
half_lens,27,21.2,4,Simul_+0deg,0.9,1.14,,,,
half_lens,27,21.2,5,Simul_-15deg,3.0,1.56,,,,
half_lens,27,21.2,6,Simul_-30deg,1.7,1.3,,,,
half_lens,27,21.2,7,Simul_-45deg,1.1,1.17,,,,
half_lens,27,21.2,8,Simul_-60deg,4.3,1.88,,,,
half_lens,28,21.98,0,Simul_+60deg,5.2,2.11,,,,
half_lens,28,21.98,1,Simul_+45deg,11.1,3.77,,,,
half_lens,28,21.98,2,Simul_+30deg,7.0,2.54,,,,
half_lens,28,21.98,3,Simul_+15deg,1.4,1.22,,,,
half_lens,28,21.98,4,Simul_+0deg,0.4,1.05,,,,
half_lens,28,21.98,5,Simul_-15deg,3.4,1.66,,,,
half_lens,28,21.98,6,Simul_-30deg,1.7,1.29,,,,
half_lens,28,21.98,7,Simul_-45deg,1.1,1.19,,,,
half_lens,28,21.98,8,Simul_-60deg,4.3,1.85,,,,
half_lens,29,22.77,0,Simul_+60deg,6.0,2.32,,,,
half_lens,29,22.77,1,Simul_+45deg,11.0,3.76,,,,
half_lens,29,22.77,2,Simul_+30deg,6.5,2.42,,,,
half_lens,29,22.77,3,Simul_+15deg,1.1,1.17,,,,
half_lens,29,22.77,4,Simul_+0deg,-0.0,0.99,,,,
half_lens,29,22.77,5,Simul_-15deg,3.7,1.71,,,,
half_lens,29,22.77,6,Simul_-30deg,1.6,1.28,,,,
half_lens,29,22.77,7,Simul_-45deg,1.0,1.16,,,,
half_lens,29,22.77,8,Simul_-60deg,4.0,1.79,,,,
half_lens,30,23.55,0,Simul_+60deg,6.6,2.46,,,,
half_lens,30,23.55,1,Simul_+45deg,11.0,3.74,,,,
half_lens,30,23.55,2,Simul_+30deg,5.8,2.21,,,,
half_lens,30,23.55,3,Simul_+15deg,1.5,1.26,,,,
half_lens,30,23.55,4,Simul_+0deg,0.1,1.01,,,,
half_lens,30,23.55,5,Simul_-15deg,3.5,1.69,,,,
half_lens,30,23.55,6,Simul_-30deg,1.9,1.34,,,,
half_lens,30,23.55,7,Simul_-45deg,1.3,1.22,,,,
half_lens,30,23.55,8,Simul_-60deg,3.7,1.72,,,,
half_lens,31,24.34,0,Simul_+60deg,6.7,2.49,,,,
half_lens,31,24.34,1,Simul_+45deg,10.7,3.65,,,,
half_lens,31,24.34,2,Simul_+30deg,5.0,2.03,,,,
half_lens,31,24.34,3,Simul_+15deg,2.3,1.41,,,,
half_lens,31,24.34,4,Simul_+0deg,1.4,1.22,,,,
half_lens,31,24.34,5,Simul_-15deg,2.0,1.3,,,,
half_lens,31,24.34,6,Simul_-30deg,1.3,1.17,,,,
half_lens,31,24.34,7,Simul_-45deg,1.4,1.2,,,,
half_lens,31,24.34,8,Simul_-60deg,3.7,1.68,,,,
half_lens,32,25.12,0,Simul_+60deg,6.5,2.45,,,,
half_lens,32,25.12,1,Simul_+45deg,9.5,3.29,,,,
half_lens,32,25.12,2,Simul_+30deg,5.0,2.02,,,,
half_lens,32,25.12,3,Simul_+15deg,1.8,1.31,,,,
half_lens,32,25.12,4,Simul_+0deg,1.3,1.2,,,,
half_lens,32,25.12,5,Simul_-15deg,2.7,1.52,,,,
half_lens,32,25.12,6,Simul_-30deg,1.4,1.24,,,,
half_lens,32,25.12,7,Simul_-45deg,0.5,1.05,,,,
half_lens,32,25.12,8,Simul_-60deg,2.9,1.53,,,,
half_lens,33,25.91,0,Simul_+60deg,5.9,2.28,,,,
half_lens,33,25.91,1,Simul_+45deg,8.1,2.86,,,,
half_lens,33,25.91,2,Simul_+30deg,4.9,2.02,,,,
half_lens,33,25.91,3,Simul_+15deg,1.7,1.31,,,,
half_lens,33,25.91,4,Simul_+0deg,1.5,1.25,,,,
half_lens,33,25.91,5,Simul_-15deg,2.2,1.4,,,,
half_lens,33,25.91,6,Simul_-30deg,0.9,1.14,,,,
half_lens,33,25.91,7,Simul_-45deg,-0.1,0.97,,,,
half_lens,33,25.91,8,Simul_-60deg,2.1,1.38,,,,
half_lens,34,26.7,0,Simul_+60deg,5.1,2.07,,,,
half_lens,34,26.7,1,Simul_+45deg,6.6,2.44,,,,
half_lens,34,26.7,2,Simul_+30deg,5.1,2.06,,,,
half_lens,34,26.7,3,Simul_+15deg,1.5,1.25,,,,
half_lens,34,26.7,4,Simul_+0deg,1.8,1.32,,,,
half_lens,34,26.7,5,Simul_-15deg,1.6,1.25,,,,
half_lens,34,26.7,6,Simul_-30deg,-0.4,0.92,,,,
half_lens,34,26.7,7,Simul_-45deg,-0.8,0.86,,,,
half_lens,34,26.7,8,Simul_-60deg,1.4,1.24,,,,
half_lens,35,27.48,0,Simul_+60deg,3.8,1.75,,,,
half_lens,35,27.48,1,Simul_+45deg,5.3,2.11,,,,
half_lens,35,27.48,2,Simul_+30deg,5.3,2.12,,,,
half_lens,35,27.48,3,Simul_+15deg,2.1,1.38,,,,
half_lens,35,27.48,4,Simul_+0deg,1.8,1.3,,,,
half_lens,35,27.48,5,Simul_-15deg,1.7,1.29,,,,
half_lens,35,27.48,6,Simul_-30deg,-0.2,0.96,,,,
half_lens,35,27.48,7,Simul_-45deg,-1.0,0.83,,,,
half_lens,35,27.48,8,Simul_-60deg,1.4,1.25,,,,
half_lens,36,28.27,0,Simul_+60deg,2.0,1.36,,,,
half_lens,36,28.27,1,Simul_+45deg,3.4,1.63,,,,
half_lens,36,28.27,2,Simul_+30deg,5.8,2.24,,,,
half_lens,36,28.27,3,Simul_+15deg,2.7,1.5,,,,
half_lens,36,28.27,4,Simul_+0deg,1.9,1.33,,,,
half_lens,36,28.27,5,Simul_-15deg,0.6,1.09,,,,
half_lens,36,28.27,6,Simul_-30deg,-0.5,0.91,,,,
half_lens,36,28.27,7,Simul_-45deg,-1.1,0.82,,,,
half_lens,36,28.27,8,Simul_-60deg,1.6,1.26,,,,
half_wolens,0,0.0,0,Simul_+4,3.5,1.68,,,,
half_wolens,0,0.0,1,Simul_+3,3.1,1.59,,,,
half_wolens,0,0.0,2,Simul_+2,3.1,1.58,,,,
half_wolens,0,0.0,3,Simul_+1,3.3,1.65,,,,
half_wolens,0,0.0,4,Simul_0,3.6,1.71,,,,
half_wolens,0,0.0,5,Simul_-1,3.5,1.69,,,,
half_wolens,0,0.0,6,Simul_-2,3.3,1.62,,,,
half_wolens,0,0.0,7,Simul_-3,3.1,1.58,,,,
half_wolens,0,0.0,8,Simul_-4,3.3,1.63,,,,
half_wolens,1,0.79,0,Simul_+4,3.6,1.67,,,,
half_wolens,1,0.79,1,Simul_+3,3.6,1.69,,,,
half_wolens,1,0.79,2,Simul_+2,3.6,1.71,,,,
half_wolens,1,0.79,3,Simul_+1,3.7,1.73,,,,
half_wolens,1,0.79,4,Simul_0,3.7,1.71,,,,
half_wolens,1,0.79,5,Simul_-1,3.6,1.66,,,,
half_wolens,1,0.79,6,Simul_-2,3.4,1.61,,,,
half_wolens,1,0.79,7,Simul_-3,3.2,1.6,,,,
half_wolens,1,0.79,8,Simul_-4,3.3,1.63,,,,
half_wolens,2,1.57,0,Simul_+4,3.3,1.61,,,,
half_wolens,2,1.57,1,Simul_+3,3.3,1.65,,,,
half_wolens,2,1.57,2,Simul_+2,3.3,1.64,,,,
half_wolens,2,1.57,3,Simul_+1,3.2,1.61,,,,
half_wolens,2,1.57,4,Simul_0,3.3,1.62,,,,
half_wolens,2,1.57,5,Simul_-1,3.5,1.68,,,,
half_wolens,2,1.57,6,Simul_-2,3.6,1.7,,,,
half_wolens,2,1.57,7,Simul_-3,3.3,1.64,,,,
half_wolens,2,1.57,8,Simul_-4,2.9,1.54,,,,
half_wolens,3,2.36,0,Simul_+4,2.9,1.55,,,,
half_wolens,3,2.36,1,Simul_+3,2.8,1.54,,,,
half_wolens,3,2.36,2,Simul_+2,2.9,1.55,,,,
half_wolens,3,2.36,3,Simul_+1,3.1,1.58,,,,
half_wolens,3,2.36,4,Simul_0,3.1,1.6,,,,
half_wolens,3,2.36,5,Simul_-1,3.1,1.59,,,,
half_wolens,3,2.36,6,Simul_-2,3.0,1.57,,,,
half_wolens,3,2.36,7,Simul_-3,3.0,1.57,,,,
half_wolens,3,2.36,8,Simul_-4,3.2,1.6,,,,
half_wolens,4,3.14,0,Simul_+4,2.9,1.56,,,,
half_wolens,4,3.14,1,Simul_+3,2.9,1.54,,,,
half_wolens,4,3.14,2,Simul_+2,2.9,1.54,,,,
half_wolens,4,3.14,3,Simul_+1,3.0,1.57,,,,
half_wolens,4,3.14,4,Simul_0,3.1,1.59,,,,
half_wolens,4,3.14,5,Simul_-1,3.0,1.59,,,,
half_wolens,4,3.14,6,Simul_-2,3.0,1.59,,,,
half_wolens,4,3.14,7,Simul_-3,3.1,1.6,,,,
half_wolens,4,3.14,8,Simul_-4,3.2,1.62,,,,
half_wolens,5,3.93,0,Simul_+4,1.8,1.28,,,,
half_wolens,5,3.93,1,Simul_+3,2.1,1.32,,,,
half_wolens,5,3.93,2,Simul_+2,2.3,1.35,,,,
half_wolens,5,3.93,3,Simul_+1,2.5,1.37,,,,
half_wolens,5,3.93,4,Simul_0,2.6,1.39,,,,
half_wolens,5,3.93,5,Simul_-1,2.6,1.42,,,,
half_wolens,5,3.93,6,Simul_-2,2.8,1.45,,,,
half_wolens,5,3.93,7,Simul_-3,3.0,1.49,,,,
half_wolens,5,3.93,8,Simul_-4,3.2,1.54,,,,
half_wolens,6,4.71,0,Simul_+4,2.6,1.48,,,,
half_wolens,6,4.71,1,Simul_+3,2.7,1.5,,,,
half_wolens,6,4.71,2,Simul_+2,2.8,1.54,,,,
half_wolens,6,4.71,3,Simul_+1,2.8,1.53,,,,
half_wolens,6,4.71,4,Simul_0,2.6,1.49,,,,
half_wolens,6,4.71,5,Simul_-1,2.7,1.51,,,,
half_wolens,6,4.71,6,Simul_-2,2.8,1.53,,,,
half_wolens,6,4.71,7,Simul_-3,2.8,1.52,,,,
half_wolens,6,4.71,8,Simul_-4,2.7,1.51,,,,
half_wolens,7,5.5,0,Simul_+4,2.5,1.47,,,,
half_wolens,7,5.5,1,Simul_+3,2.5,1.46,,,,
half_wolens,7,5.5,2,Simul_+2,2.5,1.47,,,,
half_wolens,7,5.5,3,Simul_+1,2.6,1.48,,,,
half_wolens,7,5.5,4,Simul_0,2.6,1.49,,,,
half_wolens,7,5.5,5,Simul_-1,2.5,1.47,,,,
half_wolens,7,5.5,6,Simul_-2,2.5,1.48,,,,
half_wolens,7,5.5,7,Simul_-3,2.7,1.5,,,,
half_wolens,7,5.5,8,Simul_-4,2.6,1.49,,,,
half_wolens,8,6.28,0,Simul_+4,2.3,1.43,,,,
half_wolens,8,6.28,1,Simul_+3,2.3,1.43,,,,
half_wolens,8,6.28,2,Simul_+2,2.3,1.43,,,,
half_wolens,8,6.28,3,Simul_+1,2.3,1.43,,,,
half_wolens,8,6.28,4,Simul_0,2.3,1.42,,,,
half_wolens,8,6.28,5,Simul_-1,2.2,1.41,,,,
half_wolens,8,6.28,6,Simul_-2,2.3,1.43,,,,
half_wolens,8,6.28,7,Simul_-3,2.2,1.4,,,,
half_wolens,8,6.28,8,Simul_-4,2.2,1.4,,,,
half_wolens,9,7.07,0,Simul_+4,2.2,1.4,,,,
half_wolens,9,7.07,1,Simul_+3,2.1,1.38,,,,
half_wolens,9,7.07,2,Simul_+2,2.0,1.37,,,,
half_wolens,9,7.07,3,Simul_+1,2.1,1.38,,,,
half_wolens,9,7.07,4,Simul_0,2.0,1.37,,,,
half_wolens,9,7.07,5,Simul_-1,2.1,1.38,,,,
half_wolens,9,7.07,6,Simul_-2,2.0,1.36,,,,
half_wolens,9,7.07,7,Simul_-3,2.1,1.37,,,,
half_wolens,9,7.07,8,Simul_-4,2.0,1.37,,,,
half_wolens,10,7.85,0,Simul_+4,2.4,1.44,,,,
half_wolens,10,7.85,1,Simul_+3,2.4,1.43,,,,
half_wolens,10,7.85,2,Simul_+2,2.4,1.44,,,,
half_wolens,10,7.85,3,Simul_+1,2.5,1.45,,,,
half_wolens,10,7.85,4,Simul_0,2.5,1.45,,,,
half_wolens,10,7.85,5,Simul_-1,2.6,1.47,,,,
half_wolens,10,7.85,6,Simul_-2,2.6,1.48,,,,
half_wolens,10,7.85,7,Simul_-3,2.6,1.48,,,,
half_wolens,10,7.85,8,Simul_-4,2.7,1.51,,,,
half_wolens,11,8.64,0,Simul_+4,1.8,1.32,,,,
half_wolens,11,8.64,1,Simul_+3,1.8,1.31,,,,
half_wolens,11,8.64,2,Simul_+2,1.8,1.32,,,,
half_wolens,11,8.64,3,Simul_+1,1.7,1.29,,,,
half_wolens,11,8.64,4,Simul_0,1.7,1.3,,,,
half_wolens,11,8.64,5,Simul_-1,1.7,1.29,,,,
half_wolens,11,8.64,6,Simul_-2,1.6,1.28,,,,
half_wolens,11,8.64,7,Simul_-3,1.7,1.29,,,,
half_wolens,11,8.64,8,Simul_-4,1.6,1.28,,,,
half_wolens,12,9.42,0,Simul_+4,1.8,1.32,,,,
half_wolens,12,9.42,1,Simul_+3,1.8,1.32,,,,
half_wolens,12,9.42,2,Simul_+2,1.7,1.31,,,,
half_wolens,12,9.42,3,Simul_+1,1.7,1.31,,,,
half_wolens,12,9.42,4,Simul_0,1.8,1.31,,,,
half_wolens,12,9.42,5,Simul_-1,1.8,1.31,,,,
half_wolens,12,9.42,6,Simul_-2,1.8,1.31,,,,
half_wolens,12,9.42,7,Simul_-3,1.7,1.3,,,,
half_wolens,12,9.42,8,Simul_-4,1.7,1.31,,,,
half_wolens,13,10.21,0,Simul_+4,1.9,1.35,,,,
half_wolens,13,10.21,1,Simul_+3,2.0,1.36,,,,
half_wolens,13,10.21,2,Simul_+2,2.0,1.36,,,,
half_wolens,13,10.21,3,Simul_+1,1.9,1.35,,,,
half_wolens,13,10.21,4,Simul_0,2.0,1.36,,,,
half_wolens,13,10.21,5,Simul_-1,1.9,1.35,,,,
half_wolens,13,10.21,6,Simul_-2,1.9,1.35,,,,
half_wolens,13,10.21,7,Simul_-3,2.0,1.36,,,,
half_wolens,13,10.21,8,Simul_-4,1.9,1.34,,,,
half_wolens,14,10.99,0,Simul_+4,1.7,1.29,,,,
half_wolens,14,10.99,1,Simul_+3,1.6,1.29,,,,
half_wolens,14,10.99,2,Simul_+2,1.6,1.29,,,,
half_wolens,14,10.99,3,Simul_+1,1.7,1.29,,,,
half_wolens,14,10.99,4,Simul_0,1.6,1.29,,,,
half_wolens,14,10.99,5,Simul_-1,1.7,1.29,,,,
half_wolens,14,10.99,6,Simul_-2,1.6,1.29,,,,
half_wolens,14,10.99,7,Simul_-3,1.7,1.29,,,,
half_wolens,14,10.99,8,Simul_-4,1.7,1.3,,,,
half_wolens,15,11.78,0,Simul_+4,1.7,1.3,,,,
half_wolens,15,11.78,1,Simul_+3,1.7,1.31,,,,
half_wolens,15,11.78,2,Simul_+2,1.8,1.32,,,,
half_wolens,15,11.78,3,Simul_+1,1.8,1.31,,,,
half_wolens,15,11.78,4,Simul_0,1.8,1.32,,,,
half_wolens,15,11.78,5,Simul_-1,1.8,1.32,,,,
half_wolens,15,11.78,6,Simul_-2,1.8,1.32,,,,
half_wolens,15,11.78,7,Simul_-3,1.8,1.32,,,,
half_wolens,15,11.78,8,Simul_-4,1.8,1.32,,,,
half_wolens,16,12.56,0,Simul_+4,1.5,1.27,,,,
half_wolens,16,12.56,1,Simul_+3,1.5,1.27,,,,
half_wolens,16,12.56,2,Simul_+2,1.5,1.27,,,,
half_wolens,16,12.56,3,Simul_+1,1.5,1.27,,,,
half_wolens,16,12.56,4,Simul_0,1.5,1.27,,,,
half_wolens,16,12.56,5,Simul_-1,1.5,1.26,,,,
half_wolens,16,12.56,6,Simul_-2,1.5,1.26,,,,
half_wolens,16,12.56,7,Simul_-3,1.5,1.27,,,,
half_wolens,16,12.56,8,Simul_-4,1.6,1.27,,,,
half_wolens,17,13.35,0,Simul_+4,1.0,1.17,,,,
half_wolens,17,13.35,1,Simul_+3,1.0,1.17,,,,
half_wolens,17,13.35,2,Simul_+2,1.0,1.17,,,,
half_wolens,17,13.35,3,Simul_+1,1.0,1.17,,,,
half_wolens,17,13.35,4,Simul_0,1.0,1.17,,,,
half_wolens,17,13.35,5,Simul_-1,1.0,1.16,,,,
half_wolens,17,13.35,6,Simul_-2,0.9,1.15,,,,
half_wolens,17,13.35,7,Simul_-3,0.9,1.15,,,,
half_wolens,17,13.35,8,Simul_-4,0.9,1.15,,,,
half_wolens,18,14.13,0,Simul_+4,1.1,1.17,,,,
half_wolens,18,14.13,1,Simul_+3,1.0,1.17,,,,
half_wolens,18,14.13,2,Simul_+2,1.0,1.16,,,,
half_wolens,18,14.13,3,Simul_+1,1.0,1.16,,,,
half_wolens,18,14.13,4,Simul_0,1.0,1.16,,,,
half_wolens,18,14.13,5,Simul_-1,1.0,1.16,,,,
half_wolens,18,14.13,6,Simul_-2,1.0,1.16,,,,
half_wolens,18,14.13,7,Simul_-3,1.0,1.16,,,,
half_wolens,18,14.13,8,Simul_-4,1.0,1.16,,,,
half_wolens,19,14.92,0,Simul_+4,0.7,1.11,,,,
half_wolens,19,14.92,1,Simul_+3,0.7,1.11,,,,
half_wolens,19,14.92,2,Simul_+2,0.7,1.11,,,,
half_wolens,19,14.92,3,Simul_+1,0.7,1.11,,,,
half_wolens,19,14.92,4,Simul_0,0.7,1.11,,,,
half_wolens,19,14.92,5,Simul_-1,0.7,1.12,,,,
half_wolens,19,14.92,6,Simul_-2,0.7,1.12,,,,
half_wolens,19,14.92,7,Simul_-3,0.7,1.12,,,,
half_wolens,19,14.92,8,Simul_-4,0.8,1.13,,,,
half_wolens,20,15.7,0,Simul_+4,0.3,1.05,,,,
half_wolens,20,15.7,1,Simul_+3,0.3,1.05,,,,
half_wolens,20,15.7,2,Simul_+2,0.3,1.05,,,,
half_wolens,20,15.7,3,Simul_+1,0.3,1.05,,,,
half_wolens,20,15.7,4,Simul_0,0.3,1.05,,,,
half_wolens,20,15.7,5,Simul_-1,0.3,1.04,,,,
half_wolens,20,15.7,6,Simul_-2,0.3,1.04,,,,
half_wolens,20,15.7,7,Simul_-3,0.3,1.04,,,,
half_wolens,20,15.7,8,Simul_-4,0.3,1.05,,,,
half_wolens,21,16.49,0,Simul_+4,0.0,1.0,,,,
half_wolens,21,16.49,1,Simul_+3,0.0,1.0,,,,
half_wolens,21,16.49,2,Simul_+2,0.1,1.0,,,,
half_wolens,21,16.49,3,Simul_+1,0.1,1.01,,,,
half_wolens,21,16.49,4,Simul_0,0.1,1.0,,,,
half_wolens,21,16.49,5,Simul_-1,0.1,1.01,,,,
half_wolens,21,16.49,6,Simul_-2,0.1,1.01,,,,
half_wolens,21,16.49,7,Simul_-3,0.1,1.01,,,,
half_wolens,21,16.49,8,Simul_-4,0.1,1.01,,,,
half_wolens,22,17.27,0,Simul_+4,-0.4,0.94,,,,
half_wolens,22,17.27,1,Simul_+3,-0.3,0.95,,,,
half_wolens,22,17.27,2,Simul_+2,-0.3,0.95,,,,
half_wolens,22,17.27,3,Simul_+1,-0.3,0.95,,,,
half_wolens,22,17.27,4,Simul_0,-0.3,0.95,,,,
half_wolens,22,17.27,5,Simul_-1,-0.2,0.96,,,,
half_wolens,22,17.27,6,Simul_-2,-0.2,0.96,,,,
half_wolens,22,17.27,7,Simul_-3,-0.2,0.96,,,,
half_wolens,22,17.27,8,Simul_-4,-0.2,0.97,,,,
half_wolens,23,18.06,0,Simul_+4,-0.4,0.92,,,,
half_wolens,23,18.06,1,Simul_+3,-0.5,0.92,,,,
half_wolens,23,18.06,2,Simul_+2,-0.5,0.92,,,,
half_wolens,23,18.06,3,Simul_+1,-0.5,0.92,,,,
half_wolens,23,18.06,4,Simul_0,-0.5,0.92,,,,
half_wolens,23,18.06,5,Simul_-1,-0.5,0.91,,,,
half_wolens,23,18.06,6,Simul_-2,-0.5,0.91,,,,
half_wolens,23,18.06,7,Simul_-3,-0.5,0.91,,,,
half_wolens,23,18.06,8,Simul_-4,-0.5,0.91,,,,
half_wolens,24,18.84,0,Simul_+4,-0.7,0.89,,,,
half_wolens,24,18.84,1,Simul_+3,-0.7,0.89,,,,
half_wolens,24,18.84,2,Simul_+2,-0.7,0.89,,,,
half_wolens,24,18.84,3,Simul_+1,-0.7,0.89,,,,
half_wolens,24,18.84,4,Simul_0,-0.6,0.89,,,,
half_wolens,24,18.84,5,Simul_-1,-0.7,0.89,,,,
half_wolens,24,18.84,6,Simul_-2,-0.7,0.89,,,,
half_wolens,24,18.84,7,Simul_-3,-0.6,0.89,,,,
half_wolens,24,18.84,8,Simul_-4,-0.6,0.89,,,,
half_wolens,25,19.63,0,Simul_+4,-0.7,0.88,,,,
half_wolens,25,19.63,1,Simul_+3,-0.7,0.88,,,,
half_wolens,25,19.63,2,Simul_+2,-0.8,0.87,,,,
half_wolens,25,19.63,3,Simul_+1,-0.8,0.88,,,,
half_wolens,25,19.63,4,Simul_0,-0.8,0.87,,,,
half_wolens,25,19.63,5,Simul_-1,-0.8,0.87,,,,
half_wolens,25,19.63,6,Simul_-2,-0.8,0.87,,,,
half_wolens,25,19.63,7,Simul_-3,-0.8,0.87,,,,
half_wolens,25,19.63,8,Simul_-4,-0.8,0.86,,,,
half_wolens,26,20.41,0,Simul_+4,-1.7,0.74,,,,
half_wolens,26,20.41,1,Simul_+3,-1.6,0.75,,,,
half_wolens,26,20.41,2,Simul_+2,-1.6,0.75,,,,
half_wolens,26,20.41,3,Simul_+1,-1.6,0.74,,,,
half_wolens,26,20.41,4,Simul_0,-1.6,0.75,,,,
half_wolens,26,20.41,5,Simul_-1,-1.6,0.74,,,,
half_wolens,26,20.41,6,Simul_-2,-1.5,0.76,,,,
half_wolens,26,20.41,7,Simul_-3,-1.5,0.76,,,,
half_wolens,26,20.41,8,Simul_-4,-1.5,0.76,,,,
half_wolens,27,21.2,0,Simul_+4,-1.3,0.79,,,,
half_wolens,27,21.2,1,Simul_+3,-1.3,0.79,,,,
half_wolens,27,21.2,2,Simul_+2,-1.4,0.79,,,,
half_wolens,27,21.2,3,Simul_+1,-1.3,0.79,,,,
half_wolens,27,21.2,4,Simul_0,-1.3,0.79,,,,
half_wolens,27,21.2,5,Simul_-1,-1.3,0.8,,,,
half_wolens,27,21.2,6,Simul_-2,-1.3,0.79,,,,
half_wolens,27,21.2,7,Simul_-3,-1.4,0.78,,,,
half_wolens,27,21.2,8,Simul_-4,-1.3,0.79,,,,
half_wolens,28,21.98,0,Simul_+4,-1.6,0.75,,,,
half_wolens,28,21.98,1,Simul_+3,-1.6,0.74,,,,
half_wolens,28,21.98,2,Simul_+2,-1.6,0.74,,,,
half_wolens,28,21.98,3,Simul_+1,-1.6,0.75,,,,
half_wolens,28,21.98,4,Simul_0,-1.6,0.75,,,,
half_wolens,28,21.98,5,Simul_-1,-1.6,0.75,,,,
half_wolens,28,21.98,6,Simul_-2,-1.7,0.74,,,,
half_wolens,28,21.98,7,Simul_-3,-1.6,0.75,,,,
half_wolens,28,21.98,8,Simul_-4,-1.7,0.74,,,,
half_wolens,29,22.77,0,Simul_+4,-2.0,0.71,,,,
half_wolens,29,22.77,1,Simul_+3,-1.9,0.71,,,,
half_wolens,29,22.77,2,Simul_+2,-1.9,0.72,,,,
half_wolens,29,22.77,3,Simul_+1,-1.8,0.73,,,,
half_wolens,29,22.77,4,Simul_0,-1.8,0.72,,,,
half_wolens,29,22.77,5,Simul_-1,-1.9,0.72,,,,
half_wolens,29,22.77,6,Simul_-2,-2.0,0.71,,,,
half_wolens,29,22.77,7,Simul_-3,-1.9,0.71,,,,
half_wolens,29,22.77,8,Simul_-4,-1.9,0.72,,,,
half_wolens,30,23.55,0,Simul_+4,-2.3,0.66,,,,
half_wolens,30,23.55,1,Simul_+3,-2.3,0.66,,,,
half_wolens,30,23.55,2,Simul_+2,-2.3,0.67,,,,
half_wolens,30,23.55,3,Simul_+1,-2.3,0.67,,,,
half_wolens,30,23.55,4,Simul_0,-2.3,0.66,,,,
half_wolens,30,23.55,5,Simul_-1,-2.2,0.67,,,,
half_wolens,30,23.55,6,Simul_-2,-2.2,0.67,,,,
half_wolens,30,23.55,7,Simul_-3,-2.2,0.67,,,,
half_wolens,30,23.55,8,Simul_-4,-2.2,0.67,,,,
half_wolens,31,24.34,0,Simul_+4,-3.4,0.52,,,,
half_wolens,31,24.34,1,Simul_+3,-3.3,0.54,,,,
half_wolens,31,24.34,2,Simul_+2,-3.0,0.57,,,,
half_wolens,31,24.34,3,Simul_+1,-2.7,0.6,,,,
half_wolens,31,24.34,4,Simul_0,-2.5,0.62,,,,
half_wolens,31,24.34,5,Simul_-1,-2.4,0.63,,,,
half_wolens,31,24.34,6,Simul_-2,-2.3,0.65,,,,
half_wolens,31,24.34,7,Simul_-3,-2.1,0.67,,,,
half_wolens,31,24.34,8,Simul_-4,-2.0,0.69,,,,
half_wolens,32,25.12,0,Simul_+4,-2.8,0.61,,,,
half_wolens,32,25.12,1,Simul_+3,-2.8,0.6,,,,
half_wolens,32,25.12,2,Simul_+2,-2.8,0.61,,,,
half_wolens,32,25.12,3,Simul_+1,-2.6,0.62,,,,
half_wolens,32,25.12,4,Simul_0,-2.6,0.62,,,,
half_wolens,32,25.12,5,Simul_-1,-2.8,0.61,,,,
half_wolens,32,25.12,6,Simul_-2,-2.8,0.61,,,,
half_wolens,32,25.12,7,Simul_-3,-2.7,0.61,,,,
half_wolens,32,25.12,8,Simul_-4,-2.8,0.61,,,,
half_wolens,33,25.91,0,Simul_+4,-3.2,0.56,,,,
half_wolens,33,25.91,1,Simul_+3,-3.2,0.56,,,,
half_wolens,33,25.91,2,Simul_+2,-3.0,0.58,,,,
half_wolens,33,25.91,3,Simul_+1,-2.8,0.6,,,,
half_wolens,33,25.91,4,Simul_0,-2.8,0.6,,,,
half_wolens,33,25.91,5,Simul_-1,-2.9,0.59,,,,
half_wolens,33,25.91,6,Simul_-2,-2.9,0.6,,,,
half_wolens,33,25.91,7,Simul_-3,-2.8,0.61,,,,
half_wolens,33,25.91,8,Simul_-4,-2.8,0.61,,,,
half_wolens,34,26.7,0,Simul_+4,-2.5,0.63,,,,
half_wolens,34,26.7,1,Simul_+3,-2.7,0.61,,,,
half_wolens,34,26.7,2,Simul_+2,-2.9,0.59,,,,
half_wolens,34,26.7,3,Simul_+1,-2.9,0.59,,,,
half_wolens,34,26.7,4,Simul_0,-2.8,0.61,,,,
half_wolens,34,26.7,5,Simul_-1,-2.7,0.61,,,,
half_wolens,34,26.7,6,Simul_-2,-2.8,0.6,,,,
half_wolens,34,26.7,7,Simul_-3,-2.9,0.59,,,,
half_wolens,34,26.7,8,Simul_-4,-3.0,0.59,,,,
half_wolens,35,27.48,0,Simul_+4,-2.7,0.61,,,,
half_wolens,35,27.48,1,Simul_+3,-2.4,0.64,,,,
half_wolens,35,27.48,2,Simul_+2,-2.7,0.62,,,,
half_wolens,35,27.48,3,Simul_+1,-3.1,0.57,,,,
half_wolens,35,27.48,4,Simul_0,-3.2,0.56,,,,
half_wolens,35,27.48,5,Simul_-1,-3.0,0.58,,,,
half_wolens,35,27.48,6,Simul_-2,-3.0,0.58,,,,
half_wolens,35,27.48,7,Simul_-3,-3.1,0.58,,,,
half_wolens,35,27.48,8,Simul_-4,-3.0,0.58,,,,
half_wolens,36,28.27,0,Simul_+4,-2.7,0.61,,,,
half_wolens,36,28.27,1,Simul_+3,-2.5,0.64,,,,
half_wolens,36,28.27,2,Simul_+2,-2.5,0.64,,,,
half_wolens,36,28.27,3,Simul_+1,-2.7,0.62,,,,
half_wolens,36,28.27,4,Simul_0,-2.8,0.6,,,,
half_wolens,36,28.27,5,Simul_-1,-2.8,0.61,,,,
half_wolens,36,28.27,6,Simul_-2,-2.6,0.63,,,,
half_wolens,36,28.27,7,Simul_-3,-2.4,0.66,,,,
half_wolens,36,28.27,8,Simul_-4,-2.5,0.64,,,,
full_lens,0,0.0,0,Simul_+60deg,1.5,1.24,,,,
full_lens,0,0.0,1,Simul_+45deg,0.1,1.01,,,,
full_lens,0,0.0,2,Simul_+30deg,-2.6,0.63,,,,
full_lens,0,0.0,3,Simul_+15deg,-0.2,0.96,,,,
full_lens,0,0.0,4,Simul_+0deg,2.8,1.5,,,,
full_lens,0,0.0,5,Simul_-15deg,7.9,2.79,,,,
full_lens,0,0.0,6,Simul_-30deg,7.7,2.75,,,,
full_lens,0,0.0,7,Simul_-45deg,4.7,1.97,,,,
full_lens,0,0.0,8,Simul_-60deg,8.2,2.9,,,,
full_lens,1,0.79,0,Simul_+60deg,1.5,1.24,,,,
full_lens,1,0.79,1,Simul_+45deg,-0.5,0.89,,,,
full_lens,1,0.79,2,Simul_+30deg,-2.6,0.63,,,,
full_lens,1,0.79,3,Simul_+15deg,0.6,1.08,,,,
full_lens,1,0.79,4,Simul_+0deg,2.5,1.43,,,,
full_lens,1,0.79,5,Simul_-15deg,8.3,2.91,,,,
full_lens,1,0.79,6,Simul_-30deg,7.7,2.7,,,,
full_lens,1,0.79,7,Simul_-45deg,4.9,2.03,,,,
full_lens,1,0.79,8,Simul_-60deg,9.2,3.2,,,,
full_lens,2,1.57,0,Simul_+60deg,0.5,1.07,,,,
full_lens,2,1.57,1,Simul_+45deg,-0.7,0.87,,,,
full_lens,2,1.57,2,Simul_+30deg,-3.5,0.53,,,,
full_lens,2,1.57,3,Simul_+15deg,1.3,1.2,,,,
full_lens,2,1.57,4,Simul_+0deg,2.1,1.39,,,,
full_lens,2,1.57,5,Simul_-15deg,7.6,2.72,,,,
full_lens,2,1.57,6,Simul_-30deg,7.5,2.69,,,,
full_lens,2,1.57,7,Simul_-45deg,6.2,2.35,,,,
full_lens,2,1.57,8,Simul_-60deg,10.4,3.53,,,,
full_lens,3,2.36,0,Simul_+60deg,-0.6,0.89,,,,
full_lens,3,2.36,1,Simul_+45deg,-0.4,0.92,,,,
full_lens,3,2.36,2,Simul_+30deg,-3.4,0.54,,,,
full_lens,3,2.36,3,Simul_+15deg,1.9,1.33,,,,
full_lens,3,2.36,4,Simul_+0deg,2.3,1.42,,,,
full_lens,3,2.36,5,Simul_-15deg,6.4,2.38,,,,
full_lens,3,2.36,6,Simul_-30deg,6.1,2.3,,,,
full_lens,3,2.36,7,Simul_-45deg,7.6,2.72,,,,
full_lens,3,2.36,8,Simul_-60deg,10.3,3.48,,,,
full_lens,4,3.14,0,Simul_+60deg,-1.2,0.81,,,,
full_lens,4,3.14,1,Simul_+45deg,-0.3,0.94,,,,
full_lens,4,3.14,2,Simul_+30deg,-1.9,0.71,,,,
full_lens,4,3.14,3,Simul_+15deg,1.7,1.29,,,,
full_lens,4,3.14,4,Simul_+0deg,1.6,1.25,,,,
full_lens,4,3.14,5,Simul_-15deg,5.9,2.26,,,,
full_lens,4,3.14,6,Simul_-30deg,6.3,2.37,,,,
full_lens,4,3.14,7,Simul_-45deg,8.7,3.07,,,,
full_lens,4,3.14,8,Simul_-60deg,10.0,3.41,,,,
full_lens,5,3.93,0,Simul_+60deg,-1.6,0.75,,,,
full_lens,5,3.93,1,Simul_+45deg,-0.3,0.92,,,,
full_lens,5,3.93,2,Simul_+30deg,-1.5,0.74,,,,
full_lens,5,3.93,3,Simul_+15deg,1.9,1.26,,,,
full_lens,5,3.93,4,Simul_+0deg,1.6,1.22,,,,
full_lens,5,3.93,5,Simul_-15deg,4.3,1.79,,,,
full_lens,5,3.93,6,Simul_-30deg,7.0,2.54,,,,
full_lens,5,3.93,7,Simul_-45deg,10.1,3.45,,,,
full_lens,5,3.93,8,Simul_-60deg,9.4,3.22,,,,
full_lens,6,4.71,0,Simul_+60deg,-2.0,0.7,,,,
full_lens,6,4.71,1,Simul_+45deg,-0.5,0.91,,,,
full_lens,6,4.71,2,Simul_+30deg,-0.9,0.85,,,,
full_lens,6,4.71,3,Simul_+15deg,1.8,1.31,,,,
full_lens,6,4.71,4,Simul_+0deg,0.9,1.15,,,,
full_lens,6,4.71,5,Simul_-15deg,4.2,1.81,,,,
full_lens,6,4.71,6,Simul_-30deg,6.3,2.38,,,,
full_lens,6,4.71,7,Simul_-45deg,9.9,3.4,,,,
full_lens,6,4.71,8,Simul_-60deg,8.5,2.96,,,,
full_lens,7,5.5,0,Simul_+60deg,-2.1,0.68,,,,
full_lens,7,5.5,1,Simul_+45deg,-0.7,0.88,,,,
full_lens,7,5.5,2,Simul_+30deg,-1.0,0.84,,,,
full_lens,7,5.5,3,Simul_+15deg,1.2,1.21,,,,
full_lens,7,5.5,4,Simul_+0deg,0.5,1.08,,,,
full_lens,7,5.5,5,Simul_-15deg,3.2,1.59,,,,
full_lens,7,5.5,6,Simul_-30deg,7.0,2.56,,,,
full_lens,7,5.5,7,Simul_-45deg,9.8,3.4,,,,
full_lens,7,5.5,8,Simul_-60deg,7.3,2.64,,,,
full_lens,8,6.28,0,Simul_+60deg,-2.0,0.7,,,,
full_lens,8,6.28,1,Simul_+45deg,-0.7,0.88,,,,
full_lens,8,6.28,2,Simul_+30deg,-0.9,0.85,,,,
full_lens,8,6.28,3,Simul_+15deg,1.0,1.16,,,,
full_lens,8,6.28,4,Simul_+0deg,0.3,1.04,,,,
full_lens,8,6.28,5,Simul_-15deg,3.1,1.59,,,,
full_lens,8,6.28,6,Simul_-30deg,7.3,2.66,,,,
full_lens,8,6.28,7,Simul_-45deg,9.5,3.3,,,,
full_lens,8,6.28,8,Simul_-60deg,5.9,2.24,,,,
full_lens,9,7.07,0,Simul_+60deg,-2.6,0.62,,,,
full_lens,9,7.07,1,Simul_+45deg,-0.5,0.9,,,,
full_lens,9,7.07,2,Simul_+30deg,-0.9,0.84,,,,
full_lens,9,7.07,3,Simul_+15deg,0.8,1.13,,,,
full_lens,9,7.07,4,Simul_+0deg,0.0,0.99,,,,
full_lens,9,7.07,5,Simul_-15deg,3.3,1.63,,,,
full_lens,9,7.07,6,Simul_-30deg,7.5,2.7,,,,
full_lens,9,7.07,7,Simul_-45deg,8.8,3.09,,,,
full_lens,9,7.07,8,Simul_-60deg,5.5,2.17,,,,
full_lens,10,7.85,0,Simul_+60deg,-1.8,0.72,,,,
full_lens,10,7.85,1,Simul_+45deg,-1.2,0.8,,,,
full_lens,10,7.85,2,Simul_+30deg,-2.1,0.68,,,,
full_lens,10,7.85,3,Simul_+15deg,-1.1,0.81,,,,
full_lens,10,7.85,4,Simul_+0deg,-1.3,0.79,,,,
full_lens,10,7.85,5,Simul_-15deg,5.3,2.09,,,,
full_lens,10,7.85,6,Simul_-30deg,8.2,2.91,,,,
full_lens,10,7.85,7,Simul_-45deg,7.9,2.78,,,,
full_lens,10,7.85,8,Simul_-60deg,4.1,1.8,,,,
full_lens,11,8.64,0,Simul_+60deg,-2.9,0.59,,,,
full_lens,11,8.64,1,Simul_+45deg,-1.0,0.83,,,,
full_lens,11,8.64,2,Simul_+30deg,-1.1,0.82,,,,
full_lens,11,8.64,3,Simul_+15deg,-1.3,0.8,,,,
full_lens,11,8.64,4,Simul_+0deg,-0.3,0.94,,,,
full_lens,11,8.64,5,Simul_-15deg,4.5,1.87,,,,
full_lens,11,8.64,6,Simul_-30deg,8.2,2.89,,,,
full_lens,11,8.64,7,Simul_-45deg,6.8,2.51,,,,
full_lens,11,8.64,8,Simul_-60deg,4.1,1.82,,,,
full_lens,12,9.42,0,Simul_+60deg,-2.7,0.62,,,,
full_lens,12,9.42,1,Simul_+45deg,-0.9,0.85,,,,
full_lens,12,9.42,2,Simul_+30deg,-2.2,0.68,,,,
full_lens,12,9.42,3,Simul_+15deg,-2.3,0.66,,,,
full_lens,12,9.42,4,Simul_+0deg,0.7,1.1,,,,
full_lens,12,9.42,5,Simul_-15deg,5.1,2.06,,,,
full_lens,12,9.42,6,Simul_-30deg,8.3,2.93,,,,
full_lens,12,9.42,7,Simul_-45deg,5.6,2.19,,,,
full_lens,12,9.42,8,Simul_-60deg,4.3,1.87,,,,
full_lens,13,10.21,0,Simul_+60deg,-2.9,0.6,,,,
full_lens,13,10.21,1,Simul_+45deg,-0.5,0.91,,,,
full_lens,13,10.21,2,Simul_+30deg,-2.6,0.63,,,,
full_lens,13,10.21,3,Simul_+15deg,-2.6,0.63,,,,
full_lens,13,10.21,4,Simul_+0deg,1.7,1.31,,,,
full_lens,13,10.21,5,Simul_-15deg,5.7,2.23,,,,
full_lens,13,10.21,6,Simul_-30deg,7.7,2.78,,,,
full_lens,13,10.21,7,Simul_-45deg,3.7,1.72,,,,
full_lens,13,10.21,8,Simul_-60deg,4.3,1.87,,,,
full_lens,14,10.99,0,Simul_+60deg,-1.9,0.72,,,,
full_lens,14,10.99,1,Simul_+45deg,-0.2,0.96,,,,
full_lens,14,10.99,2,Simul_+30deg,-3.3,0.55,,,,
full_lens,14,10.99,3,Simul_+15deg,-2.5,0.63,,,,
full_lens,14,10.99,4,Simul_+0deg,3.7,1.74,,,,
full_lens,14,10.99,5,Simul_-15deg,6.5,2.44,,,,
full_lens,14,10.99,6,Simul_-30deg,7.2,2.63,,,,
full_lens,14,10.99,7,Simul_-45deg,2.9,1.55,,,,
full_lens,14,10.99,8,Simul_-60deg,4.4,1.89,,,,
full_lens,15,11.78,0,Simul_+60deg,-2.1,0.69,,,,
full_lens,15,11.78,1,Simul_+45deg,0.4,1.06,,,,
full_lens,15,11.78,2,Simul_+30deg,-3.8,0.5,,,,
full_lens,15,11.78,3,Simul_+15deg,-0.7,0.89,,,,
full_lens,15,11.78,4,Simul_+0deg,4.4,1.9,,,,
full_lens,15,11.78,5,Simul_-15deg,6.9,2.53,,,,
full_lens,15,11.78,6,Simul_-30deg,5.9,2.28,,,,
full_lens,15,11.78,7,Simul_-45deg,1.5,1.25,,,,
full_lens,15,11.78,8,Simul_-60deg,4.3,1.88,,,,
full_lens,16,12.56,0,Simul_+60deg,-1.4,0.77,,,,
full_lens,16,12.56,1,Simul_+45deg,1.0,1.16,,,,
full_lens,16,12.56,2,Simul_+30deg,-3.6,0.51,,,,
full_lens,16,12.56,3,Simul_+15deg,1.7,1.29,,,,
full_lens,16,12.56,4,Simul_+0deg,4.4,1.88,,,,
full_lens,16,12.56,5,Simul_-15deg,6.8,2.53,,,,
full_lens,16,12.56,6,Simul_-30deg,4.7,1.91,,,,
full_lens,16,12.56,7,Simul_-45deg,0.1,1.0,,,,
full_lens,16,12.56,8,Simul_-60deg,4.1,1.81,,,,
full_lens,17,13.35,0,Simul_+60deg,-0.4,0.93,,,,
full_lens,17,13.35,1,Simul_+45deg,0.7,1.11,,,,
full_lens,17,13.35,2,Simul_+30deg,-2.1,0.69,,,,
full_lens,17,13.35,3,Simul_+15deg,3.1,1.58,,,,
full_lens,17,13.35,4,Simul_+0deg,5.8,2.23,,,,
full_lens,17,13.35,5,Simul_-15deg,7.0,2.57,,,,
full_lens,17,13.35,6,Simul_-30deg,4.5,1.92,,,,
full_lens,17,13.35,7,Simul_-45deg,0.4,1.04,,,,
full_lens,17,13.35,8,Simul_-60deg,3.0,1.56,,,,
full_lens,18,14.13,0,Simul_+60deg,-1.2,0.8,,,,
full_lens,18,14.13,1,Simul_+45deg,1.5,1.26,,,,
full_lens,18,14.13,2,Simul_+30deg,0.1,1.01,,,,
full_lens,18,14.13,3,Simul_+15deg,5.1,2.05,,,,
full_lens,18,14.13,4,Simul_+0deg,4.8,1.98,,,,
full_lens,18,14.13,5,Simul_-15deg,5.9,2.23,,,,
full_lens,18,14.13,6,Simul_-30deg,2.2,1.39,,,,
full_lens,18,14.13,7,Simul_-45deg,-0.9,0.85,,,,
full_lens,18,14.13,8,Simul_-60deg,2.4,1.43,,,,
full_lens,19,14.92,0,Simul_+60deg,-1.0,0.84,,,,
full_lens,19,14.92,1,Simul_+45deg,2.4,1.43,,,,
full_lens,19,14.92,2,Simul_+30deg,1.4,1.19,,,,
full_lens,19,14.92,3,Simul_+15deg,5.2,2.06,,,,
full_lens,19,14.92,4,Simul_+0deg,4.2,1.83,,,,
full_lens,19,14.92,5,Simul_-15deg,5.4,2.14,,,,
full_lens,19,14.92,6,Simul_-30deg,1.5,1.26,,,,
full_lens,19,14.92,7,Simul_-45deg,-1.6,0.76,,,,
full_lens,19,14.92,8,Simul_-60deg,1.8,1.32,,,,
full_lens,20,15.7,0,Simul_+60deg,-0.1,0.97,,,,
full_lens,20,15.7,1,Simul_+45deg,3.0,1.57,,,,
full_lens,20,15.7,2,Simul_+30deg,5.2,2.08,,,,
full_lens,20,15.7,3,Simul_+15deg,5.7,2.21,,,,
full_lens,20,15.7,4,Simul_+0deg,4.1,1.82,,,,
full_lens,20,15.7,5,Simul_-15deg,4.2,1.84,,,,
full_lens,20,15.7,6,Simul_-30deg,0.8,1.12,,,,
full_lens,20,15.7,7,Simul_-45deg,-2.2,0.67,,,,
full_lens,20,15.7,8,Simul_-60deg,1.1,1.19,,,,
full_lens,21,16.49,0,Simul_+60deg,0.5,1.08,,,,
full_lens,21,16.49,1,Simul_+45deg,4.6,1.92,,,,
full_lens,21,16.49,2,Simul_+30deg,6.0,2.25,,,,
full_lens,21,16.49,3,Simul_+15deg,6.0,2.3,,,,
full_lens,21,16.49,4,Simul_+0deg,4.1,1.83,,,,
full_lens,21,16.49,5,Simul_-15deg,3.4,1.64,,,,
full_lens,21,16.49,6,Simul_-30deg,0.6,1.09,,,,
full_lens,21,16.49,7,Simul_-45deg,-2.3,0.66,,,,
full_lens,21,16.49,8,Simul_-60deg,0.8,1.13,,,,
full_lens,22,17.27,0,Simul_+60deg,-0.0,0.99,,,,
full_lens,22,17.27,1,Simul_+45deg,6.3,2.39,,,,
full_lens,22,17.27,2,Simul_+30deg,7.0,2.57,,,,
full_lens,22,17.27,3,Simul_+15deg,5.4,2.14,,,,
full_lens,22,17.27,4,Simul_+0deg,3.3,1.63,,,,
full_lens,22,17.27,5,Simul_-15deg,2.7,1.5,,,,
full_lens,22,17.27,6,Simul_-30deg,0.3,1.03,,,,
full_lens,22,17.27,7,Simul_-45deg,-1.9,0.71,,,,
full_lens,22,17.27,8,Simul_-60deg,0.9,1.15,,,,
full_lens,23,18.06,0,Simul_+60deg,0.5,1.07,,,,
full_lens,23,18.06,1,Simul_+45deg,7.6,2.73,,,,
full_lens,23,18.06,2,Simul_+30deg,7.3,2.63,,,,
full_lens,23,18.06,3,Simul_+15deg,5.4,2.14,,,,
full_lens,23,18.06,4,Simul_+0deg,3.5,1.67,,,,
full_lens,23,18.06,5,Simul_-15deg,2.5,1.46,,,,
full_lens,23,18.06,6,Simul_-30deg,0.6,1.1,,,,
full_lens,23,18.06,7,Simul_-45deg,-1.2,0.8,,,,
full_lens,23,18.06,8,Simul_-60deg,1.8,1.32,,,,
full_lens,24,18.84,0,Simul_+60deg,0.2,1.01,,,,
full_lens,24,18.84,1,Simul_+45deg,8.9,3.1,,,,
full_lens,24,18.84,2,Simul_+30deg,7.1,2.59,,,,
full_lens,24,18.84,3,Simul_+15deg,4.5,1.88,,,,
full_lens,24,18.84,4,Simul_+0deg,2.9,1.54,,,,
full_lens,24,18.84,5,Simul_-15deg,1.8,1.32,,,,
full_lens,24,18.84,6,Simul_-30deg,0.6,1.1,,,,
full_lens,24,18.84,7,Simul_-45deg,-0.7,0.87,,,,
full_lens,24,18.84,8,Simul_-60deg,2.6,1.47,,,,
full_lens,25,19.63,0,Simul_+60deg,1.0,1.16,,,,
full_lens,25,19.63,1,Simul_+45deg,9.8,3.37,,,,
full_lens,25,19.63,2,Simul_+30deg,6.9,2.53,,,,
full_lens,25,19.63,3,Simul_+15deg,4.3,1.8,,,,
full_lens,25,19.63,4,Simul_+0deg,2.3,1.41,,,,
full_lens,25,19.63,5,Simul_-15deg,2.1,1.36,,,,
full_lens,25,19.63,6,Simul_-30deg,1.1,1.17,,,,
full_lens,25,19.63,7,Simul_-45deg,-0.1,0.97,,,,
full_lens,25,19.63,8,Simul_-60deg,3.5,1.67,,,,
full_lens,26,20.41,0,Simul_+60deg,3.1,1.59,,,,
full_lens,26,20.41,1,Simul_+45deg,10.0,3.39,,,,
full_lens,26,20.41,2,Simul_+30deg,7.2,2.62,,,,
full_lens,26,20.41,3,Simul_+15deg,3.2,1.6,,,,
full_lens,26,20.41,4,Simul_+0deg,1.3,1.2,,,,
full_lens,26,20.41,5,Simul_-15deg,2.6,1.47,,,,
full_lens,26,20.41,6,Simul_-30deg,1.0,1.14,,,,
full_lens,26,20.41,7,Simul_-45deg,-0.2,0.95,,,,
full_lens,26,20.41,8,Simul_-60deg,3.5,1.67,,,,
full_lens,27,21.2,0,Simul_+60deg,3.7,1.72,,,,
full_lens,27,21.2,1,Simul_+45deg,10.8,3.68,,,,
full_lens,27,21.2,2,Simul_+30deg,7.4,2.67,,,,
full_lens,27,21.2,3,Simul_+15deg,1.8,1.31,,,,
full_lens,27,21.2,4,Simul_+0deg,0.9,1.14,,,,
full_lens,27,21.2,5,Simul_-15deg,3.0,1.56,,,,
full_lens,27,21.2,6,Simul_-30deg,1.7,1.3,,,,
full_lens,27,21.2,7,Simul_-45deg,1.1,1.17,,,,
full_lens,27,21.2,8,Simul_-60deg,4.3,1.88,,,,
full_lens,28,21.98,0,Simul_+60deg,5.2,2.11,,,,
full_lens,28,21.98,1,Simul_+45deg,11.1,3.77,,,,
full_lens,28,21.98,2,Simul_+30deg,7.0,2.54,,,,
full_lens,28,21.98,3,Simul_+15deg,1.4,1.22,,,,
full_lens,28,21.98,4,Simul_+0deg,0.4,1.05,,,,
full_lens,28,21.98,5,Simul_-15deg,3.4,1.66,,,,
full_lens,28,21.98,6,Simul_-30deg,1.7,1.29,,,,
full_lens,28,21.98,7,Simul_-45deg,1.1,1.19,,,,
full_lens,28,21.98,8,Simul_-60deg,4.3,1.85,,,,
full_lens,29,22.77,0,Simul_+60deg,6.0,2.32,,,,
full_lens,29,22.77,1,Simul_+45deg,11.0,3.76,,,,
full_lens,29,22.77,2,Simul_+30deg,6.5,2.42,,,,
full_lens,29,22.77,3,Simul_+15deg,1.1,1.17,,,,
full_lens,29,22.77,4,Simul_+0deg,-0.0,0.99,,,,
full_lens,29,22.77,5,Simul_-15deg,3.7,1.71,,,,
full_lens,29,22.77,6,Simul_-30deg,1.6,1.28,,,,
full_lens,29,22.77,7,Simul_-45deg,1.0,1.16,,,,
full_lens,29,22.77,8,Simul_-60deg,4.0,1.79,,,,
full_lens,30,23.55,0,Simul_+60deg,6.6,2.46,,,,
full_lens,30,23.55,1,Simul_+45deg,11.0,3.74,,,,
full_lens,30,23.55,2,Simul_+30deg,5.8,2.21,,,,
full_lens,30,23.55,3,Simul_+15deg,1.5,1.26,,,,
full_lens,30,23.55,4,Simul_+0deg,0.1,1.01,,,,
full_lens,30,23.55,5,Simul_-15deg,3.5,1.69,,,,
full_lens,30,23.55,6,Simul_-30deg,1.9,1.34,,,,
full_lens,30,23.55,7,Simul_-45deg,1.3,1.22,,,,
full_lens,30,23.55,8,Simul_-60deg,3.7,1.72,,,,
full_lens,31,24.34,0,Simul_+60deg,6.7,2.49,,,,
full_lens,31,24.34,1,Simul_+45deg,10.7,3.65,,,,
full_lens,31,24.34,2,Simul_+30deg,5.0,2.03,,,,
full_lens,31,24.34,3,Simul_+15deg,2.3,1.41,,,,
full_lens,31,24.34,4,Simul_+0deg,1.4,1.22,,,,
full_lens,31,24.34,5,Simul_-15deg,2.0,1.3,,,,
full_lens,31,24.34,6,Simul_-30deg,1.3,1.17,,,,
full_lens,31,24.34,7,Simul_-45deg,1.4,1.2,,,,
full_lens,31,24.34,8,Simul_-60deg,3.7,1.68,,,,
full_lens,32,25.12,0,Simul_+60deg,6.5,2.45,,,,
full_lens,32,25.12,1,Simul_+45deg,9.5,3.29,,,,
full_lens,32,25.12,2,Simul_+30deg,5.0,2.02,,,,
full_lens,32,25.12,3,Simul_+15deg,1.8,1.31,,,,
full_lens,32,25.12,4,Simul_+0deg,1.3,1.2,,,,
full_lens,32,25.12,5,Simul_-15deg,2.7,1.52,,,,
full_lens,32,25.12,6,Simul_-30deg,1.4,1.24,,,,
full_lens,32,25.12,7,Simul_-45deg,0.5,1.05,,,,
full_lens,32,25.12,8,Simul_-60deg,2.9,1.53,,,,
full_lens,33,25.91,0,Simul_+60deg,5.9,2.28,,,,
full_lens,33,25.91,1,Simul_+45deg,8.1,2.86,,,,
full_lens,33,25.91,2,Simul_+30deg,4.9,2.02,,,,
full_lens,33,25.91,3,Simul_+15deg,1.7,1.31,,,,
full_lens,33,25.91,4,Simul_+0deg,1.5,1.25,,,,
full_lens,33,25.91,5,Simul_-15deg,2.2,1.4,,,,
full_lens,33,25.91,6,Simul_-30deg,0.9,1.14,,,,
full_lens,33,25.91,7,Simul_-45deg,-0.1,0.97,,,,
full_lens,33,25.91,8,Simul_-60deg,2.1,1.38,,,,
full_lens,34,26.7,0,Simul_+60deg,5.1,2.07,,,,
full_lens,34,26.7,1,Simul_+45deg,6.6,2.44,,,,
full_lens,34,26.7,2,Simul_+30deg,5.1,2.06,,,,
full_lens,34,26.7,3,Simul_+15deg,1.5,1.25,,,,
full_lens,34,26.7,4,Simul_+0deg,1.8,1.32,,,,
full_lens,34,26.7,5,Simul_-15deg,1.6,1.25,,,,
full_lens,34,26.7,6,Simul_-30deg,-0.4,0.92,,,,
full_lens,34,26.7,7,Simul_-45deg,-0.8,0.86,,,,
full_lens,34,26.7,8,Simul_-60deg,1.4,1.24,,,,
full_lens,35,27.48,0,Simul_+60deg,3.8,1.75,,,,
full_lens,35,27.48,1,Simul_+45deg,5.3,2.11,,,,
full_lens,35,27.48,2,Simul_+30deg,5.3,2.12,,,,
full_lens,35,27.48,3,Simul_+15deg,2.1,1.38,,,,
full_lens,35,27.48,4,Simul_+0deg,1.8,1.3,,,,
full_lens,35,27.48,5,Simul_-15deg,1.7,1.29,,,,
full_lens,35,27.48,6,Simul_-30deg,-0.2,0.96,,,,
full_lens,35,27.48,7,Simul_-45deg,-1.0,0.83,,,,
full_lens,35,27.48,8,Simul_-60deg,1.4,1.25,,,,
full_lens,36,28.27,0,Simul_+60deg,2.0,1.36,,,,
full_lens,36,28.27,1,Simul_+45deg,3.4,1.63,,,,
full_lens,36,28.27,2,Simul_+30deg,5.8,2.24,,,,
full_lens,36,28.27,3,Simul_+15deg,2.7,1.5,,,,
full_lens,36,28.27,4,Simul_+0deg,1.9,1.33,,,,
full_lens,36,28.27,5,Simul_-15deg,0.6,1.09,,,,
full_lens,36,28.27,6,Simul_-30deg,-0.5,0.91,,,,
full_lens,36,28.27,7,Simul_-45deg,-1.1,0.82,,,,
full_lens,36,28.27,8,Simul_-60deg,1.6,1.26,,,,
full_lens,37,29.05,0,Simul_+60deg,0.1,0.99,,,,
full_lens,37,29.05,1,Simul_+45deg,2.6,1.48,,,,
full_lens,37,29.05,2,Simul_+30deg,5.6,2.17,,,,
full_lens,37,29.05,3,Simul_+15deg,3.2,1.61,,,,
full_lens,37,29.05,4,Simul_+0deg,1.9,1.33,,,,
full_lens,37,29.05,5,Simul_-15deg,-1.0,0.84,,,,
full_lens,37,29.05,6,Simul_-30deg,-1.6,0.74,,,,
full_lens,37,29.05,7,Simul_-45deg,-1.1,0.81,,,,
full_lens,37,29.05,8,Simul_-60deg,1.1,1.19,,,,
full_lens,38,29.84,0,Simul_+60deg,-1.0,0.84,,,,
full_lens,38,29.84,1,Simul_+45deg,4.1,1.81,,,,
full_lens,38,29.84,2,Simul_+30deg,5.6,2.16,,,,
full_lens,38,29.84,3,Simul_+15deg,3.1,1.6,,,,
full_lens,38,29.84,4,Simul_+0deg,1.8,1.32,,,,
full_lens,38,29.84,5,Simul_-15deg,-2.6,0.63,,,,
full_lens,38,29.84,6,Simul_-30deg,-2.3,0.66,,,,
full_lens,38,29.84,7,Simul_-45deg,-1.3,0.79,,,,
full_lens,38,29.84,8,Simul_-60deg,0.6,1.09,,,,
full_lens,39,30.62,0,Simul_+60deg,-1.4,0.78,,,,
full_lens,39,30.62,1,Simul_+45deg,5.4,2.1,,,,
full_lens,39,30.62,2,Simul_+30deg,5.2,2.08,,,,
full_lens,39,30.62,3,Simul_+15deg,2.9,1.53,,,,
full_lens,39,30.62,4,Simul_+0deg,1.4,1.23,,,,
full_lens,39,30.62,5,Simul_-15deg,-3.7,0.51,,,,
full_lens,39,30.62,6,Simul_-30deg,-1.9,0.71,,,,
full_lens,39,30.62,7,Simul_-45deg,-1.0,0.83,,,,
full_lens,39,30.62,8,Simul_-60deg,0.4,1.06,,,,
full_lens,40,31.41,0,Simul_+60deg,-1.0,0.84,,,,
full_lens,40,31.41,1,Simul_+45deg,6.3,2.36,,,,
full_lens,40,31.41,2,Simul_+30deg,5.0,2.02,,,,
full_lens,40,31.41,3,Simul_+15deg,2.9,1.54,,,,
full_lens,40,31.41,4,Simul_+0deg,1.1,1.18,,,,
full_lens,40,31.41,5,Simul_-15deg,-3.6,0.51,,,,
full_lens,40,31.41,6,Simul_-30deg,-0.8,0.86,,,,
full_lens,40,31.41,7,Simul_-45deg,-1.0,0.84,,,,
full_lens,40,31.41,8,Simul_-60deg,0.2,1.03,,,,
full_lens,41,32.19,0,Simul_+60deg,0.3,1.04,,,,
full_lens,41,32.19,1,Simul_+45deg,7.1,2.6,,,,
full_lens,41,32.19,2,Simul_+30deg,4.8,1.98,,,,
full_lens,41,32.19,3,Simul_+15deg,2.7,1.5,,,,
full_lens,41,32.19,4,Simul_+0deg,0.1,0.98,,,,
full_lens,41,32.19,5,Simul_-15deg,-2.1,0.68,,,,
full_lens,41,32.19,6,Simul_-30deg,0.1,0.99,,,,
full_lens,41,32.19,7,Simul_-45deg,-0.9,0.85,,,,
full_lens,41,32.19,8,Simul_-60deg,-0.3,0.93,,,,
full_lens,42,32.98,0,Simul_+60deg,1.9,1.32,,,,
full_lens,42,32.98,1,Simul_+45deg,7.5,2.63,,,,
full_lens,42,32.98,2,Simul_+30deg,4.9,1.98,,,,
full_lens,42,32.98,3,Simul_+15deg,2.8,1.52,,,,
full_lens,42,32.98,4,Simul_+0deg,-1.0,0.83,,,,
full_lens,42,32.98,5,Simul_-15deg,-0.2,0.97,,,,
full_lens,42,32.98,6,Simul_-30deg,1.1,1.17,,,,
full_lens,42,32.98,7,Simul_-45deg,-0.6,0.89,,,,
full_lens,42,32.98,8,Simul_-60deg,-0.4,0.91,,,,
full_lens,43,33.76,0,Simul_+60deg,3.0,1.55,,,,
full_lens,43,33.76,1,Simul_+45deg,8.2,2.86,,,,
full_lens,43,33.76,2,Simul_+30deg,4.9,1.99,,,,
full_lens,43,33.76,3,Simul_+15deg,3.0,1.55,,,,
full_lens,43,33.76,4,Simul_+0deg,-0.7,0.87,,,,
full_lens,43,33.76,5,Simul_-15deg,2.3,1.41,,,,
full_lens,43,33.76,6,Simul_-30deg,2.0,1.34,,,,
full_lens,43,33.76,7,Simul_-45deg,-0.3,0.94,,,,
full_lens,43,33.76,8,Simul_-60deg,-1.2,0.81,,,,
full_lens,44,34.55,0,Simul_+60deg,4.4,1.9,,,,
full_lens,44,34.55,1,Simul_+45deg,8.1,2.88,,,,
full_lens,44,34.55,2,Simul_+30deg,5.5,2.15,,,,
full_lens,44,34.55,3,Simul_+15deg,3.8,1.75,,,,
full_lens,44,34.55,4,Simul_+0deg,1.4,1.24,,,,
full_lens,44,34.55,5,Simul_-15deg,3.8,1.75,,,,
full_lens,44,34.55,6,Simul_-30deg,2.6,1.49,,,,
full_lens,44,34.55,7,Simul_-45deg,0.0,1.0,,,,
full_lens,44,34.55,8,Simul_-60deg,-1.6,0.74,,,,
full_lens,45,35.33,0,Simul_+60deg,5.7,2.19,,,,
full_lens,45,35.33,1,Simul_+45deg,8.5,2.97,,,,
full_lens,45,35.33,2,Simul_+30deg,6.8,2.46,,,,
full_lens,45,35.33,3,Simul_+15deg,5.8,2.2,,,,
full_lens,45,35.33,4,Simul_+0deg,4.5,1.89,,,,
full_lens,45,35.33,5,Simul_-15deg,5.2,2.08,,,,
full_lens,45,35.33,6,Simul_-30deg,2.9,1.54,,,,
full_lens,45,35.33,7,Simul_-45deg,0.1,1.01,,,,
full_lens,45,35.33,8,Simul_-60deg,-1.8,0.72,,,,
full_lens,46,36.12,0,Simul_+60deg,7.7,2.74,,,,
full_lens,46,36.12,1,Simul_+45deg,9.7,3.32,,,,
full_lens,46,36.12,2,Simul_+30deg,8.6,3.0,,,,
full_lens,46,36.12,3,Simul_+15deg,8.1,2.84,,,,
full_lens,46,36.12,4,Simul_+0deg,7.1,2.56,,,,
full_lens,46,36.12,5,Simul_-15deg,6.8,2.5,,,,
full_lens,46,36.12,6,Simul_-30deg,3.2,1.6,,,,
full_lens,46,36.12,7,Simul_-45deg,1.2,1.19,,,,
full_lens,46,36.12,8,Simul_-60deg,-0.1,0.97,,,,
full_lens,47,36.9,0,Simul_+60deg,10.0,3.41,,,,
full_lens,47,36.9,1,Simul_+45deg,11.7,3.93,,,,
full_lens,47,36.9,2,Simul_+30deg,11.1,3.71,,,,
full_lens,47,36.9,3,Simul_+15deg,10.5,3.52,,,,
full_lens,47,36.9,4,Simul_+0deg,9.5,3.24,,,,
full_lens,47,36.9,5,Simul_-15deg,8.0,2.83,,,,
full_lens,47,36.9,6,Simul_-30deg,4.3,1.86,,,,
full_lens,47,36.9,7,Simul_-45deg,3.8,1.74,,,,
full_lens,47,36.9,8,Simul_-60deg,2.7,1.47,,,,
full_lens,48,37.69,0,Simul_+60deg,11.5,3.89,,,,
full_lens,48,37.69,1,Simul_+45deg,13.5,4.53,,,,
full_lens,48,37.69,2,Simul_+30deg,13.8,4.6,,,,
full_lens,48,37.69,3,Simul_+15deg,12.8,4.29,,,,
full_lens,48,37.69,4,Simul_+0deg,11.5,3.87,,,,
full_lens,48,37.69,5,Simul_-15deg,9.4,3.24,,,,
full_lens,48,37.69,6,Simul_-30deg,6.4,2.4,,,,
full_lens,48,37.69,7,Simul_-45deg,6.8,2.46,,,,
full_lens,48,37.69,8,Simul_-60deg,6.0,2.26,,,,
full_lens,49,38.47,0,Simul_+60deg,13.0,4.34,,,,
full_lens,49,38.47,1,Simul_+45deg,15.1,4.99,,,,
full_lens,49,38.47,2,Simul_+30deg,14.9,4.93,,,,
full_lens,49,38.47,3,Simul_+15deg,14.1,4.7,,,,
full_lens,49,38.47,4,Simul_+0deg,12.8,4.29,,,,
full_lens,49,38.47,5,Simul_-15deg,10.4,3.55,,,,
full_lens,49,38.47,6,Simul_-30deg,8.8,3.09,,,,
full_lens,49,38.47,7,Simul_-45deg,8.7,3.04,,,,
full_lens,49,38.47,8,Simul_-60deg,8.5,2.97,,,,
full_lens,50,39.26,0,Simul_+60deg,14.0,4.63,,,,
full_lens,50,39.26,1,Simul_+45deg,16.0,5.28,,,,
full_lens,50,39.26,2,Simul_+30deg,16.4,5.4,,,,
full_lens,50,39.26,3,Simul_+15deg,15.0,4.97,,,,
full_lens,50,39.26,4,Simul_+0deg,13.2,4.44,,,,
full_lens,50,39.26,5,Simul_-15deg,11.3,3.82,,,,
full_lens,50,39.26,6,Simul_-30deg,10.1,3.46,,,,
full_lens,50,39.26,7,Simul_-45deg,10.4,3.57,,,,
full_lens,50,39.26,8,Simul_-60deg,10.4,3.57,,,,
full_lens,51,40.04,0,Simul_+60deg,16.7,5.55,,,,
full_lens,51,40.04,1,Simul_+45deg,18.3,6.08,,,,
full_lens,51,40.04,2,Simul_+30deg,17.9,5.94,,,,
full_lens,51,40.04,3,Simul_+15deg,16.2,5.37,,,,
full_lens,51,40.04,4,Simul_+0deg,13.5,4.5,,,,
full_lens,51,40.04,5,Simul_-15deg,12.2,4.1,,,,
full_lens,51,40.04,6,Simul_-30deg,13.5,4.51,,,,
full_lens,51,40.04,7,Simul_-45deg,14.1,4.71,,,,
full_lens,51,40.04,8,Simul_-60deg,13.1,4.38,,,,
full_lens,52,40.83,0,Simul_+60deg,22.2,7.36,,,,
full_lens,52,40.83,1,Simul_+45deg,22.1,7.35,,,,
full_lens,52,40.83,2,Simul_+30deg,22.9,7.6,,,,
full_lens,52,40.83,3,Simul_+15deg,21.4,7.12,,,,
full_lens,52,40.83,4,Simul_+0deg,20.4,6.79,,,,
full_lens,52,40.83,5,Simul_-15deg,18.7,6.21,,,,
full_lens,52,40.83,6,Simul_-30deg,22.5,7.45,,,,
full_lens,52,40.83,7,Simul_-45deg,20.2,6.7,,,,
full_lens,52,40.83,8,Simul_-60deg,18.2,6.03,,,,
full_lens,53,41.61,0,Simul_+60deg,22.6,7.5,,,,
full_lens,53,41.61,1,Simul_+45deg,27.3,9.08,,,,
full_lens,53,41.61,2,Simul_+30deg,27.7,9.18,,,,
full_lens,53,41.61,3,Simul_+15deg,22.7,7.53,,,,
full_lens,53,41.61,4,Simul_+0deg,18.6,6.18,,,,
full_lens,53,41.61,5,Simul_-15deg,23.2,7.7,,,,
full_lens,53,41.61,6,Simul_-30deg,25.3,8.39,,,,
full_lens,53,41.61,7,Simul_-45deg,28.2,9.36,,,,
full_lens,53,41.61,8,Simul_-60deg,27.6,9.17,,,,
full_lens,54,42.4,0,Simul_+60deg,43.8,14.53,,,,
full_lens,54,42.4,1,Simul_+45deg,36.3,12.06,,,,
full_lens,54,42.4,2,Simul_+30deg,46.1,15.31,,,,
full_lens,54,42.4,3,Simul_+15deg,51.3,17.04,,,,
full_lens,54,42.4,4,Simul_+0deg,37.2,12.37,,,,
full_lens,54,42.4,5,Simul_-15deg,51.3,17.04,,,,
full_lens,54,42.4,6,Simul_-30deg,46.1,15.31,,,,
full_lens,54,42.4,7,Simul_-45deg,43.0,14.3,,,,
full_lens,54,42.4,8,Simul_-60deg,43.8,14.53,,,,
full_lens,55,43.18,0,Simul_+60deg,27.6,9.16,,,,
full_lens,55,43.18,1,Simul_+45deg,27.0,8.96,,,,
full_lens,55,43.18,2,Simul_+30deg,25.3,8.39,,,,
full_lens,55,43.18,3,Simul_+15deg,23.0,7.63,,,,
full_lens,55,43.18,4,Simul_+0deg,18.0,6.0,,,,
full_lens,55,43.18,5,Simul_-15deg,22.8,7.57,,,,
full_lens,55,43.18,6,Simul_-30deg,27.6,9.18,,,,
full_lens,55,43.18,7,Simul_-45deg,27.7,9.2,,,,
full_lens,55,43.18,8,Simul_-60deg,22.5,7.46,,,,
full_lens,56,43.97,0,Simul_+60deg,18.1,6.02,,,,
full_lens,56,43.97,1,Simul_+45deg,20.1,6.66,,,,
full_lens,56,43.97,2,Simul_+30deg,22.3,7.41,,,,
full_lens,56,43.97,3,Simul_+15deg,18.4,6.11,,,,
full_lens,56,43.97,4,Simul_+0deg,20.4,6.79,,,,
full_lens,56,43.97,5,Simul_-15deg,21.3,7.08,,,,
full_lens,56,43.97,6,Simul_-30deg,22.7,7.52,,,,
full_lens,56,43.97,7,Simul_-45deg,21.7,7.18,,,,
full_lens,56,43.97,8,Simul_-60deg,22.2,7.36,,,,
full_lens,57,44.75,0,Simul_+60deg,13.4,4.41,,,,
full_lens,57,44.75,1,Simul_+45deg,14.1,4.7,,,,
full_lens,57,44.75,2,Simul_+30deg,13.1,4.34,,,,
full_lens,57,44.75,3,Simul_+15deg,11.5,3.89,,,,
full_lens,57,44.75,4,Simul_+0deg,12.0,3.98,,,,
full_lens,57,44.75,5,Simul_-15deg,15.6,5.12,,,,
full_lens,57,44.75,6,Simul_-30deg,16.6,5.49,,,,
full_lens,57,44.75,7,Simul_-45deg,18.0,5.98,,,,
full_lens,57,44.75,8,Simul_-60deg,16.7,5.51,,,,
full_lens,58,45.54,0,Simul_+60deg,10.2,3.47,,,,
full_lens,58,45.54,1,Simul_+45deg,9.2,3.15,,,,
full_lens,58,45.54,2,Simul_+30deg,9.0,3.1,,,,
full_lens,58,45.54,3,Simul_+15deg,9.9,3.33,,,,
full_lens,58,45.54,4,Simul_+0deg,11.0,3.72,,,,
full_lens,58,45.54,5,Simul_-15deg,11.6,3.89,,,,
full_lens,58,45.54,6,Simul_-30deg,13.5,4.47,,,,
full_lens,58,45.54,7,Simul_-45deg,14.7,4.87,,,,
full_lens,58,45.54,8,Simul_-60deg,13.0,4.27,,,,
full_lens,59,46.32,0,Simul_+60deg,7.2,2.56,,,,
full_lens,59,46.32,1,Simul_+45deg,6.9,2.55,,,,
full_lens,59,46.32,2,Simul_+30deg,7.9,2.79,,,,
full_lens,59,46.32,3,Simul_+15deg,8.2,2.88,,,,
full_lens,59,46.32,4,Simul_+0deg,9.2,3.16,,,,
full_lens,59,46.32,5,Simul_-15deg,9.9,3.38,,,,
full_lens,59,46.32,6,Simul_-30deg,12.3,4.05,,,,
full_lens,59,46.32,7,Simul_-45deg,12.7,4.25,,,,
full_lens,59,46.32,8,Simul_-60deg,11.1,3.77,,,,
full_lens,60,47.11,0,Simul_+60deg,4.8,1.98,,,,
full_lens,60,47.11,1,Simul_+45deg,5.2,2.06,,,,
full_lens,60,47.11,2,Simul_+30deg,4.9,1.98,,,,
full_lens,60,47.11,3,Simul_+15deg,7.0,2.52,,,,
full_lens,60,47.11,4,Simul_+0deg,8.3,2.92,,,,
full_lens,60,47.11,5,Simul_-15deg,9.0,3.1,,,,
full_lens,60,47.11,6,Simul_-30deg,11.5,3.85,,,,
full_lens,60,47.11,7,Simul_-45deg,11.8,3.96,,,,
full_lens,60,47.11,8,Simul_-60deg,10.3,3.47,,,,
full_lens,61,47.89,0,Simul_+60deg,2.7,1.48,,,,
full_lens,61,47.89,1,Simul_+45deg,3.7,1.69,,,,
full_lens,61,47.89,2,Simul_+30deg,3.4,1.64,,,,
full_lens,61,47.89,3,Simul_+15deg,5.0,2.01,,,,
full_lens,61,47.89,4,Simul_+0deg,5.7,2.17,,,,
full_lens,61,47.89,5,Simul_-15deg,7.8,2.75,,,,
full_lens,61,47.89,6,Simul_-30deg,10.8,3.6,,,,
full_lens,61,47.89,7,Simul_-45deg,11.2,3.77,,,,
full_lens,61,47.89,8,Simul_-60deg,9.4,3.23,,,,
full_lens,62,48.68,0,Simul_+60deg,1.3,1.21,,,,
full_lens,62,48.68,1,Simul_+45deg,2.5,1.46,,,,
full_lens,62,48.68,2,Simul_+30deg,2.1,1.37,,,,
full_lens,62,48.68,3,Simul_+15deg,2.7,1.49,,,,
full_lens,62,48.68,4,Simul_+0deg,3.2,1.61,,,,
full_lens,62,48.68,5,Simul_-15deg,6.9,2.52,,,,
full_lens,62,48.68,6,Simul_-30deg,10.0,3.4,,,,
full_lens,62,48.68,7,Simul_-45deg,10.5,3.56,,,,
full_lens,62,48.68,8,Simul_-60deg,8.2,2.85,,,,
full_lens,63,49.46,0,Simul_+60deg,-0.1,0.97,,,,
full_lens,63,49.46,1,Simul_+45deg,1.7,1.28,,,,
full_lens,63,49.46,2,Simul_+30deg,1.6,1.27,,,,
full_lens,63,49.46,3,Simul_+15deg,1.3,1.21,,,,
full_lens,63,49.46,4,Simul_+0deg,1.7,1.29,,,,
full_lens,63,49.46,5,Simul_-15deg,6.5,2.39,,,,
full_lens,63,49.46,6,Simul_-30deg,9.0,3.06,,,,
full_lens,63,49.46,7,Simul_-45deg,9.9,3.37,,,,
full_lens,63,49.46,8,Simul_-60deg,7.6,2.71,,,,
full_lens,64,50.25,0,Simul_+60deg,-1.4,0.78,,,,
full_lens,64,50.25,1,Simul_+45deg,1.3,1.22,,,,
full_lens,64,50.25,2,Simul_+30deg,1.3,1.21,,,,
full_lens,64,50.25,3,Simul_+15deg,0.4,1.05,,,,
full_lens,64,50.25,4,Simul_+0deg,0.6,1.08,,,,
full_lens,64,50.25,5,Simul_-15deg,5.7,2.21,,,,
full_lens,64,50.25,6,Simul_-30deg,7.8,2.77,,,,
full_lens,64,50.25,7,Simul_-45deg,9.4,3.24,,,,
full_lens,64,50.25,8,Simul_-60deg,6.7,2.47,,,,
full_lens,65,51.03,0,Simul_+60deg,-2.4,0.65,,,,
full_lens,65,51.03,1,Simul_+45deg,1.0,1.16,,,,
full_lens,65,51.03,2,Simul_+30deg,0.6,1.08,,,,
full_lens,65,51.03,3,Simul_+15deg,-0.0,0.98,,,,
full_lens,65,51.03,4,Simul_+0deg,-0.2,0.96,,,,
full_lens,65,51.03,5,Simul_-15deg,5.6,2.15,,,,
full_lens,65,51.03,6,Simul_-30deg,7.7,2.72,,,,
full_lens,65,51.03,7,Simul_-45deg,9.3,3.19,,,,
full_lens,65,51.03,8,Simul_-60deg,6.0,2.28,,,,
full_lens,66,51.82,0,Simul_+60deg,-2.3,0.66,,,,
full_lens,66,51.82,1,Simul_+45deg,0.9,1.14,,,,
full_lens,66,51.82,2,Simul_+30deg,-0.1,0.97,,,,
full_lens,66,51.82,3,Simul_+15deg,-1.4,0.77,,,,
full_lens,66,51.82,4,Simul_+0deg,-0.0,0.98,,,,
full_lens,66,51.82,5,Simul_-15deg,5.4,2.11,,,,
full_lens,66,51.82,6,Simul_-30deg,7.4,2.66,,,,
full_lens,66,51.82,7,Simul_-45deg,8.8,3.04,,,,
full_lens,66,51.82,8,Simul_-60deg,4.7,1.96,,,,
full_lens,67,52.6,0,Simul_+60deg,-1.9,0.71,,,,
full_lens,67,52.6,1,Simul_+45deg,0.9,1.13,,,,
full_lens,67,52.6,2,Simul_+30deg,-1.0,0.83,,,,
full_lens,67,52.6,3,Simul_+15deg,-2.7,0.61,,,,
full_lens,67,52.6,4,Simul_+0deg,0.5,1.05,,,,
full_lens,67,52.6,5,Simul_-15deg,6.1,2.32,,,,
full_lens,67,52.6,6,Simul_-30deg,7.8,2.76,,,,
full_lens,67,52.6,7,Simul_-45deg,8.5,2.98,,,,
full_lens,67,52.6,8,Simul_-60deg,3.6,1.68,,,,
full_lens,68,53.39,0,Simul_+60deg,-0.9,0.85,,,,
full_lens,68,53.39,1,Simul_+45deg,0.7,1.12,,,,
full_lens,68,53.39,2,Simul_+30deg,-1.9,0.71,,,,
full_lens,68,53.39,3,Simul_+15deg,-4.0,0.48,,,,
full_lens,68,53.39,4,Simul_+0deg,1.7,1.29,,,,
full_lens,68,53.39,5,Simul_-15deg,6.7,2.45,,,,
full_lens,68,53.39,6,Simul_-30deg,7.9,2.8,,,,
full_lens,68,53.39,7,Simul_-45deg,7.8,2.76,,,,
full_lens,68,53.39,8,Simul_-60deg,2.5,1.43,,,,
full_lens,69,54.18,0,Simul_+60deg,0.2,1.03,,,,
full_lens,69,54.18,1,Simul_+45deg,0.5,1.07,,,,
full_lens,69,54.18,2,Simul_+30deg,-2.3,0.65,,,,
full_lens,69,54.18,3,Simul_+15deg,-4.6,0.43,,,,
full_lens,69,54.18,4,Simul_+0deg,2.3,1.4,,,,
full_lens,69,54.18,5,Simul_-15deg,7.2,2.63,,,,
full_lens,69,54.18,6,Simul_-30deg,8.3,2.94,,,,
full_lens,69,54.18,7,Simul_-45deg,6.8,2.5,,,,
full_lens,69,54.18,8,Simul_-60deg,2.7,1.48,,,,
full_lens,70,54.96,0,Simul_+60deg,0.9,1.15,,,,
full_lens,70,54.96,1,Simul_+45deg,0.7,1.11,,,,
full_lens,70,54.96,2,Simul_+30deg,-2.4,0.65,,,,
full_lens,70,54.96,3,Simul_+15deg,-3.8,0.5,,,,
full_lens,70,54.96,4,Simul_+0deg,2.5,1.45,,,,
full_lens,70,54.96,5,Simul_-15deg,7.4,2.67,,,,
full_lens,70,54.96,6,Simul_-30deg,8.1,2.87,,,,
full_lens,70,54.96,7,Simul_-45deg,5.8,2.2,,,,
full_lens,70,54.96,8,Simul_-60deg,4.1,1.81,,,,
full_lens,71,55.75,0,Simul_+60deg,0.9,1.13,,,,
full_lens,71,55.75,1,Simul_+45deg,0.3,1.03,,,,
full_lens,71,55.75,2,Simul_+30deg,-2.5,0.64,,,,
full_lens,71,55.75,3,Simul_+15deg,-1.8,0.71,,,,
full_lens,71,55.75,4,Simul_+0deg,2.9,1.54,,,,
full_lens,71,55.75,5,Simul_-15deg,7.6,2.71,,,,
full_lens,71,55.75,6,Simul_-30deg,7.4,2.67,,,,
full_lens,71,55.75,7,Simul_-45deg,4.7,1.95,,,,
full_lens,71,55.75,8,Simul_-60deg,7.4,2.61,,,,
full_lens,72,56.53,0,Simul_+60deg,1.5,1.24,,,,
full_lens,72,56.53,1,Simul_+45deg,0.1,1.01,,,,
full_lens,72,56.53,2,Simul_+30deg,-2.6,0.63,,,,
full_lens,72,56.53,3,Simul_+15deg,-0.2,0.96,,,,
full_lens,72,56.53,4,Simul_+0deg,2.8,1.5,,,,
full_lens,72,56.53,5,Simul_-15deg,7.9,2.79,,,,
full_lens,72,56.53,6,Simul_-30deg,7.7,2.75,,,,
full_lens,72,56.53,7,Simul_-45deg,4.7,1.97,,,,
full_lens,72,56.53,8,Simul_-60deg,8.2,2.9,,,,
full_wolens,0,0.0,0,Simul_+4,3.5,1.68,,,,
full_wolens,0,0.0,1,Simul_+3,3.1,1.59,,,,
full_wolens,0,0.0,2,Simul_+2,3.1,1.58,,,,
full_wolens,0,0.0,3,Simul_+1,3.3,1.65,,,,
full_wolens,0,0.0,4,Simul_0,3.6,1.71,,,,
full_wolens,0,0.0,5,Simul_-1,3.5,1.69,,,,
full_wolens,0,0.0,6,Simul_-2,3.3,1.62,,,,
full_wolens,0,0.0,7,Simul_-3,3.1,1.58,,,,
full_wolens,0,0.0,8,Simul_-4,3.3,1.63,,,,
full_wolens,1,0.79,0,Simul_+4,3.6,1.67,,,,
full_wolens,1,0.79,1,Simul_+3,3.6,1.69,,,,
full_wolens,1,0.79,2,Simul_+2,3.6,1.71,,,,
full_wolens,1,0.79,3,Simul_+1,3.7,1.73,,,,
full_wolens,1,0.79,4,Simul_0,3.7,1.71,,,,
full_wolens,1,0.79,5,Simul_-1,3.6,1.66,,,,
full_wolens,1,0.79,6,Simul_-2,3.4,1.61,,,,
full_wolens,1,0.79,7,Simul_-3,3.2,1.6,,,,
full_wolens,1,0.79,8,Simul_-4,3.3,1.63,,,,
full_wolens,2,1.57,0,Simul_+4,3.3,1.61,,,,
full_wolens,2,1.57,1,Simul_+3,3.3,1.65,,,,
full_wolens,2,1.57,2,Simul_+2,3.3,1.64,,,,
full_wolens,2,1.57,3,Simul_+1,3.2,1.61,,,,
full_wolens,2,1.57,4,Simul_0,3.3,1.62,,,,
full_wolens,2,1.57,5,Simul_-1,3.5,1.68,,,,
full_wolens,2,1.57,6,Simul_-2,3.6,1.7,,,,
full_wolens,2,1.57,7,Simul_-3,3.3,1.64,,,,
full_wolens,2,1.57,8,Simul_-4,2.9,1.54,,,,
full_wolens,3,2.36,0,Simul_+4,2.9,1.55,,,,
full_wolens,3,2.36,1,Simul_+3,2.8,1.54,,,,
full_wolens,3,2.36,2,Simul_+2,2.9,1.55,,,,
full_wolens,3,2.36,3,Simul_+1,3.1,1.58,,,,
full_wolens,3,2.36,4,Simul_0,3.1,1.6,,,,
full_wolens,3,2.36,5,Simul_-1,3.1,1.59,,,,
full_wolens,3,2.36,6,Simul_-2,3.0,1.57,,,,
full_wolens,3,2.36,7,Simul_-3,3.0,1.57,,,,
full_wolens,3,2.36,8,Simul_-4,3.2,1.6,,,,
full_wolens,4,3.14,0,Simul_+4,2.9,1.56,,,,
full_wolens,4,3.14,1,Simul_+3,2.9,1.54,,,,
full_wolens,4,3.14,2,Simul_+2,2.9,1.54,,,,
full_wolens,4,3.14,3,Simul_+1,3.0,1.57,,,,
full_wolens,4,3.14,4,Simul_0,3.1,1.59,,,,
full_wolens,4,3.14,5,Simul_-1,3.0,1.59,,,,
full_wolens,4,3.14,6,Simul_-2,3.0,1.59,,,,
full_wolens,4,3.14,7,Simul_-3,3.1,1.6,,,,
full_wolens,4,3.14,8,Simul_-4,3.2,1.62,,,,
full_wolens,5,3.93,0,Simul_+4,1.8,1.28,,,,
full_wolens,5,3.93,1,Simul_+3,2.1,1.32,,,,
full_wolens,5,3.93,2,Simul_+2,2.3,1.35,,,,
full_wolens,5,3.93,3,Simul_+1,2.5,1.37,,,,
full_wolens,5,3.93,4,Simul_0,2.6,1.39,,,,
full_wolens,5,3.93,5,Simul_-1,2.6,1.42,,,,
full_wolens,5,3.93,6,Simul_-2,2.8,1.45,,,,
full_wolens,5,3.93,7,Simul_-3,3.0,1.49,,,,
full_wolens,5,3.93,8,Simul_-4,3.2,1.54,,,,
full_wolens,6,4.71,0,Simul_+4,2.6,1.48,,,,
full_wolens,6,4.71,1,Simul_+3,2.7,1.5,,,,
full_wolens,6,4.71,2,Simul_+2,2.8,1.54,,,,
full_wolens,6,4.71,3,Simul_+1,2.8,1.53,,,,
full_wolens,6,4.71,4,Simul_0,2.6,1.49,,,,
full_wolens,6,4.71,5,Simul_-1,2.7,1.51,,,,
full_wolens,6,4.71,6,Simul_-2,2.8,1.53,,,,
full_wolens,6,4.71,7,Simul_-3,2.8,1.52,,,,
full_wolens,6,4.71,8,Simul_-4,2.7,1.51,,,,
full_wolens,7,5.5,0,Simul_+4,2.5,1.47,,,,
full_wolens,7,5.5,1,Simul_+3,2.5,1.46,,,,
full_wolens,7,5.5,2,Simul_+2,2.5,1.47,,,,
full_wolens,7,5.5,3,Simul_+1,2.6,1.48,,,,
full_wolens,7,5.5,4,Simul_0,2.6,1.49,,,,
full_wolens,7,5.5,5,Simul_-1,2.5,1.47,,,,
full_wolens,7,5.5,6,Simul_-2,2.5,1.48,,,,
full_wolens,7,5.5,7,Simul_-3,2.7,1.5,,,,
full_wolens,7,5.5,8,Simul_-4,2.6,1.49,,,,
full_wolens,8,6.28,0,Simul_+4,2.3,1.43,,,,
full_wolens,8,6.28,1,Simul_+3,2.3,1.43,,,,
full_wolens,8,6.28,2,Simul_+2,2.3,1.43,,,,
full_wolens,8,6.28,3,Simul_+1,2.3,1.43,,,,
full_wolens,8,6.28,4,Simul_0,2.3,1.42,,,,
full_wolens,8,6.28,5,Simul_-1,2.2,1.41,,,,
full_wolens,8,6.28,6,Simul_-2,2.3,1.43,,,,
full_wolens,8,6.28,7,Simul_-3,2.2,1.4,,,,
full_wolens,8,6.28,8,Simul_-4,2.2,1.4,,,,
full_wolens,9,7.07,0,Simul_+4,2.2,1.4,,,,
full_wolens,9,7.07,1,Simul_+3,2.1,1.38,,,,
full_wolens,9,7.07,2,Simul_+2,2.0,1.37,,,,
full_wolens,9,7.07,3,Simul_+1,2.1,1.38,,,,
full_wolens,9,7.07,4,Simul_0,2.0,1.37,,,,
full_wolens,9,7.07,5,Simul_-1,2.1,1.38,,,,
full_wolens,9,7.07,6,Simul_-2,2.0,1.36,,,,
full_wolens,9,7.07,7,Simul_-3,2.1,1.37,,,,
full_wolens,9,7.07,8,Simul_-4,2.0,1.37,,,,
full_wolens,10,7.85,0,Simul_+4,2.4,1.44,,,,
full_wolens,10,7.85,1,Simul_+3,2.4,1.43,,,,
full_wolens,10,7.85,2,Simul_+2,2.4,1.44,,,,
full_wolens,10,7.85,3,Simul_+1,2.5,1.45,,,,
full_wolens,10,7.85,4,Simul_0,2.5,1.45,,,,
full_wolens,10,7.85,5,Simul_-1,2.6,1.47,,,,
full_wolens,10,7.85,6,Simul_-2,2.6,1.48,,,,
full_wolens,10,7.85,7,Simul_-3,2.6,1.48,,,,
full_wolens,10,7.85,8,Simul_-4,2.7,1.51,,,,
full_wolens,11,8.64,0,Simul_+4,1.8,1.32,,,,
full_wolens,11,8.64,1,Simul_+3,1.8,1.31,,,,
full_wolens,11,8.64,2,Simul_+2,1.8,1.32,,,,
full_wolens,11,8.64,3,Simul_+1,1.7,1.29,,,,
full_wolens,11,8.64,4,Simul_0,1.7,1.3,,,,
full_wolens,11,8.64,5,Simul_-1,1.7,1.29,,,,
full_wolens,11,8.64,6,Simul_-2,1.6,1.28,,,,
full_wolens,11,8.64,7,Simul_-3,1.7,1.29,,,,
full_wolens,11,8.64,8,Simul_-4,1.6,1.28,,,,
full_wolens,12,9.42,0,Simul_+4,1.8,1.32,,,,
full_wolens,12,9.42,1,Simul_+3,1.8,1.32,,,,
full_wolens,12,9.42,2,Simul_+2,1.7,1.31,,,,
full_wolens,12,9.42,3,Simul_+1,1.7,1.31,,,,
full_wolens,12,9.42,4,Simul_0,1.8,1.31,,,,
full_wolens,12,9.42,5,Simul_-1,1.8,1.31,,,,
full_wolens,12,9.42,6,Simul_-2,1.8,1.31,,,,
full_wolens,12,9.42,7,Simul_-3,1.7,1.3,,,,
full_wolens,12,9.42,8,Simul_-4,1.7,1.31,,,,
full_wolens,13,10.21,0,Simul_+4,1.9,1.35,,,,
full_wolens,13,10.21,1,Simul_+3,2.0,1.36,,,,
full_wolens,13,10.21,2,Simul_+2,2.0,1.36,,,,
full_wolens,13,10.21,3,Simul_+1,1.9,1.35,,,,
full_wolens,13,10.21,4,Simul_0,2.0,1.36,,,,
full_wolens,13,10.21,5,Simul_-1,1.9,1.35,,,,
full_wolens,13,10.21,6,Simul_-2,1.9,1.35,,,,
full_wolens,13,10.21,7,Simul_-3,2.0,1.36,,,,
full_wolens,13,10.21,8,Simul_-4,1.9,1.34,,,,
full_wolens,14,10.99,0,Simul_+4,1.7,1.29,,,,
full_wolens,14,10.99,1,Simul_+3,1.6,1.29,,,,
full_wolens,14,10.99,2,Simul_+2,1.6,1.29,,,,
full_wolens,14,10.99,3,Simul_+1,1.7,1.29,,,,
full_wolens,14,10.99,4,Simul_0,1.6,1.29,,,,
full_wolens,14,10.99,5,Simul_-1,1.7,1.29,,,,
full_wolens,14,10.99,6,Simul_-2,1.6,1.29,,,,
full_wolens,14,10.99,7,Simul_-3,1.7,1.29,,,,
full_wolens,14,10.99,8,Simul_-4,1.7,1.3,,,,
full_wolens,15,11.78,0,Simul_+4,1.7,1.3,,,,
full_wolens,15,11.78,1,Simul_+3,1.7,1.31,,,,
full_wolens,15,11.78,2,Simul_+2,1.8,1.32,,,,
full_wolens,15,11.78,3,Simul_+1,1.8,1.31,,,,
full_wolens,15,11.78,4,Simul_0,1.8,1.32,,,,
full_wolens,15,11.78,5,Simul_-1,1.8,1.32,,,,
full_wolens,15,11.78,6,Simul_-2,1.8,1.32,,,,
full_wolens,15,11.78,7,Simul_-3,1.8,1.32,,,,
full_wolens,15,11.78,8,Simul_-4,1.8,1.32,,,,
full_wolens,16,12.56,0,Simul_+4,1.5,1.27,,,,
full_wolens,16,12.56,1,Simul_+3,1.5,1.27,,,,
full_wolens,16,12.56,2,Simul_+2,1.5,1.27,,,,
full_wolens,16,12.56,3,Simul_+1,1.5,1.27,,,,
full_wolens,16,12.56,4,Simul_0,1.5,1.27,,,,
full_wolens,16,12.56,5,Simul_-1,1.5,1.26,,,,
full_wolens,16,12.56,6,Simul_-2,1.5,1.26,,,,
full_wolens,16,12.56,7,Simul_-3,1.5,1.27,,,,
full_wolens,16,12.56,8,Simul_-4,1.6,1.27,,,,
full_wolens,17,13.35,0,Simul_+4,1.0,1.17,,,,
full_wolens,17,13.35,1,Simul_+3,1.0,1.17,,,,
full_wolens,17,13.35,2,Simul_+2,1.0,1.17,,,,
full_wolens,17,13.35,3,Simul_+1,1.0,1.17,,,,
full_wolens,17,13.35,4,Simul_0,1.0,1.17,,,,
full_wolens,17,13.35,5,Simul_-1,1.0,1.16,,,,
full_wolens,17,13.35,6,Simul_-2,0.9,1.15,,,,
full_wolens,17,13.35,7,Simul_-3,0.9,1.15,,,,
full_wolens,17,13.35,8,Simul_-4,0.9,1.15,,,,
full_wolens,18,14.13,0,Simul_+4,1.1,1.17,,,,
full_wolens,18,14.13,1,Simul_+3,1.0,1.17,,,,
full_wolens,18,14.13,2,Simul_+2,1.0,1.16,,,,
full_wolens,18,14.13,3,Simul_+1,1.0,1.16,,,,
full_wolens,18,14.13,4,Simul_0,1.0,1.16,,,,
full_wolens,18,14.13,5,Simul_-1,1.0,1.16,,,,
full_wolens,18,14.13,6,Simul_-2,1.0,1.16,,,,
full_wolens,18,14.13,7,Simul_-3,1.0,1.16,,,,
full_wolens,18,14.13,8,Simul_-4,1.0,1.16,,,,
full_wolens,19,14.92,0,Simul_+4,0.7,1.11,,,,
full_wolens,19,14.92,1,Simul_+3,0.7,1.11,,,,
full_wolens,19,14.92,2,Simul_+2,0.7,1.11,,,,
full_wolens,19,14.92,3,Simul_+1,0.7,1.11,,,,
full_wolens,19,14.92,4,Simul_0,0.7,1.11,,,,
full_wolens,19,14.92,5,Simul_-1,0.7,1.12,,,,
full_wolens,19,14.92,6,Simul_-2,0.7,1.12,,,,
full_wolens,19,14.92,7,Simul_-3,0.7,1.12,,,,
full_wolens,19,14.92,8,Simul_-4,0.8,1.13,,,,
full_wolens,20,15.7,0,Simul_+4,0.3,1.05,,,,
full_wolens,20,15.7,1,Simul_+3,0.3,1.05,,,,
full_wolens,20,15.7,2,Simul_+2,0.3,1.05,,,,
full_wolens,20,15.7,3,Simul_+1,0.3,1.05,,,,
full_wolens,20,15.7,4,Simul_0,0.3,1.05,,,,
full_wolens,20,15.7,5,Simul_-1,0.3,1.04,,,,
full_wolens,20,15.7,6,Simul_-2,0.3,1.04,,,,
full_wolens,20,15.7,7,Simul_-3,0.3,1.04,,,,
full_wolens,20,15.7,8,Simul_-4,0.3,1.05,,,,
full_wolens,21,16.49,0,Simul_+4,0.0,1.0,,,,
full_wolens,21,16.49,1,Simul_+3,0.0,1.0,,,,
full_wolens,21,16.49,2,Simul_+2,0.1,1.0,,,,
full_wolens,21,16.49,3,Simul_+1,0.1,1.01,,,,
full_wolens,21,16.49,4,Simul_0,0.1,1.0,,,,
full_wolens,21,16.49,5,Simul_-1,0.1,1.01,,,,
full_wolens,21,16.49,6,Simul_-2,0.1,1.01,,,,
full_wolens,21,16.49,7,Simul_-3,0.1,1.01,,,,
full_wolens,21,16.49,8,Simul_-4,0.1,1.01,,,,
full_wolens,22,17.27,0,Simul_+4,-0.4,0.94,,,,
full_wolens,22,17.27,1,Simul_+3,-0.3,0.95,,,,
full_wolens,22,17.27,2,Simul_+2,-0.3,0.95,,,,
full_wolens,22,17.27,3,Simul_+1,-0.3,0.95,,,,
full_wolens,22,17.27,4,Simul_0,-0.3,0.95,,,,
full_wolens,22,17.27,5,Simul_-1,-0.2,0.96,,,,
full_wolens,22,17.27,6,Simul_-2,-0.2,0.96,,,,
full_wolens,22,17.27,7,Simul_-3,-0.2,0.96,,,,
full_wolens,22,17.27,8,Simul_-4,-0.2,0.97,,,,
full_wolens,23,18.06,0,Simul_+4,-0.4,0.92,,,,
full_wolens,23,18.06,1,Simul_+3,-0.5,0.92,,,,
full_wolens,23,18.06,2,Simul_+2,-0.5,0.92,,,,
full_wolens,23,18.06,3,Simul_+1,-0.5,0.92,,,,
full_wolens,23,18.06,4,Simul_0,-0.5,0.92,,,,
full_wolens,23,18.06,5,Simul_-1,-0.5,0.91,,,,
full_wolens,23,18.06,6,Simul_-2,-0.5,0.91,,,,
full_wolens,23,18.06,7,Simul_-3,-0.5,0.91,,,,
full_wolens,23,18.06,8,Simul_-4,-0.5,0.91,,,,
full_wolens,24,18.84,0,Simul_+4,-0.7,0.89,,,,
full_wolens,24,18.84,1,Simul_+3,-0.7,0.89,,,,
full_wolens,24,18.84,2,Simul_+2,-0.7,0.89,,,,
full_wolens,24,18.84,3,Simul_+1,-0.7,0.89,,,,
full_wolens,24,18.84,4,Simul_0,-0.6,0.89,,,,
full_wolens,24,18.84,5,Simul_-1,-0.7,0.89,,,,
full_wolens,24,18.84,6,Simul_-2,-0.7,0.89,,,,
full_wolens,24,18.84,7,Simul_-3,-0.6,0.89,,,,
full_wolens,24,18.84,8,Simul_-4,-0.6,0.89,,,,
full_wolens,25,19.63,0,Simul_+4,-0.7,0.88,,,,
full_wolens,25,19.63,1,Simul_+3,-0.7,0.88,,,,
full_wolens,25,19.63,2,Simul_+2,-0.8,0.87,,,,
full_wolens,25,19.63,3,Simul_+1,-0.8,0.88,,,,
full_wolens,25,19.63,4,Simul_0,-0.8,0.87,,,,
full_wolens,25,19.63,5,Simul_-1,-0.8,0.87,,,,
full_wolens,25,19.63,6,Simul_-2,-0.8,0.87,,,,
full_wolens,25,19.63,7,Simul_-3,-0.8,0.87,,,,
full_wolens,25,19.63,8,Simul_-4,-0.8,0.86,,,,
full_wolens,26,20.41,0,Simul_+4,-1.7,0.74,,,,
full_wolens,26,20.41,1,Simul_+3,-1.6,0.75,,,,
full_wolens,26,20.41,2,Simul_+2,-1.6,0.75,,,,
full_wolens,26,20.41,3,Simul_+1,-1.6,0.74,,,,
full_wolens,26,20.41,4,Simul_0,-1.6,0.75,,,,
full_wolens,26,20.41,5,Simul_-1,-1.6,0.74,,,,
full_wolens,26,20.41,6,Simul_-2,-1.5,0.76,,,,
full_wolens,26,20.41,7,Simul_-3,-1.5,0.76,,,,
full_wolens,26,20.41,8,Simul_-4,-1.5,0.76,,,,
full_wolens,27,21.2,0,Simul_+4,-1.3,0.79,,,,
full_wolens,27,21.2,1,Simul_+3,-1.3,0.79,,,,
full_wolens,27,21.2,2,Simul_+2,-1.4,0.79,,,,
full_wolens,27,21.2,3,Simul_+1,-1.3,0.79,,,,
full_wolens,27,21.2,4,Simul_0,-1.3,0.79,,,,
full_wolens,27,21.2,5,Simul_-1,-1.3,0.8,,,,
full_wolens,27,21.2,6,Simul_-2,-1.3,0.79,,,,
full_wolens,27,21.2,7,Simul_-3,-1.4,0.78,,,,
full_wolens,27,21.2,8,Simul_-4,-1.3,0.79,,,,
full_wolens,28,21.98,0,Simul_+4,-1.6,0.75,,,,
full_wolens,28,21.98,1,Simul_+3,-1.6,0.74,,,,
full_wolens,28,21.98,2,Simul_+2,-1.6,0.74,,,,
full_wolens,28,21.98,3,Simul_+1,-1.6,0.75,,,,
full_wolens,28,21.98,4,Simul_0,-1.6,0.75,,,,
full_wolens,28,21.98,5,Simul_-1,-1.6,0.75,,,,
full_wolens,28,21.98,6,Simul_-2,-1.7,0.74,,,,
full_wolens,28,21.98,7,Simul_-3,-1.6,0.75,,,,
full_wolens,28,21.98,8,Simul_-4,-1.7,0.74,,,,
full_wolens,29,22.77,0,Simul_+4,-2.0,0.71,,,,
full_wolens,29,22.77,1,Simul_+3,-1.9,0.71,,,,
full_wolens,29,22.77,2,Simul_+2,-1.9,0.72,,,,
full_wolens,29,22.77,3,Simul_+1,-1.8,0.73,,,,
full_wolens,29,22.77,4,Simul_0,-1.8,0.72,,,,
full_wolens,29,22.77,5,Simul_-1,-1.9,0.72,,,,
full_wolens,29,22.77,6,Simul_-2,-2.0,0.71,,,,
full_wolens,29,22.77,7,Simul_-3,-1.9,0.71,,,,
full_wolens,29,22.77,8,Simul_-4,-1.9,0.72,,,,
full_wolens,30,23.55,0,Simul_+4,-2.3,0.66,,,,
full_wolens,30,23.55,1,Simul_+3,-2.3,0.66,,,,
full_wolens,30,23.55,2,Simul_+2,-2.3,0.67,,,,
full_wolens,30,23.55,3,Simul_+1,-2.3,0.67,,,,
full_wolens,30,23.55,4,Simul_0,-2.3,0.66,,,,
full_wolens,30,23.55,5,Simul_-1,-2.2,0.67,,,,
full_wolens,30,23.55,6,Simul_-2,-2.2,0.67,,,,
full_wolens,30,23.55,7,Simul_-3,-2.2,0.67,,,,
full_wolens,30,23.55,8,Simul_-4,-2.2,0.67,,,,
full_wolens,31,24.34,0,Simul_+4,-3.4,0.52,,,,
full_wolens,31,24.34,1,Simul_+3,-3.3,0.54,,,,
full_wolens,31,24.34,2,Simul_+2,-3.0,0.57,,,,
full_wolens,31,24.34,3,Simul_+1,-2.7,0.6,,,,
full_wolens,31,24.34,4,Simul_0,-2.5,0.62,,,,
full_wolens,31,24.34,5,Simul_-1,-2.4,0.63,,,,
full_wolens,31,24.34,6,Simul_-2,-2.3,0.65,,,,
full_wolens,31,24.34,7,Simul_-3,-2.1,0.67,,,,
full_wolens,31,24.34,8,Simul_-4,-2.0,0.69,,,,
full_wolens,32,25.12,0,Simul_+4,-2.8,0.61,,,,
full_wolens,32,25.12,1,Simul_+3,-2.8,0.6,,,,
full_wolens,32,25.12,2,Simul_+2,-2.8,0.61,,,,
full_wolens,32,25.12,3,Simul_+1,-2.6,0.62,,,,
full_wolens,32,25.12,4,Simul_0,-2.6,0.62,,,,
full_wolens,32,25.12,5,Simul_-1,-2.8,0.61,,,,
full_wolens,32,25.12,6,Simul_-2,-2.8,0.61,,,,
full_wolens,32,25.12,7,Simul_-3,-2.7,0.61,,,,
full_wolens,32,25.12,8,Simul_-4,-2.8,0.61,,,,
full_wolens,33,25.91,0,Simul_+4,-3.2,0.56,,,,
full_wolens,33,25.91,1,Simul_+3,-3.2,0.56,,,,
full_wolens,33,25.91,2,Simul_+2,-3.0,0.58,,,,
full_wolens,33,25.91,3,Simul_+1,-2.8,0.6,,,,
full_wolens,33,25.91,4,Simul_0,-2.8,0.6,,,,
full_wolens,33,25.91,5,Simul_-1,-2.9,0.59,,,,
full_wolens,33,25.91,6,Simul_-2,-2.9,0.6,,,,
full_wolens,33,25.91,7,Simul_-3,-2.8,0.61,,,,
full_wolens,33,25.91,8,Simul_-4,-2.8,0.61,,,,
full_wolens,34,26.7,0,Simul_+4,-2.5,0.63,,,,
full_wolens,34,26.7,1,Simul_+3,-2.7,0.61,,,,
full_wolens,34,26.7,2,Simul_+2,-2.9,0.59,,,,
full_wolens,34,26.7,3,Simul_+1,-2.9,0.59,,,,
full_wolens,34,26.7,4,Simul_0,-2.8,0.61,,,,
full_wolens,34,26.7,5,Simul_-1,-2.7,0.61,,,,
full_wolens,34,26.7,6,Simul_-2,-2.8,0.6,,,,
full_wolens,34,26.7,7,Simul_-3,-2.9,0.59,,,,
full_wolens,34,26.7,8,Simul_-4,-3.0,0.59,,,,
full_wolens,35,27.48,0,Simul_+4,-2.7,0.61,,,,
full_wolens,35,27.48,1,Simul_+3,-2.4,0.64,,,,
full_wolens,35,27.48,2,Simul_+2,-2.7,0.62,,,,
full_wolens,35,27.48,3,Simul_+1,-3.1,0.57,,,,
full_wolens,35,27.48,4,Simul_0,-3.2,0.56,,,,
full_wolens,35,27.48,5,Simul_-1,-3.0,0.58,,,,
full_wolens,35,27.48,6,Simul_-2,-3.0,0.58,,,,
full_wolens,35,27.48,7,Simul_-3,-3.1,0.58,,,,
full_wolens,35,27.48,8,Simul_-4,-3.0,0.58,,,,
full_wolens,36,28.27,0,Simul_+4,-2.7,0.61,,,,
full_wolens,36,28.27,1,Simul_+3,-2.5,0.64,,,,
full_wolens,36,28.27,2,Simul_+2,-2.5,0.64,,,,
full_wolens,36,28.27,3,Simul_+1,-2.7,0.62,,,,
full_wolens,36,28.27,4,Simul_0,-2.8,0.6,,,,
full_wolens,36,28.27,5,Simul_-1,-2.8,0.61,,,,
full_wolens,36,28.27,6,Simul_-2,-2.6,0.63,,,,
full_wolens,36,28.27,7,Simul_-3,-2.4,0.66,,,,
full_wolens,36,28.27,8,Simul_-4,-2.5,0.64,,,,
full_wolens,37,29.05,0,Simul_+4,-2.3,0.67,,,,
full_wolens,37,29.05,1,Simul_+3,-2.3,0.66,,,,
full_wolens,37,29.05,2,Simul_+2,-2.3,0.67,,,,
full_wolens,37,29.05,3,Simul_+1,-2.3,0.66,,,,
full_wolens,37,29.05,4,Simul_0,-2.2,0.67,,,,
full_wolens,37,29.05,5,Simul_-1,-2.1,0.69,,,,
full_wolens,37,29.05,6,Simul_-2,-2.0,0.7,,,,
full_wolens,37,29.05,7,Simul_-3,-2.1,0.68,,,,
full_wolens,37,29.05,8,Simul_-4,-2.2,0.67,,,,
full_wolens,38,29.84,0,Simul_+4,-1.4,0.78,,,,
full_wolens,38,29.84,1,Simul_+3,-1.4,0.78,,,,
full_wolens,38,29.84,2,Simul_+2,-1.6,0.76,,,,
full_wolens,38,29.84,3,Simul_+1,-1.7,0.74,,,,
full_wolens,38,29.84,4,Simul_0,-1.5,0.76,,,,
full_wolens,38,29.84,5,Simul_-1,-1.3,0.79,,,,
full_wolens,38,29.84,6,Simul_-2,-1.3,0.8,,,,
full_wolens,38,29.84,7,Simul_-3,-1.4,0.78,,,,
full_wolens,38,29.84,8,Simul_-4,-1.5,0.77,,,,
full_wolens,39,30.62,0,Simul_+4,-0.6,0.89,,,,
full_wolens,39,30.62,1,Simul_+3,-0.7,0.88,,,,
full_wolens,39,30.62,2,Simul_+2,-0.7,0.88,,,,
full_wolens,39,30.62,3,Simul_+1,-0.8,0.86,,,,
full_wolens,39,30.62,4,Simul_0,-0.8,0.85,,,,
full_wolens,39,30.62,5,Simul_-1,-0.9,0.84,,,,
full_wolens,39,30.62,6,Simul_-2,-0.9,0.84,,,,
full_wolens,39,30.62,7,Simul_-3,-0.9,0.85,,,,
full_wolens,39,30.62,8,Simul_-4,-0.8,0.85,,,,
full_wolens,40,31.41,0,Simul_+4,0.0,0.99,,,,
full_wolens,40,31.41,1,Simul_+3,0.1,1.0,,,,
full_wolens,40,31.41,2,Simul_+2,0.0,1.0,,,,
full_wolens,40,31.41,3,Simul_+1,-0.0,0.98,,,,
full_wolens,40,31.41,4,Simul_0,-0.0,0.99,,,,
full_wolens,40,31.41,5,Simul_-1,0.1,1.0,,,,
full_wolens,40,31.41,6,Simul_-2,0.1,1.01,,,,
full_wolens,40,31.41,7,Simul_-3,0.2,1.02,,,,
full_wolens,40,31.41,8,Simul_-4,0.2,1.02,,,,
full_wolens,41,32.19,0,Simul_+4,1.4,1.23,,,,
full_wolens,41,32.19,1,Simul_+3,1.3,1.21,,,,
full_wolens,41,32.19,2,Simul_+2,1.1,1.19,,,,
full_wolens,41,32.19,3,Simul_+1,1.0,1.18,,,,
full_wolens,41,32.19,4,Simul_0,1.1,1.18,,,,
full_wolens,41,32.19,5,Simul_-1,1.2,1.2,,,,
full_wolens,41,32.19,6,Simul_-2,1.4,1.24,,,,
full_wolens,41,32.19,7,Simul_-3,1.6,1.27,,,,
full_wolens,41,32.19,8,Simul_-4,1.6,1.27,,,,
full_wolens,42,32.98,0,Simul_+4,2.4,1.41,,,,
full_wolens,42,32.98,1,Simul_+3,2.4,1.42,,,,
full_wolens,42,32.98,2,Simul_+2,2.5,1.44,,,,
full_wolens,42,32.98,3,Simul_+1,2.5,1.47,,,,
full_wolens,42,32.98,4,Simul_0,2.6,1.49,,,,
full_wolens,42,32.98,5,Simul_-1,2.7,1.5,,,,
full_wolens,42,32.98,6,Simul_-2,2.7,1.51,,,,
full_wolens,42,32.98,7,Simul_-3,2.7,1.51,,,,
full_wolens,42,32.98,8,Simul_-4,2.8,1.52,,,,
full_wolens,43,33.76,0,Simul_+4,3.7,1.72,,,,
full_wolens,43,33.76,1,Simul_+3,3.8,1.75,,,,
full_wolens,43,33.76,2,Simul_+2,4.0,1.79,,,,
full_wolens,43,33.76,3,Simul_+1,4.0,1.79,,,,
full_wolens,43,33.76,4,Simul_0,3.9,1.77,,,,
full_wolens,43,33.76,5,Simul_-1,3.6,1.71,,,,
full_wolens,43,33.76,6,Simul_-2,3.5,1.67,,,,
full_wolens,43,33.76,7,Simul_-3,3.6,1.7,,,,
full_wolens,43,33.76,8,Simul_-4,4.0,1.78,,,,
full_wolens,44,34.55,0,Simul_+4,5.4,2.14,,,,
full_wolens,44,34.55,1,Simul_+3,5.5,2.18,,,,
full_wolens,44,34.55,2,Simul_+2,5.5,2.18,,,,
full_wolens,44,34.55,3,Simul_+1,5.4,2.16,,,,
full_wolens,44,34.55,4,Simul_0,5.4,2.16,,,,
full_wolens,44,34.55,5,Simul_-1,5.5,2.18,,,,
full_wolens,44,34.55,6,Simul_-2,5.5,2.17,,,,
full_wolens,44,34.55,7,Simul_-3,5.3,2.13,,,,
full_wolens,44,34.55,8,Simul_-4,5.3,2.12,,,,
full_wolens,45,35.33,0,Simul_+4,7.3,2.63,,,,
full_wolens,45,35.33,1,Simul_+3,7.5,2.7,,,,
full_wolens,45,35.33,2,Simul_+2,7.4,2.64,,,,
full_wolens,45,35.33,3,Simul_+1,7.0,2.55,,,,
full_wolens,45,35.33,4,Simul_0,7.1,2.58,,,,
full_wolens,45,35.33,5,Simul_-1,7.4,2.68,,,,
full_wolens,45,35.33,6,Simul_-2,7.4,2.67,,,,
full_wolens,45,35.33,7,Simul_-3,7.1,2.61,,,,
full_wolens,45,35.33,8,Simul_-4,7.1,2.61,,,,
full_wolens,46,36.12,0,Simul_+4,9.4,3.22,,,,
full_wolens,46,36.12,1,Simul_+3,9.3,3.18,,,,
full_wolens,46,36.12,2,Simul_+2,9.3,3.22,,,,
full_wolens,46,36.12,3,Simul_+1,9.4,3.26,,,,
full_wolens,46,36.12,4,Simul_0,9.3,3.22,,,,
full_wolens,46,36.12,5,Simul_-1,9.2,3.2,,,,
full_wolens,46,36.12,6,Simul_-2,9.4,3.26,,,,
full_wolens,46,36.12,7,Simul_-3,9.4,3.28,,,,
full_wolens,46,36.12,8,Simul_-4,9.3,3.23,,,,
full_wolens,47,36.9,0,Simul_+4,11.2,3.82,,,,
full_wolens,47,36.9,1,Simul_+3,11.1,3.76,,,,
full_wolens,47,36.9,2,Simul_+2,11.2,3.79,,,,
full_wolens,47,36.9,3,Simul_+1,11.2,3.78,,,,
full_wolens,47,36.9,4,Simul_0,11.0,3.71,,,,
full_wolens,47,36.9,5,Simul_-1,11.2,3.76,,,,
full_wolens,47,36.9,6,Simul_-2,11.0,3.71,,,,
full_wolens,47,36.9,7,Simul_-3,11.2,3.78,,,,
full_wolens,47,36.9,8,Simul_-4,11.1,3.77,,,,
full_wolens,48,37.69,0,Simul_+4,12.3,4.15,,,,
full_wolens,48,37.69,1,Simul_+3,12.4,4.18,,,,
full_wolens,48,37.69,2,Simul_+2,12.2,4.12,,,,
full_wolens,48,37.69,3,Simul_+1,12.3,4.16,,,,
full_wolens,48,37.69,4,Simul_0,12.3,4.13,,,,
full_wolens,48,37.69,5,Simul_-1,12.5,4.19,,,,
full_wolens,48,37.69,6,Simul_-2,12.3,4.13,,,,
full_wolens,48,37.69,7,Simul_-3,12.6,4.22,,,,
full_wolens,48,37.69,8,Simul_-4,12.4,4.17,,,,
full_wolens,49,38.47,0,Simul_+4,13.0,4.37,,,,
full_wolens,49,38.47,1,Simul_+3,12.9,4.34,,,,
full_wolens,49,38.47,2,Simul_+2,13.0,4.36,,,,
full_wolens,49,38.47,3,Simul_+1,12.8,4.29,,,,
full_wolens,49,38.47,4,Simul_0,13.0,4.35,,,,
full_wolens,49,38.47,5,Simul_-1,12.8,4.29,,,,
full_wolens,49,38.47,6,Simul_-2,13.1,4.4,,,,
full_wolens,49,38.47,7,Simul_-3,12.9,4.32,,,,
full_wolens,49,38.47,8,Simul_-4,13.1,4.36,,,,
full_wolens,50,39.26,0,Simul_+4,13.4,4.45,,,,
full_wolens,50,39.26,1,Simul_+3,13.8,4.59,,,,
full_wolens,50,39.26,2,Simul_+2,13.6,4.53,,,,
full_wolens,50,39.26,3,Simul_+1,13.7,4.58,,,,
full_wolens,50,39.26,4,Simul_0,13.6,4.55,,,,
full_wolens,50,39.26,5,Simul_-1,13.5,4.52,,,,
full_wolens,50,39.26,6,Simul_-2,13.6,4.57,,,,
full_wolens,50,39.26,7,Simul_-3,13.4,4.51,,,,
full_wolens,50,39.26,8,Simul_-4,13.6,4.55,,,,
full_wolens,51,40.04,0,Simul_+4,15.3,5.1,,,,
full_wolens,51,40.04,1,Simul_+3,15.3,5.11,,,,
full_wolens,51,40.04,2,Simul_+2,15.3,5.1,,,,
full_wolens,51,40.04,3,Simul_+1,15.4,5.15,,,,
full_wolens,51,40.04,4,Simul_0,15.5,5.18,,,,
full_wolens,51,40.04,5,Simul_-1,15.5,5.16,,,,
full_wolens,51,40.04,6,Simul_-2,15.4,5.13,,,,
full_wolens,51,40.04,7,Simul_-3,15.4,5.16,,,,
full_wolens,51,40.04,8,Simul_-4,15.5,5.18,,,,
full_wolens,52,40.83,0,Simul_+4,24.2,8.06,,,,
full_wolens,52,40.83,1,Simul_+3,24.2,8.04,,,,
full_wolens,52,40.83,2,Simul_+2,24.2,8.03,,,,
full_wolens,52,40.83,3,Simul_+1,24.1,8.02,,,,
full_wolens,52,40.83,4,Simul_0,24.1,8.03,,,,
full_wolens,52,40.83,5,Simul_-1,24.1,8.03,,,,
full_wolens,52,40.83,6,Simul_-2,24.2,8.03,,,,
full_wolens,52,40.83,7,Simul_-3,24.2,8.05,,,,
full_wolens,52,40.83,8,Simul_-4,24.3,8.07,,,,
full_wolens,53,41.61,0,Simul_+4,28.9,9.6,,,,
full_wolens,53,41.61,1,Simul_+3,28.3,9.41,,,,
full_wolens,53,41.61,2,Simul_+2,27.8,9.24,,,,
full_wolens,53,41.61,3,Simul_+1,27.4,9.09,,,,
full_wolens,53,41.61,4,Simul_0,27.0,8.96,,,,
full_wolens,53,41.61,5,Simul_-1,26.6,8.82,,,,
full_wolens,53,41.61,6,Simul_-2,26.2,8.7,,,,
full_wolens,53,41.61,7,Simul_-3,25.9,8.61,,,,
full_wolens,53,41.61,8,Simul_-4,25.6,8.52,,,,
full_wolens,54,42.4,0,Simul_+4,39.1,12.98,,,,
full_wolens,54,42.4,1,Simul_+3,41.6,13.81,,,,
full_wolens,54,42.4,2,Simul_+2,45.1,14.97,,,,
full_wolens,54,42.4,3,Simul_+1,18.2,6.06,,,,
full_wolens,54,42.4,4,Simul_0,18.3,6.07,,,,
full_wolens,54,42.4,5,Simul_-1,18.1,6.02,,,,
full_wolens,54,42.4,6,Simul_-2,45.5,15.12,,,,
full_wolens,54,42.4,7,Simul_-3,42.0,13.95,,,,
full_wolens,54,42.4,8,Simul_-4,39.5,13.13,,,,
full_wolens,55,43.18,0,Simul_+4,24.9,8.28,,,,
full_wolens,55,43.18,1,Simul_+3,25.2,8.38,,,,
full_wolens,55,43.18,2,Simul_+2,25.5,8.47,,,,
full_wolens,55,43.18,3,Simul_+1,25.9,8.61,,,,
full_wolens,55,43.18,4,Simul_0,26.4,8.77,,,,
full_wolens,55,43.18,5,Simul_-1,26.9,8.94,,,,
full_wolens,55,43.18,6,Simul_-2,27.5,9.15,,,,
full_wolens,55,43.18,7,Simul_-3,28.1,9.35,,,,
full_wolens,55,43.18,8,Simul_-4,28.8,9.57,,,,
full_wolens,56,43.97,0,Simul_+4,24.1,8.02,,,,
full_wolens,56,43.97,1,Simul_+3,24.1,8.0,,,,
full_wolens,56,43.97,2,Simul_+2,24.0,7.98,,,,
full_wolens,56,43.97,3,Simul_+1,24.0,7.98,,,,
full_wolens,56,43.97,4,Simul_0,24.0,7.97,,,,
full_wolens,56,43.97,5,Simul_-1,24.0,7.97,,,,
full_wolens,56,43.97,6,Simul_-2,24.0,7.98,,,,
full_wolens,56,43.97,7,Simul_-3,24.1,8.01,,,,
full_wolens,56,43.97,8,Simul_-4,24.1,8.01,,,,
full_wolens,57,44.75,0,Simul_+4,15.9,5.25,,,,
full_wolens,57,44.75,1,Simul_+3,15.9,5.25,,,,
full_wolens,57,44.75,2,Simul_+2,15.4,5.14,,,,
full_wolens,57,44.75,3,Simul_+1,15.6,5.19,,,,
full_wolens,57,44.75,4,Simul_0,15.5,5.13,,,,
full_wolens,57,44.75,5,Simul_-1,15.0,4.92,,,,
full_wolens,57,44.75,6,Simul_-2,15.2,5.04,,,,
full_wolens,57,44.75,7,Simul_-3,15.2,5.06,,,,
full_wolens,57,44.75,8,Simul_-4,15.5,5.15,,,,
full_wolens,58,45.54,0,Simul_+4,11.8,3.94,,,,
full_wolens,58,45.54,1,Simul_+3,11.5,3.84,,,,
full_wolens,58,45.54,2,Simul_+2,11.7,3.95,,,,
full_wolens,58,45.54,3,Simul_+1,11.6,3.88,,,,
full_wolens,58,45.54,4,Simul_0,11.6,3.91,,,,
full_wolens,58,45.54,5,Simul_-1,11.5,3.88,,,,
full_wolens,58,45.54,6,Simul_-2,11.5,3.84,,,,
full_wolens,58,45.54,7,Simul_-3,11.4,3.77,,,,
full_wolens,58,45.54,8,Simul_-4,11.3,3.77,,,,
full_wolens,59,46.32,0,Simul_+4,8.9,3.12,,,,
full_wolens,59,46.32,1,Simul_+3,8.7,3.01,,,,
full_wolens,59,46.32,2,Simul_+2,8.8,2.99,,,,
full_wolens,59,46.32,3,Simul_+1,9.2,3.08,,,,
full_wolens,59,46.32,4,Simul_0,8.7,2.96,,,,
full_wolens,59,46.32,5,Simul_-1,8.8,2.98,,,,
full_wolens,59,46.32,6,Simul_-2,8.9,3.05,,,,
full_wolens,59,46.32,7,Simul_-3,9.0,3.09,,,,
full_wolens,59,46.32,8,Simul_-4,8.8,3.05,,,,
full_wolens,60,47.11,0,Simul_+4,6.8,2.53,,,,
full_wolens,60,47.11,1,Simul_+3,6.8,2.5,,,,
full_wolens,60,47.11,2,Simul_+2,6.8,2.5,,,,
full_wolens,60,47.11,3,Simul_+1,6.5,2.41,,,,
full_wolens,60,47.11,4,Simul_0,6.7,2.44,,,,
full_wolens,60,47.11,5,Simul_-1,6.6,2.42,,,,
full_wolens,60,47.11,6,Simul_-2,6.7,2.48,,,,
full_wolens,60,47.11,7,Simul_-3,6.7,2.45,,,,
full_wolens,60,47.11,8,Simul_-4,6.9,2.48,,,,
full_wolens,61,47.89,0,Simul_+4,5.3,2.11,,,,
full_wolens,61,47.89,1,Simul_+3,5.0,2.04,,,,
full_wolens,61,47.89,2,Simul_+2,5.2,2.07,,,,
full_wolens,61,47.89,3,Simul_+1,5.2,2.06,,,,
full_wolens,61,47.89,4,Simul_0,5.3,2.08,,,,
full_wolens,61,47.89,5,Simul_-1,5.3,2.1,,,,
full_wolens,61,47.89,6,Simul_-2,5.2,2.09,,,,
full_wolens,61,47.89,7,Simul_-3,5.2,2.09,,,,
full_wolens,61,47.89,8,Simul_-4,5.1,2.06,,,,
full_wolens,62,48.68,0,Simul_+4,4.3,1.88,,,,
full_wolens,62,48.68,1,Simul_+3,4.4,1.89,,,,
full_wolens,62,48.68,2,Simul_+2,4.5,1.9,,,,
full_wolens,62,48.68,3,Simul_+1,4.3,1.85,,,,
full_wolens,62,48.68,4,Simul_0,4.2,1.84,,,,
full_wolens,62,48.68,5,Simul_-1,4.2,1.84,,,,
full_wolens,62,48.68,6,Simul_-2,4.2,1.83,,,,
full_wolens,62,48.68,7,Simul_-3,4.4,1.88,,,,
full_wolens,62,48.68,8,Simul_-4,4.5,1.91,,,,
full_wolens,63,49.46,0,Simul_+4,3.6,1.69,,,,
full_wolens,63,49.46,1,Simul_+3,3.7,1.71,,,,
full_wolens,63,49.46,2,Simul_+2,3.8,1.74,,,,
full_wolens,63,49.46,3,Simul_+1,3.7,1.73,,,,
full_wolens,63,49.46,4,Simul_0,3.8,1.75,,,,
full_wolens,63,49.46,5,Simul_-1,3.8,1.75,,,,
full_wolens,63,49.46,6,Simul_-2,3.8,1.74,,,,
full_wolens,63,49.46,7,Simul_-3,3.7,1.73,,,,
full_wolens,63,49.46,8,Simul_-4,3.5,1.68,,,,
full_wolens,64,50.25,0,Simul_+4,3.7,1.71,,,,
full_wolens,64,50.25,1,Simul_+3,3.7,1.72,,,,
full_wolens,64,50.25,2,Simul_+2,3.8,1.74,,,,
full_wolens,64,50.25,3,Simul_+1,3.9,1.77,,,,
full_wolens,64,50.25,4,Simul_0,4.0,1.78,,,,
full_wolens,64,50.25,5,Simul_-1,4.0,1.78,,,,
full_wolens,64,50.25,6,Simul_-2,3.9,1.77,,,,
full_wolens,64,50.25,7,Simul_-3,3.9,1.77,,,,
full_wolens,64,50.25,8,Simul_-4,3.8,1.75,,,,
full_wolens,65,51.03,0,Simul_+4,3.9,1.77,,,,
full_wolens,65,51.03,1,Simul_+3,3.8,1.74,,,,
full_wolens,65,51.03,2,Simul_+2,3.7,1.72,,,,
full_wolens,65,51.03,3,Simul_+1,3.8,1.75,,,,
full_wolens,65,51.03,4,Simul_0,4.0,1.77,,,,
full_wolens,65,51.03,5,Simul_-1,4.0,1.78,,,,
full_wolens,65,51.03,6,Simul_-2,3.9,1.74,,,,
full_wolens,65,51.03,7,Simul_-3,3.8,1.72,,,,
full_wolens,65,51.03,8,Simul_-4,3.7,1.7,,,,
full_wolens,66,51.82,0,Simul_+4,4.0,1.77,,,,
full_wolens,66,51.82,1,Simul_+3,3.9,1.77,,,,
full_wolens,66,51.82,2,Simul_+2,3.8,1.74,,,,
full_wolens,66,51.82,3,Simul_+1,3.7,1.72,,,,
full_wolens,66,51.82,4,Simul_0,3.7,1.73,,,,
full_wolens,66,51.82,5,Simul_-1,3.8,1.74,,,,
full_wolens,66,51.82,6,Simul_-2,3.6,1.69,,,,
full_wolens,66,51.82,7,Simul_-3,3.4,1.65,,,,
full_wolens,66,51.82,8,Simul_-4,3.6,1.68,,,,
full_wolens,67,52.6,0,Simul_+4,3.9,1.75,,,,
full_wolens,67,52.6,1,Simul_+3,3.8,1.71,,,,
full_wolens,67,52.6,2,Simul_+2,3.7,1.7,,,,
full_wolens,67,52.6,3,Simul_+1,3.7,1.72,,,,
full_wolens,67,52.6,4,Simul_0,3.7,1.71,,,,
full_wolens,67,52.6,5,Simul_-1,3.6,1.71,,,,
full_wolens,67,52.6,6,Simul_-2,3.7,1.72,,,,
full_wolens,67,52.6,7,Simul_-3,3.9,1.75,,,,
full_wolens,67,52.6,8,Simul_-4,4.0,1.78,,,,
full_wolens,68,53.39,0,Simul_+4,3.6,1.69,,,,
full_wolens,68,53.39,1,Simul_+3,3.5,1.68,,,,
full_wolens,68,53.39,2,Simul_+2,3.4,1.64,,,,
full_wolens,68,53.39,3,Simul_+1,3.4,1.65,,,,
full_wolens,68,53.39,4,Simul_0,3.7,1.72,,,,
full_wolens,68,53.39,5,Simul_-1,3.9,1.78,,,,
full_wolens,68,53.39,6,Simul_-2,3.9,1.77,,,,
full_wolens,68,53.39,7,Simul_-3,3.7,1.73,,,,
full_wolens,68,53.39,8,Simul_-4,3.6,1.7,,,,
full_wolens,69,54.18,0,Simul_+4,3.6,1.68,,,,
full_wolens,69,54.18,1,Simul_+3,3.4,1.65,,,,
full_wolens,69,54.18,2,Simul_+2,3.5,1.68,,,,
full_wolens,69,54.18,3,Simul_+1,3.8,1.74,,,,
full_wolens,69,54.18,4,Simul_0,3.9,1.75,,,,
full_wolens,69,54.18,5,Simul_-1,3.7,1.72,,,,
full_wolens,69,54.18,6,Simul_-2,3.6,1.7,,,,
full_wolens,69,54.18,7,Simul_-3,3.7,1.73,,,,
full_wolens,69,54.18,8,Simul_-4,3.7,1.73,,,,
full_wolens,70,54.96,0,Simul_+4,3.8,1.73,,,,
full_wolens,70,54.96,1,Simul_+3,3.8,1.74,,,,
full_wolens,70,54.96,2,Simul_+2,3.6,1.7,,,,
full_wolens,70,54.96,3,Simul_+1,3.3,1.64,,,,
full_wolens,70,54.96,4,Simul_0,3.4,1.65,,,,
full_wolens,70,54.96,5,Simul_-1,3.6,1.69,,,,
full_wolens,70,54.96,6,Simul_-2,3.7,1.71,,,,
full_wolens,70,54.96,7,Simul_-3,3.6,1.7,,,,
full_wolens,70,54.96,8,Simul_-4,3.6,1.7,,,,
full_wolens,71,55.75,0,Simul_+4,3.2,1.61,,,,
full_wolens,71,55.75,1,Simul_+3,3.4,1.64,,,,
full_wolens,71,55.75,2,Simul_+2,3.2,1.59,,,,
full_wolens,71,55.75,3,Simul_+1,3.0,1.53,,,,
full_wolens,71,55.75,4,Simul_0,3.0,1.55,,,,
full_wolens,71,55.75,5,Simul_-1,3.3,1.64,,,,
full_wolens,71,55.75,6,Simul_-2,3.5,1.68,,,,
full_wolens,71,55.75,7,Simul_-3,3.5,1.65,,,,
full_wolens,71,55.75,8,Simul_-4,3.4,1.6,,,,
full_wolens,72,56.53,0,Simul_+4,3.5,1.68,,,,
full_wolens,72,56.53,1,Simul_+3,3.1,1.59,,,,
full_wolens,72,56.53,2,Simul_+2,3.1,1.58,,,,
full_wolens,72,56.53,3,Simul_+1,3.3,1.65,,,,
full_wolens,72,56.53,4,Simul_0,3.6,1.71,,,,
full_wolens,72,56.53,5,Simul_-1,3.5,1.69,,,,
full_wolens,72,56.53,6,Simul_-2,3.3,1.62,,,,
full_wolens,72,56.53,7,Simul_-3,3.1,1.58,,,,
full_wolens,72,56.53,8,Simul_-4,3.3,1.63,,,,
