"patch_W [mm]","Freq [GHz]","S(1,1) []"
2.4,25,0.646080664687656 - 0.683935362161153i
2.4,25.0625,0.617519103267765 - 0.710213887292091i
2.4,25.125,0.587838325267126 - 0.735316408236136i
2.4,25.1875,0.557089494663221 - 0.75919024733611i
2.4,25.25,0.525326469386965 - 0.781785326408769i
2.4,25.3125,0.492605635945048 - 0.803054313703805i
2.4,25.375,0.458985735602807 - 0.82295275765013i
2.4,25.4375,0.42452768338205 - 0.841439206900183i
2.4,25.5,0.38929438115216 - 0.858475316316449i
2.4,25.5625,0.353350526101213 - 0.874025938677678i
2.4,25.625,0.316762415867509 - 0.888059202013494i
2.4,25.6875,0.279597751591158 - 0.900546572603512i
2.4,25.75,0.241925440111043 - 0.911462903799116i
2.4,25.8125,0.203815396485873 - 0.920786470941096i
2.4,25.875,0.165338347960055 - 0.928498992753306i
2.4,25.9375,0.126565640427081 - 0.934585639690122i
2.4,26,0.0875690483667811 - 0.939035029802969i
2.4,26.0625,0.0484205891490235 - 0.941839212767844i
2.4,26.125,0.0091923425073322 - 0.942993642781128i
2.4,26.1875,-0.0300437241074218 - 0.942497141084772i
2.4,26.25,-0.0692159236791518 - 0.940351848924171i
2.4,26.3125,-0.108253010767546 - 0.936563171772697i
2.4,26.375,-0.147084335218033 - 0.931139715676428i
2.4,26.4375,-0.18563998811668 - 0.924093216581292i
2.4,26.5,-0.223850939759194 - 0.915438463503378i
2.4,26.5625,-0.261649169492954 - 0.905193216392231i
2.4,26.625,-0.298967787376458 - 0.893378119517088i
2.4,26.6875,-0.335741147680775 - 0.880016611178376i
2.4,26.75,-0.371904954332022 - 0.865134830511994i
2.4,26.8125,-0.407396358462128 - 0.848761522112921i
2.4,26.875,-0.442154048296721 - 0.830927939158512i
2.4,26.9375,-0.476118331663458 - 0.811667745661268i
2.4,27,-0.509231211451951 - 0.791016918426746i
2.4,27.0625,-0.541436454396737 - 0.769013649235669i
2.4,27.125,-0.572679653588305 - 0.745698247710714i
2.4,27.1875,-0.602908285143748 - 0.721113045268887i
2.4,27.25,-0.632071759488383 - 0.695302300500442i
2.4,27.3125,-0.660121467713074 - 0.668312106255631i
2.4,27.375,-0.687010823479184 - 0.640190298661731i
2.4,27.4375,-0.712695300944445 - 0.610986368235346i
2.4,27.5,-0.737132469178883 - 0.580751373199428i
2.4,27.5625,-0.76028202353082 - 0.549537855060982i
2.4,27.625,-0.782105814388984 - 0.517399756454741i
2.4,27.6875,-0.802567873768656 - 0.484392341210071i
2.4,27.75,-0.821634440127642 - 0.450572116553587i
2.4,27.8125,-0.839273981792234 - 0.415996757318481i
2.4,27.875,-0.855457219344646 - 0.380725031993439i
2.4,27.9375,-0.870157147291847 - 0.344816730409622i
2.4,28,-0.8833490553018 - 0.308332592833469i
2.4,28.0625,-0.895010549257153 - 0.271334240205935i
2.4,28.125,-0.90512157233865 - 0.23388410524571i
2.4,28.1875,-0.913664426311372 - 0.196045364114506i
2.4,28.25,-0.92062379314655 - 0.157881868327134i
2.4,28.3125,-0.925986757070593 - 0.11945807657712i
2.4,28.375,-0.929742827091091 - 0.0808389861413124i
2.4,28.4375,-0.931883960007567 - 0.0420900635225338i
2.4,28.5,-0.932404583872571 - 0.0032771739895183i
2.4,28.5625,-0.931301621826757 + 0.0355334903229788i
2.4,28.625,-0.928574516190168 + 0.0742754840835382i
2.4,28.6875,-0.924225252651118 + 0.112882184521214i
2.4,28.75,-0.918258384354365 + 0.15128686957375i
2.4,28.8125,-0.910681055651694 + 0.189422798711576i
2.4,28.875,-0.901503025241012 + 0.227223296699937i
2.4,28.9375,-0.890736688384907 + 0.26462184053566i
2.4,29,-0.878397097866423 + 0.301552149765872i
2.4,29.0625,-0.864501983309119 + 0.337948280363248i
2.4,29.125,-0.84907176846039 + 0.37374472229656i
2.4,29.1875,-0.832129586011923 + 0.408876500896437i
2.4,29.25,-0.813701289509444 + 0.443279282074324i
2.4,29.3125,-0.793815461885627 + 0.476889481408327i
2.4,29.375,-0.772503420135827 + 0.509644377062655i
2.4,29.4375,-0.749799215646189 + 0.541482226458373i
2.4,29.5,-0.725739629678065 + 0.572342386562463i
2.4,29.5625,-0.700364163511865 + 0.602165437609826i
2.4,29.625,-0.673715022757622 + 0.630893310019628i
2.4,29.6875,-0.645837095348893 + 0.658469414213518i
2.4,29.75,-0.616777922751416 + 0.684838772989248i
2.4,29.8125,-0.586587663938286 + 0.709948156049558i
2.4,29.875,-0.555319051709271 + 0.733746216233704i
2.4,29.9375,-0.523027340963565 + 0.75618362694778i
2.4,30,-0.489770248572515 + 0.777213220241086i
2.4,30.0625,-0.455607884541602 + 0.796790124929679i
2.4,30.125,-0.420602674199173 + 0.814871904125383i
2.4,30.1875,-0.384819271202819 + 0.83141869148982i
2.4,30.25,-0.348324461212307 + 0.846393325499032i
2.4,30.3125,-0.311187056140732 + 0.859761480975351i
2.4,30.375,-0.273477778962069 + 0.871491797120291i
2.4,30.4375,-0.235269139123238 + 0.881556001265706i
2.4,30.5,-0.196635298681583 + 0.889929027550697i
2.4,30.5625,-0.157651929363548 + 0.896589129729443i
2.4,30.625,-0.11839606081627 + 0.901517987320389i
2.4,30.6875,-0.0789459204006089 + 0.904700804320376i
2.4,30.75,-0.0393807649501487 + 0.906126399728624i
2.4,30.8125,0.000219295004341544 + 0.905787289154894i
2.4,30.875,0.039773477972904 + 0.903679756823661i
2.4,30.9375,0.0792005205653795 + 0.899803917331696i
2.4,31,0.118418872164632 + 0.894163766569592i
2.4,31.0625,0.157346894447008 + 0.886767221278276i
2.4,31.125,0.195903064928832 + 0.877626146778782i
2.4,31.1875,0.234006183670202 + 0.866756372487006i
2.4,31.25,0.271575582227332 + 0.85417769490398i
2.4,31.3125,0.308531333913089 + 0.839913867855634i
2.4,31.375,0.344794464402091 + 0.823992579843147i
2.4,31.4375,0.380287161703451 + 0.80644541845467i
2.4,31.5,0.414932984519627 + 0.787307821880704i
2.4,31.5625,0.448657068015904 + 0.766619017667161i
2.4,31.625,0.481386326040337 + 0.744421948931487i
2.4,31.6875,0.513049648859571 + 0.720763188356586i
2.4,31.75,0.54357809551082 + 0.695692840363875i
2.4,31.8125,0.572905079914621 + 0.669264431949314i
2.4,31.875,0.600966549946175 + 0.641534792743548i
2.4,31.9375,0.627701158724274 + 0.612563924928699i
2.4,32,0.65305042744563 + 0.582414863708546i
2.4,32.0625,0.676958899167953 + 0.551153529085167i
2.4,32.125,0.699374283026189 + 0.51884856974292i
2.4,32.1875,0.720247588452257 + 0.485571199879272i
2.4,32.25,0.739533249058285 + 0.45139502985062i
2.4,32.3125,0.757189235935352 + 0.416395891520277i
2.4,32.375,0.773177160213412 + 0.380651659204046i
2.4,32.4375,0.787462364821912 + 0.344242067106947i
2.4,32.5,0.800014005483567 + 0.307248524132398i
2.4,32.5625,0.810805121064864 + 0.269753926922401i
2.4,32.625,0.81981269349482 + 0.231842471954952i
2.4,32.6875,0.827017697547375 + 0.193599467482661i
2.4,32.75,0.832405140861754 + 0.155111146045288i
2.4,32.8125,0.835964094647891 + 0.11646447822917i
2.4,32.875,0.837687715590165 + 0.0777469882786766i
2.4,32.9375,0.837573259521183 + 0.039046572089803i
2.4,33,0.835622087487633 + 0.000451318034512761i
2.4,33.0625,0.831839664871657 - 0.0379506690228866i
2.4,33.125,0.826235554263257 - 0.0760714402482606i
2.4,33.1875,0.818823402801432 - 0.113823371726443i
2.4,33.25,0.80962092471377 - 0.151119329643226i
2.4,33.3125,0.798649879785508 - 0.187872831789878i
2.4,33.375,0.785936048479579 - 0.223998205523209i
2.4,33.4375,0.771509204408418 - 0.259410742419033i
2.4,33.5,0.755403084826052 - 0.294026849961661i
2.4,33.5625,0.73765535976514 - 0.327764200716027i
2.4,33.625,0.718307600387675 - 0.360541879531477i
2.4,33.6875,0.697405247049946 - 0.392280529426169i
2.4,33.75,0.674997577501657 - 0.422902496897593i
2.4,33.8125,0.651137675545547 - 0.452331977496913i
2.4,33.875,0.62588240037708 - 0.480495162591732i
2.4,33.9375,0.599292356703475 - 0.507320388322088i
2.4,34,0.571431865606984 - 0.532738287827057i
2.4,34.0625,0.542368935968694 - 0.556681947882488i
2.4,34.125,0.512175236105711 - 0.579087071142608i
2.4,34.1875,0.480926065096038 - 0.599892145217696i
2.4,34.25,0.448700323071685 - 0.619038619844321i
2.4,34.3125,0.415580479551228 - 0.63647109341155i
2.4,34.375,0.381652538658274 - 0.652137510093051i
2.4,34.4375,0.347005999832548 - 0.665989368798109i
2.4,34.5,0.311733812386162 - 0.67798194509041i
2.4,34.5625,0.275932321989943 - 0.688074527128555i
2.4,34.625,0.239701206895867 - 0.696230666551605i
2.4,34.6875,0.203143401413221 - 0.702418445062455i
2.4,34.75,0.166365003861986 - 0.706610757246063i
2.4,34.8125,0.129475165931114 - 0.708785609893341i
2.4,34.875,0.0925859600774511 - 0.708926437779485i
2.4,34.9375,0.055812221319695 - 0.70702243546233i
2.4,35,0.0192713595196698 - 0.703068904216766i
2.4,35.0625,-0.0169168619897162 - 0.697067612700914i
2.4,35.125,-0.0526305857623227 - 0.689027169354762i
2.4,35.1875,-0.0877461620513795 - 0.678963403860092i
2.4,35.25,-0.122138497611265 - 0.666899754240845i
2.4,35.3125,-0.155681455999402 - 0.65286765535755i
2.4,35.375,-0.188248313756637 - 0.636906923652499i
2.4,35.4375,-0.219712276582177 - 0.619066132042332i
2.4,35.5,-0.249947059204133 - 0.599402967844316i
2.4,35.5625,-0.278827532056595 - 0.577984565579528i
2.4,35.625,-0.306230437086545 - 0.554887805444004i
2.4,35.6875,-0.332035174007983 - 0.530199567207563i
2.4,35.75,-0.356124657079 - 0.504016928326405i
2.4,35.8125,-0.378386240987058 - 0.47644729418317i
2.4,35.875,-0.398712712682352 - 0.447608447647985i
2.4,35.9375,-0.417003344001213 - 0.417628504642635i
2.4,36,-0.433164997684818 - 0.386645762149634i
2.4,36.0625,-0.447113276949526 - 0.35480842520391i
2.4,36.125,-0.458773706146448 - 0.322274199903042i
2.4,36.1875,-0.468082927318077 - 0.289209740436664i
2.4,36.25,-0.474989894696489 - 0.25578993962353i
2.4,36.3125,-0.479457046486128 - 0.222197054502608i
2.4,36.375,-0.481461430747361 - 0.188619661181995i
2.4,36.4375,-0.480995759972915 - 0.155251436415205i
2.4,36.5,-0.478069367167204 - 0.122289767229658i
2.4,36.5625,-0.472709035043282 - 0.0899341943269397i
2.4,36.625,-0.46495966948725 - 0.0583846998232734i
2.4,36.6875,-0.454884788838581 - 0.0278398550786418i
2.4,36.75,-0.442566801910158 + 0.00150515028559283i
2.4,36.8125,-0.42810705010673 + 0.0294605717521482i
2.4,36.875,-0.411625592536905 + 0.0558442341450175i
2.4,36.9375,-0.393260717644067 + 0.0804836806319387i
2.4,37,-0.373168170541101 + 0.103218306528413i
2.4,37.0625,-0.351520091796443 + 0.123901435063461i
2.4,37.125,-0.328503670698054 + 0.142402290593054i
2.4,37.1875,-0.304319523772992 + 0.158607824456116i
2.4,37.25,-0.279179817271163 + 0.172424349887241i
2.4,37.3125,-0.253306160106127 + 0.183778945187595i
2.4,37.375,-0.226927301039753 + 0.192620588691875i
2.4,37.4375,-0.200276670361126 + 0.19892099485231i
2.4,37.5,-0.17358981162865 + 0.20267512780654i
2.4,37.5625,-0.14710175294906 + 0.20390137684708i
2.4,37.625,-0.12104436955487 + 0.202641386946221i
2.4,37.6875,-0.0956437899894057 + 0.198959546549298i
2.4,37.75,-0.0711178969815412 + 0.192942143847796i
2.4,37.8125,-0.0476739711488767 + 0.184696211300241i
2.4,37.875,-0.0255065211535258 + 0.174348085928694i
2.4,37.9375,-0.00479533807358558 + 0.162041719573949i
2.4,38,0.0142961951695287 + 0.147936778601302i
2.4,38.0625,0.0316225161434302 + 0.132206576345889i
2.4,38.125,0.0470570018520395 + 0.115035883790708i
2.4,38.1875,0.060492787229061 + 0.0966186645844335i
2.4,38.25,0.0718432838946905 + 0.0771557796096079i
2.4,38.3125,0.0810424071008556 + 0.0568527040530398i
2.4,38.375,0.088044525185774 + 0.0359172965089379i
2.4,38.4375,0.0928241512662279 + 0.0145576552986552i
2.4,38.5,0.0953754012048228 - 0.00701990782519682i
2.4,38.5625,0.0957112450510748 - 0.0286127518489385i
2.4,38.625,0.0938625811792385 - 0.0500236293902335i
2.4,38.6875,0.0898771632911433 - 0.0710622346882057i
2.4,38.75,0.0838184104184476 - 0.0915465683403466i
2.4,38.8125,0.0757641291733949 - 0.111304115299737i
2.4,38.875,0.0658051759064925 - 0.130172836985812i
2.4,38.9375,0.0540440842877233 - 0.148001982100447i
2.4,39,0.0405936812878628 - 0.164652723838858i
2.4,39.0625,0.0255757117430788 - 0.179998633633717i
2.4,39.125,0.00911948877071457 - 0.19392600339087i
2.4,39.1875,-0.0086394156191935 - 0.206334029406423i
2.4,39.25,-0.0275604282087416 - 0.217134871854362i
2.4,39.3125,-0.0474991717203009 - 0.226253603967363i
2.4,39.375,-0.0683085950528986 - 0.233628064872663i
2.4,39.4375,-0.0898400324348001 - 0.239208629563i
2.4,39.5,-0.111944189246969 - 0.242957908749854i
2.4,39.5625,-0.13447205391425 - 0.24485039042919i
2.4,39.625,-0.157275736621707 - 0.244872033948409i
2.4,39.6875,-0.180209236704691 - 0.243019826249959i
2.4,39.75,-0.203129141400524 - 0.239301308826916i
2.4,39.8125,-0.225895259260597 - 0.233734082796143i
2.4,39.875,-0.248371191928846 - 0.226345298405048i
2.4,39.9375,-0.270424848223128 - 0.217171134261029i
2.4,40,-0.291928904536398 - 0.206256270625692i
2.4,40.0625,-0.312761215530779 - 0.193653360259113i
2.4,40.125,-0.332805178954065 - 0.179422499540236i
2.4,40.1875,-0.351950058187609 - 0.163630701930135i
2.4,40.25,-0.3700912658572 - 0.146351375285003i
2.4,40.3125,-0.387130611522965 - 0.127663804062536i
2.4,40.375,-0.402976516126104 - 0.107652637094237i
2.4,40.4375,-0.417544195523594 - 0.0864073813103132i
2.4,40.5,-0.43075581509805 - 0.0640219015970136i
2.4,40.5625,-0.442540617098744 - 0.04059392682977i
2.4,40.625,-0.45283502205908 - 0.0162245620518285i
2.4,40.6875,-0.461582705351828 + 0.00898219325152501i
2.4,40.75,-0.468734649690848 + 0.034919920806331i
2.4,40.8125,-0.474249174170584 + 0.061480253090041i
2.4,40.875,-0.478091940253947 + 0.0885533366226355i
2.4,40.9375,-0.480235934977227 + 0.116028288756445i
2.4,41,-0.480661431536942 + 0.143793647579755i
2.4,41.0625,-0.479355927357936 + 0.171737814408076i
2.4,41.125,-0.476314059712943 + 0.199749488193145i
2.4,41.1875,-0.471537498969436 + 0.227718091038609i
2.4,41.25,-0.46503481957717 + 0.255534183878358i
2.4,41.3125,-0.456821348976541 + 0.283089871252834i
2.4,41.375,-0.446918994700211 + 0.310279194014172i
2.4,41.4375,-0.435356050054655 + 0.336998508706004i
2.4,41.5,-0.422166978900448 + 0.363146852300843i
2.4,41.5625,-0.407392180196147 + 0.388626290938804i
2.4,41.625,-0.39107773312632 + 0.413342251297648i
2.4,41.6875,-0.373275123795459 + 0.437203833236334i
2.4,41.75,-0.354040954632287 + 0.460124102392442i
2.4,41.8125,-0.333436637809201 + 0.482020361477802i
2.4,41.875,-0.311528074135663 + 0.502814399105416i
2.4,41.9375,-0.288385319028838 + 0.522432715092789i
2.4,42,-0.26408223729625 + 0.540806721320563i
2.4,42.0625,-0.238696148580774 + 0.557872917378574i
2.4,42.125,-0.212307465415154 + 0.573573040401522i
2.4,42.1875,-0.184999325908833 + 0.587854188680619i
2.4,42.25,-0.156857223142048 + 0.600668918832694i
2.4,42.3125,-0.127968633369124 + 0.611975316510429i
2.4,42.375,-0.0984226451331709 + 0.62173704084336i
2.4,42.4375,-0.0683095913674007 + 0.629923343004477i
2.4,42.5,-0.0377206865040372 + 0.636509059497926i
2.4,42.5625,-0.0067476705310727 + 0.641474580955254i
2.4,42.625,0.0245175381677847 + 0.644805797407039i
2.4,42.6875,0.0559831794813432 + 0.646494021160397i
2.4,42.75,0.0875579761833148 + 0.64653588855805i
2.4,42.8125,0.119151445083493 + 0.644933242019551i
2.4,42.875,0.150674193480534 + 0.641692993868793i
2.4,42.9375,0.182038199853313 + 0.636826973533928i
2.4,43,0.213157077903728 + 0.630351759766532i
2.4,43.0625,0.243946323239096 + 0.622288499567241i
2.4,43.125,0.274323542154361 + 0.612662715526199i
2.4,43.1875,0.304208662141866 + 0.60150410328977i
2.4,43.25,0.333524123917903 + 0.588846320851337i
2.4,43.3125,0.362195054910487 + 0.574726771334794i
2.4,43.375,0.390149424300313 + 0.559186380895721i
2.4,43.4375,0.417318179846596 + 0.542269373308341i
2.4,43.5,0.44363536686029 + 0.524023042737294i
2.4,43.5625,0.469038229808298 + 0.504497526113365i
2.4,43.625,0.493467297142914 + 0.48374557644278i
2.4,43.6875,0.516866450049964 + 0.461822338282146i
2.4,43.75,0.539182975896314 + 0.438785126506986i
2.4,43.8125,0.560367607232104 + 0.414693209392802i
2.4,43.875,0.580374547264904 + 0.389607596915511i
2.4,43.9375,0.599161482772262 + 0.363590835064141i
2.4,44,0.616689585455607 + 0.336706806845257i
2.4,44.0625,0.632923502763229 + 0.309020540546465i
2.4,44.125,0.64783133922341 + 0.280598025717573i
2.4,44.1875,0.661384629331811 + 0.251506037223807i
2.4,44.25,0.673558303030898 + 0.221811967627164i
2.4,44.3125,0.684330644804766 + 0.191583668061022i
2.4,44.375,0.693683247391294 + 0.160889297680776i
2.4,44.4375,0.701600961086616 + 0.129797181701012i
2.4,44.5,0.708071839585553 + 0.0983756779693628i
2.4,44.5625,0.713087083267446 + 0.066693051980623i
2.4,44.625,0.716640980800809 + 0.0348173602048127i
2.4,44.6875,0.718730849903567 + 0.00281634159335491i
2.4,44.75,0.719356978059095 - 0.0292426828569129i
2.4,44.8125,0.718522563951693 - 0.0612929025536927i
2.4,44.875,0.716233660347492 - 0.0932681017541047i
2.4,44.9375,0.71249911910431 - 0.125102735837023i
2.4,45,0.707330538939027 - 0.156731999008769i
2.4,45.0625,0.700742216498184 - 0.188091882712803i
2.4,45.125,0.692751101138024 - 0.219119223527754i
2.4,45.1875,0.68337675357134 - 0.249751738639772i
2.4,45.25,0.67264130808502 - 0.279928045982584i
2.4,45.3125,0.660569437203581 - 0.309587664742227i
2.4,45.375,0.647188316166869 - 0.338670989992853i
2.4,45.4375,0.632527581869087 - 0.367119232639362i
2.4,45.5,0.616619276036222 - 0.394874312560088i
2.4,45.5625,0.599497753798946 - 0.421878689162037i
2.4,45.625,0.581199523800922 - 0.448075110674548i
2.4,45.6875,0.561762960482796 - 0.473406264806692i
2.4,45.75,0.541227787779651 - 0.49781432725905i
2.4,45.8125,0.519634171758693 - 0.521240449782891i
2.4,45.875,0.497021183816884 - 0.543624343826803i
2.4,45.9375,0.47342435052868 - 0.564904363473364i
2.4,46,0.448872138024869 - 0.585018943439737i
2.4,46.0625,0.423381871803721 - 0.60391085581926i
2.4,46.125,0.396957275033766 - 0.621535967123859i
2.4,46.1875,0.369592466459601 - 0.637876413657646i
2.4,46.25,0.341288239078349 - 0.652952376687416i
2.4,46.3125,0.312079586072299 - 0.666819276132869i
2.4,46.375,0.282057686080137 - 0.679540314514946i
2.4,46.4375,0.251363256553223 - 0.691146536692863i
2.4,46.5,0.220150937290683 - 0.701615181595665i
2.4,46.5625,0.188552805886967 - 0.710881132901809i
2.4,46.625,0.156664593669575 - 0.718865212091472i
2.4,46.6875,0.124552687688893 - 0.725496703349542i
2.4,46.75,0.0922678190522009 - 0.730722447755626i
2.4,46.8125,0.0598559457679432 - 0.734506615171392i
2.4,46.875,0.0273641986284898 - 0.736827004344444i
2.4,46.9375,-0.00515682067908854 - 0.737671220312616i
2.4,47,-0.0376526953491624 - 0.737033835241878i
2.4,47.0625,-0.0700656693604306 - 0.734914574897996i
2.4,47.125,-0.102335361414598 - 0.731317263277037i
2.4,47.1875,-0.134399470691197 - 0.726249253191559i
2.4,47.25,-0.166194393966448 - 0.719721144104331i
2.4,47.3125,-0.197655743786805 - 0.711746659719669i
2.4,47.375,-0.228718781862524 - 0.702342608660413i
2.4,47.4375,-0.259318787011368 - 0.691528883760877i
2.4,47.5,-0.289391375097191 - 0.679328474745827i
2.4,47.5625,-0.318872784645816 - 0.665767480195464i
2.4,47.625,-0.347700138126615 - 0.650875111015446i
2.4,47.6875,-0.375811685847187 - 0.634683681180202i
2.4,47.75,-0.403147037083635 - 0.617228583501473i
2.4,47.8125,-0.429647381354159 - 0.598548249285448i
2.4,47.875,-0.455255701501555 - 0.578684091374316i
2.4,47.9375,-0.479916979359069 - 0.557680430442121i
2.4,48,-0.503578394139037 - 0.535584404653472i
2.4,48.0625,-0.526189513234601 - 0.512445862964419i
2.4,48.125,-0.547702474812256 - 0.488317242483835i
2.4,48.1875,-0.568072161361528 - 0.463253430439852i
2.4,48.25,-0.587256363233766 - 0.437311611417935i
2.4,48.3125,-0.605215931127327 - 0.41055110065879i
2.4,48.375,-0.62191491644979 - 0.383033164325231i
2.4,48.4375,-0.637320698499954 - 0.354820827766819i
2.4,48.5,-0.651404097457284 - 0.32597867292665i
2.4,48.5625,-0.664139472238732 - 0.29657262614437i
2.4,48.625,-0.67550480237856 - 0.266669737710003i
2.4,48.6875,-0.685481753202114 - 0.236337954612867i
2.4,48.75,-0.694055723696287 - 0.205645888005837i
2.4,48.8125,-0.701215876624412 - 0.17466257696593i
2.4,48.875,-0.706955150588545 - 0.143457250175885i
2.4,48.9375,-0.711270253904442 - 0.11209908717698i
2.4,49,-0.714161640321053 - 0.0806569808498529i
2.4,49.0625,-0.715633466784154 - 0.0491993027671288i
2.4,49.125,-0.715693533609736 - 0.0177936730294636i
2.4,49.1875,-0.714353207594522 + 0.0134932638547724i
2.4,49.25,-0.711627328745577 + 0.0445960555554771i
2.4,49.3125,-0.707534101456165 + 0.0754506495683684i
2.4,49.375,-0.702094971088636 + 0.105994590622206i
2.4,49.4375,-0.695334487045122 + 0.136167206659947i
2.4,49.5,-0.687280153511811 + 0.165909782335962i
2.4,49.5625,-0.677962269151098 + 0.195165719109173i
2.4,49.625,-0.667413757087175 + 0.223880681157059i
2.4,49.6875,-0.655669986583972 + 0.252002726485698i
2.4,49.75,-0.64276858784968 + 0.279482422763759i
2.4,49.8125,-0.628749261419278 + 0.306272947561801i
2.4,49.875,-0.613653583566313 + 0.332330172829393i
2.4,49.9375,-0.597524809178057 + 0.357612733590005i
2.4,50,-0.580407673495264 + 0.382082080975016i
2.5,25,0.643904123184481 - 0.685914210110412i
2.5,25.0625,0.614649759565129 - 0.712217819399971i
2.5,25.125,0.584326972059256 - 0.737278744923983i
2.5,25.1875,0.552989329099782 - 0.761051820998423i
2.5,25.25,0.520692369977872 - 0.783494367543721i
2.5,25.3125,0.487493474210032 - 0.804566274931165i
2.5,25.375,0.45345172762752 - 0.824230080827026i
2.5,25.4375,0.418627785754795 - 0.842451038960324i
2.5,25.5,0.383083735037629 - 0.859197179784852i
2.5,25.5625,0.346882952471655 - 0.87443936304927i
2.5,25.625,0.310089964168815 - 0.888151322330441i
2.5,25.6875,0.2727703033826 - 0.900309701624522i
2.5,25.75,0.234990368493247 - 0.910894084127311i
2.5,25.8125,0.196817281431822 - 0.919887013369757i
2.5,25.875,0.15831874699736 - 0.927274006906229i
2.5,25.9375,0.119562913494277 - 0.933043562781905i
2.5,26,0.0806182350887942 - 0.937187159031403i
2.5,26.0625,0.0415533362528594 - 0.939699246483403i
2.5,26.125,0.00243687863288225 - 0.940577235165492i
2.5,26.1875,-0.0366625693514599 - 0.939821474619776i
2.5,26.25,-0.075676659905774 - 0.937435228452901i
2.5,26.3125,-0.114537390017051 - 0.933424643454151i
2.5,26.375,-0.15317722216027 - 0.927798713622165i
2.5,26.4375,-0.191529201380982 - 0.920569239444806i
2.5,26.5,-0.229527068611168 - 0.911750782777728i
2.5,26.5625,-0.267105370106705 - 0.90136061766552i
2.5,26.625,-0.304199562924938 - 0.889418677445017i
2.5,26.6875,-0.340746116389435 - 0.875947498463658i
2.5,26.75,-0.376682609516786 - 0.860972160736661i
2.5,26.8125,-0.41194782440576 - 0.844520225855823i
2.5,26.875,-0.446481835613693 - 0.826621672449562i
2.5,26.9375,-0.480226095567085 - 0.807308829479211i
2.5,27,-0.513123516074075 - 0.786616307640148i
2.5,27.0625,-0.545118546024839 - 0.764580929118828i
2.5,27.125,-0.576157245382459 - 0.741241655937934i
2.5,27.1875,-0.606187355581259 - 0.716639517102136i
2.5,27.25,-0.635158366461759 - 0.690817534736468i
2.5,27.3125,-0.663021579881645 - 0.6638206493882i
2.5,27.375,-0.689730170150092 - 0.635695644641594i
2.5,27.4375,-0.715239241438713 - 0.606491071173181i
2.5,27.5,-0.739505882326114 - 0.57625717035344i
2.5,27.5625,-0.76248921763484 - 0.54504579747897i
2.5,27.625,-0.784150457719065 - 0.512910344697871i
2.5,27.6875,-0.804452945359146 - 0.479905663669976i
2.5,27.75,-0.823362200414859 - 0.446087987983039i
2.5,27.8125,-0.840845962383027 - 0.411514855326265i
2.5,27.875,-0.856874230997327 - 0.376245029403495i
2.5,27.9375,-0.8714193049984 - 0.340338421550355i
2.5,28,-0.884455819191056 - 0.303856012002772i
2.5,28.0625,-0.895960779892527 - 0.266859770748424i
2.5,28.125,-0.905913598861302 - 0.229412577878281i
2.5,28.1875,-0.9142961257804 - 0.191578143342388i
2.5,28.25,-0.921092679351832 - 0.153420926002598i
2.5,28.3125,-0.92629007704093 - 0.115006051864863i
2.5,28.375,-0.929877663489813 - 0.0763992313660121i
2.5,28.4375,-0.931847337599203 - 0.0376666755832417i
2.5,28.5,-0.932193578256741 + 0.0011249887695781i
2.5,28.5625,-0.930913468668291 + 0.0399088056970472i
2.5,28.625,-0.928006719226572 + 0.0786175777674085i
2.5,28.6875,-0.923475688828853 + 0.11718395558435i
2.5,28.75,-0.917325404532759 + 0.155540529017838i
2.5,28.8125,-0.909563579416398 + 0.193619920320006i
2.5,28.875,-0.900200628486461 + 0.231354879243225i
2.5,28.9375,-0.889249682455675 + 0.268678380266255i
2.5,29,-0.876726599189325 + 0.305523722020848i
2.5,29.0625,-0.862649972599636 + 0.341824628994969i
2.5,29.125,-0.847041138747005 + 0.377515355570418i
2.5,29.1875,-0.829924178888335 + 0.412530792431709i
2.5,29.25,-0.811325919195764 + 0.446806575359738i
2.5,29.3125,-0.791275926853527 + 0.480279196398359i
2.5,29.375,-0.769806502227479 + 0.512886117354094i
2.5,29.4375,-0.746952666790634 + 0.544565885559412i
2.5,29.5,-0.7227521464795 + 0.575258251798285i
2.5,29.5625,-0.697245350150241 + 0.604904290259056i
2.5,29.625,-0.67047534280091 + 0.63344652034466i
2.5,29.6875,-0.642487813226532 + 0.660829030133743i
2.5,29.75,-0.613331035777757 + 0.686997601248839i
2.5,29.8125,-0.583055825901731 + 0.711899834849367i
2.5,29.875,-0.551715489155078 + 0.73548527842894i
2.5,29.9375,-0.519365763394948 + 0.757705553057471i
2.5,30,-0.48606475387364 + 0.778514480670588i
2.5,30.0625,-0.45187286098647 + 0.797868210971288i
2.5,30.125,-0.416852700450965 + 0.815725347472638i
2.5,30.1875,-0.381069015728161 + 0.832047072175799i
2.5,30.25,-0.344588582533598 + 0.84679726834554i
2.5,30.3125,-0.307480105326796 + 0.859942640815809i
2.5,30.375,-0.269814105712936 + 0.871452833231732i
2.5,30.4375,-0.231662802739167 + 0.881300541611881i
2.5,30.5,-0.193099985120168 + 0.889461623596346i
2.5,30.5625,-0.154200875482868 + 0.895915202732575i
2.5,30.625,-0.115041986777898 + 0.900643767142529i
2.5,30.6875,-0.0757009710655795 + 0.903633261911789i
2.5,30.75,-0.0362564609456326 + 0.904873174544342i
2.5,30.8125,0.00321209603750982 + 0.904356612836038i
2.5,30.875,0.0426246096190711 + 0.902080374535444i
2.5,30.9375,0.0819005252108028 + 0.898045008183301i
2.5,31,0.120959007951793 + 0.892254864550832i
2.5,31.0625,0.159719131835194 + 0.88471813813314i
2.5,31.125,0.198100073276158 + 0.875446898196417i
2.5,31.1875,0.236021308432992 + 0.864457108926728i
2.5,31.25,0.27340281354456 + 0.851768638283364i
2.5,31.3125,0.310165267503151 + 0.837405255220709i
2.5,31.375,0.346230255843707 + 0.821394615009023i
2.5,31.4375,0.381520475299032 + 0.803768232455422i
2.5,31.5,0.415959938045658 + 0.784561442901656i
2.5,31.5625,0.449474174748537 + 0.763813350953582i
2.5,31.625,0.481990435503803 + 0.741566766978172i
2.5,31.6875,0.513437887778767 + 0.717868131486291i
2.5,31.75,0.543747810456822 + 0.692767427602506i
2.5,31.8125,0.572853783112427 + 0.666318081905831i
2.5,31.875,0.600691869667904 + 0.638576854006357i
2.5,31.9375,0.627200795619051 + 0.609603715301429i
2.5,32,0.652322118060561 + 0.579461717430161i
2.5,32.0625,0.676000387794675 + 0.548216851015484i
2.5,32.125,0.698183302866503 + 0.51593789534804i
2.5,32.1875,0.718821852936926 + 0.482696259724703i
2.5,32.25,0.737870453978001 + 0.448565817205536i
2.5,32.3125,0.755287072855378 + 0.413622731596212i
2.5,32.375,0.771033341446947 + 0.377945278496861i
2.5,32.4375,0.785074660035316 + 0.34161366128319i
2.5,32.5,0.797380289803014 + 0.304709822900513i
2.5,32.5625,0.807923434352447 + 0.26731725435578i
2.5,32.625,0.816681310266262 + 0.229520800786769i
2.5,32.6875,0.823635206816957 + 0.191406465970967i
2.5,32.75,0.828770535026088 + 0.153061216109179i
2.5,32.8125,0.832076866362057 + 0.114572783681217i
2.5,32.875,0.833547961450154 + 0.0760294721226703i
2.5,32.9375,0.833181789248141 + 0.0375199620135561i
2.5,33,0.83098053721413 - 0.000866880598102882i
2.5,33.0625,0.826950613059777 - 0.0390421931916119i
2.5,33.125,0.821102638739985 - 0.0769173026269517i
2.5,33.1875,0.813451437379279 - 0.114403907488384i
2.5,33.25,0.804016013874239 - 0.151414256650547i
2.5,33.3125,0.792819529939518 - 0.18786132390579i
2.5,33.375,0.779889274381852 - 0.223658978603139i
2.5,33.4375,0.765256629390772 - 0.258722152365579i
2.5,33.5,0.748957033626142 - 0.292967002072265i
2.5,33.5625,0.731029942860273 - 0.326311069414588i
2.5,33.625,0.711518788895535 - 0.358673437459119i
2.5,33.6875,0.690470937426531 - 0.389974884774829i
2.5,33.75,0.66793764544811 - 0.420138037805748i
2.5,33.8125,0.643974018726321 - 0.44908752229193i
2.5,33.875,0.618638969747864 - 0.476750114659958i
2.5,33.9375,0.591995176444195 - 0.50305489441757i
2.5,34,0.564109041848119 - 0.527933398693859i
2.5,34.0625,0.535050654683022 - 0.551319780164526i
2.5,34.125,0.504893750706866 - 0.573150969689087i
2.5,34.1875,0.473715674434074 - 0.593366845060923i
2.5,34.25,0.441597340637946 - 0.61191040732876i
2.5,34.3125,0.408623194793756 - 0.628727966186418i
2.5,34.375,0.374881171357905 - 0.643769335942516i
2.5,34.4375,0.340462648491746 - 0.656988043569126i
2.5,34.5,0.305462397530471 - 0.66834155028313i
2.5,34.5625,0.269978525168538 - 0.677791488031126i
2.5,34.625,0.234112405986246 - 0.685303912121836i
2.5,34.6875,0.197968602579177 - 0.690849571072825i
2.5,34.75,0.16165477017797 - 0.694404194503873i
2.5,34.8125,0.125281542265495 - 0.695948799609999i
2.5,34.875,0.0889623933191052 - 0.69547001637543i
2.5,34.9375,0.0528134744362766 - 0.692960431238068i
2.5,35,0.0169534172539622 - 0.688418948374742i
2.5,35.0625,-0.0184968987407483 - 0.681851167144294i
2.5,35.125,-0.0534146206725012 - 0.673269773492749i
2.5,35.1875,-0.0876752438660137 - 0.662694942288976i
2.5,35.25,-0.121152986011929 - 0.650154746619342i
2.5,35.3125,-0.153721219340005 - 0.63568556902824i
2.5,35.375,-0.185252966061866 - 0.619332508555193i
2.5,35.4375,-0.215621462002218 - 0.601149776200485i
2.5,35.5,-0.244700792786675 - 0.581201070169321i
2.5,35.5625,-0.272366606164828 - 0.559559920925704i
2.5,35.625,-0.29849690298866 - 0.536309994767121i
2.5,35.6875,-0.322972908011546 - 0.511545343354528i
2.5,35.75,-0.345680020000309 - 0.48537058545396i
2.5,35.8125,-0.366508838648518 - 0.457901006131291i
2.5,35.875,-0.385356263441215 - 0.429262557864661i
2.5,35.9375,-0.40212665696186 - 0.399591747582259i
2.5,36,-0.416733062181924 - 0.369035393584682i
2.5,36.0625,-0.42909846008354 - 0.337750236761201i
2.5,36.125,-0.439157050611367 - 0.305902391546098i
2.5,36.1875,-0.446855536532149 - 0.273666623764138i
2.5,36.25,-0.452154386426154 - 0.241225444948217i
2.5,36.3125,-0.455029049895564 - 0.208768015919069i
2.5,36.375,-0.455471095323794 - 0.176488856407689i
2.5,36.4375,-0.453489238345111 - 0.144586362248959i
2.5,36.5,-0.44911022778121 - 0.113261137106982i
2.5,36.5625,-0.442379555361753 - 0.0827141516858755i
2.5,36.625,-0.433361956243354 - 0.0531447497589603i
2.5,36.6875,-0.42214166931784 - 0.024748526887067i
2.5,36.75,-0.40882242965032 + 0.00228488587956307i
2.5,36.8125,-0.393527170143079 + 0.0277740950198994i
2.5,36.875,-0.376397415640845 + 0.0515482307354114i
2.5,36.9375,-0.357592360052071 + 0.0734491986040021i
2.5,37,-0.337287625449354 + 0.09333384620339i
2.5,37.0625,-0.315673711237333 + 0.111075993091498i
2.5,37.125,-0.29295415097405 + 0.126568273262011i
2.5,37.1875,-0.269343403883206 + 0.139723741883181i
2.5,37.25,-0.245064517051293 + 0.150477202780001i
2.5,37.3125,-0.220346602315222 + 0.158786219623445i
2.5,37.375,-0.195422178492139 + 0.164631781922577i
2.5,37.4375,-0.1705244345234 + 0.168018606348883i
2.5,37.5,-0.145884472026811 + 0.168975064244964i
2.5,37.5625,-0.121728586511409 + 0.167552736909976i
2.5,37.625,-0.0982756450657349 + 0.163825610912167i
2.5,37.6875,-0.0757346147672864 + 0.157888935760417i
2.5,37.75,-0.0543022905796735 + 0.149857775317223i
2.5,37.8125,-0.0341612644095404 + 0.139865291969249i
2.5,37.875,-0.0154781686707614 + 0.12806080849514i
2.5,37.9375,0.00159778141745466 + 0.114607696598264i
2.5,38,0.0169359320372635 + 0.0996811431327701i
2.5,38.0625,0.0304250160911719 + 0.0834658451841351i
2.5,38.125,0.0419736631114192 + 0.0661536835092964i
2.5,38.1875,0.0515106052691679 + 0.047941420618014i
2.5,38.25,0.0589845979203152 + 0.029028465267852i
2.5,38.3125,0.0643640787671135 + 0.00961473966874996i
2.5,38.375,0.0676365939769787 - 0.0101013204191642i
2.5,38.4375,0.0688080224663709 - 0.0299246089358884i
2.5,38.5,0.0679016310834177 - 0.0496650188019292i
2.5,38.5625,0.0649569937201748 - 0.0691389261093478i
2.5,38.625,0.0600288066082679 - 0.0881704838512991i
2.5,38.6875,0.053185630381373 - 0.106592724956232i
2.5,38.75,0.0445085871186011 - 0.124248478817298i
2.5,38.8125,0.0340900377083597 - 0.140991109161453i
2.5,38.875,0.0220322616767847 - 0.156685083972946i
2.5,38.9375,0.0084461582750393 - 0.171206390295109i
2.5,39,-0.00655001574065828 - 0.184442808133332i
2.5,39.0625,-0.0228318594546904 - 0.196294058441604i
2.5,39.125,-0.0402699831333421 - 0.206671840378876i
2.5,39.1875,-0.0587310992149118 - 0.215499772759654i
2.5,39.25,-0.0780790450722012 - 0.222713253986724i
2.5,39.3125,-0.0981757358038763 - 0.228259253830258i
2.5,39.375,-0.118882047099495 - 0.232096049288308i
2.5,39.4375,-0.140058629672615 - 0.234192915501539i
2.5,39.5,-0.1615666578842 - 0.234529781363514i
2.5,39.5625,-0.18326851600847 - 0.233096858120382i
2.5,39.625,-0.205028426154718 - 0.229894247933916i
2.5,39.6875,-0.226713022183343 - 0.224931538124167i
2.5,39.75,-0.24819187407529 - 0.218227385638394i
2.5,39.8125,-0.269337967164342 - 0.209809095230055i
2.5,39.875,-0.290028140452433 - 0.199712193887784i
2.5,39.9375,-0.310143487929385 - 0.187980003236096i
2.5,40,-0.329569726437112 - 0.174663210939689i
2.5,40.0625,-0.348197533179535 - 0.159819441580149i
2.5,40.125,-0.365922855504992 - 0.143512827033916i
2.5,40.1875,-0.382647195097506 - 0.12581357605714i
2.5,40.25,-0.398277868223896 - 0.106797542568617i
2.5,40.3125,-0.412728243209897 - 0.0865457920073994i
2.5,40.375,-0.425917955872623 - 0.0651441651167892i
2.5,40.4375,-0.437773103229314 - 0.0426828385604112i
2.5,40.5,-0.448226415441463 - 0.0192558818982574i
2.5,40.5625,-0.457217405645877 + 0.0050391893707888i
2.5,40.625,-0.464692497074723 + 0.0301018647694572i
2.5,40.6875,-0.470605126678379 + 0.0558290936173948i
2.5,40.75,-0.474915824339472 + 0.082115743152331i
2.5,40.8125,-0.477592266704281 + 0.108855059236089i
2.5,40.875,-0.47860930465702 + 0.135939128590239i
2.5,40.9375,-0.477948963521303 + 0.163259341221055i
2.5,41,-0.47560041518705 + 0.190706851425347i
2.5,41.0625,-0.471559921525538 + 0.218173035526609i
2.5,41.125,-0.465830748664062 + 0.24554994428189i
2.5,41.1875,-0.458423051937904 + 0.272730747729799i
2.5,41.25,-0.449353731613452 + 0.29961017012435i
2.5,41.3125,-0.438646259774198 + 0.326084912521426i
2.5,41.375,-0.426330479072501 + 0.352054060556732i
2.5,41.4375,-0.412442374365976 + 0.377419474977232i
2.5,41.5,-0.397023818569536 + 0.40208616256176i
2.5,41.5625,-0.380122294354505 + 0.425962625188708i
2.5,41.625,-0.361790593607115 + 0.448961184976739i
2.5,41.6875,-0.342086496813228 + 0.470998283633887i
2.5,41.75,-0.321072434758305 + 0.491994754396067i
2.5,41.8125,-0.298815135116504 + 0.511876065212002i
2.5,41.875,-0.275385256646332 + 0.530572532131311i
2.5,41.9375,-0.250857013810076 + 0.548019502168765i
2.5,42,-0.225307794688604 + 0.564157505243598i
2.5,42.0625,-0.198817775071909 + 0.578932375120828i
2.5,42.125,-0.171469531569975 + 0.592295339604955i
2.5,42.1875,-0.143347656510019 + 0.604203080548528i
2.5,42.25,-0.114538377267853 + 0.614617764532928i
2.5,42.3125,-0.0851291825270659 + 0.623507045350976i
2.5,42.375,-0.0552084577740239 + 0.630844039666138i
2.5,42.4375,-0.0248651321246325 + 0.636607277437574i
2.5,42.5,0.0058116616544377 + 0.640780628881286i
2.5,42.5625,0.0367329123163487 + 0.643353209883505i
2.5,42.625,0.0678100391417492 + 0.644319267892212i
2.5,42.6875,0.0989551836925962 + 0.643678050386474i
2.5,42.75,0.130081483484612 + 0.641433658061716i
2.5,42.8125,0.161103327009159 + 0.637594884873874i
2.5,42.875,0.191936589783989 + 0.632175047058494i
2.5,42.9375,0.222498851348036 + 0.625191803185047i
2.5,43,0.252709593334349 + 0.616666967224993i
2.5,43.0625,0.282490378955353 + 0.606626316507772i
2.5,43.125,0.311765014413479 + 0.595099396315463i
2.5,43.1875,0.340459692906652 + 0.582119322727836i
2.5,43.25,0.368503122030954 + 0.56772258517868i
2.5,43.3125,0.395826635492177 + 0.551948850024837i
2.5,43.375,0.422364290123402 + 0.534840766264955i
2.5,43.4375,0.448052949268348 + 0.5164437743785i
2.5,43.5,0.472832353630535 + 0.496805919089972i
2.5,43.5625,0.496645180707666 + 0.47597766670123i
2.5,43.625,0.51943709393054 + 0.454011727478555i
2.5,43.6875,0.541156782607804 + 0.430962883432523i
2.5,43.75,0.561755993743846 + 0.406887821689798i
2.5,43.8125,0.581189556748891 + 0.381844973527656i
2.5,43.875,0.599415401999852 + 0.355894359025865i
2.5,43.9375,0.616394574139789 + 0.3290974371868i
2.5,44,0.632091240924519 + 0.30151696128451i
2.5,44.0625,0.646472698339177 + 0.273216839126609i
2.5,44.125,0.659509372617146 + 0.244261997849794i
2.5,44.1875,0.671174819700109 + 0.214718252820346i
2.5,44.25,0.68144572258318 + 0.18465218017472i
2.5,44.3125,0.690301886894165 + 0.1541309925121i
2.5,44.375,0.697726234962773 + 0.123222417239828i
2.5,44.4375,0.703704798545023 + 0.0919945770734189i
2.5,44.5,0.708226710281561 + 0.0605158722046032i
2.5,44.5625,0.711284193887066 + 0.0288548636726618i
2.5,44.625,0.712872552992324 - 0.00291984249464965i
2.5,44.6875,0.712990158491674 - 0.0347397107648783i
2.5,44.75,0.711638434187192 - 0.0665363915573495i
2.5,44.8125,0.708821840467558 - 0.0982418369673601i
2.5,44.875,0.704547855714711 - 0.129788416995503i
2.5,44.9375,0.698826955095329 - 0.161109036457616i
2.5,45,0.691672586367178 - 0.192137252686231i
2.5,45.0625,0.683101142312558 - 0.222807394067785i
2.5,45.125,0.673131929402334 - 0.253054679392927i
2.5,45.1875,0.661787132294447 - 0.282815337930307i
2.5,45.25,0.649091773779844 - 0.312026730069134i
2.5,45.3125,0.635073669806314 - 0.34062746831297i
2.5,45.375,0.619763379236189 - 0.368557538347992i
2.5,45.4375,0.60319414802673 - 0.395758419853911i
2.5,45.5,0.585401847561492 - 0.422173206676203i
2.5,45.5625,0.566424906906511 - 0.447746725934298i
2.5,45.625,0.546304238815634 - 0.472425655603254i
2.5,45.6875,0.525083159363991 - 0.496158640076276i
2.5,45.75,0.502807301146476 - 0.518896403192715i
2.5,45.8125,0.479524520037992 - 0.540591858201361i
2.5,45.875,0.45528479557314 - 0.561200214121746i
2.5,45.9375,0.430140125063948 - 0.580679077966933i
2.5,46,0.404144411633635 - 0.59898855229968i
2.5,46.0625,0.377353346401603 - 0.61609132760919i
2.5,46.125,0.349824285108191 - 0.631952769017253i
2.5,46.1875,0.321616119515912 - 0.646540996848944i
2.5,46.25,0.292789143966103 - 0.659826960631319i
2.5,46.3125,0.263404917504389 - 0.671784506109322i
2.5,46.375,0.233526122016219 - 0.682390434881671i
2.5,46.4375,0.203216416840611 - 0.691624556242125i
2.5,46.5,0.172540290382451 - 0.699469730725427i
2.5,46.5625,0.141562909412512 - 0.705911904634684i
2.5,46.625,0.110349967329928 - 0.710940134395234i
2.5,46.6875,0.078967534537109 - 0.714546599164627i
2.5,46.75,0.0474819190873669 - 0.716726601920025i
2.5,46.8125,0.0159595530055413 - 0.717478572927879i
2.5,46.875,-0.0155331013371834 - 0.716804130140829i
2.5,46.9375,-0.0469297573851808 - 0.714708235303757i
2.5,47,-0.0781647519860734 - 0.711199175041751i
2.5,47.0625,-0.109173263680001 - 0.706288151271227i
2.5,47.125,-0.139891094061597 - 0.699989129830229i
2.5,47.1875,-0.170254676876349 - 0.692319051653056i
2.5,47.25,-0.2002013345029 - 0.683297907067808i
2.5,47.3125,-0.229669497454268 - 0.672948663107535i
2.5,47.375,-0.25859885890345 - 0.661297170283999i
2.5,47.4375,-0.286930504916909 - 0.648372078957915i
2.5,47.5,-0.314607038219374 - 0.63420476028015i
2.5,47.5625,-0.34157269919049 - 0.618829225963321i
2.5,47.625,-0.367773484018702 - 0.602282044129314i
2.5,47.6875,-0.393157259368676 - 0.584602249975226i
2.5,47.75,-0.417673872994068 - 0.565831250301795i
2.5,47.8125,-0.441275259911403 - 0.546012720382286i
2.5,47.875,-0.463915544225013 - 0.525192489893836i
2.5,47.9375,-0.485551138603573 - 0.503418410299347i
2.5,48,-0.506140851650121 - 0.480740185555877i
2.5,48.0625,-0.525646049888863 - 0.457209125239493i
2.5,48.125,-0.544031083764703 - 0.432877768524194i
2.5,48.1875,-0.561264763041664 - 0.407799788765154i
2.5,48.25,-0.577322721347462 - 0.382034189355064i
2.5,48.3125,-0.592174942978058 - 0.355652271329534i
2.5,48.375,-0.60577997479374 - 0.328709721131259i
2.5,48.4375,-0.618118781955719 - 0.301254809634453i
2.5,48.5,-0.62917822524979 - 0.273348740491882i
2.5,48.5625,-0.63894384453163 - 0.245055357117609i
2.5,48.625,-0.647402947421005 - 0.216438329213146i
2.5,48.6875,-0.654545756043313 - 0.1875613102167i
2.5,48.75,-0.66036566296035 - 0.158488059766631i
2.5,48.8125,-0.664859290057075 - 0.129282406419598i
2.5,48.875,-0.668026504697829 - 0.100008134832713i
2.5,48.9375,-0.669870423043553 - 0.0707288400071003i
2.5,49,-0.670397405365551 - 0.0415077660581878i
2.5,49.0625,-0.669617043298741 - 0.0124076369161806i
2.5,49.125,-0.667542138192581 + 0.0165095175327951i
2.5,49.1875,-0.664188669752318 + 0.0451825378892904i
2.5,49.25,-0.659575754338553 + 0.0735513128996406i
2.5,49.3125,-0.653725592488274 + 0.101556957190748i
2.5,49.375,-0.646663405438035 + 0.129141988002145i
2.5,49.4375,-0.638417360709281 + 0.156250499830492i
2.5,49.5,-0.62901848722978 + 0.182828335878372i
2.5,49.5625,-0.618500581155477 + 0.208823255214293i
2.5,49.625,-0.606900104825369 + 0.234185094722563i
2.5,49.6875,-0.594256083813604 + 0.258865925598779i
2.5,49.75,-0.580610012477195 + 0.282820206468732i
2.5,49.8125,-0.56600579079513 + 0.306004943211662i
2.5,49.875,-0.550489744538763 + 0.328379894878852i
2.5,49.9375,-0.534110845031738 + 0.349907982583149i
2.5,50,-0.516921294815905 + 0.37055657353437i
2.6,25,0.640368386275849 - 0.689487762016141i
2.6,25.0625,0.610971007494595 - 0.715603938267512i
2.6,25.125,0.580535506759935 - 0.740457925099355i
2.6,25.1875,0.549115069700768 - 0.764009445811118i
2.6,25.25,0.516764429804409 - 0.786220336509775i
2.6,25.3125,0.483539796113993 - 0.807054614154812i
2.6,25.375,0.449498776264626 - 0.826478542810979i
2.6,25.4375,0.414700294906424 - 0.844460697631325i
2.6,25.5,0.379204507614403 - 0.86097202610417i
2.6,25.5625,0.343072710434567 - 0.875985906114081i
2.6,25.625,0.306367245262251 - 0.8894782003878i
2.6,25.6875,0.269151401292203 - 0.90142730692159i
2.6,25.75,0.231489312819635 - 0.911814205015821i
2.6,25.8125,0.193445853707419 - 0.920622496575599i
2.6,25.875,0.155086528866293 - 0.927838442372243i
2.6,25.9375,0.116477363122059 - 0.9334509929991i
2.6,26,0.0776847878664274 - 0.93745181429586i
2.6,26.0625,0.0387755259058308 - 0.939835307057853i
2.6,26.125,-0.000183525064484748 - 0.940598620890085i
2.6,26.1875,-0.0391254099257201 - 0.939741662109581i
2.6,26.25,-0.077983234101635 - 0.937267095643345i
2.6,26.3125,-0.116690281588471 - 0.933180340912455i
2.6,26.375,-0.155180132617743 - 0.927489561734917i
2.6,26.4375,-0.193386780531533 - 0.920205650320514i
2.6,26.5,-0.231244747464473 - 0.911342205469465i
2.6,26.5625,-0.268689198445026 - 0.90091550512294i
2.6,26.625,-0.305656053550763 - 0.88894447344688i
2.6,26.6875,-0.342082097777099 - 0.875450642660959i
2.6,26.75,-0.377905088307134 - 0.860458109851398i
2.6,26.8125,-0.41306385889981 - 0.843993489029825i
2.6,26.875,-0.447498421145918 - 0.826085858719811i
2.6,26.9375,-0.481150062374442 - 0.806766705368521i
2.6,27,-0.513961440026174 - 0.786069862892462i
2.6,27.0625,-0.545876672346071 - 0.764031448674125i
2.6,27.125,-0.576841425280575 - 0.740689796329955i
2.6,27.1875,-0.60680299550049 - 0.716085385569908i
2.6,27.25,-0.635710389503387 - 0.690260769464935i
2.6,27.3125,-0.663514398781837 - 0.66326049943113i
2.6,27.375,-0.690167671074427 - 0.635131048228323i
2.6,27.4375,-0.715624777745293 - 0.605920731256718i
2.6,27.5,-0.739842277364307 - 0.575679626418201i
2.6,27.5625,-0.762778775584247 - 0.544459492789148i
2.6,27.625,-0.784394981432341 - 0.51231368832972i
2.6,27.6875,-0.804653760152046 - 0.479297086830571i
2.6,27.75,-0.823520182746056 - 0.44546599427238i
2.6,27.8125,-0.840961572383515 - 0.410878064746771i
2.6,27.875,-0.856947547843092 - 0.37559221605934i
2.6,27.9375,-0.87145006416881 - 0.339668545107206i
2.6,28,-0.884443450717404 - 0.303168243094997i
2.6,28.0625,-0.895904446774472 - 0.266153510624685i
2.6,28.125,-0.905812234911815 - 0.22868747266685i
2.6,28.1875,-0.91414847225025 - 0.190834093393863i
2.6,28.25,-0.920897319780858 - 0.152658090829643i
2.6,28.3125,-0.926045469883401 - 0.114224851245938i
2.6,28.375,-0.929582172163348 - 0.0756003432128666i
2.6,28.4375,-0.931499257709172 - 0.0368510311904352i
2.6,28.5,-0.931791161849173 + 0.00195621147027442i
2.6,28.5625,-0.93045494546249 + 0.0407541902632881i
2.6,28.625,-0.927490314872359 + 0.0794754781612418i
2.6,28.6875,-0.92289964032131 + 0.118052505315953i
2.6,28.75,-0.916687972998198 + 0.156417650002387i
2.6,28.8125,-0.908863060556034 + 0.194503330985655i
2.6,28.875,-0.899435361027795 + 0.232242101490293i
2.6,28.9375,-0.88841805501518 + 0.269566744947071i
2.6,29,-0.875827055992891 + 0.306410372684927i
2.6,29.0625,-0.861681018538925 + 0.342706523723944i
2.6,29.125,-0.846001344269861 + 0.378389266809942i
2.6,29.1875,-0.82881218522968 + 0.413393304811922i
2.6,29.25,-0.810140444451653 + 0.447654081580413i
2.6,29.3125,-0.790015773385621 + 0.481107891337983i
2.6,29.375,-0.768470565858138 + 0.513691990642489i
2.6,29.4375,-0.7455399482107 + 0.545344712929594i
2.6,29.5,-0.721261765242176 + 0.576005585603728i
2.6,29.5625,-0.695676561566005 + 0.605615449606122i
2.6,29.625,-0.668827557981015 + 0.634116581345312i
2.6,29.6875,-0.640760622447431 + 0.661452816829789i
2.6,29.75,-0.611524235256849 + 0.687569677794749i
2.6,29.8125,-0.581169447987511 + 0.712414499565328i
2.6,29.875,-0.549749835843524 + 0.735936560348482i
2.6,29.9375,-0.517321442990221 + 0.758087211594227i
2.6,30,-0.483942720516641 + 0.778820009016028i
2.6,30.0625,-0.449674456681076 + 0.798090843809567i
2.6,30.125,-0.414579699126553 + 0.815858073559844i
2.6,30.1875,-0.378723668790145 + 0.832082652279255i
2.6,30.25,-0.34217366527279 + 0.846728258974806i
2.6,30.3125,-0.304998963485143 + 0.859761424101285i
2.6,30.375,-0.267270701439273 + 0.871151653220242i
2.6,30.4375,-0.229061759115505 + 0.880871547152439i
2.6,30.5,-0.190446628398139 + 0.888896917884749i
2.6,30.5625,-0.1515012741425 + 0.895206899472174i
2.6,30.625,-0.112302986507941 + 0.899784053162145i
2.6,30.6875,-0.0729302247669729 + 0.902614465962189i
2.6,30.75,-0.0334624528779599 + 0.903687841874007i
2.6,30.8125,0.00602003281222891 + 0.902997585027217i
2.6,30.875,0.0454362832902072 + 0.900540873964986i
2.6,30.9375,0.0847048834987998 + 0.896318726361578i
2.6,31,0.123744145259894 + 0.890336053488584i
2.6,31.0625,0.162472305822818 + 0.882601703792275i
2.6,31.125,0.200807731293724 + 0.873128494998901i
2.6,31.1875,0.238669124136331 + 0.86193323422745i
2.6,31.25,0.275975733875462 + 0.849036725660079i
2.6,31.3125,0.312647570083002 + 0.834463765398291i
2.6,31.375,0.348605616681887 + 0.818243123217429i
2.6,31.4375,0.383772046569193 + 0.800407511022006i
2.6,31.5,0.418070435533754 + 0.78099353789919i
2.6,31.5625,0.451425974429275 + 0.760041651765776i
2.6,31.625,0.483765678559574 + 0.737596067704508i
2.6,31.6875,0.515018593240044 + 0.713704683186901i
2.6,31.75,0.545115994517843 + 0.688418980480803i
2.6,31.8125,0.57399158406337 + 0.661793916640197i
2.6,31.875,0.601581677286984 + 0.633887801570837i
2.6,31.9375,0.627825383787056 + 0.604762164756972i
2.6,32,0.65266477929813 + 0.574481611320223i
2.6,32.0625,0.676045068380573 + 0.543113668160267i
2.6,32.125,0.697914737174334 + 0.510728620997428i
2.6,32.1875,0.718225695628938 + 0.477399343198276i
2.6,32.25,0.736933408718126 + 0.443201117315881i
2.6,32.3125,0.753997016249402 + 0.408211450316007i
2.6,32.375,0.769379440985129 + 0.372509883488076i
2.6,32.4375,0.783047484901083 + 0.336177798055077i
2.6,32.5,0.794971913519136 + 0.299298217499298i
2.6,32.5625,0.805127528361821 + 0.261955607610392i
2.6,32.625,0.813493227686005 + 0.224235675239285i
2.6,32.6875,0.820052055759775 + 0.18622516670557i
2.6,32.75,0.824791241049275 + 0.148011666757694i
2.6,32.8125,0.827702223779292 + 0.109683398925064i
2.6,32.875,0.828780673421644 + 0.0713290280295108i
2.6,32.9375,0.828026496747663 + 0.033037465541077i
2.6,33,0.825443837154125 - 0.00510232162914747i
2.6,33.0625,0.821041066034765 - 0.0430014984078856i
2.6,33.125,0.814830767021303 - 0.0805715445284992i
2.6,33.1875,0.806829713957497 - 0.117724432924765i
2.6,33.25,0.797058843496678 - 0.154372803407247i
2.6,33.3125,0.785543223226543 - 0.190430131607899i
2.6,33.375,0.772312016224197 - 0.225810893310134i
2.6,33.4375,0.757398442928878 - 0.260430724416242i
2.6,33.5,0.740839741188831 - 0.294206576940375i
2.6,33.5625,0.722677125292019 - 0.327056871552057i
2.6,33.625,0.702955744727038 - 0.358901647331401i
2.6,33.6875,0.681724643340279 - 0.389662709531459i
2.6,33.75,0.659036719457419 - 0.419263776274106i
2.6,33.8125,0.634948687421066 - 0.447630625232227i
2.6,33.875,0.609521040861225 - 0.474691241470987i
2.6,33.9375,0.582818017860442 - 0.500375967732958i
2.6,34,0.554907568000233 - 0.524617658553948i
2.6,34.0625,0.52586132107921 - 0.547351839685972i
2.6,34.125,0.495754557075166 - 0.568516874378613i
2.6,34.1875,0.464666176682947 - 0.58805413812685i
2.6,34.25,0.432678671496616 - 0.605908203528872i
2.6,34.3125,0.399878092618034 - 0.622027036907398i
2.6,34.375,0.366354016164613 - 0.636362208328222i
2.6,34.4375,0.332199503817303 - 0.648869116594656i
2.6,34.5,0.297511056197244 - 0.659507230700715i
2.6,34.5625,0.262388556487449 - 0.668240349082762i
2.6,34.625,0.226935201328524 - 0.675036877811715i
2.6,34.6875,0.191257415618103 - 0.679870128608515i
2.6,34.75,0.155464747439178 - 0.682718637236047i
2.6,34.8125,0.119669738940309 - 0.683566502413067i
2.6,34.875,0.0839877686010211 - 0.682403744901503i
2.6,34.9375,0.048536859950854 - 0.679226685830054i
2.6,35,0.0134374514860063 - 0.674038342627179i
2.6,35.0625,-0.0211878777385446 - 0.666848840139838i
2.6,35.125,-0.055214732549943 - 0.657675833607217i
2.6,35.1875,-0.0885172819215055 - 0.64654493914075i
2.6,35.25,-0.120968700799716 - 0.633490166236477i
2.6,35.3125,-0.152441679021091 - 0.61855434562184i
2.6,35.375,-0.182809002437503 - 0.601789544431194i
2.6,35.4375,-0.211944210731557 - 0.583257459334889i
2.6,35.5,-0.239722335503577 - 0.563029776846853i
2.6,35.5625,-0.266020721017305 - 0.541188488645683i
2.6,35.625,-0.290719928474395 - 0.517826148415717i
2.6,35.6875,-0.313704722827399 - 0.493046055509408i
2.6,35.75,-0.334865138925788 - 0.466962349723544i
2.6,35.8125,-0.354097621222095 - 0.43970000075211i
2.6,35.875,-0.371306228364447 - 0.411394675518575i
2.6,35.9375,-0.386403890807719 - 0.382192466695809i
2.6,36,-0.399313706151872 - 0.35224946638892i
2.6,36.0625,-0.409970253353364 - 0.32173117027682i
2.6,36.125,-0.418320903371861 - 0.290811699562188i
2.6,36.1875,-0.424327100356292 - 0.259672830927188i
2.6,36.25,-0.427965584312744 - 0.22850282836673i
2.6,36.3125,-0.429229523524279 - 0.197495075268069i
2.6,36.375,-0.428129523014477 - 0.166846510376437i
2.6,36.4375,-0.424694474270233 - 0.136755877231269i
2.6,36.5,-0.418972211462255 - 0.107421803120701i
2.6,36.5625,-0.411029940695333 - 0.0790407303710739i
2.6,36.625,-0.400954411514012 - 0.0518047295986681i
2.6,36.6875,-0.388851804053592 - 0.0258992310929178i
2.6,36.75,-0.374847310858994 - 0.00150071643397182i
2.6,36.8125,-0.359084399407761 + 0.0212255825797987i
2.6,36.875,-0.341723749590621 + 0.0421279269490363i
2.6,36.9375,-0.322941869554599 + 0.0610702026297448i
2.6,37,-0.302929403048477 + 0.0779338888170489i
2.6,37.0625,-0.281889151309118 + 0.0926198111527287i
2.6,37.125,-0.260033842126766 + 0.105049632529632i
2.6,37.1875,-0.237583687549005 + 0.115167040048869i
2.6,37.25,-0.214763779264818 + 0.122938594390235i
2.6,37.3125,-0.191801376641329 + 0.128354217082555i
2.6,37.375,-0.168923146336992 + 0.131427301508815i
2.6,37.4375,-0.146352414164593 + 0.132194444475933i
2.6,37.5,-0.124306489329214 + 0.130714806302336i
2.6,37.5625,-0.10299411835653 + 0.127069118101565i
2.6,37.625,-0.0826131211214627 + 0.12135836476914i
2.6,37.6875,-0.0633482546684963 + 0.113702180676828i
2.6,37.75,-0.0453693423577754 + 0.104237001897326i
2.6,37.8125,-0.0288296967154717 + 0.0931140236864561i
2.6,37.875,-0.0138648546830835 + 0.0804970148219225i
2.6,37.9375,-0.00059163421849916 + 0.0665600412394374i
2.6,38,0.0108924881617572 + 0.0514851503306035i
2.6,38.0625,0.0205096879141268 + 0.0354600644778642i
2.6,38.125,0.0282018076305195 + 0.0186759281767259i
2.6,38.1875,0.0339300996510021 + 0.00132514775764402i
2.6,38.25,0.0376747238017189 - 0.0164006433867128i
2.6,38.3125,0.0394340313415707 - 0.0343124676965406i
2.6,38.375,0.0392236681995305 - 0.0522257147314018i
2.6,38.4375,0.0370755312733361 - 0.0699616675851827i
2.6,38.5,0.0330366110893068 - 0.0873488372284461i
2.6,38.5625,0.0271677526741097 - 0.104224103054329i
2.6,38.625,0.0195423642614633 - 0.120433662673011i
2.6,38.6875,0.0102451006521854 - 0.135833797988707i
2.6,38.75,-0.000629455141188888 - 0.150291467777593i
2.6,38.8125,-0.0129780917264279 - 0.163684739379648i
2.6,38.875,-0.0266902338445801 - 0.175903073768031i
2.6,38.9375,-0.0416491581330515 - 0.186847479234962i
2.6,39,-0.0577331498932114 - 0.196430549316848i
2.6,39.0625,-0.0748165935470918 - 0.204576400464907i
2.6,39.125,-0.092770992092262 - 0.211220524444275i
2.6,39.1875,-0.111465913153465 - 0.216309569605198i
2.6,39.25,-0.130769861173222 - 0.219801064098964i
2.6,39.3125,-0.150551076884894 - 0.221663092884622i
2.6,39.375,-0.170678266485857 - 0.22187393905667i
2.6,39.4375,-0.191021263898451 - 0.220421698674479i
2.6,39.5,-0.211451630200893 - 0.217303876937041i
2.6,39.5625,-0.23184319476083 - 0.212526972257514i
2.6,39.625,-0.252072542843535 - 0.206106053578264i
2.6,39.6875,-0.27201945452731 - 0.198064335147909i
2.6,39.75,-0.291567299671588 - 0.188432751970153i
2.6,39.8125,-0.310603393477786 - 0.177249538237042i
2.6,39.875,-0.329019316885543 - 0.164559810279748i
2.6,39.9375,-0.346711205681594 - 0.150415154907295i
2.6,40,-0.363580011785851 - 0.134873223454872i
2.6,40.0625,-0.379531739737512 - 0.117997331422957i
2.6,40.125,-0.394477660948417 - 0.0998560632499807i
2.6,40.1875,-0.40833450783465 - 0.0805228815167595i
2.6,40.25,-0.421024649491504 - 0.0600757397220128i
2.6,40.3125,-0.432476250150747 - 0.0385966976864239i
2.6,40.375,-0.442623411260159 - 0.0161715386293123i
2.6,40.4375,-0.451406297659938 + 0.00711061299173978i
2.6,40.5,-0.458771248003368 + 0.0311576736898521i
2.6,40.5625,-0.464670869283974 + 0.0558749838765778i
2.6,40.625,-0.469064115090726 + 0.0811656920016595i
2.6,40.6875,-0.471916347018515 + 0.10693114019341i
2.6,40.75,-0.473199378513867 + 0.133071251463173i
2.6,40.8125,-0.472891500336004 + 0.159484918299555i
2.6,40.875,-0.470977486760084 + 0.186070392233524i
2.6,40.9375,-0.46744858164173 + 0.212725673711947i
2.6,41,-0.462302463497645 + 0.239348901379828i
2.6,41.0625,-0.455543188833722 + 0.265838739646802i
2.6,41.125,-0.447181113066457 + 0.292094763206634i
2.6,41.1875,-0.437232788531728 + 0.318017836994076i
2.6,41.25,-0.425720839253079 + 0.343510489906157i
2.6,41.3125,-0.412673812344597 + 0.368477280488047i
2.6,41.375,-0.398126006146327 + 0.39282515269021i
2.6,41.4375,-0.38211727542748 + 0.416463779745595i
2.6,41.5,-0.36469281423883 + 0.439305894194787i
2.6,41.5625,-0.345902917245068 + 0.461267602103522i
2.6,41.625,-0.325802720614749 + 0.482268679570861i
2.6,41.6875,-0.304451923784353 + 0.5022328497164i
2.6,41.75,-0.281914493638653 + 0.521088038459287i
2.6,41.8125,-0.258258352857251 + 0.538766607557996i
2.6,41.875,-0.233555054362151 + 0.555205563564627i
2.6,41.9375,-0.207879443960272 + 0.570346741556892i
2.6,42,-0.181309313404225 + 0.584136962740837i
2.6,42.0625,-0.153925046192361 + 0.596528165263014i
2.6,42.125,-0.125809258493344 + 0.607477507827192i
2.6,42.1875,-0.0970464376103791 + 0.616947445972951i
2.6,42.25,-0.0677225803955753 + 0.62490578113652i
2.6,42.3125,-0.0379248339866274 + 0.631325682872928i
2.6,42.375,-0.00774114116715931 + 0.636185684868623i
2.6,42.4375,0.0227401074491305 + 0.639469655610488i
2.6,42.5,0.0534304123393321 + 0.641166744796966i
2.6,42.5625,0.0842414931798507 + 0.641271306776446i
2.6,42.625,0.115085604400123 + 0.639782802474153i
2.6,42.6875,0.145875836631612 + 0.636705681419574i
2.6,42.75,0.176526402708214 + 0.63204924561016i
2.6,42.8125,0.206952907089869 + 0.625827497042791i
2.6,42.875,0.237072597802296 + 0.618058970812001i
2.6,42.9375,0.266804600208842 + 0.608766555713219i
2.6,43,0.296070132151234 + 0.597977304301365i
2.6,43.0625,0.324792700211742 + 0.585722234340971i
2.6,43.125,0.352898277056258 + 0.572036123545413i
2.6,43.1875,0.380315460013862 + 0.556957299441683i
2.6,43.25,0.406975611230642 + 0.540527426115744i
2.6,43.3125,0.432812979902694 + 0.522791289494213i
2.6,43.375,0.457764807242983 + 0.503796582703612i
2.6,43.4375,0.481771414968712 + 0.483593692921161i
2.6,43.5,0.504776278208882 + 0.462235490993884i
2.6,43.5625,0.526726083825529 + 0.439777124957994i
2.6,43.625,0.547570775216807 + 0.416275818440848i
2.6,43.6875,0.567263584725724 + 0.391790674775252i
2.6,43.75,0.585761054815541 + 0.366382487503028i
2.6,43.8125,0.603023049192281 + 0.34011355779328i
2.6,43.875,0.619012755057387 + 0.31304751915268i
2.6,43.9375,0.633696677660403 + 0.285249169661675i
2.6,44,0.647044628293509 + 0.25678431183368i
2.6,44.0625,0.65902970682839 + 0.227719600064646i
2.6,44.125,0.669628279842151 + 0.198122395519461i
2.6,44.1875,0.678819955314195 + 0.168060628189996i
2.6,44.25,0.686587554801471 + 0.137602665758101i
2.6,44.3125,0.692917083916315 + 0.106817188806044i
2.6,44.375,0.697797701840671 + 0.0757730718372138i
2.6,44.4375,0.701221690513767 + 0.0445392695018058i
2.6,44.5,0.703184424028671 + 0.0131847073658896i
2.6,44.5625,0.703684338667535 - 0.0182218234820734i
2.6,44.625,0.702722903896932 - 0.0496117687254256i
2.6,44.6875,0.700304594534527 - 0.08091691077231i
2.6,44.75,0.696436864187495 - 0.11206946713365i
2.6,44.8125,0.691130119952584 - 0.143002187987848i
2.6,44.875,0.684397698258543 - 0.173648453677905i
2.6,44.9375,0.676255841624871 - 0.203942372858574i
2.6,45,0.6667236760074 - 0.233818881971594i
2.6,45.0625,0.655823188302216 - 0.263213846675948i
2.6,45.125,0.643579203485723 - 0.292064165798227i
2.6,45.1875,0.630019360781551 - 0.3203078782952i
2.6,45.25,0.615174088165255 - 0.347884273637752i
2.6,45.3125,0.599076574446694 - 0.374734005932324i
2.6,45.375,0.581762738108622 - 0.4007992119939i
2.6,45.4375,0.563271192029595 - 0.426023633473655i
2.6,45.5,0.543643203180746 - 0.450352743026077i
2.6,45.5625,0.522922646360946 - 0.473733874374859i
2.6,45.625,0.501155951023897 - 0.496116356006117i
2.6,45.6875,0.478392040255424 - 0.517451648082304i
2.6,45.75,0.454682260980354 - 0.537693482032455i
2.6,45.8125,0.430080304516838 - 0.556798002135832i
2.6,45.875,0.404642116652556 - 0.574723908278709i
2.6,45.9375,0.378425796492373 - 0.591432598930074i
2.6,46,0.351491483420809 - 0.60688831325415i
2.6,46.0625,0.323901231635205 - 0.621058271157981i
2.6,46.125,0.295718871836068 - 0.633912809963998i
2.6,46.1875,0.267009859808812 - 0.645425516303051i
2.6,46.25,0.237841111795001 - 0.655573351745352i
2.6,46.3125,0.208280826728899 - 0.664336770628267i
2.6,46.375,0.178398295605062 - 0.671699828502809i
2.6,46.4375,0.148263698441553 - 0.677650279607739i
2.6,46.5,0.11794788950869 - 0.682179661792829i
2.6,46.5625,0.0875221717008303 - 0.685283367352969i
2.6,46.625,0.0570580611355933 - 0.686960698302988i
2.6,46.6875,0.0266270432663386 - 0.687214904720036i
2.6,46.75,-0.00369967801405141 - 0.686053204905765i
2.6,46.8125,-0.0338514366214984 - 0.683486786273601i
2.6,46.875,-0.063758364063723 - 0.679530786045414i
2.6,46.9375,-0.0933516508016196 - 0.674204251044915i
2.6,47,-0.122563807119266 - 0.667530076098873i
2.6,47.0625,-0.151328921348272 - 0.659534920798622i
2.6,47.125,-0.179582913239394 - 0.650249104628828i
2.6,47.1875,-0.207263780255066 - 0.639706480733955i
2.6,47.25,-0.234311834572845 - 0.627944288859949i
2.6,47.3125,-0.260669928641574 - 0.615002988274569i
2.6,47.375,-0.286283667219805 - 0.600926071728959i
2.6,47.4375,-0.311101603948264 - 0.585759861770404i
2.6,47.5,-0.335075420663191 - 0.569553290946602i
2.6,47.5625,-0.358160087842391 - 0.552357667650563i
2.6,47.625,-0.380314004787655 - 0.534226429538078i
2.6,47.6875,-0.401499118381413 - 0.515214886603073i
2.6,47.75,-0.421681019507801 - 0.495379956116955i
2.6,47.8125,-0.440829016493666 - 0.474779891724216i
2.6,47.875,-0.458916185197959 - 0.453474009036712i
2.6,47.9375,-0.475919395653447 - 0.431522410082714i
2.6,48,-0.491819315437144 - 0.408985708944305i
2.6,48.0625,-0.506600390210213 - 0.385924760859444i
2.6,48.125,-0.5202508021197 - 0.36240039697466i
2.6,48.1875,-0.532762406988699 - 0.338473166813949i
2.6,48.25,-0.544130651434883 - 0.314203090381858i
2.6,48.3125,-0.55435447124635 - 0.289649421648264i
2.6,48.375,-0.563436172506141 - 0.264870424972395i
2.6,48.4375,-0.571381297090653 - 0.239923165819318i
2.6,48.5,-0.578198474271555 - 0.214863316907199i
2.6,48.5625,-0.583899260225379 - 0.189744980703i
2.6,48.625,-0.588497967299906 - 0.16462052896198i
2.6,48.6875,-0.592011484903075 - 0.13954045978646i
2.6,48.75,-0.594459093869454 - 0.114553272465668i
2.6,48.8125,-0.595862276123833 - 0.0897053601542296i
2.6,48.875,-0.596244521403116 - 0.065040920254957i
2.6,48.9375,-0.59563113271942 - 0.0406018821944611i
2.6,49,-0.594049032151758 - 0.0164278521195624i
2.6,49.0625,-0.591526568443937 + 0.00744392610014287i
2.6,49.125,-0.588093327765357 + 0.0309785943018243i
2.6,49.1875,-0.583779948862112 + 0.0541436887337346i
2.6,49.25,-0.578617943691077 + 0.076909134962035i
2.6,49.3125,-0.572639524492135 + 0.0992472299739742i
2.6,49.375,-0.56587743811579 + 0.121132612519136i
2.6,49.4375,-0.558364808287385 + 0.142542222761186i
2.6,49.5,-0.550134986356838 + 0.163455252327089i
2.6,49.5625,-0.541221410955988 + 0.183853085840783i
2.6,49.625,-0.531657476865588 + 0.203719235015089i
2.6,49.6875,-0.521476413281789 + 0.223039266350896i
2.6,49.75,-0.510711171568561 + 0.241800723457842i
2.6,49.8125,-0.499394322488224 + 0.259993044967723i
2.6,49.875,-0.487557962817743 + 0.277607478961723i
2.6,49.9375,-0.475233631183587 + 0.294636994777358i
2.6,50,-0.462452232882743 + 0.311076193001665i
2.7,25,0.63713471198715 - 0.692156273339748i
2.7,25.0625,0.607466530945623 - 0.718469542063081i
2.7,25.125,0.576745384296366 - 0.743452184946073i
2.7,25.1875,0.54503306528027 - 0.767068256531355i
2.7,25.25,0.512391803975542 - 0.78928447311762i
2.7,25.3125,0.47888421360313 - 0.81007012304302i
2.7,25.375,0.444573248438609 - 0.829396987249693i
2.7,25.4375,0.409522171080082 - 0.847239270729559i
2.7,25.5,0.373794526892987 - 0.863573545155782i
2.7,25.5625,0.337454123550107 - 0.878378702734545i
2.7,25.625,0.300565013704557 - 0.891635921068066i
2.7,25.6875,0.263191478970985 - 0.903328638602461i
2.7,25.75,0.225398013542456 - 0.913442540042805i
2.7,25.8125,0.187249305934391 - 0.921965550952073i
2.7,25.875,0.148810217519864 - 0.928887840610307i
2.7,25.9375,0.110145756699727 - 0.934201832094557i
2.7,26,0.0713210477345793 - 0.937902218448489i
2.7,26.0625,0.0324012934508339 - 0.939985983742292i
2.7,26.125,-0.0065482687815418 - 0.940452427778007i
2.7,26.1875,-0.0454624182189266 - 0.93930319317193i
2.7,26.25,-0.0842760093019087 - 0.936542293543544i
2.7,26.3125,-0.122924037668297 - 0.932176141558469i
2.7,26.375,-0.161341713523213 - 0.92621357561039i
2.7,26.4375,-0.199464542112677 - 0.918665883982391i
2.7,26.5,-0.237228410902856 - 0.909546825400482i
2.7,26.5625,-0.274569682935926 - 0.898872644979703i
2.7,26.625,-0.311425295717069 - 0.886662084664295i
2.7,26.6875,-0.347732864886095 - 0.872936387376314i
2.7,26.75,-0.383430791843983 - 0.857719294209344i
2.7,26.8125,-0.418458374438393 - 0.841037034133859i
2.7,26.875,-0.452755919765587 - 0.82291830581541i
2.7,26.9375,-0.486264858117654 - 0.803394251284209i
2.7,27,-0.518927857094994 - 0.782498421331973i
2.7,27.0625,-0.550688934913252 - 0.760266732646842i
2.7,27.125,-0.581493571961361 - 0.736737416827208i
2.7,27.1875,-0.611288819711717 - 0.711950961538047i
2.7,27.25,-0.640023406143509 - 0.685950044186786i
2.7,27.3125,-0.667647836914287 - 0.658779458597727i
2.7,27.375,-0.694114491601095 - 0.630486035252985i
2.7,27.4375,-0.719377714428819 - 0.601118555742266i
2.7,27.5,-0.743393899007408 - 0.570727662122756i
2.7,27.5625,-0.766121566709293 - 0.539365761932701i
2.7,27.625,-0.787521438430661 - 0.507086929628156i
2.7,27.6875,-0.807556499593396 - 0.473946805221304i
2.7,27.75,-0.82619205835552 - 0.440002490891397i
2.7,27.8125,-0.843395797105014 - 0.405312446316268i
2.7,27.875,-0.85913781741252 - 0.369936383434505i
2.7,27.9375,-0.873390678710912 - 0.333935161297096i
2.7,28,-0.886129431052175 - 0.297370681604193i
2.7,28.0625,-0.89733164236323 - 0.260305785449154i
2.7,28.125,-0.906977420680974 - 0.222804151710297i
2.7,28.1875,-0.915049431892086 - 0.184930197442665i
2.7,28.25,-0.921532913534559 - 0.14674898052976i
2.7,28.3125,-0.926415685235209 - 0.108326104760146i
2.7,28.375,-0.929688156360532 - 0.0697276273993262i
2.7,28.4375,-0.931343331447688 - 0.0310199692335241i
2.7,28.5,-0.931376813958587 + 0.00773017302754381i
2.7,28.5625,-0.929786808863762 + 0.0464559121864183i
2.7,28.625,-0.926574124515086 + 0.085090254107532i
2.7,28.6875,-0.921742174208406 + 0.123566179725663i
2.7,28.75,-0.915296977770292 + 0.161816725918408i
2.7,28.8125,-0.907247163428612 + 0.199775065697927i
2.7,28.875,-0.897603970146117 + 0.237374588215988i
2.7,28.9375,-0.886381250511149 + 0.274548979103532i
2.7,29,-0.873595474191601 + 0.311232301681112i
2.7,29.0625,-0.859265731868857 + 0.347359079579386i
2.7,29.125,-0.843413739479259 + 0.382864381299457i
2.7,29.1875,-0.826063842503156 + 0.417683907221466i
2.7,29.25,-0.807243019957356 + 0.451754079536589i
2.7,29.3125,-0.786980887667063 + 0.485012135533409i
2.7,29.375,-0.765309700319666 + 0.517396224614681i
2.7,29.4375,-0.74226435173618 + 0.548845509355963i
2.7,29.5,-0.717882372737807 + 0.579300270844334i
2.7,29.5625,-0.692203925936183 + 0.608702018454238i
2.7,29.625,-0.665271796737098 + 0.636993604129933i
2.7,29.6875,-0.637131379819735 + 0.664119341151007i
2.7,29.75,-0.607830660337292 + 0.690025127260511i
2.7,29.8125,-0.577420189080841 + 0.71465857193559i
2.7,29.875,-0.545953050856492 + 0.737969127479926i
2.7,29.9375,-0.513484825346902 + 0.759908223516811i
2.7,30,-0.480073539761506 + 0.780429404363219i
2.7,30.0625,-0.44577961262556 + 0.799488468670121i
2.7,30.125,-0.410665788115782 + 0.817043610624016i
2.7,30.1875,-0.374797060419514 + 0.833055561920699i
2.7,30.25,-0.33824058767396 + 0.847487733646249i
2.7,30.3125,-0.301065595131678 + 0.860306357133004i
2.7,30.375,-0.263343267296672 + 0.871480622801624i
2.7,30.4375,-0.225146628881019 + 0.880982815954978i
2.7,30.5,-0.186550414543714 + 0.888788448456572i
2.7,30.5625,-0.147630927489741 + 0.894876385206428i
2.7,30.625,-0.108465887126381 + 0.899228964321255i
2.7,30.6875,-0.0691342660944525 + 0.90183210993377i
2.7,30.75,-0.0297161171118598 + 0.90267543654845i
2.7,30.8125,0.00970760981541931 + 0.901752343927623i
2.7,30.875,0.0490552591463549 + 0.899060101532444i
2.7,30.9375,0.0882446697456644 + 0.894599921607416i
2.7,31,0.127193382136057 + 0.888377020073914i
2.7,31.0625,0.165818852094498 + 0.880400664486779i
2.7,31.125,0.20403866954475 + 0.870684208407168i
2.7,31.1875,0.241770781629739 + 0.859245111653208i
2.7,31.25,0.278933718791679 + 0.846104946006051i
2.7,31.3125,0.31544682264622 + 0.831289386070926i
2.7,31.375,0.351230474409372 + 0.814828185119145i
2.7,31.4375,0.386206322624048 + 0.796755135865525i
2.7,31.5,0.420297508935451 + 0.77710801626499i
2.7,31.5625,0.453428890682769 + 0.755928520539717i
2.7,31.625,0.485527259106986 + 0.733262175772755i
2.7,31.6875,0.516521552021615 + 0.709158244523344i
2.7,31.75,0.546343059853136 + 0.683669614031892i
2.7,31.8125,0.574925624030483 + 0.656852672686848i
2.7,31.875,0.60220582678677 + 0.628767174520271i
2.7,31.9375,0.628123171529842 + 0.599476092582531i
2.7,32,0.652620253040291 + 0.569045462118262i
2.7,32.0625,0.675642916864345 + 0.537544214524362i
2.7,32.125,0.697140407382914 + 0.505044003116296i
2.7,32.1875,0.717065504155525 + 0.471619021760554i
2.7,32.25,0.735374646257164 + 0.437345817448439i
2.7,32.3125,0.752028044445374 + 0.402303097890253i
2.7,32.375,0.766989781113035 + 0.366571535198468i
2.7,32.4375,0.780227898097209 + 0.330233566705137i
2.7,32.5,0.791714472525107 + 0.293373193922478i
2.7,32.5625,0.801425680983191 + 0.256075780607086i
2.7,32.625,0.809341852393486 + 0.2184278508287i
2.7,32.6875,0.815447510071274 + 0.180516887874458i
2.7,32.75,0.81973140351965 + 0.142431134740105i
2.7,32.8125,0.822186530587968 + 0.104259396872045i
2.7,32.875,0.822810150682541 + 0.066090847729073i
2.7,32.9375,0.821603789768364 + 0.0280148376313196i
2.7,33,0.818573237939826 - 0.00987929374245596i
2.7,33.0625,0.813728540365872 - 0.0475024009587682i
2.7,33.125,0.807083982430777 - 0.084765712397988i
2.7,33.1875,0.798658069895221 - 0.121581005767269i
2.7,33.25,0.788473504893719 - 0.157860779655021i
2.7,33.3125,0.776557158563269 - 0.193518421342505i
2.7,33.375,0.762940041064521 - 0.228468371205955i
2.7,33.4375,0.747657269710223 - 0.262626284159701i
2.7,33.5,0.730748035856327 - 0.295909188706085i
2.7,33.5625,0.712255571138395 - 0.328235644270637i
2.7,33.625,0.692227113549592 - 0.359525897610441i
2.7,33.6875,0.670713873756011 - 0.389702039188905i
2.7,33.75,0.647771001930022 - 0.41868816051014i
2.7,33.8125,0.623457555251789 - 0.446410513500008i
2.7,33.875,0.597836466082758 - 0.472797673107007i
2.7,33.9375,0.570974510651662 - 0.497780704373141i
2.7,34,0.542942277912693 - 0.521293335290964i
2.7,34.0625,0.513814138036294 - 0.543272136815652i
2.7,34.125,0.483668209774488 - 0.563656711437917i
2.7,34.1875,0.452586325704293 - 0.58238989174158i
2.7,34.25,0.420653994094111 - 0.599417950365052i
2.7,34.3125,0.38796035585887 - 0.614690822754796i
2.7,34.375,0.354598134770322 - 0.628162344036106i
2.7,34.4375,0.320663578770403 - 0.639790501226889i
2.7,34.5,0.286256389899508 - 0.64953770187745i
2.7,34.5625,0.251479640000318 - 0.65737106002694i
2.7,34.625,0.216439668996033 - 0.663262700117643i
2.7,34.6875,0.181245962174179 - 0.667190079194149i
2.7,34.75,0.146011002541159 - 0.669136327327513i
2.7,34.8125,0.110850093957665 - 0.669090605736719i
2.7,34.875,0.0758811504325031 - 0.667048481523277i
2.7,34.9375,0.0412244466566005 - 0.663012317282704i
2.7,35,0.00700232461730095 - 0.656991673102941i
2.7,35.0625,-0.0266611490340895 - 0.649003717600821i
2.7,35.125,-0.0596405802580864 - 0.639073643682301i
2.7,35.1875,-0.0918097048873604 - 0.627235083643046i
2.7,35.25,-0.12304191100377 - 0.613530517060567i
2.7,35.3125,-0.153210831169432 - 0.598011663680687i
2.7,35.375,-0.182191008635217 - 0.580739852190564i
2.7,35.4375,-0.209858640783967 - 0.561786354426375i
2.7,35.5,-0.236092401914968 - 0.541232673225024i
2.7,35.5625,-0.260774346012575 - 0.519170770844356i
2.7,35.625,-0.283790888342904 - 0.49570322370554i
2.7,35.6875,-0.305033862575068 - 0.470943288225089i
2.7,35.75,-0.324401647627036 - 0.445014861783592i
2.7,35.8125,-0.341800355606876 - 0.418052322513174i
2.7,35.875,-0.35714506909404 - 0.390200231671481i
2.7,35.9375,-0.370361112642112 - 0.361612883003794i
2.7,36,-0.381385339870794 - 0.332453684770512i
2.7,36.0625,-0.390167413965309 - 0.302894362118053i
2.7,36.125,-0.39667105595959 - 0.273113970262829i
2.7,36.1875,-0.400875232015917 - 0.243297712578546i
2.7,36.25,-0.402775248220784 - 0.213635562129637i
2.7,36.3125,-0.4023837194031 - 0.184320690436209i
2.7,36.375,-0.399731377359474 - 0.155547713194259i
2.7,36.4375,-0.394867683847414 - 0.127510769158498i
2.7,36.5,-0.387861214962329 - 0.100401455213843i
2.7,36.5625,-0.378799786188858 - 0.0744066475492382i
2.7,36.625,-0.367790291593764 - 0.0497062454898537i
2.7,36.6875,-0.354958236314493 - 0.0264708805907567i
2.7,36.75,-0.34044694861556 - 0.00485963868099859i
2.7,36.8125,-0.324416466159795 + 0.01498215368737i
2.7,36.875,-0.307042100502824 + 0.0329250248113879i
2.7,36.9375,-0.288512693806781 + 0.0488572816473716i
2.7,37,-0.269028591949123 + 0.0626867099546436i
2.7,37.0625,-0.248799368089482 + 0.0743420029022031i
2.7,37.125,-0.228041339846517 + 0.0837738764005207i
2.7,37.1875,-0.20697493103689 + 0.0909558374659737i
2.7,37.25,-0.185821934999571 + 0.095884581571901i
2.7,37.3125,-0.164802740516067 + 0.098580005766858i
2.7,37.375,-0.144133582999867 + 0.0990848358435383i
2.7,37.4375,-0.124023882859834 + 0.0974638774673499i
2.7,37.5,-0.104673729779749 + 0.0938029123575323i
2.7,37.5625,-0.0862715662775533 + 0.0882072708210673i
2.7,37.625,-0.0689921166182332 + 0.0808001207019244i
2.7,37.6875,-0.0529945983608102 + 0.0717205197544963i
2.7,37.75,-0.0384212440001874 + 0.0611212833288865i
2.7,37.8125,-0.0253961498305102 + 0.0491667219465227i
2.7,37.875,-0.0140244588171249 + 0.0360303038575813i
2.7,37.9375,-0.00439187439241747 + 0.0218922961382473i
2.7,38,0.0034355069057286 + 0.00693743453888544i
2.7,38.0625,0.00941106383201525 - 0.00864733255585428i
2.7,38.125,0.0135072461210939 - 0.0246749866877532i
2.7,38.1875,0.0157149285402698 - 0.0409604357966051i
2.7,38.25,0.0160425576266646 - 0.0573223391390413i
2.7,38.3125,0.0145151271449325 - 0.0735847423792547i
2.7,38.375,0.0111730186165689 - 0.0895785115046682i
2.7,38.4375,0.00607074236002435 - 0.105142560641606i
2.7,38.5,-0.000724387449122261 - 0.120124874576935i
2.7,38.5625,-0.0091336129121604 - 0.134383331708102i
2.7,38.625,-0.0190681002418179 - 0.147786337181063i
2.7,38.6875,-0.0304302914513078 - 0.160213279118819i
2.7,38.75,-0.043115219862651 - 0.17155482312135i
2.7,38.8125,-0.0570117732084261 - 0.181713061691533i
2.7,38.875,-0.0720038917743205 - 0.190601535995622i
2.7,38.9375,-0.0879716924632713 - 0.198145147499546i
2.7,39,-0.104792512781636 - 0.204279976638904i
2.7,39.0625,-0.122341871506616 - 0.208953024886014i
2.7,39.125,-0.140494345168348 - 0.212121895472122i
2.7,39.1875,-0.159124361465367 - 0.213754426698642i
2.7,39.25,-0.178106912339288 - 0.213828290309209i
2.7,39.3125,-0.197318190685589 - 0.212330565863822i
2.7,39.375,-0.21663615560237 - 0.209257300514681i
2.7,39.4375,-0.235941031712231 - 0.20461306207616i
2.7,39.5,-0.255115748470913 - 0.198410491843786i
2.7,39.5625,-0.274046325536949 - 0.190669862274308i
2.7,39.625,-0.292622210254962 - 0.18141864340828i
2.7,39.6875,-0.31073657313503 - 0.170691080808289i
2.7,39.75,-0.328286566921829 - 0.158527786804798i
2.7,39.8125,-0.345173554467714 - 0.144975345988105i
2.7,39.875,-0.361303310176834 - 0.13008593515629i
2.7,39.9375,-0.376586199293733 - 0.11391695732024i
2.7,40,-0.390937338786703 - 0.0965306888713576i
2.7,40.0625,-0.404276743038429 - 0.077993938627755i
2.7,40.125,-0.416529457015937 - 0.0583777171827665i
2.7,40.1875,-0.427625679058988 - 0.0377569147774237i
2.7,40.25,-0.437500874908788 - 0.016209985798096i
2.7,40.3125,-0.446095884104269 + 0.00618136204576584i
2.7,40.375,-0.453357019406712 + 0.029332475788151i
2.7,40.4375,-0.459236159480026 + 0.0531560643613499i
2.7,40.5,-0.463690834657415 + 0.0775625065493949i
2.7,40.5625,-0.46668430526897 + 0.102460161269896i
2.7,40.625,-0.468185631691848 + 0.127755681492981i
2.7,40.6875,-0.468169735017632 + 0.153354332850491i
2.7,40.75,-0.4666174470124 + 0.179160317704487i
2.7,40.8125,-0.463515547875717 + 0.205077105138238i
2.7,40.875,-0.458856790186447 + 0.231007767010315i
2.7,40.9375,-0.452639907356945 + 0.25685531988102i
2.7,41,-0.444869604902886 + 0.282523072285345i
2.7,41.0625,-0.435556532873615 + 0.30791497649543i
2.7,41.125,-0.424717237876079 + 0.332935983594472i
2.7,41.1875,-0.412374093262572 + 0.357492400379746i
2.7,41.25,-0.398555206235738 + 0.381492246331562i
2.7,41.3125,-0.383294300850065 + 0.404845608633769i
2.7,41.375,-0.36663057615308 + 0.427464993015566i
2.7,41.4375,-0.34860853900614 + 0.449265668009303i
2.7,41.5,-0.329277811448144 + 0.470166000089259i
2.7,41.5625,-0.308692912808856 + 0.490087777075559i
2.7,41.625,-0.286913017134272 + 0.50895651715838i
2.7,41.6875,-0.264001686846957 + 0.526701760921956i
2.7,41.75,-0.240026583921259 + 0.543257343825857i
2.7,41.8125,-0.215059160198822 + 0.55856164673188i
2.7,41.875,-0.189174328795634 + 0.572557822246522i
2.7,41.9375,-0.162450118850708 + 0.585193994877818i
2.7,42,-0.134967316131167 + 0.59642343327696i
2.7,42.0625,-0.106809092232787 + 0.606204693143789i
2.7,42.125,-0.0780606252940041 + 0.614501729714386i
2.7,42.1875,-0.0488087152706326 + 0.621283979111278i
2.7,42.25,-0.0191413968953431 + 0.626526408214394i
2.7,42.3125,0.0108524465310416 + 0.63020953309544i
2.7,42.375,0.0410834654005809 + 0.632319406441893i
2.7,42.4375,0.0714622190797814 + 0.632847574770837i
2.7,42.5,0.101899541314407 + 0.631791006589937i
2.7,42.5625,0.132306893041728 + 0.629151992995655i
2.7,42.625,0.162596700117901 + 0.624938022500986i
2.7,42.6875,0.19268267372855 + 0.619161632151164i
2.7,42.75,0.222480111541381 + 0.611840237211427i
2.7,42.8125,0.251906177974329 + 0.602995941892758i
2.7,42.875,0.280880162284137 + 0.592655333717454i
2.7,42.9375,0.309323713521807 + 0.58084926421518i
2.7,43,0.337161051745563 + 0.567612618682197i
2.7,43.0625,0.364319155222787 + 0.552984077732518i
2.7,43.125,0.390727923683299 + 0.537005873322076i
2.7,43.1875,0.416320318002079 + 0.519723541838257i
2.7,43.25,0.441032476984764 + 0.501185676720974i
2.7,43.3125,0.464803812200362 + 0.48144368292159i
2.7,43.375,0.487577082048646 + 0.46055153531718i
2.7,43.4375,0.509298446462319 + 0.438565542984054i
2.7,43.5,0.529917503824338 + 0.415544121001139i
2.7,43.5625,0.549387311827403 + 0.391547571205344i
2.7,43.625,0.56766439411528 + 0.366637873062008i
2.7,43.6875,0.584708734624195 + 0.340878485548338i
2.7,43.75,0.600483761587753 + 0.314334160680779i
2.7,43.8125,0.614956323181649 + 0.287070769052184i
2.7,43.875,0.62809665676635 + 0.259155137485467i
2.7,43.9375,0.639878353638649 + 0.230654898660023i
2.7,44,0.650278321128351 + 0.201638352329085i
2.7,44.0625,0.659276743776648 + 0.172174337522394i
2.7,44.125,0.666857045209635 + 0.142332114921222i
2.7,44.1875,0.673005852176027 + 0.112181258403034i
2.7,44.25,0.677712962053364 + 0.0817915545809792i
2.7,44.3125,0.680971314942634 + 0.0512329090082919i
2.7,44.375,0.68277697126664 + 0.0205752575779538i
2.7,44.4375,0.68312909556183 - 0.0101115184775953i
2.7,44.5,0.682029946905439 - 0.0407576756935591i
2.7,44.5625,0.679484876150241 - 0.0712936913881292i
2.7,44.625,0.675502329850916 - 0.101650348457943i
2.7,44.6875,0.670093860466316 - 0.131758823860165i
2.7,44.75,0.663274142121177 - 0.16155078267349i
2.7,44.8125,0.65506099092124 - 0.190958479555128i
2.7,44.875,0.645475388547119 - 0.21991486927041i
2.7,44.9375,0.634541507608991 - 0.248353727770002i
2.7,45,0.622286737024612 - 0.276209785040257i
2.7,45.0625,0.608741705481544 - 0.303418870671206i
2.7,45.125,0.593940300855746 - 0.329918072788816i
2.7,45.1875,0.577919683282405 - 0.355645910689297i
2.7,45.25,0.560720289417421 - 0.380542521192911i
2.7,45.3125,0.542385825300657 - 0.404549858395525i
2.7,45.375,0.522963245149093 - 0.427611906131432i
2.7,45.4375,0.502502713382734 - 0.44967490206672i
2.7,45.5,0.481057547228629 - 0.470687571921514i
2.7,45.5625,0.458684137366425 - 0.490601371879196i
2.7,45.625,0.435441844275706 - 0.509370736794234i
2.7,45.6875,0.411392868222722 - 0.526953331372443i
2.7,45.75,0.386602091180743 - 0.543310301084687i
2.7,45.8125,0.361136889411035 - 0.558406519203892i
2.7,45.875,0.335066915935103 - 0.572210826041403i
2.7,45.9375,0.308463852695529 - 0.584696256217244i
2.7,46,0.281401132821807 - 0.595840249643286i
2.7,46.0625,0.253953634076154 - 0.605624841840163i
2.7,46.125,0.226197345236367 - 0.614036829257653i
2.7,46.1875,0.198209007860213 - 0.621067905430556i
2.7,46.25,0.170065736549097 - 0.626714764080943i
2.7,46.3125,0.141844621466247 - 0.630979165672629i
2.7,46.375,0.113622317445493 - 0.63386796442976i
2.7,46.4375,0.0854746245297257 - 0.635393093439684i
2.7,46.5,0.0574760651843545 - 0.635571506157273i
2.7,46.5625,0.0296994637233261 - 0.63442507339654i
2.7,46.625,0.00221553365057225 - 0.63198043571494i
2.7,46.6875,-0.0249075213515718 - 0.628268811942835i
2.7,46.75,-0.0516043871678124 - 0.623325765460138i
2.7,46.8125,-0.077812994362962 - 0.617190930648121i
2.7,46.875,-0.103474843684169 - 0.609907702721383i
2.7,46.9375,-0.128535297485904 - 0.601522894848839i
2.7,47,-0.152943833232105 - 0.592086367081952i
2.7,47.0625,-0.176654255940207 - 0.581650632105311i
2.7,47.125,-0.199624867209477 - 0.570270443195193i
2.7,47.1875,-0.221818589296149 - 0.558002370007365i
2.7,47.25,-0.243203043535618 - 0.544904367911812i
2.7,47.3125,-0.263750583241285 - 0.531035346551045i
2.7,47.375,-0.283438282007141 - 0.516454743125904i
2.7,47.4375,-0.302247879084465 - 0.501222105619091i
2.7,47.5,-0.320165684173373 - 0.485396690766075i
2.7,47.5625,-0.337182444551835 - 0.469037081092857i
2.7,47.625,-0.353293177947102 - 0.452200824779187i
2.7,47.6875,-0.368496974929586 - 0.43494410149482i
2.7,47.75,-0.382796774874466 - 0.417321416715326i
2.7,47.8125,-0.396199119692106 - 0.399385326372773i
2.7,47.875,-0.408713889579171 - 0.381186193053673i
2.7,47.9375,-0.420354024995278 - 0.362771974338318i
2.7,48,-0.431135238934896 - 0.344188043295989i
2.7,48.0625,-0.441075723352063 - 0.325477040621171i
2.7,48.125,-0.450195853319121 - 0.306678757425156i
2.7,48.1875,-0.458517892172691 - 0.28783004729139i
2.7,48.25,-0.466065700533667 - 0.26896476586473i
2.7,48.3125,-0.472864451695124 - 0.250113735975495i
2.7,48.375,-0.478940355464434 - 0.231304736097381i
2.7,48.4375,-0.484320392133334 - 0.212562509801424i
2.7,48.5,-0.489032057841289 - 0.19390879379174i
2.7,48.5625,-0.493103122200044 - 0.175362362087812i
2.7,48.625,-0.496561398666619 - 0.15693908394667i
2.7,48.6875,-0.499434527791907 - 0.138651993190703i
2.7,48.75,-0.501749773135157 - 0.120511366717006i
2.7,48.8125,-0.503533829321933 - 0.102524810106571i
2.7,48.875,-0.504812641434604 - 0.0846973484214844i
2.7,48.9375,-0.505611234658729 - 0.0670315204713896i
2.7,49,-0.505953552863911 - 0.0495274750437479i
2.7,49.0625,-0.505862304570812 - 0.0321830678239497i
2.7,49.125,-0.505358814543977 - 0.0149939579805352i
2.7,49.1875,-0.504462879048983 + 0.00204629634152459i
2.7,49.25,-0.503192622618752 + 0.018946144087779i
2.7,49.3125,-0.501564353983799 + 0.0357159490756037i
2.7,49.375,-0.499592418631606 + 0.0523678992979422i
2.7,49.4375,-0.497289045268634 + 0.0689159171710037i
2.7,49.5,-0.494664183263365 + 0.0853755697087209i
2.7,49.5625,-0.491725327950511 + 0.101763977101661i
2.7,49.625,-0.488477330477759 + 0.118099717588463i
2.7,49.6875,-0.484922188683423 + 0.134402725811888i
2.7,49.75,-0.481058815316911 + 0.150694181022658i
2.7,49.8125,-0.476882779771398 + 0.166996380501184i
2.7,49.875,-0.472386019416094 + 0.183332592372837i
2.7,49.9375,-0.46755651663226 + 0.19972688055452i
2.7,50,-0.462377937827919 + 0.216203892841115i
2.8,25,0.628150672989518 - 0.700043386897274i
2.8,25.0625,0.598358736143119 - 0.72427071094328i
2.8,25.125,0.567637792669646 - 0.747383674023107i
2.8,25.1875,0.536025490133976 - 0.769336362490077i
2.8,25.25,0.503562173854383 - 0.790084317262309i
2.8,25.3125,0.470290819927549 - 0.809584701256435i
2.8,25.375,0.436256956276855 - 0.827796463188978i
2.8,25.4375,0.401508571998322 - 0.844680496739336i
2.8,25.5,0.366096015375301 - 0.860199794093708i
2.8,25.5625,0.33007188102699 - 0.874319592925467i
2.8,25.625,0.293490886746106 - 0.887007515913829i
2.8,25.6875,0.25640974066586 - 0.898233701959028i
2.8,25.75,0.218886999474831 - 0.907970928317678i
2.8,25.8125,0.180982918469331 - 0.916194722955835i
2.8,25.875,0.142759294295267 - 0.922883466498553i
2.8,25.9375,0.104279301284538 - 0.928018483242302i
2.8,26,0.0656073223340745 - 0.931584120789308i
2.8,26.0625,0.0268087753079649 - 0.933567817959426i
2.8,26.125,-0.0120500640354164 - 0.933960160734254i
2.8,26.1875,-0.0509022415789964 - 0.932754926088367i
2.8,26.25,-0.0896803058339709 - 0.929949113662629i
2.8,26.3125,-0.128316489378496 - 0.925542965332964i
2.8,26.375,-0.16674288977082 - 0.919539972823582i
2.8,26.4375,-0.204891648992107 - 0.911946873605226i
2.8,26.5,-0.242695130515973 - 0.902773635405286i
2.8,26.5625,-0.280086093152236 - 0.89203342973673i
2.8,26.625,-0.31699786087059 - 0.879742594925768i
2.8,26.6875,-0.353364487874716 - 0.865920589183183i
2.8,26.75,-0.389120918267772 - 0.85058993432083i
2.8,26.8125,-0.424203139725169 - 0.83377615076238i
2.8,26.875,-0.458548330668817 - 0.815507684535658i
2.8,26.9375,-0.49209500051728 - 0.795815826962843i
2.8,27,-0.524783122667928 - 0.774734627784165i
2.8,27.0625,-0.556554259948295 - 0.752300802460946i
2.8,27.125,-0.587351682354128 - 0.72855363440489i
2.8,27.1875,-0.617120476969628 - 0.703534872873018i
2.8,27.25,-0.645807650040328 - 0.677288627251933i
2.8,27.3125,-0.673362221240151 - 0.649861258431873i
2.8,27.375,-0.699735310240679 - 0.621301267940783i
2.8,27.4375,-0.724880215751948 - 0.591659185472277i
2.8,27.5,-0.748752487259521 - 0.560987455399596i
2.8,27.5625,-0.771309989732065 - 0.529340322821067i
2.8,27.625,-0.792512961616422 - 0.496773719632416i
2.8,27.6875,-0.812324066473501 - 0.463345151067794i
2.8,27.75,-0.830708438637665 - 0.429113583095849i
2.8,27.8125,-0.847633723304934 - 0.394139331000129i
2.8,27.875,-0.86307011147119 - 0.358483949415241i
2.8,27.9375,-0.876990370150796 - 0.322210124032486i
2.8,28,-0.889369868308825 - 0.285381565131538i
2.8,28.0625,-0.900186598936729 - 0.248062903038864i
2.8,28.125,-0.909421197692019 - 0.210319585559646i
2.8,28.1875,-0.917056958507682 - 0.172217777378331i
2.8,28.25,-0.923079846557141 - 0.133824261374324i
2.8,28.3125,-0.92747850893581 - 0.0952063417535378i
2.8,28.375,-0.930244283391172 - 0.0564317488551896i
2.8,28.4375,-0.931371205400389 - 0.0175685454549488i
2.8,28.5,-0.930856013857932 + 0.0213149656478297i
2.8,28.5625,-0.928698155596274 + 0.0601503330001727i
2.8,28.625,-0.924899788920663 + 0.0988690470887406i
2.8,28.6875,-0.919465786294836 + 0.13740263044167i
2.8,28.75,-0.912403736268795 + 0.175682727538983i
2.8,28.8125,-0.90372394469276 + 0.213641194841167i
2.8,28.875,-0.893439435213739 + 0.251210191249854i
2.8,28.9375,-0.881565949003186 + 0.288322269313785i
2.8,29,-0.868121943616358 + 0.324910467487349i
2.8,29.0625,-0.853128590836874 + 0.36090840373784i
2.8,29.125,-0.836609773313819 + 0.396250370781408i
2.8,29.1875,-0.818592079754175 + 0.430871433206493i
2.8,29.25,-0.799104798390839 + 0.464707526717233i
2.8,29.3125,-0.778179908406264 + 0.497695559698605i
2.8,29.375,-0.755852068954608 + 0.5297735172693i
2.8,29.4375,-0.732158605391403 + 0.560880567948435i
2.8,29.5,-0.707139492289639 + 0.590957173018134i
2.8,29.5625,-0.680837332795464 + 0.619945198615849i
2.8,29.625,-0.653297333855531 + 0.647788030538886i
2.8,29.6875,-0.624567276832143 + 0.674430691688788i
2.8,29.75,-0.594697483011813 + 0.699819962025911i
2.8,29.8125,-0.563740773508512 + 0.723904500844716i
2.8,29.875,-0.531752423064457 + 0.746634971119151i
2.8,29.9375,-0.498790107259772 + 0.767964165604855i
2.8,30,-0.464913842657509 + 0.787847134322126i
2.8,30.0625,-0.430185919432694 + 0.806241312980921i
2.8,30.125,-0.394670826063559 + 0.823106651847461i
2.8,30.1875,-0.358435165699842 + 0.83840574449211i
2.8,30.25,-0.321547563866865 + 0.852103955800962i
2.8,30.3125,-0.284078567215285 + 0.864169548579647i
2.8,30.375,-0.246100533084421 + 0.874573808028324i
2.8,30.4375,-0.207687509711606 + 0.883291163322506i
2.8,30.5,-0.168915106990942 + 0.89029930549598i
2.8,30.5625,-0.12986035776133 + 0.895579300790597i
2.8,30.625,-0.0906015696850157 + 0.899115698613998i
2.8,30.6875,-0.0512181678638551 + 0.900896633230854i
2.8,30.75,-0.0117905284293504 + 0.900913918306997i
2.8,30.8125,0.0276001965658276 + 0.899163133429088i
2.8,30.875,0.0668722625344694 + 0.895643701736051i
2.8,30.9375,0.10594352350638 + 0.890358957822388i
2.8,31,0.144731630439855 + 0.883316205108229i
2.8,31.0625,0.183154235998762 + 0.874526761916294i
2.8,31.125,0.221129205015387 + 0.864005995552029i
2.8,31.1875,0.258574829778701 + 0.851773343749529i
2.8,31.25,0.295410049213617 + 0.837852322922135i
2.8,31.3125,0.331554670950588 + 0.822270522742076i
2.8,31.375,0.366929595227279 + 0.805059586667562i
2.8,31.4375,0.401457039517093 + 0.786255178136927i
2.8,31.5,0.435060762742751 + 0.765896932257309i
2.8,31.5625,0.467666287909271 + 0.744028392927777i
2.8,31.625,0.499201121979033 + 0.720696935453192i
2.8,31.6875,0.529594971813641 + 0.695953674823075i
2.8,31.75,0.558779955022642 + 0.669853359948493i
2.8,31.8125,0.586690804588452 + 0.64245425426714i
2.8,31.875,0.613265066179932 + 0.613818003240985i
2.8,31.9375,0.63844328712327 + 0.58400948938042i
2.8,32,0.662169196068151 + 0.553096675531895i
2.8,32.0625,0.68438987246867 + 0.521150437260995i
2.8,32.125,0.705055905090913 + 0.488244385248509i
2.8,32.1875,0.72412153886186 + 0.454454678691539i
2.8,32.25,0.741544809485669 + 0.419859830763951i
2.8,32.3125,0.757287665371989 + 0.384540507239677i
2.8,32.375,0.771316076545409 + 0.348579319417043i
2.8,32.4375,0.783600130333369 + 0.312060612502366i
2.8,32.5,0.794114113760477 + 0.27507025061563i
2.8,32.5625,0.80283658270811 + 0.237695399569893i
2.8,32.625,0.809750418027692 + 0.200024308549321i
2.8,32.6875,0.814842868922343 + 0.162146091768315i
2.8,32.75,0.818105584032881 + 0.124150511136508i
2.8,32.8125,0.819534630778679 + 0.0861277608820223i
2.8,32.875,0.819130503610072 + 0.048168254999i
2.8,32.9375,0.81689812192521 + 0.010362418285656i
2.8,33,0.812846818489159 - 0.0271995183726091i
2.8,33.0625,0.806990319265152 - 0.0644277179435867i
2.8,33.125,0.799346715626094 - 0.101232932013593i
2.8,33.1875,0.789938429957525 - 0.137526690120926i
2.8,33.25,0.778792175690214 - 0.173221483549571i
2.8,33.3125,0.76593891281044 - 0.208230943630533i
2.8,33.375,0.751413799887927 - 0.242470014757761i
2.8,33.4375,0.735256143634527 - 0.275855122488603i
2.8,33.5,0.717509346960157 - 0.308304337263428i
2.8,33.5625,0.698220856425569 - 0.339737534443736i
2.8,33.625,0.677442109903241 - 0.370076551531478i
2.8,33.6875,0.65522848514732 - 0.39924534359246i
2.8,33.75,0.631639249840178 - 0.427170138061683i
2.8,33.8125,0.606737513525773 - 0.453779590256477i
2.8,33.875,0.580590181657735 - 0.479004941061638i
2.8,33.9375,0.553267911781901 - 0.502780178377077i
2.8,34,0.524845071637772 - 0.525042204029678i
2.8,34.0625,0.495399698700357 - 0.545731007943424i
2.8,34.125,0.465013460391988 - 0.564789851431653i
2.8,34.1875,0.43377161387257 - 0.58216546151751i
2.8,34.25,0.401762963965975 - 0.597808238198133i
2.8,34.3125,0.369079817400298 - 0.611672476538349i
2.8,34.375,0.335817931131248 - 0.623716605403886i
2.8,34.4375,0.302076452083203 - 0.633903444514078i
2.8,34.5,0.267957845184659 - 0.642200481301125i
2.8,34.5625,0.233567806098166 - 0.648580168797459i
2.8,34.625,0.199015154557112 - 0.653020245424228i
2.8,34.6875,0.164411703730949 - 0.655504077111649i
2.8,34.75,0.129872100559132 - 0.656021021634928i
2.8,34.8125,0.0955136315372675 - 0.654566814386902i
2.8,34.875,0.0614559880253196 - 0.651143974020804i
2.8,34.9375,0.0278209848001472 - 0.645762225475345i
2.8,35,-0.00526777467959607 - 0.638438936834408i
2.8,35.0625,-0.0376852929576651 - 0.629199565273153i
2.8,35.125,-0.0693056398439 - 0.618078106005169i
2.8,35.1875,-0.100002486655988 - 0.605117536681572i
2.8,35.25,-0.129649719362982 - 0.590370248121743i
2.8,35.3125,-0.158122135791413 - 0.573898450605589i
2.8,35.375,-0.185296230959363 - 0.555774543270076i
2.8,35.4375,-0.211051073134422 - 0.536081432482678i
2.8,35.5,-0.235269271331776 - 0.514912783480499i
2.8,35.5625,-0.257838032653053 - 0.492373188150402i
2.8,35.625,-0.27865030510359 - 0.468578230681282i
2.8,35.6875,-0.297605998323655 - 0.443654432056712i
2.8,35.75,-0.314613271061018 - 0.417739054096293i
2.8,35.8125,-0.329589870261459 - 0.390979744124102i
2.8,35.875,-0.342464502457883 - 0.363534002467774i
2.8,35.9375,-0.353178213833127 - 0.335568456986663i
2.8,36,-0.361685751090183 - 0.307257931785836i
2.8,36.0625,-0.367956871297196 - 0.278784301255154i
2.8,36.125,-0.371977565425657 - 0.250335125595041i
2.8,36.1875,-0.373751157633199 - 0.222102070010351i
2.8,36.25,-0.373299240730549 - 0.194279116661597i
2.8,36.3125,-0.370662407979325 - 0.167060586073399i
2.8,36.375,-0.365900742627169 - 0.140638992750829i
2.8,36.4375,-0.359094029578862 - 0.115202767909012i
2.8,36.5,-0.350341658429108 - 0.0909338900805952i
2.8,36.5625,-0.339762193748268 - 0.0680054714860662i
2.8,36.625,-0.327492596904867 - 0.0465793539725158i
2.8,36.6875,-0.31368709359199 - 0.0268037726006105i
2.8,36.75,-0.298515692238851 - 0.00881114719161093i
2.8,36.8125,-0.282162370162277 + 0.00728393797174143i
2.8,36.875,-0.264822956086016 + 0.0213865087517614i
2.8,36.9375,-0.24670274891579 + 0.0334226777624923i
2.8,37,-0.228013922781402 + 0.0433407783530548i
2.8,37.0625,-0.208972776757407 + 0.0511121211916941i
2.8,37.125,-0.189796893848328 + 0.0567313502444896i
2.8,37.1875,-0.170702277397378 + 0.060216387669618i
2.8,37.25,-0.151900533831294 + 0.0616079703814229i
2.8,37.3125,-0.133596168548911 + 0.06096879409134i
2.8,37.375,-0.115984056937869 + 0.058382292833623i
2.8,37.4375,-0.0992471452709474 + 0.0539510927269353i
2.8,37.5,-0.0835544270396047 + 0.0477951875117328i
2.8,37.5625,-0.0690592296773148 + 0.040049889882781i
2.8,37.625,-0.0558978352154064 + 0.0308636166108i
2.8,37.6875,-0.0441884468139607 + 0.0203955668855446i
2.8,37.75,-0.0340305018984986 + 0.00881335233605918i
2.8,37.8125,-0.0255043223152509 - 0.00370936595499484i
2.8,37.875,-0.0186710828975615 - 0.0169951830744996i
2.8,37.9375,-0.0135730724006664 - 0.0308651545108829i
2.8,38,-0.0102342150756038 - 0.0451408622508239i
2.8,38.0625,-0.00866081726285906 - 0.0596463137828932i
2.8,38.125,-0.00884250123582149 - 0.0742096529283941i
2.8,38.1875,-0.0107532879724272 - 0.0886646690329399i
2.8,38.25,-0.0143527913771228 - 0.102852098112001i
2.8,38.3125,-0.0195874884721188 - 0.116620715834496i
2.8,38.375,-0.0263920329661869 - 0.129828227609888i
2.8,38.4375,-0.0346905831314175 - 0.142341965443645i
2.8,38.5,-0.0443981188291115 - 0.154039404631519i
2.8,38.5625,-0.0554217266075148 - 0.164808515811307i
2.8,38.625,-0.0676618358616689 - 0.174547969455973i
2.8,38.6875,-0.081013392950541 - 0.183167210673111i
2.8,38.75,-0.0953669637967348 - 0.190586422287291i
2.8,38.8125,-0.110609758771437 - 0.196736393743548i
2.8,38.875,-0.126626576544617 - 0.201558312500541i
2.8,38.9375,-0.143300666036586 - 0.20500349339205i
2.8,39,-0.160514507641834 - 0.207033060026001i
2.8,39.0625,-0.178150516525574 - 0.207617590748677i
2.8,39.125,-0.196091672045524 - 0.206736740101927i
2.8,39.1875,-0.214222078261471 - 0.20437884510273i
2.8,39.25,-0.23242746110284 - 0.200540524124238i
2.8,39.3125,-0.250595608110803 - 0.195226274690188i
2.8,39.375,-0.26861675679745 - 0.188448075134836i
2.8,39.4375,-0.286383937608354 - 0.18022499384412i
2.8,39.5,-0.303793277272504 - 0.170582808689138i
2.8,39.5625,-0.320744268006816 - 0.15955363829317i
2.8,39.625,-0.337140007639441 - 0.1471755859372i
2.8,39.6875,-0.352887415251363 - 0.13349239620146i
2.8,39.75,-0.367897426429663 - 0.118553123855701i
2.8,39.8125,-0.382085171695973 - 0.102411814040437i
2.8,39.875,-0.39537014113406 - 0.0851271924169769i
2.8,39.9375,-0.407676337703126 - 0.0667623636964514i
2.8,40,-0.418932421197586 - 0.047384516778812i
2.8,40.0625,-0.429071844307769 - 0.0270646346329983i
2.8,40.125,-0.438032981755116 - 0.00587720702136807i
2.8,40.1875,-0.445759253025363 + 0.016100055792829i
2.8,40.25,-0.452199238807874 + 0.0387865101238055i
2.8,40.3125,-0.457306790872239 + 0.0620988683542172i
2.8,40.375,-0.461041134777244 + 0.0859514922799717i
2.8,40.4375,-0.463366964514913 + 0.110256691527749i
2.8,40.5,-0.464254527945277 + 0.134925028010504i
2.8,40.5625,-0.463679701677625 + 0.159865627107859i
2.8,40.625,-0.461624053902412 + 0.184986495960926i
2.8,40.6875,-0.458074893575475 + 0.210194848960817i
2.8,40.75,-0.453025304303202 + 0.235397440192813i
2.8,40.8125,-0.446474161273473 + 0.260500902280548i
2.8,40.875,-0.438426129621939 + 0.285412090761812i
2.8,40.9375,-0.428891642714915 + 0.310038432826971i
2.8,41,-0.41788685896686 + 0.334288278967599i
2.8,41.0625,-0.4054335959891 + 0.358071255823156i
2.8,41.125,-0.391559241083538 + 0.381298618282756i
2.8,41.1875,-0.376296637346213 + 0.40388359870228i
2.8,41.25,-0.359683944925529 + 0.425741750938981i
2.8,41.3125,-0.34176447728305 + 0.446791286790136i
2.8,41.375,-0.32258651262462 + 0.466953402352112i
2.8,41.4375,-0.302203080999369 + 0.486152591793686i
2.8,41.5,-0.280671727896752 + 0.50431694606379i
2.8,41.5625,-0.258054255500034 + 0.521378434128655i
2.8,41.625,-0.234416443071181 + 0.537273164456132i
2.8,41.6875,-0.209827748239874 + 0.551941624633025i
2.8,41.75,-0.184360991241949 + 0.565328897211714i
2.8,41.8125,-0.158092024393584 + 0.577384850130682i
2.8,41.875,-0.131099389291814 + 0.588064300334836i
2.8,41.9375,-0.103463964395087 + 0.597327149529522i
2.8,42,-0.0752686057559417 + 0.605138491330688i
2.8,42.0625,-0.0465977837491326 + 0.611468689415464i
2.8,42.125,-0.0175372186615909 + 0.61629342662552i
2.8,42.1875,0.011826482014849 + 0.619593725322538i
2.8,42.25,0.0414061818199321 + 0.621355939633972i
2.8,42.3125,0.0711145664406562 + 0.621571720551183i
2.8,42.375,0.100864485216533 + 0.620237955144696i
2.8,42.4375,0.13056928074336 + 0.617356681437182i
2.8,42.5,0.160143104516574 + 0.612934980718964i
2.8,42.5625,0.189501216815747 + 0.606984849299261i
2.8,42.625,0.218560269314824 + 0.599523051856077i
2.8,42.6875,0.247238569202491 + 0.590570958676367i
2.8,42.75,0.275456323907584 + 0.580154369164605i
2.8,42.8125,0.303135865839664 + 0.568303324041919i
2.8,42.875,0.330201856869054 + 0.55505190865991i
2.8,42.9375,0.35658147257851 + 0.540438049814489i
2.8,43,0.382204566614885 + 0.524503308367349i
2.8,43.0625,0.407003815749395 + 0.507292669868657i
2.8,43.125,0.430914846515217 + 0.488854335226895i
2.8,43.1875,0.4538763445277 + 0.469239513293862i
2.8,43.25,0.475830147802256 + 0.44850221702821i
2.8,43.3125,0.496721325565993 + 0.426699064672777i
2.8,43.375,0.516498244208792 + 0.403889087133507i
2.8,43.4375,0.535112622136696 + 0.380133542484175i
2.8,43.5,0.552519575373625 + 0.355495738245226i
2.8,43.5625,0.568677655805769 + 0.330040861800297i
2.8,43.625,0.583548883975658 + 0.303835819023843i
2.8,43.6875,0.597098778309411 + 0.276949080901123i
2.8,43.75,0.609296382600376 + 0.249450537631098i
2.8,43.8125,0.620114293475047 + 0.221411359416857i
2.8,43.875,0.629528689432203 + 0.192903862870848i
2.8,43.9375,0.637519362873658 + 0.164001381696786i
2.8,44,0.644069756334267 + 0.134778140061391i
2.8,44.0625,0.649167003870287 + 0.10530912684084i
2.8,44.125,0.652801978278818 + 0.0756699687244531i
2.8,44.1875,0.654969344497679 + 0.0459367999869456i
2.8,44.25,0.655667619176051 + 0.0161861266065443i
2.8,44.3125,0.654899236013482 - 0.0135053176839044i
2.8,44.375,0.652670616041741 - 0.0430607258650506i
2.8,44.4375,0.64899224157484 - 0.0724033850515094i
2.8,44.5,0.643878732083337 - 0.101456859212788i
2.8,44.5625,0.637348919767591 - 0.130145189384043i
2.8,44.625,0.629425922120731 - 0.158393113316612i
2.8,44.6875,0.620137208297685 - 0.186126306191521i
2.8,44.75,0.609514655655896 - 0.21327164360079i
2.8,44.8125,0.597594592422744 - 0.239757487487614i
2.8,44.875,0.58441782209261 - 0.265513995128106i
2.8,44.9375,0.570029624883055 - 0.290473450536753i
2.8,45,0.554479731405916 - 0.314570616892629i
2.8,45.0625,0.537822263656833 - 0.337743107725571i
2.8,45.125,0.520115638516454 - 0.359931773688102i
2.8,45.1875,0.501422429207616 - 0.381081100792199i
2.8,45.25,0.481809180580566 - 0.401139615038275i
2.8,45.3125,0.461346174713923 - 0.420060287439863i
2.8,45.375,0.440107144127351 - 0.437800932588979i
2.8,45.4375,0.418168930899843 - 0.454324593154589i
2.8,45.5,0.395611091163118 - 0.469599902102528i
2.8,45.5625,0.37251544577163 - 0.483601414010985i
2.8,45.625,0.348965579406796 - 0.496309896670765i
2.8,45.6875,0.325046291911758 - 0.507712574237232i
2.8,45.75,0.300843007223312 - 0.517803313566631i
2.8,45.8125,0.276441146811027 - 0.526582746038435i
2.8,45.875,0.251925475987023 - 0.534058318139096i
2.8,45.9375,0.227379432747686 - 0.540244265349103i
2.8,46,0.202884449887208 - 0.545161505406617i
2.8,46.0625,0.178519281923922 - 0.548837448774651i
2.8,46.125,0.154359348854954 - 0.551305726058124i
2.8,46.1875,0.13047610886635 - 0.552605834134028i
2.8,46.25,0.106936471854669 - 0.552782704795773i
2.8,46.3125,0.0838022649588655 - 0.551886201690665i
2.8,46.375,0.0611297602748509 - 0.549970553166665i
2.8,46.4375,0.0389692735636204 - 0.547093730265154i
2.8,46.5,0.0173648411189845 - 0.543316780434049i
2.8,46.5625,-0.00364601990215608 - 0.538703128537016i
2.8,46.625,-0.0240324643892109 - 0.53331785736318i
2.8,46.6875,-0.0437703841951864 - 0.527226980079299i
2.8,46.75,-0.062842385873917 - 0.520496716913634i
2.8,46.8125,-0.0812376839918863 - 0.513192787837213i
2.8,46.875,-0.0989519145392795 - 0.505379732149715i
2.8,46.9375,-0.115986874502535 - 0.497120264733969i
2.8,47,-0.132350194919956 - 0.488474677375442i
2.8,47.0625,-0.148054955692824 - 0.479500292017951i
2.8,47.125,-0.163119251052822 - 0.470250971213538i
2.8,47.1875,-0.177565714893481 - 0.460776689390992i
2.8,47.25,-0.191421015174613 - 0.451123166976861i
2.8,47.3125,-0.204715326330748 - 0.441331567910935i
2.8,47.375,-0.21748178809442 - 0.431438259751118i
2.8,47.4375,-0.229755958424935 - 0.421474634396261i
2.8,47.5,-0.241575267359717 - 0.411466986494587i
2.8,47.5625,-0.252978477625449 - 0.401436445864055i
2.8,47.625,-0.264005156806485 - 0.391398959733815i
2.8,47.6875,-0.274695164811265 - 0.381365320318772i
2.8,47.75,-0.285088159342847 - 0.3713412331512i
2.8,47.8125,-0.295223121101071 - 0.361327421697832i
2.8,47.875,-0.305137899549787 - 0.351319764067804i
2.8,47.9375,-0.314868779296459 - 0.341309458043451i
2.8,48,-0.324450066471766 - 0.331283211218281i
2.8,48.0625,-0.333913693977811 - 0.321223453680396i
2.8,48.125,-0.343288844105996 - 0.311108571410831i
2.8,48.1875,-0.352601586817699 - 0.300913159351463i
2.8,48.25,-0.361874531938673 - 0.290608293912925i
2.8,48.3125,-0.371126493646453 - 0.280161825516662i
2.8,48.375,-0.380372165933056 - 0.269538692573104i
2.8,48.4375,-0.389621808205949 - 0.258701259065837i
2.8,48.5,-0.398880940851198 - 0.247609678612491i
2.8,48.5625,-0.40815005142476 - 0.236222288477719i
2.8,48.625,-0.417424313159654 - 0.224496037488273i
2.8,48.6875,-0.426693318673086 - 0.21238695210706i
2.8,48.75,-0.435940833117619 - 0.199850645019009i
2.8,48.8125,-0.445144572525311 - 0.186842870418611i
2.8,48.875,-0.454276014713638 - 0.173320129715125i
2.8,48.9375,-0.463300251813394 - 0.159240330531792i
2.8,49,-0.472175895181053 - 0.144563500615704i
2.8,49.0625,-0.480855045090666 - 0.129252556544989i
2.8,49.125,-0.489283339060581 - 0.113274124879865i
2.8,49.1875,-0.497400093832148 - 0.0965994106309116i
2.8,49.25,-0.505138556732779 - 0.0792051046148955i
2.8,49.3125,-0.512426282257285 - 0.0610743174745411i
2.8,49.375,-0.519185649010512 - 0.0421975239386199i
2.8,49.4375,-0.525334530491645 - 0.0225734964329607i
2.8,49.5,-0.530787130402089 - 0.00221020262492975i
2.8,49.5625,-0.535454989095814 + 0.0188743628368282i
2.8,49.625,-0.539248162394213 + 0.0406514459054735i
2.8,49.6875,-0.542076567272578 + 0.063080936412536i
2.8,49.75,-0.543851481018789 + 0.0861109449150897i
2.8,49.8125,-0.544487171624233 + 0.109677590731953i
2.8,49.875,-0.543902627793562 + 0.133705036384429i
2.8,49.9375,-0.542023347596304 + 0.158105798822839i
2.8,50,-0.538783136094999 + 0.182781360410056i
2.9,25,0.626029716941143 - 0.701089739290343i
2.9,25.0625,0.596158433520819 - 0.726763587035394i
2.9,25.125,0.565250429638455 - 0.751138806399551i
2.9,25.1875,0.533363587827067 - 0.774175185887913i
2.9,25.25,0.50055711442528 - 0.795835105366802i
2.9,25.3125,0.466891434437871 - 0.816083557480696i
2.9,25.375,0.432428087914767 - 0.834888166734456i
2.9,25.4375,0.397229627619196 - 0.852219206380698i
2.9,25.5,0.36135951776355 - 0.868049613205526i
2.9,25.5625,0.324882033604362 - 0.88235500026326i
2.9,25.625,0.287862161705038 - 0.895113667572392i
2.9,25.6875,0.250365500695744 - 0.906306610751325i
2.9,25.75,0.212458162383455 - 0.915917527543322i
2.9,25.8125,0.174206673091061 - 0.923932822155843i
2.9,25.875,0.13567787513186 - 0.93034160731986i
2.9,25.9375,0.0969388283540853 - 0.935135703959929i
2.9,26,0.0580567117189301 - 0.938309638355468i
2.9,26.0625,0.0190987249040348 - 0.939860636667843i
2.9,26.125,-0.0198680100476464 - 0.939788616706077i
2.9,26.1875,-0.0587765469868496 - 0.938096176806194i
2.9,26.25,-0.0975602137529379 - 0.934788581704933i
2.9,26.3125,-0.136152710009377 - 0.92987374529761i
2.9,26.375,-0.174488204703136 - 0.923362210181815i
2.9,26.4375,-0.212501433012758 - 0.915267123903056i
2.9,26.5,-0.250127792633672 - 0.905604211835076i
2.9,26.5625,-0.287303439236128 - 0.894391746645849i
2.9,26.625,-0.323965380920896 - 0.881650514319877i
2.9,26.6875,-0.360051571490442 - 0.867403776728015i
2.9,26.75,-0.395501002349355 - 0.851677230756964i
2.9,26.8125,-0.430253792846191 - 0.834498964031884i
2.9,26.875,-0.464251278870981 - 0.815899407286332i
2.9,26.9375,-0.497436099526886 - 0.795911283454074i
2.9,27,-0.52975228170194 - 0.774569553576509i
2.9,27.0625,-0.561145322376358 - 0.751911359637481i
2.9,27.125,-0.591562268512919 - 0.727975964453629i
2.9,27.1875,-0.620951794391975 - 0.702804688762934i
2.9,27.25,-0.649264276268304 - 0.67644084566666i
2.9,27.3125,-0.676451864244313 - 0.648929672590071i
2.9,27.375,-0.702468551272379 - 0.620318260935126i
2.9,27.4375,-0.727270239218417 - 0.590655483603628i
2.9,27.5,-0.75081480193828 - 0.559991920572097i
2.9,27.5625,-0.773062145338654 - 0.528379782699512i
2.9,27.625,-0.793974264413604 - 0.495872833946722i
2.9,27.6875,-0.813515297267256 - 0.462526312180995i
2.9,27.75,-0.83165157615141 - 0.428396848731592i
2.9,27.8125,-0.848351675564116 - 0.393542386852184i
2.9,27.875,-0.863586457471149 - 0.358022099233553i
2.9,27.9375,-0.877329113726397 - 0.321896304695654i
2.9,28,-0.889555205779395 - 0.285226384171858i
2.9,28.0625,-0.900242701768291 - 0.248074696080191i
2.9,28.125,-0.909372011104136 - 0.210504491157163i
2.9,28.1875,-0.916926016657526 - 0.172579826809303i
2.9,28.25,-0.922890104660959 - 0.1343654810164i
2.9,28.3125,-0.92725219243993 - 0.0959268657984103i
2.9,28.375,-0.930002754082351 - 0.0573299402365496i
2.9,28.4375,-0.93113484414969 - 0.0186411230168637i
2.9,28.5,-0.930644119523909 + 0.020072795556425i
2.9,28.5625,-0.928528859472084 + 0.0587447421509884i
2.9,28.625,-0.924789983995477 + 0.0973074496923783i
2.9,28.6875,-0.919431070511849 + 0.135693547456065i
2.9,28.75,-0.912458368899206 + 0.173835652091497i
2.9,28.8125,-0.903880814905919 + 0.211666459717834i
2.9,28.875,-0.893710041906657 + 0.249118839242034i
2.9,28.9375,-0.881960390955882 + 0.286125927058169i
2.9,29,-0.868648919061086 + 0.322621223292012i
2.9,29.0625,-0.853795405566911 + 0.358538689756476i
2.9,29.125,-0.837422356508893 + 0.393812849781449i
2.9,29.1875,-0.819555006762383 + 0.428378890075645i
2.9,29.25,-0.800221319778596 + 0.462172764767832i
2.9,29.3125,-0.779451984665961 + 0.495131301760528i
2.9,29.375,-0.757280410341743 + 0.527192311510309i
2.9,29.4375,-0.733742716446638 + 0.558294698325467i
2.9,29.5,-0.708877720684054 + 0.588378574243958i
2.9,29.5625,-0.682726922217082 + 0.617385375521918i
2.9,29.625,-0.655334480729732 + 0.645257981726174i
2.9,29.6875,-0.626747190735937 + 0.671940837382802i
2.9,29.75,-0.597014450700289 + 0.697380076088379i
2.9,29.8125,-0.566188226519455 + 0.721523646941093i
2.9,29.875,-0.534323008902831 + 0.744321443096167i
2.9,29.9375,-0.501475764186268 + 0.765725432193921i
2.9,30,-0.467705878113888 + 0.785689788350213i
2.9,30.0625,-0.433075092130553 + 0.804171025338444i
2.9,30.125,-0.397647431742249 + 0.82112813053022i
2.9,30.1875,-0.361489126523537 + 0.836522699099198i
2.9,30.25,-0.324668521380688 + 0.850319067930279i
2.9,30.3125,-0.28725597871666 + 0.862484448614918i
2.9,30.375,-0.249323771189493 + 0.872989058854112i
2.9,30.4375,-0.210945964809081 + 0.881806251534384i
2.9,30.5,-0.172198292178791 + 0.888912640689963i
2.9,30.5625,-0.133158015757528 + 0.894288223517309i
2.9,30.625,-0.0939037810941025 + 0.8979164975675i
2.9,30.6875,-0.0545154600692235 + 0.899784572208422i
2.9,30.75,-0.0150739842695984 + 0.899883273423654i
2.9,30.8125,0.0243388312866236 + 0.898207240999065i
2.9,30.875,0.0636404737549267 + 0.894755017142565i
2.9,30.9375,0.102747926979796 + 0.88952912558782i
2.9,31,0.14157787439613 + 0.882536140249824i
2.9,31.0625,0.180046909687927 + 0.873786742529501i
2.9,31.125,0.218071754472085 + 0.863295766406383i
2.9,31.1875,0.25556948217419 + 0.851082230512923i
2.9,31.25,0.292457747166561 + 0.837169356451321i
2.9,31.3125,0.32865501814825 + 0.821584572693286i
2.9,31.375,0.364080814663396 + 0.804359503494832i
2.9,31.4375,0.398655945580944 + 0.785529942360699i
2.9,31.5,0.432302748295422 + 0.765135809706034i
2.9,31.5625,0.464945327358215 + 0.743221094484596i
2.9,31.625,0.496509791211664 + 0.719833779682106i
2.9,31.6875,0.526924485676417 + 0.695025751708464i
2.9,31.75,0.556120222836039 + 0.668852693861675i
2.9,31.8125,0.584030503973077 + 0.641373964177596i
2.9,31.875,0.610591735238031 + 0.612652458120593i
2.9,31.9375,0.635743434776719 + 0.58275445670917i
2.9,32,0.659428430102753 + 0.551749460805012i
2.9,32.0625,0.681593044579598 + 0.519710012421483i
2.9,32.125,0.702187271970034 + 0.486711504026542i
2.9,32.1875,0.721164938119061 + 0.452831976922894i
2.9,32.25,0.738483848957989 + 0.418151909883033i
2.9,32.3125,0.754105924150758 + 0.38275399929726i
2.9,32.375,0.767997315847116 + 0.346722932156678i
2.9,32.4375,0.780128512158679 + 0.310145153239549i
2.9,32.5,0.790474425131168 + 0.273108627897352i
2.9,32.5625,0.799014463146902 + 0.235702601845007i
2.9,32.625,0.805732587853487 + 0.198017359348339i
2.9,32.6875,0.810617355875124 + 0.160143981170134i
2.9,32.75,0.813661945719749 + 0.122174103584448i
2.9,32.8125,0.814864170445722 + 0.0841996796976558i
2.9,32.875,0.814226476793796 + 0.0463127442245721i
2.9,32.9375,0.811755931621414 + 0.00860518275973877i
2.9,33,0.807464196594709 - 0.0288314935409031i
2.9,33.0625,0.801367492197244 - 0.0659063670933042i
2.9,33.125,0.793486552201482 - 0.102529326213359i
2.9,33.1875,0.783846569817722 - 0.138611270186326i
2.9,33.25,0.77247713678429 - 0.174064306801501i
2.9,33.3125,0.759412176690734 - 0.208801942262171i
2.9,33.375,0.744689873831605 - 0.242739263573577i
2.9,33.4375,0.728352598870876 - 0.275793113709214i
2.9,33.5,0.710446832555304 - 0.307882260056186i
2.9,33.5625,0.691023088648126 - 0.338927556841174i
2.9,33.625,0.670135837161547 - 0.368852102438121i
2.9,33.6875,0.647843428846581 - 0.39758139265438i
2.9,33.75,0.624208021751241 - 0.425043471281545i
2.9,33.8125,0.599295510481804 - 0.451169079377953i
2.9,33.875,0.573175458596009 - 0.47589180491896i
2.9,33.9375,0.545921034320801 - 0.49914823460545i
2.9,34,0.51760894951939 - 0.520878109757124i
2.9,34.0625,0.488319401532483 - 0.541024488330668i
2.9,34.125,0.458136017185531 - 0.559533915189404i
2.9,34.1875,0.427145797887428 - 0.576356602804978i
2.9,34.25,0.395439064346279 - 0.591446624586774i
2.9,34.3125,0.363109398995158 - 0.604762123004002i
2.9,34.375,0.330253583756512 - 0.61626553458058i
2.9,34.4375,0.296971530280785 - 0.625923833694997i
2.9,34.5,0.263366199276984 - 0.633708796895964i
2.9,34.5625,0.229543505015789 - 0.639597289139084i
2.9,34.625,0.195612200538634 - 0.643571572947818i
2.9,34.6875,0.161683738559092 - 0.645619640991671i
2.9,34.75,0.127872102511179 - 0.645735571943302i
2.9,34.8125,0.0942936017009518 - 0.643919908712277i
2.9,34.875,0.0610666240759469 - 0.640180057246078i
2.9,34.9375,0.0283113397691955 - 0.634530703030344i
2.9,35,-0.00385065166650957 - 0.62699424120572i
2.9,35.0625,-0.0352967375047579 - 0.617601214848444i
2.9,35.125,-0.065903778632101 - 0.606390754443099i
2.9,35.1875,-0.0955486735800948 - 0.593411009924967i
2.9,35.25,-0.124109005859257 - 0.57871956491264i
2.9,35.3125,-0.151463779658423 - 0.562383820928737i
2.9,35.375,-0.177494247586265 - 0.544481337572242i
2.9,35.4375,-0.202084832307834 - 0.525100112830624i
2.9,35.5,-0.225124141633036 - 0.504338786091854i
2.9,35.5625,-0.246506073826314 - 0.482306745040877i
2.9,35.625,-0.266131006628122 - 0.459124116623043i
2.9,35.6875,-0.283907059736337 - 0.43492162176271i
2.9,35.75,-0.29975141634956 - 0.40984027368008i
2.9,35.8125,-0.313591684922865 - 0.384030900595704i
2.9,35.875,-0.325367277670708 - 0.357653475482654i
2.9,35.9375,-0.335030777756424 - 0.330876238432947i
2.9,36,-0.342549262761164 - 0.303874601224287i
2.9,36.0625,-0.347905548192706 - 0.276829828833341i
2.9,36.125,-0.351099311769164 - 0.249927498906559i
2.9,36.1875,-0.352148057299404 - 0.223355747456921i
2.9,36.25,-0.351087876477669 - 0.197303317107886i
2.9,36.3125,-0.347973968078991 - 0.171957432768741i
2.9,36.375,-0.342880877089097 - 0.147501538328128i
2.9,36.4375,-0.335902421345462 - 0.124112936352993i
2.9,36.5,-0.327151280310645 - 0.101960380385697i
2.9,36.5625,-0.31675822951947 - 0.0812016757304119i
2.9,36.625,-0.304871014771501 - 0.0619813491169082i
2.9,36.6875,-0.291652871872571 - 0.0444284498910439i
2.9,36.75,-0.277280710132886 - 0.0286545450749185i
2.9,36.8125,-0.261942990276977 - 0.0147519675746867i
2.9,36.875,-0.24583733923073 - 0.00279237096896824i
2.9,36.9375,-0.229167954736934 + 0.00717436415023906i
2.9,37,-0.212142861278343 + 0.0151208380402156i
2.9,37.0625,-0.194971084825571 + 0.0210424321093473i
2.9,37.125,-0.177859817097352 + 0.0249571934775416i
2.9,37.1875,-0.161011640128586 + 0.0269053095725061i
2.9,37.25,-0.144621878994951 + 0.0269481921147648i
2.9,37.3125,-0.128876144750438 + 0.0251672023150893i
2.9,37.375,-0.11394812138426 + 0.0216620598410351i
2.9,37.4375,-0.0999976404290081 + 0.0165489866068733i
2.9,37.5,-0.0871690753823206 + 0.00995864237327669i
2.9,37.5625,-0.0755900760118115 + 0.0020339123616504i
2.9,37.625,-0.065370650560051 - 0.00707239237510878i
2.9,37.6875,-0.0566025924568879 - 0.0171998630338887i
2.9,37.75,-0.0493592378875048 - 0.028182794913933i
2.9,37.8125,-0.0436955318416278 - 0.0398524142100542i
2.9,37.875,-0.0396483733318879 - 0.0520389880305572i
2.9,37.9375,-0.0372372054336243 - 0.0645737838147319i
2.9,38,-0.0364648126557738 - 0.0772908525250741i
2.9,38.0625,-0.0373182867910233 - 0.090028618081737i
2.9,38.125,-0.0397701226199449 - 0.102631263142938i
2.9,38.1875,-0.0437794064111816 - 0.114949908246537i
2.9,38.25,-0.0492930627911077 - 0.12684358732913i
2.9,38.3125,-0.0562471289682836 - 0.138180027622668i
2.9,38.375,-0.0645680292182908 - 0.14883624585854i
2.9,38.4375,-0.0741738267165781 - 0.158698975606979i
2.9,38.5,-0.0849754340384011 - 0.16766494251342i
2.9,38.5625,-0.0968777677526383 - 0.175641005262101i
2.9,38.625,-0.109780836387494 - 0.182544180420363i
2.9,38.6875,-0.123580754546347 - 0.188301569022625i
2.9,38.75,-0.138170679042066 - 0.192850201969404i
2.9,38.8125,-0.15344166556825 - 0.196136820165888i
2.9,38.875,-0.169283446631131 - 0.198117603917442i
2.9,38.9375,-0.185585133239865 - 0.198757864533097i
2.9,39,-0.202235844223331 - 0.198031709444669i
2.9,39.0625,-0.219125268044581 - 0.195921690495428i
2.9,39.125,-0.23614416266186 - 0.192418443440645i
2.9,39.1875,-0.253184799381004 - 0.187520325171983i
2.9,39.25,-0.270141356801969 - 0.181233053756437i
2.9,39.3125,-0.286910270923305 - 0.173569355086258i
2.9,39.375,-0.303390547271044 - 0.164548618779174i
2.9,39.4375,-0.319484040597045 - 0.15419656495209i
2.9,39.5,-0.335095707276587 - 0.142544922615416i
2.9,39.5625,-0.350133835052154 - 0.129631119694926i
2.9,39.625,-0.364510254241908 - 0.115497984076982i
2.9,39.6875,-0.37814053397625 - 0.100193454582839i
2.9,39.75,-0.390944166459054 - 0.0837703003998427i
2.9,39.8125,-0.402844741684807 - 0.0662858472222543i
2.9,39.875,-0.413770114488901 - 0.0478017081731847i
2.9,39.9375,-0.423652565274475 - 0.0283835174827402i
2.9,40,-0.432428955252161 - 0.00810066487753724i
2.9,40.0625,-0.440040876554781 + 0.0129739713148772i
2.9,40.125,-0.446434797151992 + 0.0347642942340203i
2.9,40.1875,-0.451562200094334 + 0.0571912634516488i
2.9,40.25,-0.455379716265265 + 0.0801731763499003i
2.9,40.3125,-0.457849249516713 + 0.103625957179686i
2.9,40.375,-0.458938092810725 + 0.127463454785021i
2.9,40.4375,-0.45861903378913 + 0.151597749671482i
2.9,40.5,-0.456870448046215 + 0.175939470769526i
2.9,40.5625,-0.453676378287496 + 0.200398121903027i
2.9,40.625,-0.449026597521001 + 0.224882417626327i
2.9,40.6875,-0.442916654446028 + 0.249300627745297i
2.9,40.75,-0.435347899276479 + 0.273560929494887i
2.9,40.8125,-0.426327488358667 + 0.297571766012378i
2.9,40.875,-0.415868366111363 + 0.321242209424881i
2.9,40.9375,-0.403989223018685 + 0.344482326565726i
2.9,41,-0.390714428627959 + 0.367203545050886i
2.9,41.0625,-0.37607393871982 + 0.389319017195243i
2.9,41.125,-0.360103175994519 + 0.410743979057921i
2.9,41.1875,-0.342842883730736 + 0.43139610183725i
2.9,41.25,-0.324338951938872 + 0.451195832994501i
2.9,41.3125,-0.304642215678559 + 0.470066724990465i
2.9,41.375,-0.283808225737162 + 0.487935750380342i
2.9,41.4375,-0.261896993146427 + 0.504733602900391i
2.9,41.5,-0.238972711084257 + 0.520394984290384i
2.9,41.5625,-0.215103459679121 + 0.534858875085982i
2.9,41.625,-0.190360899385034 + 0.548068784758991i
2.9,41.6875,-0.164819955943594 + 0.55997297446657i
2.9,41.75,-0.138558496037534 + 0.570524646671019i
2.9,41.8125,-0.111656990780904 + 0.579682099878926i
2.9,41.875,-0.0841981657448877 + 0.587408850785835i
2.9,41.9375,-0.0562666396488904 + 0.593673727556106i
2.9,42,-0.0279485564794399 + 0.598450936881106i
2.9,42.0625,0.000668783490286761 + 0.601720105693252i
2.9,42.125,0.029497288943612 + 0.603466297455673i
2.9,42.1875,0.0584484352176693 + 0.603680003096914i
2.9,42.25,0.0874336115950599 + 0.602357107481962i
2.9,42.3125,0.11636445618406 + 0.599498833236054i
2.9,42.375,0.145153177221239 + 0.595111664345336i
2.9,42.4375,0.173712860396073 + 0.589207252058078i
2.9,42.5,0.20195776231203 + 0.581802305267206i
2.9,42.5625,0.22980359033502 + 0.572918467036301i
2.9,42.625,0.257167768896948 + 0.56258217854496i
2.9,42.6875,0.283969692040972 + 0.550824531644878i
2.9,42.75,0.310130961850577 + 0.537681111395683i
2.9,42.8125,0.335575612510512 + 0.52319183021618i
2.9,42.875,0.360230320069502 + 0.50740075546834i
2.9,42.9375,0.384024598397953 + 0.49035593229823i
2.9,43,0.406890982243835 + 0.47210920339204i
2.9,43.0625,0.428765198618608 + 0.452716027016921i
2.9,43.125,0.449586327970365 + 0.432235294364024i
2.9,43.1875,0.469296956731319 + 0.410729146837395i
2.9,43.25,0.487843322878103 + 0.388262793560749i
2.9,43.3125,0.505175456132337 + 0.364904329013366i
2.9,43.375,0.521247314365139 + 0.340724550359153i
2.9,43.4375,0.536016917658054 + 0.315796773699018i
2.9,43.5,0.549446481315104 + 0.290196648157046i
2.9,43.5625,0.56150254891606 + 0.26400196640808i
2.9,43.625,0.572156126248174 + 0.237292469972162i
2.9,43.6875,0.581382816651775 + 0.210149647345714i
2.9,43.75,0.589162957963868 + 0.18265652281719i
2.9,43.8125,0.595481760844053 + 0.154897433634102i
2.9,43.875,0.60032944782035 + 0.126957793057738i
2.9,43.9375,0.603701391902538 + 0.0989238367705433i
2.9,44,0.605598253081776 + 0.0708823500996004i
2.9,44.0625,0.606026110474865 + 0.0429203735974354i
2.9,44.125,0.604996587288142 + 0.015124884689225i
2.9,44.1875,0.602526965181042 - 0.0124175466368242i
2.9,44.25,0.598640284016915 - 0.0396211297426081i
2.9,44.3125,0.593365422415275 - 0.0664012540100109i
2.9,44.375,0.586737153985046 - 0.0926749188048588i
2.9,44.4375,0.578796173644791 - 0.118361192530625i
2.9,44.5,0.569589088048465 - 0.143381699700904i
2.9,44.5625,0.559168363860729 - 0.167661133972898i
2.9,44.625,0.547592227493003 - 0.19112779398762i
2.9,44.6875,0.534924509948956 - 0.213714137672558i
2.9,44.75,0.521234430664245 - 0.235357349402604i
2.9,44.8125,0.506596314686098 - 0.255999913115066i
2.9,44.875,0.491089238245407 - 0.275590183172796i
2.9,44.9375,0.474796598743859 - 0.294082943510161i
2.9,45,0.457805606419036 - 0.311439944431121i
2.9,45.0625,0.440206696460252 - 0.327630405412804i
2.9,45.125,0.422092862113334 - 0.342631471461126i
2.9,45.1875,0.403558911307996 - 0.356428610026624i
2.9,45.25,0.384700651526035 - 0.369015935276597i
2.9,45.3125,0.365614009948303 - 0.380396446685601i
2.9,45.375,0.346394098304925 - 0.390582169492964i
2.9,45.4375,0.327134234226812 - 0.399594185613123i
2.9,45.5,0.307924933167131 - 0.40746254508583i
2.9,45.5625,0.288852887034223 - 0.414226050113083i
2.9,45.625,0.269999947454809 - 0.419931906121745i
2.9,45.6875,0.251442132975057 - 0.42463523706653i
2.9,45.75,0.233248680422155 - 0.428398465277798i
2.9,45.8125,0.21548116101978 - 0.431290559472382i
2.9,45.875,0.19819268162559 - 0.433386157977654i
2.9,45.9375,0.181427190608935 - 0.434764577650858i
2.9,46,0.16521890640955 - 0.435508722283083i
2.9,46.0625,0.14959188473764 - 0.435703907335386i
2.9,46.125,0.134559737743856 - 0.435436620545405i
2.9,46.1875,0.120125515380352 - 0.434793240160892i
2.9,46.25,0.106281755689175 - 0.43385873421485i
2.9,46.3125,0.093010707005131 - 0.432715365291122i
2.9,46.375,0.0802847211714586 - 0.431441425600879i
2.9,46.4375,0.0680668129658741 - 0.430110026888213i
2.9,46.5,0.0563113771477567 - 0.428787968722212i
2.9,46.5625,0.044965050981232 - 0.427534707153803i
2.9,46.625,0.0339677068678158 - 0.426401443579726i
2.9,46.6875,0.0232535569223594 - 0.425430351041744i
2.9,46.75,0.0127523490142578 - 0.424653952187469i
2.9,46.8125,0.00239063201852914 - 0.424094659827392i
2.9,46.875,-0.00790693319572259 - 0.423764487540904i
2.9,46.9375,-0.0182162411616767 - 0.423664934209939i
2.9,47,-0.0286124118101394 - 0.423787042784896i
2.9,47.0625,-0.0391684868354415 - 0.424111630098107i
2.9,47.125,-0.0499541752609025 - 0.424609681210755i
2.9,47.1875,-0.0610346696325531 - 0.425242898675176i
2.9,47.25,-0.0724695524604089 - 0.425964394271665i
2.9,47.3125,-0.0843118103600398 - 0.426719508283908i
2.9,47.375,-0.0966069708787442 - 0.42744673924833i
2.9,47.4375,-0.10939237427709 - 0.428078765380825i
2.9,47.5,-0.122696589636593 - 0.428543537573533i
2.9,47.5625,-0.13653898163794 - 0.428765422981896i
2.9,47.625,-0.150929431263402 - 0.428666377798814i
2.9,47.6875,-0.165868210584993 - 0.428167127841675i
2.9,47.75,-0.181346008771154 - 0.427188336054878i
2.9,47.8125,-0.197344103543903 - 0.425651736941645i
2.9,47.875,-0.21383466960925 - 0.423481219261461i
2.9,47.9375,-0.230781213127455 - 0.420603840030023i
2.9,48,-0.248139119142811 - 0.416950754893407i
2.9,48.0625,-0.265856297104413 - 0.412458052263804i
2.9,48.125,-0.283873908220362 - 0.407067481138042i
2.9,48.1875,-0.302127157426655 - 0.400727065202776i
2.9,48.25,-0.320546132235047 - 0.393391598587099i
2.9,48.3125,-0.339056670652944 - 0.385023021378126i
2.9,48.375,-0.357581240731046 - 0.375590675692161i
2.9,48.4375,-0.376039815063873 - 0.365071445622068i
2.9,48.5,-0.394350724705857 - 0.353449786696089i
2.9,48.5625,-0.412431478420507 - 0.340717652529817i
2.9,48.625,-0.430199534894084 - 0.326874328088414i
2.9,48.6875,-0.44757301745329 - 0.311926180370464i
2.9,48.75,-0.464471362862164 - 0.295886338361904i
2.9,48.8125,-0.480815897869913 - 0.278774314785481i
2.9,48.875,-0.496530339275743 - 0.260615582498241i
2.9,48.9375,-0.511541215311444 - 0.241441118387892i
2.9,49,-0.525778208068065 - 0.221286927318976i
2.9,49.0625,-0.539174418469189 - 0.200193558119347i
2.9,49.125,-0.551666556889634 - 0.178205622818497i
2.9,49.1875,-0.563195063915178 - 0.15537132939638i
2.9,49.25,-0.573704166925675 - 0.131742037218567i
2.9,49.3125,-0.583141879160097 - 0.107371843163188i
2.9,49.375,-0.591459948694363 - 0.0823172052252091i
2.9,49.4375,-0.598613765345147 - 0.0566366091471671i
2.9,49.5,-0.604562233923448 - 0.0303902823994589i
2.9,49.5625,-0.60926762252265 - 0.00363995863738081i
2.9,49.625,-0.612695394660433 + 0.0235513053905235i
2.9,49.6875,-0.614814034125622 + 0.0511192596118737i
2.9,49.75,-0.61559487133194 + 0.0789985372616923i
2.9,49.8125,-0.615011919869644 + 0.107122679573207i
2.9,49.875,-0.613041731787979 + 0.135424110709521i
2.9,49.9375,-0.609663279945743 + 0.163834066088036i
2.9,50,-0.60485787553718 + 0.192282478226138i
3,25,0.622870196187958 - 0.704950431037317i
3,25.0625,0.594305108204931 - 0.730187829832453i
3,25.125,0.564598497210808 - 0.754286616967083i
3,25.1875,0.533800037483728 - 0.777187536971721i
3,25.25,0.50196284484424 - 0.798833983814011i
3,25.3125,0.469143291311153 - 0.819172225189465i
3,25.375,0.435400803111214 - 0.838151610073584i
3,25.4375,0.400797643858973 - 0.855724758129748i
3,25.5,0.365398684854384 - 0.871847729790559i
3,25.5625,0.329271164546556 - 0.886480176066432i
3,25.625,0.292484439281754 - 0.899585467379583i
3,25.6875,0.255109727491522 - 0.911130800969854i
3,25.75,0.217219849482871 - 0.921087286666519i
3,25.8125,0.178888964967906 - 0.92943001106297i
3,25.875,0.140192310416401 - 0.936138080365039i
3,25.9375,0.101205938233594 - 0.94119464240497i
3,26,0.0620064596597318 - 0.944586888518339i
3,26.0625,0.0226707931600411 - 0.946306036167909i
3,26.125,-0.0167240800724839 - 0.946347293364048i
3,26.1875,-0.05610135204072 - 0.944709806074369i
3,26.25,-0.0953846140061878 - 0.941396589934385i
3,26.3125,-0.134498071585242 - 0.936414447665645i
3,26.375,-0.173366747959379 - 0.929773873677924i
3,26.4375,-0.211916674468347 - 0.921488947377899i
3,26.5,-0.25007506804101 - 0.911577216729256i
3,26.5625,-0.287770495100693 - 0.900059573609477i
3,26.625,-0.324933021756748 - 0.886960122488143i
3,26.6875,-0.361494350259628 - 0.872306043912357i
3,26.75,-0.397387941851415 - 0.856127454228638i
3,26.8125,-0.432549126285895 - 0.83845726289965i
3,26.875,-0.4669151984207 - 0.819331028690367i
3,26.9375,-0.500425502397908 - 0.798786815904288i
3,27,-0.533021504028682 - 0.776865051747723i
3,27.0625,-0.564646852081298 - 0.753608385791745i
3,27.125,-0.595247429240825 - 0.729061552388499i
3,27.1875,-0.62477139356292 - 0.703271236783456i
3,27.25,-0.653169211284091 - 0.676285945549421i
3,27.3125,-0.680393681877261 - 0.648155881853195i
3,27.375,-0.706399956255174 - 0.618932825953078i
3,27.4375,-0.73114554902614 - 0.588670021216096i
3,27.5,-0.754590345697592 - 0.557422065838981i
3,27.5625,-0.776696605704271 - 0.525244810357023i
3,27.625,-0.797428962110137 - 0.492195260931167i
3,27.6875,-0.816754418797722 - 0.458331488315973i
3,27.75,-0.834642345916335 - 0.423712542330232i
3,27.8125,-0.85106447431224 - 0.38839837157804i
3,27.875,-0.865994889610757 - 0.352449748101141i
3,27.9375,-0.879410026562635 - 0.31592819658361i
3,28,-0.891288664206126 - 0.278895927677221i
3,28.0625,-0.901611922332418 - 0.241415774970095i
3,28.125,-0.910363259676175 - 0.20355113508247i
3,28.1875,-0.91752847418538 - 0.165365910341354i
3,28.25,-0.92309570565609 - 0.126924453460448i
3,28.3125,-0.92705544094845 - 0.0882915136323916i
3,28.375,-0.929400521930727 - 0.0495321834280285i
3,28.4375,-0.93012615622879 - 0.0107118458902422i
3,28.5,-0.929229930789448 + 0.0281038787906468i
3,28.5625,-0.926711828197871 + 0.0668491876279562i
3,28.625,-0.922574245622172 + 0.105458150813607i
3,28.6875,-0.916822016192395 + 0.143864769898081i
3,28.75,-0.909462432557032 + 0.182003038734712i
3,28.8125,-0.900505272297926 + 0.219807007720577i
3,28.875,-0.889962824824479 + 0.257210851833717i
3,28.9375,-0.877849919310725 + 0.294148942928651i
3,29,-0.864183953184401 + 0.330555926709313i
3,29.0625,-0.848984920626114 + 0.366366804750423i
3,29.125,-0.832275440489431 + 0.401517021885378i
3,29.1875,-0.814080783009585 + 0.435942559220936i
3,29.25,-0.794428894630188 + 0.469580032976412i
3,29.3125,-0.773350420244019 + 0.502366799278355i
3,29.375,-0.750878722116512 + 0.534241064970567i
3,29.4375,-0.727049894739193 + 0.565142004424554i
3,29.5,-0.701902774845703 + 0.595009882257437i
3,29.5625,-0.675478945815725 + 0.623786181783282i
3,29.625,-0.647822735692452 + 0.651413738940608i
3,29.6875,-0.618981208047855 + 0.67783688135397i
3,29.75,-0.589004144947067 + 0.70300157210184i
3,29.8125,-0.557944021289478 + 0.726855557677218i
3,29.875,-0.525855969839295 + 0.749348519542714i
3,29.9375,-0.492797736303202 + 0.770432228598838i
3,30,-0.458829623866928 + 0.790060701804251i
3,30.0625,-0.424014426666154 + 0.808190360110915i
3,30.125,-0.388417351740077 + 0.824780186806231i
3,30.1875,-0.352105929097805 + 0.839791885289939i
3,30.25,-0.315149909617814 + 0.853190035256732i
3,30.3125,-0.277621150598764 + 0.864942246207301i
3,30.375,-0.239593488884876 + 0.875019307172142i
3,30.4375,-0.201142601599834 + 0.883395331504803i
3,30.5,-0.162345854638962 + 0.890047895585347i
3,30.5625,-0.123282139188665 + 0.894958170271387i
3,30.625,-0.0840316966632993 + 0.898111043943862i
3,30.6875,-0.0446759325717355 + 0.899495236018162i
3,30.75,-0.00529721994645463 + 0.89910339982864i
3,30.8125,0.0340213069138513 + 0.896932213846013i
3,30.875,0.0731959675238577 + 0.892982460252522i
3,30.9375,0.112142758142004 + 0.887259089978628i
3,31,0.150777581481339 + 0.879771273396779i
3,31.0625,0.189016482041242 + 0.87053243597162i
3,31.125,0.22677588582269 + 0.859560278280743i
3,31.1875,0.263972843124696 + 0.846876779944368i
3,31.25,0.300525273068661 + 0.832508187134783i
3,31.3125,0.336352208461844 + 0.816484983474924i
3,31.375,0.371374039591352 + 0.798841844278794i
3,31.4375,0.405512755537532 + 0.779617574231713i
3,31.5,0.438692181609427 + 0.758855028754492i
3,31.5625,0.470838211536568 + 0.736601019439505i
3,31.625,0.501879033099293 + 0.712906204086806i
3,31.6875,0.531745345944535 + 0.687824962002327i
3,31.75,0.560370570413979 + 0.661415255346072i
3,31.8125,0.587691046306159 + 0.633738477434005i
3,31.875,0.613646220602023 + 0.604859289001148i
3,31.9375,0.638178823302899 + 0.574845443523948i
3,32,0.661235030659352 + 0.543767602775657i
3,32.0625,0.682764615207068 + 0.511699143848033i
3,32.125,0.70272108216951 + 0.478715958915651i
3,32.1875,0.72106179193479 + 0.444896249044471i
3,32.25,0.737748068463886 + 0.410320313353763i
3,32.3125,0.752745293636527 + 0.375070334830301i
3,32.375,0.766022987688176 + 0.339230164065498i
3,32.4375,0.777554876034145 + 0.302885102140737i
3,32.5,0.787318942913146 + 0.266121683824062i
3,32.5625,0.795297472410806 + 0.229027462163238i
3,32.625,0.801477077541991 + 0.191690795467343i
3,32.6875,0.805848718177754 + 0.154200637562384i
3,32.75,0.808407708696998 + 0.116646332087249i
3,32.8125,0.809153716323182 + 0.0791174114660887i
3,32.875,0.808090751171671 + 0.0417034010532695i
3,32.9375,0.805227149082615 + 0.00449362879868602i
3,33,0.800575548346807 - 0.0324229593737222i
3,33.0625,0.794152861447056 - 0.0689579784419381i
3,33.125,0.78598024293474 - 0.10502377754831i
3,33.1875,0.776083054539675 - 0.14053360794739i
3,33.25,0.764490828570882 - 0.175401786105925i
3,33.3125,0.751237230605632 - 0.209543852589539i
3,33.375,0.736360022383887 - 0.242876727536409i
3,33.4375,0.719901025724202 - 0.275318863680935i
3,33.5,0.701906088154805 - 0.306790398048358i
3,33.5625,0.682425050809134 - 0.337213303592626i
3,33.625,0.661511718967761 - 0.366511542192911i
3,33.6875,0.639223835437474 - 0.394611220556868i
3,33.75,0.615623056742483 - 0.42144075069833i
3,33.8125,0.590774931861051 - 0.446931016761179i
3,33.875,0.564748882972652 - 0.471015550045891i
3,33.9375,0.537618187385056 - 0.493630714157095i
3,34,0.509459959486786 - 0.514715902224692i
3,34.0625,0.480355131218324 - 0.534213748152394i
3,34.125,0.450388429175049 - 0.552070353809745i
3,34.1875,0.41964834604752 - 0.568235534000011i
3,34.25,0.388227103672223 - 0.582663080898548i
3,34.3125,0.356220604511597 - 0.595311049456051i
3,34.375,0.323728367910832 - 0.606142064988607i
3,34.4375,0.290853446997578 - 0.615123653821745i
3,34.5,0.257702321608653 - 0.622228597408033i
3,34.5625,0.22438476215667 - 0.627435309786671i
3,34.625,0.191013658905326 - 0.630728237588608i
3,34.6875,0.15770481072302 - 0.632098281002939i
3,34.75,0.124576667053761 - 0.631543233202258i
3,34.8125,0.0917500166089741 - 0.629068234671804i
3,34.875,0.0593476161748824 - 0.624686237699061i
3,34.9375,0.0274937529829146 - 0.618418474961853i
3,35,-0.00368626565621238 - 0.610294924715546i
3,35.0625,-0.0340667012590897 - 0.600354763543951i
3,35.125,-0.0635220566422825 - 0.588646796034122i
3,35.1875,-0.0919278358812679 - 0.57522984910453i
3,35.25,-0.119161394206606 - 0.560173117113808i
3,35.3125,-0.145102878423062 - 0.543556442372294i
3,35.375,-0.169636256154679 - 0.525470514353627i
3,35.4375,-0.192650429512651 - 0.506016969854675i
3,35.5,-0.214040425666122 - 0.485308375686665i
3,35.5625,-0.233708653306703 - 0.463468075313705i
3,35.625,-0.251566210202294 - 0.440629881305477i
3,35.6875,-0.267534223034138 - 0.4169375966532i
3,35.75,-0.281545196637424 - 0.392544350014201i
3,35.8125,-0.293544345789781 - 0.367611732880628i
3,35.875,-0.303490879015889 - 0.342308730558601i
3,35.9375,-0.311359200728972 - 0.316810443697614i
3,36,-0.317139995657162 - 0.291296602873424i
3,36.0625,-0.320841158154156 - 0.265949885284238i
3,36.125,-0.32248852890552 - 0.240954049784524i
3,36.1875,-0.322126402917786 - 0.216491913997634i
3,36.25,-0.319817775666594 - 0.192743204798233i
3,36.3125,-0.315644298957155 - 0.169882320665973i
3,36.375,-0.309705924397714 - 0.148076050876011i
3,36.4375,-0.302120220280687 - 0.127481301794535i
3,36.5,-0.29302135687175 - 0.108242884292855i
3,36.5625,-0.282558765280917 - 0.0904914181390538i
3,36.625,-0.270895485792521 - 0.0743414089139165i
3,36.6875,-0.258206232252564 - 0.0598895503823809i
3,36.75,-0.244675209301068 - 0.0472133003217963i
3,36.8125,-0.230493728342246 - 0.0363697706973901i
3,36.875,-0.215857675654251 - 0.02739496406068i
3,36.9375,-0.200964891522103 - 0.0203033775355367i
3,37,-0.186012522416548 - 0.0150879842599659i
3,37.0625,-0.171194408864206 - 0.0117205902484873i
3,37.125,-0.156698569742527 - 0.0101525529343206i
3,37.1875,-0.142704839424356 - 0.0103158367272368i
3,37.25,-0.129382707772024 - 0.0121243713051348i
3,37.3125,-0.11688940483831 - 0.0154756704701814i
3,37.375,-0.10536826275364 - 0.0202526635456028i
3,37.4375,-0.09494737719246 - 0.0263256876300396i
3,37.5,-0.0857385805486963 - 0.0335545875864925i
3,37.5625,-0.0778367290094545 - 0.0417908713154997i
3,37.625,-0.071319296532999 - 0.0508798704299404i
3,37.6875,-0.06624626066044 - 0.060662860609666i
3,37.75,-0.0626602583694055 - 0.0709791013111614i
3,37.8125,-0.0605869849578126 - 0.0816677607588722i
3,37.875,-0.0600358052729275 - 0.0925696988723814i
3,37.9375,-0.0610005444337594 - 0.103529087635085i
3,38,-0.06346042441992 - 0.114394855078076i
3,38.0625,-0.0673811133505798 - 0.125021945285947i
3,38.125,-0.0727158557514317 - 0.135272392439301i
3,38.1875,-0.0794066543874689 - 0.145016211763893i
3,38.25,-0.0873854771056552 - 0.154132114288768i
3,38.3125,-0.0965754653761196 - 0.162508055506249i
3,38.375,-0.106892124656217 - 0.17004163039873i
3,38.4375,-0.118244480167837 - 0.176640328906168i
3,38.5,-0.13053618504364 - 0.18222166683269i
3,38.5625,-0.143666570961348 - 0.186713207523053i
3,38.625,-0.157531634274621 - 0.190052489478714i
3,38.6875,-0.172024953217981 - 0.192186874527794i
3,38.75,-0.187038533987827 - 0.193073330307416i
3,38.8125,-0.202463585376455 - 0.192678159746961i
3,38.875,-0.218191223170109 - 0.190976689032698i
3,38.9375,-0.234113106735263 - 0.187952924252867i
3,39,-0.25012201113671 - 0.183599185621032i
3,39.0625,-0.266112338788097 - 0.177915726896994i
3,39.125,-0.281980575063928 - 0.170910346401082i
3,39.1875,-0.297625692535757 - 0.162597994872675i
3,39.25,-0.312949508566735 - 0.15300038437321i
3,39.3125,-0.327857000938739 - 0.142145601486792i
3,39.375,-0.342256586022507 - 0.130067727232132i
3,39.4375,-0.356060363758501 - 0.11680646536778i
3,39.5,-0.369184333416018 - 0.102406780145525i
3,39.5625,-0.381548583758922 - 0.0869185440390888i
3,39.625,-0.393077460883523 - 0.0703961955401959i
3,39.6875,-0.403699716620646 - 0.0528984067639642i
3,39.75,-0.413348640019636 - 0.034487760332483i
3,39.8125,-0.42196217406561 - 0.0152304348009886i
3,39.875,-0.429483019428523 + 0.00480410225253634i
3,39.9375,-0.435858726708599 + 0.0255433944441228i
3,40,-0.441041778330735 + 0.0469122911213171i
3,40.0625,-0.444989660952934 + 0.0688332372413572i
3,40.125,-0.447664928992239 + 0.0912265595823053i
3,40.1875,-0.44903525963676 + 0.114010750224345i
3,40.25,-0.449073499504516 + 0.137102748160935i
3,40.3125,-0.447757702928681 + 0.16041821980415i
3,40.375,-0.445071161694031 + 0.183871839039167i
3,40.4375,-0.441002425919995 + 0.207377567363697i
3,40.5,-0.435545315680838 + 0.230848934521721i
3,40.5625,-0.428698922871942 + 0.254199319910785i
3,40.625,-0.420467602771592 + 0.277342234910527i
3,40.6875,-0.410860954708703 + 0.300191606149619i
3,40.75,-0.399893791227183 + 0.322662059600613i
3,40.8125,-0.387586095135208 + 0.344669205269857i
3,40.875,-0.37396296384144 + 0.366129922133068i
3,40.9375,-0.359054540407884 + 0.386962642859019i
3,41,-0.342895930789363 + 0.40708763776416i
3,41.0625,-0.325527106780446 + 0.426427297351334i
3,41.125,-0.306992794250223 + 0.444906412706603i
3,41.1875,-0.287342346312006 + 0.462452452959887i
3,41.25,-0.266629601146724 + 0.478995838958046i
3,41.3125,-0.244912724273775 + 0.494470212253033i
3,41.375,-0.222254035139729 + 0.508812698472611i
3,41.4375,-0.198719817971715 + 0.521964164116279i
3,41.5,-0.174380116916975 + 0.533869465803897i
3,41.5625,-0.149308515561707 + 0.544477690997862i
3,41.625,-0.123581900989401 + 0.553742389220483i
3,41.6875,-0.0972802126003982 + 0.561621792795048i
3,41.75,-0.0704861759696656 + 0.568079026150283i
3,41.8125,-0.0432850220680281 + 0.573082302741734i
3,41.875,-0.0157641922130595 + 0.576605108658205i
3,41.9375,0.011986970850235 + 0.578626371994749i
3,42,0.0398775453117182 + 0.579130617083636i
3,42.0625,0.0678153656530078 + 0.578108102679345i
3,42.125,0.0957073705340486 + 0.575554943190793i
3,42.1875,0.123459962730944 + 0.57147321204172i
3,42.25,0.150979380634153 + 0.565871026216768i
3,42.3125,0.178172080801703 + 0.558762611014734i
3,42.375,0.204945131043277 + 0.550168343980445i
3,42.4375,0.231206613483488 + 0.540114776922095i
3,42.5,0.256866037013331 + 0.528634634841293i
3,42.5625,0.28183475848266 + 0.51576679050884i
3,42.625,0.306026411909192 + 0.501556213311682i
3,42.6875,0.329357344875901 + 0.486053890877268i
3,42.75,0.351747061153644 + 0.469316721853856i
3,42.8125,0.3731186684141 + 0.451407378093204i
3,42.875,0.393399329684558 + 0.432394134350883i
3,42.9375,0.412520716936162 + 0.412350663495936i
3,43,0.430419464886097 + 0.391355795113968i
3,43.0625,0.447037622729451 + 0.369493235305966i
3,43.125,0.462323101094954 + 0.346851245440346i
3,43.1875,0.476230111040894 + 0.323522277621073i
3,43.25,0.488719591374308 + 0.299602564704982i
3,43.3125,0.499759619992521 + 0.275191662851694i
3,43.375,0.509325804318536 + 0.250391944837586i
3,43.4375,0.517401645241958 + 0.225308042727742i
3,43.5,0.52397886830021 + 0.200046238994345i
3,43.5625,0.529057715160869 + 0.174713805812984i
3,43.625,0.532647187820422 + 0.149418293074338i
3,43.6875,0.534765237347857 + 0.124266766629101i
3,43.75,0.535438888509043 + 0.099364999445796i
3,43.8125,0.534704291250856 + 0.0748166197051768i
3,43.875,0.532606689847042 + 0.050722221374195i
3,43.9375,0.529200300559116 + 0.027178444480514i
3,44,0.524548088994185 + 0.00427703411803698i
3,44.0625,0.518721438996147 - 0.0178961108857739i
3,44.125,0.511799705930689 - 0.0392618867720581i
3,44.1875,0.503869648655706 - 0.059748916345756i
3,44.25,0.495024736332115 - 0.0792944465909195i
3,44.3125,0.485364328535835 - 0.0978451942410998i
3,44.375,0.474992729870653 - 0.115358119854628i
3,44.4375,0.464018123420271 - 0.131801110074293i
3,44.5,0.452551390856546 - 0.147153547403733i
3,44.5625,0.440704830750232 - 0.161406747110001i
3,44.625,0.428590790491883 - 0.17456424185083i
3,44.6875,0.416320231074933 - 0.186641896389277i
3,44.75,0.404001247644613 - 0.197667837328407i
3,44.8125,0.391737571974726 - 0.207682186157292i
3,44.875,0.379627085676639 - 0.216736587964533i
3,44.9375,0.367760374731383 - 0.22489353275773i
3,45,0.356219356624266 - 0.232225471038505i
3,45.0625,0.345076010807016 - 0.23881372929317i
3,45.125,0.33439124186608 - 0.244747232505708i
3,45.1875,0.324213905977012 - 0.250121035679267i
3,45.25,0.314580050383347 - 0.255034649368946i
3,45.3125,0.305512506131443 - 0.25959013524276i
3,45.375,0.297021203298171 - 0.263890150984559i
3,45.4375,0.289104327445256 - 0.26803707943124i
3,45.5,0.281747616156695 - 0.272134138296171i
3,45.5625,0.274920171291127 - 0.27628287945215i
3,45.625,0.268575855272207 - 0.280576216350472i
3,45.6875,0.262658644312895 - 0.2850973291136i
3,45.75,0.257103889044576 - 0.289921054885522i
3,45.8125,0.251838346692575 - 0.295113260772634i
3,45.875,0.246781073632364 - 0.300729566538437i
3,45.9375,0.241844846467536 - 0.306814336662944i
3,46,0.236937757006284 - 0.313400016841263i
3,46.0625,0.231964851297941 - 0.320506753526569i
3,46.125,0.226829759795485 - 0.328142252745558i
3,46.1875,0.221436281760221 - 0.336301852187706i
3,46.25,0.215689890326582 - 0.34496878981054i
3,46.3125,0.20949912990833 - 0.354114657668593i
3,46.375,0.202776888039307 - 0.363700031002007i
3,46.4375,0.195441535943273 - 0.373675257291363i
3,46.5,0.187417939441268 - 0.383981379283413i
3,46.5625,0.178638340731416 - 0.394551156590322i
3,46.625,0.169043105807404 - 0.405310148805011i
3,46.6875,0.158581328831159 - 0.41617782925095i
3,46.75,0.147211287104567 - 0.427068707233598i
3,46.8125,0.134900746553082 - 0.437893443124052i
3,46.875,0.121627124155201 - 0.448559943604736i
3,46.9375,0.107377518300111 - 0.458974425362648i
3,47,0.0921486203851494 - 0.469042436140453i
3,47.0625,0.0759465217619994 - 0.478669823240609i
3,47.125,0.0587864300825429 - 0.487763641458476i
3,47.1875,0.040692308505123 - 0.496232994771569i
3,47.25,0.0216964501113854 - 0.503989808574421i
3,47.3125,0.00183899816273876 - 0.510949531346956i
3,47.375,-0.0188325793981674 - 0.517031765768898i
3,47.4375,-0.0402640548873238 - 0.522160828895151i
3,47.5,-0.0623950396882304 - 0.526266239164558i
3,47.5625,-0.085159609612158 - 0.529283126055611i
3,47.625,-0.108486945569746 - 0.531152558463746i
3,47.6875,-0.132301974748324 - 0.531821791926465i
3,47.75,-0.156525997592056 - 0.531244441396257i
3,47.8125,-0.181077290678571 - 0.529380591543712i
3,47.875,-0.205871682480144 - 0.52619685739714i
3,47.9375,-0.23082310405751 - 0.521666404729656i
3,48,-0.255844118036546 - 0.515768934929405i
3,48.0625,-0.28084642769966 - 0.508490635889321i
3,48.125,-0.305741365789034 - 0.499824099536985i
3,48.1875,-0.330440361130152 - 0.489768207245946i
3,48.25,-0.354855380780853 - 0.478327985441409i
3,48.3125,-0.378899345766155 - 0.465514434553603i
3,48.375,-0.40248651912779 - 0.451344334880577i
3,48.4375,-0.425532865698173 - 0.435840032968839i
3,48.5,-0.44795638357079 - 0.419029211947127i
3,48.5625,-0.469677407659074 - 0.400944648974578i
3,48.625,-0.490618886035972 - 0.381623962661758i
3,48.6875,-0.510706629958882 - 0.361109353026711i
3,48.75,-0.529869538636741 - 0.339447336271037i
3,48.8125,-0.548039799906959 - 0.31668847640502i
3,48.875,-0.565153068071592 - 0.292887115513531i
3,48.9375,-0.581148620201839 - 0.268101104232622i
3,49,-0.595969492261555 - 0.242391533797466i
3,49.0625,-0.609562596426435 - 0.215822470823293i
3,49.125,-0.621878820986805 - 0.188460695790972i
3,49.1875,-0.632873114219669 - 0.160375446026943i
3,49.25,-0.64250455359987 - 0.131638163792876i
3,49.3125,-0.650736401691729 - 0.102322249933843i
3,49.375,-0.65753615002119 - 0.0725028233749842i
3,49.4375,-0.662875552175023 - 0.0422564866060558i
3,49.5,-0.666730647308106 - 0.0116610971514641i
3,49.5625,-0.669081775162646 + 0.0192044551090711i
3,49.625,-0.669913583614936 + 0.0502604650263516i
3,49.6875,-0.669215029666219 + 0.0814266240425928i
3,49.75,-0.666979374685136 + 0.112622227295313i
3,49.8125,-0.66320417459069 + 0.143766376519163i
3,49.875,-0.657891265537453 + 0.174778179373413i
3,49.9375,-0.651046745529849 + 0.205576945881182i
3,50,-0.642680952250715 + 0.236082382708871i
3.1,25,0.61976453381463 - 0.70696427574347i
3.1,25.0625,0.590651201462613 - 0.733423905214199i
3.1,25.125,0.560310009840614 - 0.758570629810801i
3.1,25.1875,0.528811937408398 - 0.782346002553125i
3.1,25.25,0.496230480503503 - 0.804696349839693i
3.1,25.3125,0.462641267755057 - 0.825572821184058i
3.1,25.375,0.428121685239256 - 0.844931404514407i
3.1,25.4375,0.392750515444062 - 0.862732909735511i
3.1,25.5,0.356607592636627 - 0.878942923478588i
3.1,25.5625,0.319773476750124 - 0.893531738116838i
3.1,25.625,0.282329147438158 - 0.90647425820634i
3.1,25.6875,0.244355719493563 - 0.917749887529803i
3.1,25.75,0.205934180402074 - 0.927342399880929i
3.1,25.8125,0.167145150406117 - 0.935239796637113i
3.1,25.875,0.128068665094371 - 0.941434154035771i
3.1,25.9375,0.0887839802116719 - 0.945921462902254i
3.1,26,0.0493693981033252 - 0.948701463382754i
3.1,26.0625,0.00990211496806566 - 0.949777477020893i
3.1,26.125,-0.0295419121054149 - 0.949156238288475i
3.1,26.1875,-0.0688880795037808 - 0.94684772744515i
3.1,26.25,-0.10806323416513 - 0.942865006363823i
3.1,26.3125,-0.146995754763748 - 0.937224058723041i
3.1,26.375,-0.185615618459055 - 0.929943635738225i
3.1,26.4375,-0.223854454693707 - 0.921045108383529i
3.1,26.5,-0.261645587530128 - 0.910552326847808i
3.1,26.5625,-0.298924067997355 - 0.898491487773519i
3.1,26.625,-0.335626697884324 - 0.884891009647445i
3.1,26.6875,-0.371692046364313 - 0.869781416548022i
3.1,26.75,-0.407060460771312 - 0.853195230305763i
3.1,26.8125,-0.441674072775222 - 0.835166871001076i
3.1,26.875,-0.475476801121282 - 0.815732565607131i
3.1,26.9375,-0.508414352012062 - 0.794930264484122i
3.1,27,-0.540434218119912 - 0.772799565344161i
3.1,27.0625,-0.571485677125061 - 0.749381644232753i
3.1,27.125,-0.601519790581432 - 0.724719193012094i
3.1,27.1875,-0.630489403819537 - 0.69885636278245i
3.1,27.25,-0.658349147504565 - 0.671838712639745i
3.1,27.3125,-0.685055441378781 - 0.643713163139016i
3.1,27.375,-0.710566500631127 - 0.614527953813911i
3.1,27.4375,-0.734842345253936 - 0.584332604090727i
3.1,27.5,-0.75784481266721 - 0.553177876931158i
3.1,27.5625,-0.779537573815384 - 0.521115744539596i
3.1,27.625,-0.799886152869692 - 0.488199355478536i
3.1,27.6875,-0.818857950601612 - 0.454483002547949i
3.1,27.75,-0.836422271429168 - 0.420022090801444i
3.1,27.8125,-0.852550354078146 - 0.384873105092783i
3.1,27.875,-0.86721540574454 - 0.349093576570421i
3.1,27.9375,-0.880392639592663 - 0.312742047564961i
3.1,28,-0.892059315375222 - 0.275878034344216i
3.1,28.0625,-0.902194782917316 - 0.238561987242671i
3.1,28.125,-0.910780528165494 - 0.200855247706374i
3.1,28.1875,-0.917800221465779 - 0.162820001830252i
3.1,28.25,-0.923239767700802 - 0.12451923000256i
3.1,28.3125,-0.927087357885817 - 0.0860166523098313i
3.1,28.375,-0.929333521796298 - 0.0473766693963765i
3.1,28.4375,-0.929971181176099 - 0.00866429851317659i
3.1,28.5,-0.92899570305469 + 0.0300548954666122i
3.1,28.5625,-0.926404952684669 + 0.0687148742455063i
3.1,28.625,-0.922199345596773 + 0.107249205649472i
3.1,28.6875,-0.91638189825864 + 0.145591148618288i
3.1,28.75,-0.90895827681598 + 0.183673743686955i
3.1,28.8125,-0.8999368433902 + 0.221429908962434i
3.1,28.875,-0.889328699405144 + 0.258792541555653i
3.1,28.9375,-0.877147725417374 + 0.295694624384691i
3.1,29,-0.863410616929208 + 0.332069338221399i
3.1,29.0625,-0.848136915671695 + 0.367850178810518i
3.1,29.125,-0.831349035855645 + 0.402971078847921i
3.1,29.1875,-0.813072284902817 + 0.437366534563114i
3.1,29.25,-0.79333487818634 + 0.470971736610534i
3.1,29.3125,-0.772167947329173 + 0.503722704935099i
3.1,29.375,-0.749605541632153 + 0.535556427239587i
3.1,29.4375,-0.725684622228511 + 0.566411000645234i
3.1,29.5,-0.70044504858971 + 0.596225776102682i
3.1,29.5625,-0.673929557038069 + 0.62494150507785i
3.1,29.625,-0.646183730954526 + 0.652500488007146i
3.1,29.6875,-0.617255962405128 + 0.678846723988415i
3.1,29.75,-0.587197404947094 + 0.703926061148573i
3.1,29.8125,-0.556061917414823 + 0.727686347105829i
3.1,29.875,-0.523905998526964 + 0.750077578924516i
3.1,29.9375,-0.490788712198807 + 0.77105205194301i
3.1,30,-0.456771603488171 + 0.790564506841096i
3.1,30.0625,-0.421918605148499 + 0.808572274302025i
3.1,30.125,-0.386295934809362 + 0.825035416616497i
3.1,30.1875,-0.349971982851974 + 0.839916865571206i
3.1,30.25,-0.313017191095165 + 0.853182555963435i
3.1,30.3125,-0.275503922455762 + 0.864801554085365i
3.1,30.375,-0.23750632179587 + 0.874746180527542i
3.1,30.4375,-0.199100168217973 + 0.882992126660328i
3.1,30.5,-0.160362719117055 + 0.889518564165082i
3.1,30.5625,-0.121372546346626 + 0.894308247003417i
3.1,30.625,-0.0822093649022006 + 0.897347605233115i
3.1,30.6875,-0.0429538545717807 + 0.898626830103155i
3.1,30.75,-0.00368747504706794 + 0.898139949887801i
3.1,30.8125,0.035507724967926 + 0.895884895950784i
3.1,30.875,0.0745493040734509 + 0.891863558565206i
3.1,30.9375,0.113354629299697 + 0.886081832052865i
3.1,31,0.151841081389415 + 0.878549648848111i
3.1,31.0625,0.189926263551987 + 0.869281002135962i
3.1,31.125,0.227528212973408 + 0.858293956761944i
3.1,31.1875,0.264565614339878 + 0.845610648161681i
3.1,31.25,0.300958014609797 + 0.831257269111607i
3.1,31.3125,0.336626038250166 + 0.815264044157779i
3.1,31.375,0.371491602138678 + 0.797665191637749i
3.1,31.4375,0.405478129323325 + 0.778498873269969i
3.1,31.5,0.438510760825935 + 0.757807131346521i
3.1,31.5625,0.470516564676671 + 0.735635813626991i
3.1,31.625,0.501424741371879 + 0.71203448609429i
3.1,31.6875,0.531166824959014 + 0.687056333796063i
3.1,31.75,0.559676878969179 + 0.660758050058049i
3.1,31.8125,0.586891686440534 + 0.633199714417422i
3.1,31.875,0.612750933304556 + 0.604444659684335i
3.1,31.9375,0.637197384441526 + 0.574559328598037i
3.1,32,0.660177051751977 + 0.543613120599377i
3.1,32.0625,0.681639353636987 + 0.511678229293407i
3.1,32.125,0.70153726533164 + 0.47882947122391i
3.1,32.1875,0.719827459592893 + 0.445144106624975i
3.1,32.25,0.736470437304847 + 0.410701652852561i
3.1,32.3125,0.751430647630596 + 0.375583691231131i
3.1,32.375,0.764676597410175 + 0.339873668075578i
3.1,32.4375,0.776180949577757 + 0.303656690666805i
3.1,32.5,0.785920610447711 + 0.267019318969636i
3.1,32.5625,0.793876805797644 + 0.230049353883522i
3.1,32.625,0.800035145756253 + 0.19283562280973i
3.1,32.6875,0.804385678583836 + 0.155467763302586i
3.1,32.75,0.806922933512779 + 0.118036005546525i
3.1,32.8125,0.80764595289304 + 0.0806309543653002i
3.1,32.875,0.806558313962672 + 0.0433433714240193i
3.1,32.9375,0.803668140634493 + 0.00626395822888265i
3.1,33,0.798988105755926 - 0.0305168595363549i
3.1,33.0625,0.792535424358473 - 0.0669091458742827i
3.1,33.125,0.784331838464998 - 0.102823666161036i
3.1,33.1875,0.774403594065405 - 0.138172096375292i
3.1,33.25,0.762781410903114 - 0.172867229692064i
3.1,33.3125,0.749500445734258 - 0.206823180377588i
3.1,33.375,0.734600249727293 - 0.239955585042397i
3.1,33.4375,0.718124720660939 - 0.27218180143757i
3.1,33.5,0.700122050551457 - 0.303421105112674i
3.1,33.5625,0.680644669294248 - 0.333594884391792i
3.1,33.625,0.659749184838009 - 0.36262683426473i
3.1,33.6875,0.63749632032005 - 0.390443149931941i
3.1,33.75,0.613950848477143 - 0.416972720881666i
3.1,33.8125,0.589181523505304 - 0.442147326513543i
3.1,33.875,0.563261010372465 - 0.465901834451231i
3.1,33.9375,0.536265811388068 - 0.488174402803673i
3.1,34,0.508276189601608 - 0.508906687736145i
3.1,34.0625,0.479376088336678 - 0.52804405779288i
3.1,34.125,0.449653045866905 - 0.545535816467079i
3.1,34.1875,0.419198103905013 - 0.56133543453454i
3.1,34.25,0.388105708206187 - 0.57540079364617i
3.1,34.3125,0.356473599183263 - 0.587694442603467i
3.1,34.375,0.324402689996542 - 0.59818386760995i
3.1,34.4375,0.291996929119445 - 0.606841777589387i
3.1,34.5,0.259363143899208 - 0.613646405377067i
3.1,34.5625,0.226610861137758 - 0.618581825210775i
3.1,34.625,0.193852100224438 - 0.621638286460636i
3.1,34.6875,0.161201133874057 - 0.622812562929144i
3.1,34.75,0.128774211080854 - 0.622108316312237i
3.1,34.8125,0.0966892365155341 - 0.61953647152894i
3.1,34.875,0.0650654002976589 - 0.615115600592978i
3.1,34.9375,0.0340227519038264 - 0.608872310511154i
3.1,35,0.00368171196316115 - 0.600841629351922i
3.1,35.0625,-0.0258374841098225 - 0.591067383142763i
3.1,35.125,-0.0544154162402466 - 0.579602554645558i
3.1,35.1875,-0.0819341884085308 - 0.566509613355665i
3.1,35.25,-0.108278219667393 - 0.551860804317527i
3.1,35.3125,-0.133335119639843 - 0.53573838160784i
3.1,35.375,-0.156996648694401 - 0.51823477068497i
3.1,35.4375,-0.179159760526739 - 0.499452642336932i
3.1,35.5,-0.199727721911201 - 0.479504879794803i
3.1,35.5625,-0.218611300930501 - 0.458514419845073i
3.1,35.625,-0.235730011086732 - 0.43661394861681i
3.1,35.6875,-0.251013394418221 - 0.413945433287707i
3.1,35.75,-0.264402322214701 - 0.390659472394729i
3.1,35.8125,-0.27585028730428 - 0.366914449883886i
3.1,35.875,-0.2853246573951 - 0.342875481595668i
3.1,35.9375,-0.292807854853002 - 0.318713147620267i
3.1,36,-0.298298424882539 - 0.294602009872331i
3.1,36.0625,-0.301811951675677 - 0.270718921255035i
3.1,36.125,-0.303381781028743 - 0.247241140745474i
3.1,36.1875,-0.303059508512369 - 0.224344277377693i
3.1,36.25,-0.300915194770651 - 0.202200095068532i
3.1,36.3125,-0.297037274102809 - 0.180974219076811i
3.1,36.375,-0.291532129209475 - 0.160823793089234i
3.1,36.4375,-0.284523313794005 - 0.141895142926911i
3.1,36.5,-0.276150415367591 - 0.124321508103193i
3.1,36.5625,-0.266567562723974 - 0.108220905421313i
3.1,36.625,-0.255941595580982 - 0.0936941890605836i
3.1,36.6875,-0.244449927161422 - 0.0808233688884475i
3.1,36.75,-0.232278143251462 - 0.0696702429635201i
3.1,36.8125,-0.219617392749583 - 0.0602753914836933i
3.1,36.875,-0.206661634160099 - 0.0526575681233144i
3.1,36.9375,-0.193604809252312 - 0.0468135113384114i
3.1,37,-0.180638018723273 - 0.0427181835115338i
3.1,37.0625,-0.167946774902597 - 0.040325430584439i
3.1,37.125,-0.155708403292765 - 0.039569039961289i
3.1,37.1875,-0.144089658259551 - 0.0403641608044541i
3.1,37.25,-0.133244608907676 - 0.0426090391403286i
3.1,37.3125,-0.123312839709662 - 0.0461870110384901i
3.1,37.375,-0.114417997537439 - 0.0509686909200696i
3.1,37.4375,-0.106666703169784 - 0.0568142889662135i
3.1,37.5,-0.10014783189792 - 0.0635759915912319i
3.1,37.5625,-0.0949321552387715 - 0.0711003417751729i
3.1,37.625,-0.0910723245838954 - 0.0792305613136644i
3.1,37.6875,-0.0886031683025068 - 0.0878087642218681i
3.1,37.75,-0.0875422666526748 - 0.0966780190462444i
3.1,37.8125,-0.0878907639428571 - 0.105684227103647i
3.1,37.875,-0.0896343746828722 - 0.114677793127081i
3.1,37.9375,-0.0927445398009137 - 0.123515073964053i
3.1,38,-0.0971796901195148 - 0.132059599451234i
3.1,38.0625,-0.102886576857617 - 0.140183067085185i
3.1,38.125,-0.109801632609567 - 0.147766118434443i
3.1,38.1875,-0.11785233069723 - 0.154698910301905i
3.1,38.25,-0.126958515673607 - 0.16088149744081i
3.1,38.3125,-0.137033682788922 - 0.166224046212952i
3.1,38.375,-0.147986189175217 - 0.170646900064513i
3.1,38.4375,-0.159720384176813 - 0.174080518225703i
3.1,38.5,-0.172137650517334 - 0.176465308775326i
3.1,38.5625,-0.185137351762307 - 0.177751376314233i
3.1,38.625,-0.198617684764426 - 0.177898203120472i
3.1,38.6875,-0.212476438455051 - 0.176874280958331i
3.1,38.75,-0.226611662485893 - 0.174656708810513i
3.1,38.8125,-0.240922250863818 - 0.171230769804212i
3.1,38.875,-0.255308446906649 - 0.166589498594402i
3.1,38.9375,-0.269672276633571 - 0.160733248518059i
3.1,39,-0.283917918147648 - 0.153669265990257i
3.1,39.0625,-0.297952014726656 - 0.145411277910599i
3.1,39.125,-0.311683939265705 - 0.135979096306601i
3.1,39.1875,-0.325026017459739 - 0.125398243069328i
3.1,39.25,-0.337893716719185 - 0.113699596437568i
3.1,39.3125,-0.350205807315143 - 0.100919059855742i
3.1,39.375,-0.361884501682763 - 0.0870972529593869i
3.1,39.4375,-0.372855577198619 - 0.0722792237192319i
3.1,39.5,-0.383048487110719 - 0.0565141801883003i
3.1,39.5625,-0.392396463654395 - 0.0398552398332174i
3.1,39.625,-0.400836616746295 - 0.0223591940784347i
3.1,39.6875,-0.408310031021439 - 0.0040862854382945i
3.1,39.75,-0.414761863371715 + 0.0149000055538951i
3.1,39.8125,-0.420141442563538 + 0.0345331664984581i
3.1,39.875,-0.424402371961149 + 0.0547438552605756i
3.1,39.9375,-0.427502635863294 + 0.0754601009335732i
3.1,40,-0.429404709476742 + 0.096607506388728i
3.1,40.0625,-0.430075672102395 + 0.11810945501755i
3.1,40.125,-0.429487322700267 + 0.139887324079407i
3.1,40.1875,-0.427616296630211 + 0.161860706834449i
3.1,40.25,-0.424444182037967 + 0.183947645373539i
3.1,40.3125,-0.419957634072655 + 0.206064875757785i
3.1,40.375,-0.414148484884586 + 0.228128086754607i
3.1,40.4375,-0.407013847162899 + 0.25005219311051i
3.1,40.5,-0.398556208833191 + 0.271751623937434i
3.1,40.5625,-0.38878351644733 + 0.293140626416006i
3.1,40.625,-0.377709244762148 + 0.31413358464122i
3.1,40.6875,-0.365352450021063 + 0.334645353060686i
3.1,40.75,-0.351737804522573 + 0.354591603589669i
3.1,40.8125,-0.336895610180149 + 0.373889185138354i
3.1,40.875,-0.320861788947343 + 0.39245649396181i
3.1,40.9375,-0.303677848195425 + 0.410213852950255i
3.1,41,-0.285390819383822 + 0.427083897722554i
3.1,41.0625,-0.266053168649417 + 0.442991967176226i
3.1,41.125,-0.245722678251374 + 0.457866495987887i
3.1,41.1875,-0.22446229813492 + 0.471639406453031i
3.1,41.25,-0.202339967210041 + 0.484246497006249i
3.1,41.3125,-0.179428404268644 + 0.495627824773292i
3.1,41.375,-0.155804868775016 + 0.505728079573487i
3.1,41.4375,-0.131550892047745 + 0.514496946912039i
3.1,41.5,-0.106751979595232 + 0.521889457670745i
3.1,41.5625,-0.0814972855609196 + 0.527866322414828i
3.1,41.625,-0.0558792603685631 + 0.53239424847241i
3.1,41.6875,-0.0299932727241463 + 0.535446238198974i
3.1,41.75,-0.00393720712342363 + 0.537001867096767i
3.1,41.8125,0.022188962071134 + 0.537047540701632i
3.1,41.875,0.0482836190835913 + 0.535576729358318i
3.1,41.9375,0.0742439770459059 + 0.532590180159682i
3.1,42,0.0999665698318266 + 0.528096105404239i
3.1,42.0625,0.125347765410749 + 0.52211034690871i
3.1,42.125,0.150284301131828 + 0.514656515376098i
3.1,42.1875,0.174673841769272 + 0.505766103745342i
3.1,42.25,0.198415561570161 + 0.495478573017384i
3.1,42.3125,0.221410751911361 + 0.483841408449859i
3.1,42.375,0.243563456451628 + 0.470910143228248i
3.1,42.4375,0.264781135809906 + 0.456748345752076i
3.1,42.5,0.284975363757334 + 0.441427565525556i
3.1,42.5625,0.304062556617418 + 0.425027231329985i
3.1,42.625,0.321964736961194 + 0.407634493910943i
3.1,42.6875,0.338610331694277 + 0.389344003885485i
3.1,42.75,0.353935003193492 + 0.370257614032145i
3.1,42.8125,0.367882510201037 + 0.350483993662902i
3.1,42.875,0.380405592674182 + 0.330138141510921i
3.1,42.9375,0.391466871689214 + 0.309340782648106i
3.1,43,0.401039751810029 + 0.288217634547512i
3.1,43.0625,0.409109309097065 + 0.266898527725814i
3.1,43.125,0.415673143247548 + 0.24551636765616i
3.1,43.1875,0.420742167387019 + 0.224205927051593i
3.1,43.25,0.424341304015989 + 0.203102461391112i
3.1,43.3125,0.42651005088101 + 0.182340145863354i
3.1,43.375,0.427302876498504 + 0.16205033883981i
3.1,43.4375,0.426789402201478 + 0.142359685561162i
3.1,43.5,0.42505432644824 + 0.123388085790299i
3.1,43.5625,0.422197048292025 + 0.105246560446631i
3.1,43.625,0.418330950891234 + 0.0880350641850218i
3.1,43.6875,0.41358231317227 + 0.0718403028106388i
3.1,43.75,0.408088828493553 + 0.0567336254279693i
3.1,43.8125,0.40199772339679 + 0.0427690702587939i
3.1,43.875,0.39546348693879 + 0.0299816490073161i
3.1,43.9375,0.388645240968347 + 0.0183859564117732i
3.1,44,0.381703802956766 + 0.0079751882782423i
3.1,44.0625,0.374798514170334 - 0.00127935776978275i
3.1,44.125,0.368083925401166 - 0.00942823954272299i
3.1,44.1875,0.361706448362323 - 0.0165432467169135i
3.1,44.25,0.355801091509456 - 0.0227161826369683i
3.1,44.3125,0.350488403084757 - 0.0280570657067966i
3.1,44.375,0.34587174070446 - 0.032691793655271i
3.1,44.4375,0.342034975602287 - 0.0367593418245334i
3.1,44.5,0.339040721209104 - 0.0404085910161205i
3.1,44.5625,0.336929151325322 - 0.0437948993110243i
3.1,44.625,0.335717444563482 - 0.0470765441036414i
3.1,44.6875,0.335399861243922 - 0.050411164470465i
3.1,44.75,0.335948428904634 - 0.0539523298084113i
3.1,44.8125,0.337314185302084 - 0.0578463490565589i
3.1,44.875,0.339428905130357 - 0.0622294170423657i
3.1,44.9375,0.342207220018248 - 0.0672251723222817i
3.1,45,0.345549031376067 - 0.0729427163131482i
3.1,45.0625,0.349342112396902 - 0.0794751185390448i
3.1,45.125,0.353464798428407 - 0.0868984092526869i
3.1,45.1875,0.35778867302755 - 0.0952710399792055i
3.1,45.25,0.362181169014103 - 0.104633775674922i
3.1,45.3125,0.36650801835721 - 0.115009969725237i
3.1,45.375,0.370635500409535 - 0.12640616501713i
3.1,45.4375,0.374432453649328 - 0.138812960542848i
3.1,45.5,0.377772030741152 - 0.152206082887668i
3.1,45.5625,0.380533189692588 - 0.166547604831768i
3.1,45.625,0.38260192475652 - 0.181787258402199i
3.1,45.6875,0.383872249359798 - 0.197863796328129i
3.1,45.75,0.384246949836736 - 0.214706363404284i
3.1,45.8125,0.383638133511597 - 0.232235847525962i
3.1,45.875,0.381967598587196 - 0.250366189983518i
3.1,45.9375,0.379167057963291 - 0.269005651482281i
3.1,46,0.375178251403052 - 0.288058085071564i
3.1,46.0625,0.369952837980303 - 0.307424539437758i
3.1,46.125,0.36344929421135 - 0.327005401132749i
3.1,46.1875,0.355632989543791 - 0.346686859274633i
3.1,46.25,0.346498797134831 - 0.366366010632997i
3.1,46.3125,0.336030193427288 - 0.385945048541929i
3.1,46.375,0.324223093983277 - 0.405318310569185i
3.1,46.4375,0.311083520968275 - 0.424382508160901i
3.1,46.5,0.296625527558063 - 0.443036642621562i
3.1,46.5625,0.280870700351748 - 0.461182206647339i
3.1,46.625,0.263847774115155 - 0.478723560297638i
3.1,46.6875,0.245592244779205 - 0.49556832001933i
3.1,46.75,0.226145975360998 - 0.511627724960818i
3.1,46.8125,0.205556796654323 - 0.526816973295472i
3.1,46.875,0.183878104004218 - 0.541055527894017i
3.1,46.9375,0.161168450801215 - 0.554267392160855i
3.1,47,0.137491138995921 - 0.566381356965626i
3.1,47.0625,0.112913806852262 - 0.57733121935292i
3.1,47.125,0.0875080142361694 - 0.587055973400987i
3.1,47.1875,0.0613488259158574 - 0.595499973326494i
3.1,47.25,0.0345143935882343 - 0.602613068733321i
3.1,47.3125,0.00708553761353698 - 0.608350711790106i
3.1,47.375,-0.0208546702877346 - 0.612674036093947i
3.1,47.4375,-0.0492213218638619 - 0.615549907030723i
3.1,47.5,-0.077928082947335 - 0.616950943567111i
3.1,47.5625,-0.106887597930086 - 0.616855511594731i
3.1,47.625,-0.136011886033774 - 0.615247689181371i
3.1,47.6875,-0.165212727224786 - 0.612117204355411i
3.1,47.75,-0.194402035592018 - 0.607459346345274i
3.1,47.8125,-0.223492218026363 - 0.601274851503708i
3.1,47.875,-0.252396516111518 - 0.59356976545547i
3.1,47.9375,-0.281029329253275 - 0.584355283305428i
3.1,48,-0.309306517236996 - 0.573647570022241i
3.1,48.0625,-0.337145680609238 - 0.561467563361652i
3.1,48.125,-0.364466417530355 - 0.547840761905144i
3.1,48.1875,-0.391190556039833 - 0.532797000958052i
3.1,48.25,-0.417242361014014 - 0.516370219170844i
3.1,48.3125,-0.442548715470635 - 0.498598218814304i
3.1,48.375,-0.46703927627718 - 0.479522422650456i
3.1,48.4375,-0.490646604735358 - 0.459187630294996i
3.1,48.5,-0.513306272925772 - 0.437641776863037i
3.1,48.5625,-0.534956947087413 - 0.414935696530574i
3.1,48.625,-0.555540449661326 - 0.391122893433134i
3.1,48.6875,-0.575001801935357 - 0.366259322067381i
3.1,48.75,-0.593289249481756 - 0.340403179068894i
3.1,48.8125,-0.610354272779712 - 0.313614707918624i
3.1,48.875,-0.626151585562798 - 0.285956017790233i
3.1,48.9375,-0.640639123530434 - 0.257490917397639i
3.1,49,-0.65377802611717 - 0.228284764342863i
3.1,49.0625,-0.665532614027612 - 0.198404330102707i
3.1,49.125,-0.675870365220813 - 0.167917680432716i
3.1,49.1875,-0.684761891967533 - 0.13689407061039i
3.1,49.25,-0.692180921507452 - 0.105403854589271i
3.1,49.3125,-0.69810428270093 - 0.0735184067934562i
3.1,49.375,-0.702511900900741 - 0.0413100549508159i
3.1,49.4375,-0.705386803062396 - 0.00885202204527806i
3.1,49.5,-0.706715134866467 + 0.0237816248323455i
3.1,49.5625,-0.706486191342008 + 0.0565160212361877i
3.1,49.625,-0.704692462156199 + 0.0892755504768439i
3.1,49.6875,-0.701329692371654 + 0.12198389007602i
3.1,49.75,-0.696396959069608 + 0.154564062738973i
3.1,49.8125,-0.689896763795374 + 0.186938495169838i
3.1,49.875,-0.681835140303748 + 0.219029088156878i
3.1,49.9375,-0.672221776569149 + 0.250757301401419i
3.1,50,-0.661070149482259 + 0.28204425654716i
3.2,25,0.616491671525403 - 0.710200723355028i
3.2,25.0625,0.586455279048368 - 0.73626376025877i
3.2,25.125,0.5552445818197 - 0.760881820313108i
3.2,25.1875,0.522955362967179 - 0.784009840182363i
3.2,25.25,0.489681902487938 - 0.80561150553386i
3.2,25.3125,0.45551611580907 - 0.825658259358045i
3.2,25.375,0.420546945655121 - 0.84412826523353i
3.2,25.4375,0.384859990012341 - 0.86100537935307i
3.2,25.5,0.348537339524429 - 0.876278175358304i
3.2,25.5625,0.31165759165885 - 0.889939055371677i
3.2,25.625,0.27429600615191 - 0.90198347004087i
3.2,25.6875,0.2365247660744 - 0.912409260661814i
3.2,25.75,0.198413310757673 - 0.921216128006375i
3.2,25.8125,0.160028710168089 - 0.92840522560485i
3.2,25.875,0.121436054549 - 0.933978869986584i
3.2,25.9375,0.0826988377829596 - 0.93794035668831i
3.2,26,0.0438793175849988 - 0.940293868530704i
3.2,26.0625,0.00503884004623295 - 0.94104446152048i
3.2,26.125,-0.0337618799730649 - 0.940198113522644i
3.2,26.1875,-0.0724625276506453 - 0.937761821336796i
3.2,26.25,-0.111003008375145 - 0.933743732796791i
3.2,26.3125,-0.149323319125426 - 0.928153301818811i
3.2,26.375,-0.187363469095519 - 0.921001455806477i
3.2,26.4375,-0.225063446271049 - 0.912300766372488i
3.2,26.5,-0.262363225734876 - 0.902065615872667i
3.2,26.5625,-0.299202814892216 - 0.890312353713086i
3.2,26.625,-0.335522330496871 - 0.877059437746802i
3.2,26.6875,-0.371262102273326 - 0.862327557302082i
3.2,26.75,-0.406362798015768 - 0.846139735468355i
3.2,26.8125,-0.4407655652603 - 0.828521409208232i
3.2,26.875,-0.474412184936804 - 0.809500486667127i
3.2,26.9375,-0.507245232781229 - 0.789107381724373i
3.2,27,-0.539208244704791 - 0.767375026380708i
3.2,27.0625,-0.570245882754033 - 0.744338862017701i
3.2,27.125,-0.60030409874034 - 0.720036810906134i
3.2,27.1875,-0.629330293057647 - 0.694509229593731i
3.2,27.25,-0.657273466633601 - 0.667798845978517i
3.2,27.3125,-0.684084364365971 - 0.639950681982562i
3.2,27.375,-0.709715608777435 - 0.611011963791122i
3.2,27.4375,-0.734121822974761 - 0.581032021622954i
3.2,27.5,-0.757259742320215 - 0.550062180956784i
3.2,27.5625,-0.779088314512895 - 0.518155647063371i
3.2,27.625,-0.799568788034394 - 0.485367384589544i
3.2,27.6875,-0.818664789137325 - 0.451753993815142i
3.2,27.75,-0.836342387747006 - 0.417373585061871i
3.2,27.8125,-0.852570152807076 - 0.382285652579242i
3.2,27.875,-0.867319197730372 - 0.346550949071072i
3.2,27.9375,-0.880563216718505 - 0.310231361860599i
3.2,28,-0.892278512789058 - 0.273389791526042i
3.2,28.0625,-0.902444018400181 - 0.236090033674344i
3.2,28.125,-0.911041309590514 - 0.198396664361364i
3.2,28.1875,-0.918054614559935 - 0.160374929513799i
3.2,28.25,-0.923470817605736 - 0.12209063856348i
3.2,28.3125,-0.927279459301606 - 0.0836100623691582i
3.2,28.375,-0.929472733765001 - 0.044999835376724i
3.2,28.4375,-0.930045483804494 - 0.00632686185501703i
3.2,28.5,-0.928995194673992 + 0.0323417740568472i
3.2,28.5625,-0.926321987087254 + 0.0709388948440635i
3.2,28.625,-0.922028610065535 + 0.109397313083092i
3.2,28.6875,-0.916120434104957 + 0.147649912376017i
3.2,28.75,-0.908605445059706 + 0.185629726299704i
3.2,28.8125,-0.899494239043817 + 0.223270015957544i
3.2,28.875,-0.888800018559179 + 0.260504346750064i
3.2,28.9375,-0.876538589961612 + 0.29726666499772i
3.2,29,-0.862728362281477 + 0.333491375055238i
3.2,29.0625,-0.847390347321116 + 0.369113417551939i
3.2,29.125,-0.830548160859412 + 0.404068349377425i
3.2,29.1875,-0.812228024704612 + 0.438292426006949i
3.2,29.25,-0.792458769251191 + 0.471722686726034i
3.2,29.3125,-0.771271836115426 + 0.504297043270426i
3.2,29.375,-0.74870128034848 + 0.535954372344927i
3.2,29.4375,-0.724783771655652 + 0.566634612424172i
3.2,29.5,-0.699558593986746 + 0.596278865170216i
3.2,29.5625,-0.673067642806074 + 0.624829501726244i
3.2,29.625,-0.645355419301872 + 0.652230274063722i
3.2,29.6875,-0.616469020754759 + 0.678426431472226i
3.2,29.75,-0.586458126253748 + 0.703364842187851i
3.2,29.8125,-0.555374976927292 + 0.726994120058002i
3.2,29.875,-0.523274349845635 + 0.749264756039059i
3.2,29.9375,-0.490213524751284 + 0.770129254218666i
3.2,30,-0.456252242785785 + 0.789542271948474i
3.2,30.0625,-0.421452656404605 + 0.807460763566411i
3.2,30.125,-0.385879269707807 + 0.823844127081425i
3.2,30.1875,-0.349598868462587 + 0.838654353089486i
3.2,30.25,-0.312680439154644 + 0.851856175088969i
3.2,30.3125,-0.275195076478993 + 0.863417220267506i
3.2,30.375,-0.237215878766739 + 0.87330815974293i
3.2,30.4375,-0.198817830942076 + 0.881502857159378i
3.2,30.5,-0.16007767471296 + 0.887978514467594i
3.2,30.5625,-0.121073765818489 + 0.892715813657558i
3.2,30.625,-0.0818859182848424 + 0.895699053163358i
3.2,30.6875,-0.0425952357787743 + 0.896916277625982i
3.2,30.75,-0.00328393029101984 + 0.896359399680875i
3.2,30.8125,0.0359648714696502 + 0.894024312434772i
3.2,30.875,0.0750673334399368 + 0.889910991311409i
3.2,30.9375,0.113939126639583 + 0.884023583978974i
3.2,31,0.152495655849319 + 0.876370487123933i
3.2,31.0625,0.190652295549409 + 0.866964408906401i
3.2,31.125,0.228324633999432 + 0.855822416021184i
3.2,31.1875,0.265428724209303 + 0.842965964395525i
3.2,31.25,0.301881340432296 + 0.828420912678552i
3.2,31.3125,0.337600238705645 + 0.812217517817025i
3.2,31.375,0.372504419874764 + 0.794390412165906i
3.2,31.4375,0.40651439346629 + 0.774978561748007i
3.2,31.5,0.439552440723491 + 0.754025205453025i
3.2,31.5625,0.471542875087899 + 0.731577775149181i
3.2,31.625,0.502412298403401 + 0.707687796868506i
3.2,31.6875,0.532089851134908 + 0.682410773415894i
3.2,31.75,0.560507454932875 + 0.655806048939822i
3.2,31.8125,0.587600045937738 + 0.627936656185658i
3.2,31.875,0.613305797303918 + 0.598869147327601i
3.2,31.9375,0.637566329530387 + 0.568673409439762i
3.2,32,0.660326907312678 + 0.537422465817454i
3.2,32.0625,0.681536621777672 + 0.505192264493825i
3.2,32.125,0.701148557125242 + 0.472061455412248i
3.2,32.1875,0.71911994087751 + 0.438111157809137i
3.2,32.25,0.735412277124264 + 0.403424719433138i
3.2,32.3125,0.749991462348788 + 0.368087469274189i
3.2,32.375,0.762827883619115 + 0.332186465498073i
3.2,32.4375,0.773896499132156 + 0.295810240278813i
3.2,32.5,0.783176901298892 + 0.259048543192439i
3.2,32.5625,0.790653362755007 + 0.221992084781225i
3.2,32.625,0.796314865869504 + 0.18473228181881i
3.2,32.6875,0.800155116501248 + 0.14736100570419i
3.2,32.75,0.802172542917237 + 0.109970335288106i
3.2,32.8125,0.802370280934117 + 0.0726523152905569i
3.2,32.875,0.800756146473812 + 0.0354987213047409i
3.2,32.9375,0.797342596833059 - 0.00139916779685167i
3.2,33,0.792146682053388 - 0.0379507894326689i
3.2,33.0625,0.785189987841175 - 0.074066508442415i
3.2,33.125,0.776498571525439 - 0.109657819576685i
3.2,33.1875,0.766102892553057 - 0.144637541367232i
3.2,33.25,0.75403773900614 - 0.178920001625878i
3.2,33.3125,0.740342151583455 - 0.212421215049312i
3.2,33.375,0.72505934641656 - 0.245059053635741i
3.2,33.4375,0.708236637990803 - 0.276753410845691i
3.2,33.5,0.68992536331095 - 0.307426360660634i
3.2,33.5625,0.670180808290288 - 0.337002312906652i
3.2,33.625,0.649062137149551 - 0.365408166413834i
3.2,33.6875,0.626632325387385 - 0.392573461772175i
3.2,33.75,0.602958096626094 - 0.418430535618195i
3.2,33.8125,0.578109863344177 - 0.442914678539639i
3.2,33.875,0.552161671179761 - 0.465964298813937i
3.2,33.9375,0.525191146125495 - 0.487521094294557i
3.2,34,0.497279443535179 - 0.507530234822099i
3.2,34.0625,0.468511197425249 - 0.52594055755691i
3.2,34.125,0.438974468080607 - 0.542704777599163i
3.2,34.1875,0.408760685465667 - 0.557779716171582i
3.2,34.25,0.377964585400682 - 0.571126548478678i
3.2,34.3125,0.346684134895065 - 0.582711073112979i
3.2,34.375,0.315020442440184 - 0.592504004540372i
3.2,34.4375,0.283077648463913 - 0.60048128974963i
3.2,34.5,0.250962790551362 - 0.606624449581193i
3.2,34.5625,0.218785637457325 - 0.61092094454317i
3.2,34.625,0.186658485399303 - 0.613364564064639i
3.2,34.6875,0.1546959096517 - 0.613955837116135i
3.2,34.75,0.123014464095915 - 0.612702460936099i
3.2,34.8125,0.0917323211566001 - 0.60961974323601i
3.2,34.875,0.0609688445165329 - 0.604731051718903i
3.2,34.9375,0.030844087202005 - 0.598068263047338i
3.2,35,0.00147820812259587 - 0.589672201560626i
3.2,35.0625,-0.0270091990088521 - 0.579593056103704i
3.2,35.125,-0.0544998692010294 - 0.56789076134424i
3.2,35.1875,-0.0808777252683232 - 0.554635327991534i
3.2,35.25,-0.106029833372891 - 0.539907104481353i
3.2,35.3125,-0.129847453170857 - 0.523796951066147i
3.2,35.375,-0.152227177410655 - 0.506406305980887i
3.2,35.4375,-0.173072152006997 - 0.487847122587583i
3.2,35.5,-0.192293363317514 - 0.46824165629478i
3.2,35.5625,-0.209810974678599 - 0.447722080763081i
3.2,35.625,-0.225555689357933 - 0.426429914597804i
3.2,35.6875,-0.239470112150173 - 0.404515242527784i
3.2,35.75,-0.251510077126038 - 0.382135719070774i
3.2,35.8125,-0.261645904834916 - 0.35945534793252i
3.2,35.875,-0.269863548881725 - 0.336643036848876i
3.2,35.9375,-0.276165589590773 - 0.313870935142887i
3.2,36,-0.280572031765835 - 0.29131256971899i
3.2,36.0625,-0.283120864653687 - 0.269140804240674i
3.2,36.125,-0.28386834534711 - 0.247525655425857i
3.2,36.1875,-0.282888972152413 - 0.226632009253172i
3.2,36.25,-0.280275121896143 - 0.206617287854595i
3.2,36.3125,-0.276136334606108 - 0.187629124407529i
3.2,36.375,-0.270598240161964 - 0.169803107890241i
3.2,36.4375,-0.263801133902321 - 0.15326066166107i
3.2,36.5,-0.255898221193465 - 0.138107119119809i
3.2,36.5625,-0.247053563903755 - 0.124430056031307i
3.2,36.625,-0.237439773832077 - 0.112297932455957i
3.2,36.6875,-0.227235508663267 - 0.101759087868871i
3.2,36.75,-0.216622834297402 - 0.0928411213934965i
3.2,36.8125,-0.205784522886844 - 0.0855506757375045i
3.2,36.875,-0.194901358262479 - 0.0798736291417221i
3.2,36.9375,-0.184149519502352 - 0.075775685250581i
3.2,37,-0.173698109283686 - 0.0732033371028729i
3.2,37.0625,-0.163706886671395 - 0.0720851691780795i
3.2,37.125,-0.154324254627238 - 0.0723334512467537i
3.2,37.1875,-0.145685541405127 - 0.0738459701242028i
3.2,37.25,-0.137911602841017 - 0.0765080405799063i
3.2,37.3125,-0.131107760078502 - 0.0801946346720245i
3.2,37.375,-0.125363075181614 - 0.0847725695273977i
3.2,37.4375,-0.120749955972218 - 0.0901026967803497i
3.2,37.5,-0.117324071764211 - 0.0960420421034593i
3.2,37.5625,-0.11512455377838 - 0.102445850018127i
3.2,37.625,-0.114174448088537 - 0.109169496939208i
3.2,37.6875,-0.11448138500826 - 0.116070243674101i
3.2,37.75,-0.116038426792977 - 0.123008806895711i
3.2,37.8125,-0.118825055222245 - 0.129850737044109i
3.2,37.875,-0.122808261792373 - 0.136467597371858i
3.2,37.9375,-0.127943705601392 - 0.142737945211649i
3.2,38,-0.134176907245482 - 0.148548121878497i
3.2,38.0625,-0.141444450875369 - 0.153792861867697i
3.2,38.125,-0.14967517071544 - 0.158375735185925i
3.2,38.1875,-0.158791302595695 - 0.162209438819848i
3.2,38.25,-0.16870958519776 - 0.16521595460498i
3.2,38.3125,-0.179342299625046 - 0.167326591230645i
3.2,38.375,-0.19059823947017 - 0.168481927939106i
3.2,38.4375,-0.20238360670413 - 0.168631676783327i
3.2,38.5,-0.214602831418594 - 0.167734479226919i
3.2,38.5625,-0.227159315708414 - 0.165757651518581i
3.2,38.625,-0.239956103800358 - 0.162676891753501i
3.2,38.6875,-0.252896481944545 - 0.158475959931629i
3.2,38.75,-0.265884512625859 - 0.153146340706448i
3.2,38.8125,-0.278825508367162 - 0.146686896941788i
3.2,38.875,-0.291626450830527 - 0.13910352069777i
3.2,38.9375,-0.304196361121745 - 0.130408786877586i
3.2,39,-0.316446627210157 - 0.120621613501649i
3.2,39.0625,-0.328291294229077 - 0.109766931443358i
3.2,39.125,-0.339647323156789 - 0.0978753654638144i
3.2,39.1875,-0.350434823024217 - 0.0849829275185031i
3.2,39.25,-0.360577261378544 - 0.0711307225716565i
3.2,39.3125,-0.370001657273452 - 0.0563646665349987i
3.2,39.375,-0.378638760573505 - 0.0407352154379107i
3.2,39.4375,-0.386423220866096 - 0.0242971045250884i
3.2,39.5,-0.393293748780189 - 0.00710909565576015i
3.2,39.5625,-0.399193272024672 + 0.0107662688645071i
3.2,39.625,-0.404069087986525 + 0.0292629080615542i
3.2,39.6875,-0.407873014274704 + 0.0483114418338085i
3.2,39.75,-0.410561538162161 + 0.0678394304685628i
3.2,39.8125,-0.412095965468253 + 0.0877716163557713i
3.2,39.875,-0.412442569037668 + 0.108030170091208i
3.2,39.9375,-0.411572736610888 + 0.128534943094373i
3.2,40,-0.409463117545291 + 0.149203728768554i
3.2,40.0625,-0.406095767535239 + 0.169952534105182i
3.2,40.125,-0.401458290193947 + 0.190695863485466i
3.2,40.1875,-0.395543974099016 + 0.21134701626258i
3.2,40.25,-0.388351923667126 + 0.231818399520372i
3.2,40.3125,-0.379887182010678 + 0.252021857202357i
3.2,40.375,-0.370160843739726 + 0.271869016590068i
3.2,40.4375,-0.359190155505113 + 0.291271652885525i
3.2,40.5,-0.346998601932433 + 0.310142072420144i
3.2,40.5625,-0.333615974469507 + 0.328393514774559i
3.2,40.625,-0.319078420560838 + 0.34594057385187i
3.2,40.6875,-0.303428470468461 + 0.362699637702345i
3.2,40.75,-0.286715038977374 + 0.378589346651202i
3.2,40.8125,-0.268993399151668 + 0.393531069033507i
3.2,40.875,-0.250325125241782 + 0.407449393589959i
3.2,40.9375,-0.230778001779415 + 0.420272637323661i
3.2,41,-0.210425895831345 + 0.431933367357127i
3.2,41.0625,-0.18934858931248 + 0.442368935056706i
3.2,41.125,-0.167631568178644 + 0.451522020401997i
3.2,41.1875,-0.145365765228378 + 0.459341184262376i
3.2,41.25,-0.122647253139058 + 0.465781425891402i
3.2,41.3125,-0.0995768842465297 + 0.470804742549906i
3.2,41.375,-0.0762598734528415 + 0.474380687705429i
3.2,41.4375,-0.0528053205203063 + 0.476486923712529i
3.2,41.5,-0.0293256678937617 + 0.47710976423684i
3.2,41.5625,-0.00593609010395009 + 0.476244700926079i
3.2,41.625,0.0172461892322888 + 0.473896907933663i
3.2,41.6875,0.0401026567523504 + 0.470081716846757i
3.2,41.75,0.062514348792695 + 0.464825053344778i
3.2,41.8125,0.0843627743502848 + 0.458163825507101i
3.2,41.875,0.105530924378896 + 0.450146252098447i
3.2,41.9375,0.125904369328254 + 0.440832117399237i
3.2,42,0.145372445522674 + 0.430292937245017i
3.2,42.0625,0.163829529170994 + 0.418612018945921i
3.2,42.125,0.18117639440426 + 0.405884395755229i
3.2,42.1875,0.197321648657007 + 0.392216614660908i
3.2,42.25,0.212183234858133 + 0.377726354642212i
3.2,42.3125,0.225689985216279 + 0.362541851365916i
3.2,42.375,0.237783205849097 + 0.346801103840794i
3.2,42.4375,0.248418265147444 + 0.330650839096066i
3.2,42.5,0.257566151694513 + 0.314245212826254i
3.2,42.5625,0.265214959984591 + 0.297744227497881i
3.2,42.625,0.271371254435696 + 0.281311854983808i
3.2,42.6875,0.276061254730857 + 0.265113858678064i
3.2,42.75,0.279331778964108 + 0.24931532045958i
3.2,42.8125,0.281250876157163 + 0.234077890885011i
3.2,42.875,0.281908077309073 + 0.219556796461375i
3.2,42.9375,0.281414195161372 + 0.205897655375014i
3.2,43,0.279900608201964 + 0.193233171914991i
3.2,43.0625,0.277517974861971 + 0.181679798962308i
3.2,43.125,0.274434339894582 + 0.171334475920985i
3.2,43.1875,0.27083261668234 + 0.162271564661905i
3.2,43.25,0.266907456293161 + 0.154540116587096i
3.2,43.3125,0.262861545466367 + 0.148161607956547i
3.2,43.375,0.258901409668099 + 0.143128276533762i
3.2,43.4375,0.255232831604171 + 0.139402179256626i
3.2,43.5,0.252056027341097 + 0.136915067602068i
3.2,43.5625,0.249560748460754 + 0.135569145074418i
3.2,43.625,0.247921496563319 + 0.135238731311082i
3.2,43.6875,0.247293043515918 + 0.135772812155026i
3.2,43.75,0.247806445538128 + 0.136998407993135i
3.2,43.8125,0.249565721063061 + 0.138724647498974i
3.2,43.875,0.252645332136936 + 0.140747394516614i
3.2,43.9375,0.257088569006205 + 0.142854245652599i
3.2,44,0.262906890638069 + 0.144829697846346i
3.2,44.0625,0.270080224081794 + 0.146460280238467i
3.2,44.125,0.278558176904997 + 0.147539453184247i
3.2,44.1875,0.288262073288732 + 0.147872098073187i
3.2,44.25,0.299087688916127 + 0.147278452394197i
3.2,44.3125,0.310908534720501 + 0.145597382118327i
3.2,44.375,0.323579525888437 + 0.142688924470938i
3.2,44.4375,0.336940870104293 + 0.13843607509643i
3.2,44.5,0.350822016737222 + 0.132745831460083i
3.2,44.5625,0.365045524628228 + 0.125549536742368i
3.2,44.625,0.379430728017748 + 0.1168025939393i
3.2,44.6875,0.393797105521916 + 0.106483637702886i
3.2,44.75,0.407967283616155 + 0.0945932617049053i
3.2,44.8125,0.421769631850717 + 0.0811524026511351i
3.2,44.875,0.43504043048874 + 0.0662004795888212i
3.2,44.9375,0.447625611399386 + 0.0497933801379352i
3.2,45,0.459382089303842 + 0.03200137509173i
3.2,45.0625,0.470178712713984 + 0.0129070307535308i
3.2,45.125,0.479896872294393 - 0.00739682448186731i
3.2,45.1875,0.488430809312671 - 0.0288090355333595i
3.2,45.25,0.4956876688483 - 0.0512219262086955i
3.2,45.3125,0.501587342089785 - 0.0745229538495596i
3.2,45.375,0.50606213994366 - 0.0985962011722031i
3.2,45.4375,0.509056336842219 - 0.123323701066993i
3.2,45.5,0.510525619534756 - 0.148586596192693i
3.2,45.5625,0.51043647116274 - 0.174266139814205i
3.2,45.625,0.508765516352804 - 0.200244547644425i
3.2,45.6875,0.505498848633878 - 0.226405712646124i
3.2,45.75,0.500631357349363 - 0.252635796019783i
3.2,45.8125,0.494166067486817 - 0.278823708133125i
3.2,45.875,0.486113502536044 - 0.304861493106145i
3.2,45.9375,0.476491077626415 - 0.330644630300616i
3.2,46,0.465322527775742 - 0.356072265200839i
3.2,46.0625,0.452637374079126 - 0.381047381216153i
3.2,46.125,0.438470429040126 - 0.40547692286773i
3.2,46.1875,0.422861340955714 - 0.4292718797061i
3.2,46.25,0.405854176267638 - 0.452347339188728i
3.2,46.3125,0.387497038042918 - 0.474622515663202i
3.2,46.375,0.367841718205702 - 0.496020761573823i
3.2,46.4375,0.346943380775401 - 0.516469566052397i
3.2,46.5,0.324860273140023 - 0.535900545175421i
3.2,46.5625,0.301653462281224 - 0.554249427373005i
3.2,46.625,0.277386592845635 - 0.571456036758902i
3.2,46.6875,0.252125664005472 - 0.587464276513491i
3.2,46.75,0.22593882215459 - 0.602222113887932i
3.2,46.8125,0.198896166630501 - 0.615681567902968i
3.2,46.875,0.17106956582819 - 0.627798700384378i
3.2,46.9375,0.14253248126922 - 0.638533610603646i
3.2,47,0.113359797403193 - 0.64785043347152i
3.2,47.0625,0.0836276551429214 - 0.655717340959185i
3.2,47.125,0.0534132873654733 - 0.662106546192323i
3.2,47.1875,0.0227948548458356 - 0.666994309473523i
3.2,47.25,-0.00814871867495352 - 0.670360945335144i
3.2,47.3125,-0.0393379133508861 - 0.672190829604731i
3.2,47.375,-0.0706927828537116 - 0.672472405376187i
3.2,47.4375,-0.102133127362762 - 0.671198186719969i
3.2,47.5,-0.133578670306312 - 0.668364758932651i
3.2,47.5625,-0.164949239025123 - 0.663972774118877i
3.2,47.625,-0.196164949323967 - 0.658026940915396i
3.2,47.6875,-0.227146393682008 - 0.650536007206161i
3.2,47.75,-0.257814832709918 - 0.641512734738057i
3.2,47.8125,-0.288092389271598 - 0.630973864627107i
3.2,47.875,-0.317902244533212 - 0.618940072843682i
3.2,47.9375,-0.347168835063024 - 0.6054359148804i
3.2,48,-0.375818049984198 - 0.59048975893639i
3.2,48.0625,-0.403777427079937 - 0.574133707094405i
3.2,48.125,-0.430976346667919 - 0.55640350412063i
3.2,48.1875,-0.457346221999404 - 0.537338433678739i
3.2,48.25,-0.482820684898762 - 0.516981201917229i
3.2,48.3125,-0.507335765341625 - 0.495377808559791i
3.2,48.375,-0.530830063675063 - 0.47257740579959i
3.2,48.4375,-0.55324491421038 - 0.448632145467308i
3.2,48.5,-0.574524538968395 - 0.423597015106745i
3.2,48.5625,-0.594616190427188 - 0.397529663748068i
3.2,48.625,-0.613470282212327 - 0.370490218314761i
3.2,48.6875,-0.631040506777812 - 0.342541091733779i
3.2,48.75,-0.647283939250743 - 0.313746783936837i
3.2,48.8125,-0.662161126751815 - 0.284173677042547i
3.2,48.875,-0.675636162654894 - 0.253889826092303i
3.2,48.9375,-0.687676745409519 - 0.222964746776439i
3.2,49,-0.69825422171761 - 0.191469201630059i
3.2,49.0625,-0.707343614027255 - 0.159474986199547i
3.2,49.125,-0.714923632479193 - 0.127054716681133i
3.2,49.1875,-0.720976671613106 - 0.0942816205119695i
3.2,49.25,-0.725488792308202 - 0.0612293313526236i
3.2,49.3125,-0.728449689593462 - 0.0279716898387333i
3.2,49.375,-0.729852647114995 + 0.00541744860014159i
3.2,49.4375,-0.729694479189238 + 0.0388643976532623i
3.2,49.5,-0.727975461499358 + 0.0722958146837856i
3.2,49.5625,-0.724699251606779 + 0.10563886496257i
3.2,49.625,-0.719872800549099 + 0.138821374754128i
3.2,49.6875,-0.713506256878779 + 0.171771972574793i
3.2,49.75,-0.705612864563566 + 0.204420218097026i
3.2,49.8125,-0.696208856219026 + 0.23669671833362i
3.2,49.875,-0.685313343176228 + 0.268533230898348i
3.2,49.9375,-0.672948203903321 + 0.299862754304761i
3.2,50,-0.659137972299254 + 0.330619605429931i
3.3,25,0.610976826009835 - 0.71500917498458i
3.3,25.0625,0.58062173563037 - 0.739916072057578i
3.3,25.125,0.549261310364264 - 0.763518143729371i
3.3,25.1875,0.516952829982591 - 0.785775421174338i
3.3,25.25,0.483755027038609 - 0.806650500655831i
3.3,25.3125,0.449727975075921 - 0.826108582885193i
3.3,25.375,0.414932976808776 - 0.844117508349458i
3.3,25.4375,0.379432452299207 - 0.860647788677197i
3.3,25.5,0.343289827157566 - 0.875672634094545i
3.3,25.5625,0.306569420797145 - 0.889167977007931i
3.3,25.625,0.269336334780125 - 0.901112491736484i
3.3,25.6875,0.231656341300151 - 0.911487610405801i
3.3,25.75,0.193595771856243 - 0.920277535005798i
3.3,25.8125,0.155221406183291 - 0.927469245608739i
3.3,25.875,0.11660036151537 - 0.933052504739301i
3.3,25.9375,0.0777999822694084 - 0.937019857886695i
3.3,26,0.0388877302480425 - 0.939366630149208i
3.3,26.0625,-6.892452874966E-05 - 0.940090919004169i
3.3,26.125,-0.0390026122434152 - 0.939193583200884i
3.3,26.1875,-0.0778461708228854 - 0.936678227780582i
3.3,26.25,-0.116532752465819 - 0.932551185235542i
3.3,26.3125,-0.15499592901111 - 0.92682149282911i
3.3,26.375,-0.193169795998504 - 0.919500866109171i
3.3,26.4375,-0.230989075268672 - 0.91060366865933i
3.3,26.5,-0.268389215948214 - 0.900146878144587i
3.3,26.5625,-0.305306493665026 - 0.888150048721218i
3.3,26.625,-0.341678107841449 - 0.874635269893661i
3.3,26.6875,-0.377442276916018 - 0.85962712191435i
3.3,26.75,-0.412538331350541 - 0.843152627835058i
3.3,26.8125,-0.446906804286006 - 0.825241202330667i
3.3,26.875,-0.480489519720114 - 0.805924597427491i
3.3,26.9375,-0.51322967808938 - 0.785236845278821i
3.3,27,-0.545071939150802 - 0.763214198139414i
3.3,27.0625,-0.575962502070978 - 0.739895065698518i
3.3,27.125,-0.605849182644787 - 0.715319949937254i
3.3,27.1875,-0.634681487580685 - 0.689531377680716i
3.3,27.25,-0.662410685805229 - 0.662573831017997i
3.3,27.3125,-0.688989876755545 - 0.634493675764241i
3.3,27.375,-0.714374055644585 - 0.605339088137848i
3.3,27.4375,-0.738520175700266 - 0.575159979822967i
3.3,27.5,-0.761387207395334 - 0.544007921582631i
3.3,27.5625,-0.782936194700329 - 0.5119360655809i
3.3,27.625,-0.803130308406434 - 0.478999066563862i
3.3,27.6875,-0.821934896578773 - 0.445253002038669i
3.3,27.75,-0.839317532213077 - 0.4107552915777i
3.3,27.8125,-0.855248058179643 - 0.375564615361114i
3.3,27.875,-0.869698629548024 - 0.33974083205581i
3.3,27.9375,-0.882643753393446 - 0.303344896112346i
3.3,28,-0.894060326191723 - 0.266438774543801i
3.3,28.0625,-0.903927668913041 - 0.229085363232032i
3.3,28.125,-0.912227559926415 - 0.191348402787703i
3.3,28.1875,-0.918944265825694 - 0.153292393970823i
3.3,28.25,-0.924064570284701 - 0.114982512658891i
3.3,28.3125,-0.927577801043335 - 0.0764845243296987i
3.3,28.375,-0.929475855118138 - 0.037864698006928i
3.3,28.4375,-0.929753222320072 + 0.000810280402566056i
3.3,28.5,-0.928407007148936 + 0.0394733954685932i
3.3,28.5625,-0.925436949118027 + 0.0780573904002075i
3.3,28.625,-0.920845441544514 + 0.116494856132063i
3.3,28.6875,-0.914637548820394 + 0.154718321469158i
3.3,28.75,-0.906821022156246 + 0.192660344436171i
3.3,28.8125,-0.897406313765144 + 0.230253604987028i
3.3,28.875,-0.886406589427446 + 0.267430999237044i
3.3,28.9375,-0.873837739348845 + 0.304125735383929i
3.3,29,-0.859718387194226 + 0.340271431484913i
3.3,29.0625,-0.844069897148985 + 0.375802215254684i
3.3,29.125,-0.826916378827586 + 0.410652826042915i
3.3,29.1875,-0.808284689816807 + 0.444758719140394i
3.3,29.25,-0.788204435608626 + 0.478056172548986i
3.3,29.3125,-0.766707966645368 + 0.510482396333048i
3.3,29.375,-0.743830372168152 + 0.541975644647761i
3.3,29.4375,-0.719609470529188 + 0.572475330513635i
3.3,29.5,-0.694085795599547 + 0.601922143375849i
3.3,29.5625,-0.6673025788773 + 0.630258169452079i
3.3,29.625,-0.639305726876826 + 0.657427014833316i
3.3,29.6875,-0.610143793359155 + 0.683373931258778i
3.3,29.75,-0.579867945946079 + 0.708045944438778i
3.3,29.8125,-0.548531926648039 + 0.731391984748274i
3.3,29.875,-0.516192005827801 + 0.753363020059545i
3.3,29.9375,-0.482906929119541 + 0.77391219042495i
3.3,30,-0.448737856826557 + 0.792994944260843i
3.3,30.0625,-0.413748295330742 + 0.810569175621951i
3.3,30.125,-0.378004020064022 + 0.826595362092289i
3.3,30.1875,-0.34157298961634 + 0.841036702755024i
3.3,30.25,-0.304525250586654 + 0.853859255640274i
3.3,30.3125,-0.266932832823537 + 0.865032073987393i
3.3,30.375,-0.228869634750015 + 0.874527340598021i
3.3,30.4375,-0.190411298523431 + 0.882320499498993i
3.3,30.5,-0.151635074845583 + 0.888390384080976i
3.3,30.5625,-0.112619677310561 + 0.892719340830847i
3.3,30.625,-0.073445126257397 + 0.895293347734147i
3.3,30.6875,-0.0341925821816166 + 0.896102126389692i
3.3,30.75,0.00505583114717596 + 0.895139246852652i
3.3,30.8125,0.0442172136156097 + 0.892402224206068i
3.3,30.875,0.0832080853953512 + 0.887892605854972i
3.3,30.9375,0.121944592814102 + 0.881616048542687i
3.3,31,0.160342722903388 + 0.873582384106429i
3.3,31.0625,0.198318525947848 + 0.863805673019489i
3.3,31.125,0.235788345251672 + 0.852304244810503i
3.3,31.1875,0.272669053231111 + 0.83910072450692i
3.3,31.25,0.30887829283929 + 0.824222044319627i
3.3,31.3125,0.344334723233053 + 0.807699439868745i
3.3,31.375,0.37895826850215 + 0.789568430346337i
3.3,31.4375,0.412670368201909 + 0.769868782119323i
3.3,31.5,0.445394228361512 + 0.748644455394768i
3.3,31.5625,0.477055071584601 + 0.725943533697972i
3.3,31.625,0.507580384817057 + 0.701818136050802i
3.3,31.6875,0.536900163330944 + 0.676324311881021i
3.3,31.75,0.564947149463942 + 0.649521918841691i
3.3,31.8125,0.591657064661586 + 0.62147448387069i
3.3,31.875,0.616968833395686 + 0.592249047971651i
3.3,31.9375,0.640824797576457 + 0.56191599534732i
3.3,32,0.663170920138461 + 0.530548867661635i
3.3,32.0625,0.683956976560982 + 0.498224164345375i
3.3,32.125,0.703136733180991 + 0.46502112999i
3.3,32.1875,0.720668111270789 + 0.431021529992587i
3.3,32.25,0.736513335981118 + 0.39630941571941i
3.3,32.3125,0.750639069392431 + 0.360970880545148i
3.3,32.375,0.763016527070273 + 0.325093808196443i
3.3,32.4375,0.773621577683161 + 0.288767614881568i
3.3,32.5,0.782434825410495 + 0.252082986720814i
3.3,32.5625,0.789441675041639 + 0.215131614003707i
3.3,32.625,0.794632379842366 + 0.178005923789046i
3.3,32.6875,0.798002072438989 + 0.140798812331329i
3.3,32.75,0.799550779140757 + 0.103603378762476i
3.3,32.8125,0.799283418284752 + 0.0665126613813939i
3.3,32.875,0.797209783341987 + 0.0296193778061688i
3.3,32.9375,0.793344511665934 - 0.00698432987441822i
3.3,33,0.787707039892934 - 0.0432071439504369i
3.3,33.0625,0.780321547115362 - 0.0789588130967725i
3.3,33.125,0.77121688704093 - 0.114150386861788i
3.3,33.1875,0.760426510422955 - 0.148694442150157i
3.3,33.25,0.747988379094903 - 0.182505301408644i
3.3,33.3125,0.733944872966278 - 0.215499242431205i
3.3,33.375,0.718342691334219 - 0.247594699914866i
3.3,33.4375,0.701232749834554 - 0.278712459118504i
3.3,33.5,0.682670074295842 - 0.30877584220012i
3.3,33.5625,0.66271369266896 - 0.337710888031653i
3.3,33.625,0.641426526081263 - 0.365446526511176i
3.3,33.6875,0.618875279907161 - 0.391914748607228i
3.3,33.75,0.595130335554503 - 0.41705077357536i
3.3,33.8125,0.570265643436949 - 0.4407932149794i
3.3,33.875,0.544358617335236 - 0.46308424732442i
3.3,33.9375,0.517490030043483 - 0.483869775260563i
3.3,34,0.489743909849052 - 0.50309960744056i
3.3,34.0625,0.461207437005387 - 0.520727637202453i
3.3,34.125,0.431970838925798 - 0.536712032294942i
3.3,34.1875,0.40212728235291 - 0.551015435856982i
3.3,34.25,0.371772760244513 - 0.5636051807954i
3.3,34.3125,0.341005970564537 - 0.574453519562709i
3.3,34.375,0.309928183582463 - 0.583537871108843i
3.3,34.4375,0.278643093672635 - 0.59084108645055i
3.3,34.5,0.247256650977112 - 0.596351733854989i
3.3,34.5625,0.215876867665581 - 0.600064404053018i
3.3,34.625,0.184613592913015 - 0.601980035165786i
3.3,34.6875,0.153578250143999 - 0.60210625612922i
3.3,34.75,0.122883529593216 - 0.6004577463202i
3.3,34.8125,0.0926430288423935 - 0.597056607814032i
3.3,34.875,0.0629708337604958 - 0.591932745229302i
3.3,34.9375,0.0339810322494942 - 0.58512424644436i
3.3,35,0.00578715344314087 - 0.576677755611568i
3.3,35.0625,-0.0214984744123027 - 0.566648827876197i
3.3,35.125,-0.0477654531779745 - 0.555102253069003i
3.3,35.1875,-0.0729061354581989 - 0.542112333447902i
3.3,35.25,-0.0968165389539419 - 0.52776309840139i
3.3,35.3125,-0.119397354218638 - 0.512148437006963i
3.3,35.375,-0.140555042240907 - 0.49537212760185i
3.3,35.4375,-0.160203014363679 - 0.477547742236738i
3.3,35.5,-0.178262882504898 - 0.458798403235062i
3.3,35.5625,-0.194665762545547 - 0.439256369275211i
3.3,35.625,-0.209353608229062 - 0.419062429660057i
3.3,35.6875,-0.222280547171673 - 0.398365087935671i
3.3,35.75,-0.233414184886581 - 0.377319519936592i
3.3,35.8125,-0.242736837416652 - 0.35608629678162i
3.3,35.875,-0.250246648652274 - 0.334829870355105i
3.3,35.9375,-0.255958545128378 - 0.31371682731187i
3.3,36,-0.259904979508244 - 0.292913927439334i
3.3,36.0625,-0.262136414510712 - 0.272585952955595i
3.3,36.125,-0.262721502094136 - 0.252893406528619i
3.3,36.1875,-0.261746918529954 - 0.233990106844992i
3.3,36.25,-0.259316824670822 - 0.216020740707363i
3.3,36.3125,-0.255551932124505 - 0.199118439108171i
3.3,36.375,-0.25058816983201 - 0.183402450729565i
3.3,36.4375,-0.244574961122181 - 0.168975989151276i
3.3,36.5,-0.237673137859734 - 0.155924329165978i
3.3,36.5625,-0.230052534830534 - 0.144313222694859i
3.3,36.625,-0.221889322930482 - 0.134187695846992i
3.3,36.6875,-0.213363152951654 - 0.125571275978766i
3.3,36.75,-0.204654191802443 - 0.118465681809725i
3.3,36.8125,-0.195940139070271 - 0.112850991645833i
3.3,36.875,-0.187393313437104 - 0.108686285666353i
3.3,36.9375,-0.179177895434317 - 0.105910739271503i
3.3,37,-0.171447405582769 - 0.104445126884994i
3.3,37.0625,-0.164342485657072 - 0.104193680459107i
3.3,37.125,-0.157989036475143 - 0.105046235122183i
3.3,37.1875,-0.152496749277727 - 0.106880586528904i
3.3,37.25,-0.147958050553507 - 0.109564980782694i
3.3,37.3125,-0.144447463195263 - 0.11296065822616i
3.3,37.375,-0.142021371142581 - 0.116924376572408i
3.3,37.4375,-0.140718160990586 - 0.121310846174022i
3.3,37.5,-0.140558703001125 - 0.125975019936524i
3.3,37.5625,-0.141547125866392 - 0.130774191644005i
3.3,37.625,-0.143671834523448 - 0.135569868445823i
3.3,37.6875,-0.146906718163663 - 0.140229395195774i
3.3,37.75,-0.151212496016582 - 0.144627319599299i
3.3,37.8125,-0.156538151088744 - 0.148646497219725i
3.3,37.875,-0.162822406317387 - 0.152178943989027i
3.3,37.9375,-0.169995203053979 - 0.155126450783795i
3.3,38,-0.177979147945395 - 0.157400979818938i
3.3,38.0625,-0.186690900706177 - 0.158924866146997i
3.3,38.125,-0.196042481619997 - 0.15963084957788i
3.3,38.1875,-0.205942483597298 - 0.15946196305384i
3.3,38.25,-0.216297179053243 - 0.158371303157238i
3.3,38.3125,-0.227011516632513 - 0.156321707229755i
3.3,38.375,-0.237990006835105 - 0.153285359767654i
3.3,38.4375,-0.24913749888125 - 0.149243348533195i
3.3,38.5,-0.260359853723662 - 0.14418518836425i
3.3,38.5625,-0.27156452002863 - 0.13810832811822i
3.3,38.625,-0.282661021278098 - 0.131017653666793i
3.3,38.6875,-0.293561362974906 - 0.122924997449571i
3.3,38.75,-0.304180369347313 - 0.113848662855827i
3.3,38.8125,-0.314435959027291 - 0.103812969670701i
3.3,38.875,-0.324249368994757 - 0.0928478250130172i
3.3,38.9375,-0.333545335702573 - 0.0809883226105136i
3.3,39,-0.342252241781642 - 0.0682743718976969i
3.3,39.0625,-0.350302236118624 - 0.054750357267876i
3.3,39.125,-0.357631334438494 - 0.0404648268451159i
3.3,39.1875,-0.364179506839764 - 0.0254702093427324i
3.3,39.25,-0.369890758043382 - 0.00982255691971089i
3.3,39.3125,-0.374713205442311 + 0.00641868858656796i
3.3,39.375,-0.378599159387289 + 0.0231909091051633i
3.3,39.4375,-0.381505209520247 + 0.0404285068583818i
3.3,39.5,-0.38339232037169 + 0.0580630876610871i
3.3,39.5625,-0.384225938870173 + 0.0760236349198758i
3.3,39.625,-0.383976115866756 + 0.0942366784593857i
3.3,39.6875,-0.382617643248903 + 0.112626462476595i
3.3,39.75,-0.380130207699193 + 0.131115117078695i
3.3,39.8125,-0.376498561635748 + 0.149622838002005i
3.3,39.875,-0.37171271134391 + 0.168068079241248i
3.3,39.9375,-0.36576812176217 + 0.186367763441576i
3.3,40,-0.358665936809046 + 0.204437515018067i
3.3,40.0625,-0.350413213520421 + 0.222191921065412i
3.3,40.125,-0.341023167597837 + 0.2395448251969i
3.3,40.1875,-0.330515427236459 + 0.256409659497102i
3.3,40.25,-0.318916291296443 + 0.272699819773774i
3.3,40.3125,-0.306258986993724 + 0.288329089234757i
3.3,40.375,-0.292583921308035 + 0.303212115574313i
3.3,40.4375,-0.277938919231006 + 0.317264946205653i
3.3,40.5,-0.262379440803603 + 0.330405625992107i
3.3,40.5625,-0.245968767621292 + 0.342554861273954i
3.3,40.625,-0.228778148125602 + 0.353636753221037i
3.3,40.6875,-0.210886889567889 + 0.363579602517802i
3.3,40.75,-0.192382383051645 + 0.372316786057466i
3.3,40.8125,-0.17336004657227 + 0.379787704632597i
3.3,40.875,-0.153923169533649 + 0.385938798504976i
3.3,40.9375,-0.134182640902279 + 0.390724625164989i
3.3,41,-0.114256542059071 + 0.394108990500552i
3.3,41.0625,-0.0942695846470352 + 0.396066120949968i
3.3,41.125,-0.0743523734381908 + 0.39658185999159i
3.3,41.1875,-0.0546404746312499 + 0.395654867532045i
3.3,41.25,-0.0352732712449154 + 0.393297795438134i
3.3,41.3125,-0.0163925896137523 + 0.389538406709129i
3.3,41.375,0.00185891533834385 + 0.384420599763756i
3.3,41.4375,0.0193396231421733 + 0.378005293254926i
3.3,41.5,0.0359110592323074 + 0.370371121050915i
3.3,41.5625,0.0514402459353722 + 0.361614881960799i
3.3,41.625,0.0658022731455771 + 0.351851684964474i
3.3,41.6875,0.0788830558521771 + 0.341214728762155i
3.3,41.75,0.090582230905692 + 0.329854655089981i
3.3,41.8125,0.100816129254748 + 0.3179384192008i
3.3,41.875,0.109520743025527 + 0.305647628902052i
3.3,41.9375,0.116654590205448 + 0.293176316189231i
3.3,42,0.122201364570755 + 0.280728123216566i
3.3,42.0625,0.126172246353882 + 0.268512907183904i
3.3,42.125,0.128607741641779 + 0.256742796327575i
3.3,42.1875,0.129578917334359 + 0.245627760681184i
3.3,42.25,0.129187905237528 + 0.235370795118149i
3.3,42.3125,0.127567564728412 + 0.226162846299812i
3.3,42.375,0.124880219030448 + 0.218177646908756i
3.3,42.4375,0.121315415282512 + 0.211566646978939i
3.3,42.5,0.117086702114132 + 0.206454250195013i
3.3,42.5625,0.112427468138674 + 0.202933569942428i
3.3,42.625,0.107585937460033 + 0.201062913513768i
3.3,42.6875,0.102819470000819 + 0.200863182098409i
3.3,42.75,0.0983883608422781 + 0.202316339186201i
3.3,42.8125,0.0945493695257039 + 0.205365052434774i
3.3,42.875,0.0915492337016142 + 0.209913556922945i
3.3,42.9375,0.0896184290098246 + 0.215829725239064i
3.3,43,0.0889654274808521 + 0.222948266964731i
3.3,43.0625,0.0897716805775752 + 0.231074921917812i
3.3,43.125,0.0921875123904639 + 0.239991462700311i
3.3,43.1875,0.0963290569839885 + 0.2494612863737i
3.3,43.25,0.102276315932042 + 0.259235354801373i
3.3,43.3125,0.110072352535145 + 0.269058239117585i
3.3,43.375,0.119723582764022 + 0.278674035100655i
3.3,43.4375,0.131201073626556 + 0.287831940790773i
3.3,43.5,0.144442720366884 + 0.296291322363634i
3.3,43.5625,0.159356146398745 + 0.303826135381798i
3.3,43.625,0.175822154621649 + 0.310228612348509i
3.3,43.6875,0.193698555128163 + 0.315312170551614i
3.3,43.75,0.21282420077868 + 0.318913533681759i
3.3,43.8125,0.233023076627503 + 0.320894094586219i
3.3,43.875,0.254108309402443 + 0.321140573545105i
3.3,43.9375,0.275885986850364 + 0.319565046166067i
3.3,44,0.298158701660211 + 0.316104427567902i
3.3,44.0625,0.320728759113922 + 0.310719505628029i
3.3,44.125,0.343401010264086 + 0.303393616682667i
3.3,44.1875,0.365985292394195 + 0.294131053327304i
3.3,44.25,0.388298475275336 + 0.282955287028716i
3.3,44.3125,0.41016612511677 + 0.269907079216913i
3.3,44.375,0.431423808199042 + 0.255042544327127i
3.3,44.4375,0.451918063240961 + 0.238431217690705i
3.3,44.5,0.471507075962542 + 0.220154170831786i
3.3,44.5625,0.490061091496267 + 0.200302207046004i
3.3,44.625,0.507462600710492 + 0.178974161397997i
3.3,44.6875,0.523606335561077 + 0.156275321630564i
3.3,44.75,0.538399106658603 + 0.132315979983964i
3.3,44.8125,0.551759513653 + 0.107210120560721i
3.3,44.875,0.563617556063651 + 0.0810742425692328i
3.3,44.9375,0.573914169033225 + 0.0540263164377336i
3.3,45,0.582600705319834 + 0.0261848672907917i
3.3,45.0625,0.589638381781835 - 0.00233182149886711i
3.3,45.125,0.594997705733319 - 0.031406393150194i
3.3,45.1875,0.598657893905894 - 0.0609229998634007i
3.3,45.25,0.600606294370803 - 0.0907677922209962i
3.3,45.3125,0.600837819663378 - 0.120829325065354i
3.3,45.375,0.599354397505665 - 0.150998889096056i
3.3,45.4375,0.596164443930093 - 0.181170777045332i
3.3,45.5,0.591282362249103 - 0.21124249279325i
3.3,45.5625,0.584728070171367 - 0.241114911215933i
3.3,45.625,0.576526556412109 - 0.270692395952361i
3.3,45.6875,0.566707467360185 - 0.299882881652571i
3.3,45.75,0.555304723726657 - 0.328597926649979i
3.3,45.8125,0.542356166587821 - 0.356752741396884i
3.3,45.875,0.527903231832052 - 0.384266197423315i
3.3,45.9375,0.5119906517074 - 0.411060821031425i
3.3,46,0.49466618193136 - 0.437062775423884i
3.3,46.0625,0.475980352652761 - 0.462201834486501i
3.3,46.125,0.455986241437539 - 0.486411351002863i
3.3,46.1875,0.43473926637587 - 0.509628221671319i
3.3,46.25,0.412296997370188 - 0.531792850920283i
3.3,46.3125,0.388718983655341 - 0.552849115175244i
3.3,46.375,0.364066595618434 - 0.572744328917354i
3.3,46.4375,0.338402879022294 - 0.591429213587291i
3.3,46.5,0.311792419789709 - 0.608857870126796i
3.3,46.5625,0.284301217572565 - 0.624987755712157i
3.3,46.625,0.255996566408987 - 0.639779665016769i
3.3,46.6875,0.226946940860537 - 0.65319771614247i
3.3,46.75,0.19722188611923 - 0.665209341180033i
3.3,46.8125,0.166891910679679 - 0.675785281196878i
3.3,46.875,0.136028380284155 - 0.684899585303954i
3.3,46.9375,0.104703411967027 - 0.692529613323019i
3.3,47,0.0729897671495068 - 0.698656041459918i
3.3,47.0625,0.0409607428652636 - 0.703262870288488i
3.3,47.125,0.00869006033145631 - 0.706337434263586i
3.3,47.1875,-0.0237482497819492 - 0.707870411910136i
3.3,47.25,-0.0562799658906418 - 0.707855835778631i
3.3,47.3125,-0.0888307982043393 - 0.706291101215962i
3.3,47.375,-0.121326515822101 - 0.703176972974516i
3.3,47.4375,-0.153693078285992 - 0.69851758867207i
3.3,47.5,-0.185856771519811 - 0.692320458120611i
3.3,47.5625,-0.217744347936974 - 0.684596457563809i
3.3,47.625,-0.24928317036295 - 0.675359817900586i
3.3,47.6875,-0.280401359283953 - 0.664628106025912i
3.3,47.75,-0.311027942807121 - 0.652422198489296i
3.3,47.8125,-0.341093008599514 - 0.63876624675595i
3.3,47.875,-0.370527856965893 - 0.623687633454543i
3.3,47.9375,-0.399265154130003 - 0.607216919107891i
3.3,48,-0.427239084702917 - 0.589387778967495i
3.3,48.0625,-0.454385502256025 - 0.570236929708302i
3.3,48.125,-0.480642076867501 - 0.549804045884491i
3.3,48.1875,-0.505948438480185 - 0.528131666198733i
3.3,48.25,-0.530246314897412 - 0.505265089793948i
3.3,48.3125,-0.553479663251515 - 0.481252262936123i
3.3,48.375,-0.575594793808731 - 0.456143656616337i
3.3,48.4375,-0.596540485023516 - 0.429992135758i
3.3,48.5,-0.61626808882522 - 0.402852820868232i
3.3,48.5625,-0.634731625209879 - 0.374782943118469i
3.3,48.625,-0.651887865319068 - 0.345841693975789i
3.3,48.6875,-0.667696402314867 - 0.316090070631399i
3.3,48.75,-0.68211970950415 - 0.285590718583686i
3.3,48.8125,-0.695123185324585 - 0.254407772828547i
3.3,48.875,-0.706675184977624 - 0.22260669918767i
3.3,48.9375,-0.716747038678047 - 0.190254137364649i
3.3,49,-0.725313056683703 - 0.157417747358248i
3.3,49.0625,-0.732350521470809 - 0.124166060880763i
3.3,49.125,-0.737839667627552 - 0.0905683394269789i
3.3,49.1875,-0.741763650250087 - 0.0566944406150652i
3.3,49.25,-0.744108502838554 - 0.0226146943748539i
3.3,49.3125,-0.744863085904971 + 0.0116002095086996i
3.3,49.375,-0.74401902771855 + 0.0458793210785032i
3.3,49.4375,-0.741570658826095 + 0.0801515158077193i
3.3,49.5,-0.737514942194959 + 0.114345564947518i
3.3,49.5625,-0.7318514010329 + 0.148390189601677i
3.3,49.625,-0.724582046542982 + 0.182214097687798i
3.3,49.6875,-0.715711308071873 + 0.215746003147462i
3.3,49.75,-0.705245968306701 + 0.248914626995776i
3.3,49.8125,-0.693195106368403 + 0.281648680057554i
3.3,49.875,-0.679570051837909 + 0.313876827525033i
3.3,49.9375,-0.664384352934436 + 0.345527635795714i
3.3,50,-0.647653762240712 + 0.376529502412935i
