scenario,lens_angle_deg,vertical_angle_deg,theta_deg,phi_deg,gain_db
Simul_-45deg,-45,0.00000000,0.00000000,0.00000000,2.55431294
Simul_-45deg,-45,0.35999998,0.35990870,0.00000000,2.57893991
Simul_-45deg,-45,0.71999997,0.72009277,0.00000000,2.60498381
Simul_-45deg,-45,1.07999992,1.07992160,0.00000000,2.63237262
Simul_-45deg,-45,1.43999994,1.43994224,0.00000000,2.66112232
Simul_-45deg,-45,1.79999995,1.80004954,0.00000000,2.69119644
Simul_-45deg,-45,2.15999985,2.16002965,0.00000000,2.76285648
Simul_-45deg,-45,2.51999998,2.52002597,0.00000000,2.88475609
Simul_-45deg,-45,2.87999988,2.87997603,0.00000000,3.00593829
Simul_-45deg,-45,3.23999977,3.24002767,0.00000000,3.12641740
Simul_-45deg,-45,3.59999990,3.59999967,0.00000000,3.24610472
Simul_-45deg,-45,3.95999956,3.95997524,0.00000000,3.36500025
Simul_-45deg,-45,4.31999969,4.32001114,0.00000000,3.52111697
Simul_-45deg,-45,4.67999983,4.67998075,0.00000000,3.67923641
Simul_-45deg,-45,5.03999996,5.03998899,0.00000000,3.83463025
Simul_-45deg,-45,5.39999962,5.40000391,0.00000000,3.98737407
Simul_-45deg,-45,5.75999975,5.76000357,0.00000000,4.13754511
Simul_-45deg,-45,6.11999989,6.12000370,0.00000000,4.28578568
Simul_-45deg,-45,6.47999954,6.47998667,0.00000000,4.43295717
Simul_-45deg,-45,6.83999968,6.83999729,0.00000000,4.57813644
Simul_-45deg,-45,7.19999981,7.19998980,0.00000000,4.72134018
Simul_-45deg,-45,7.55999947,7.56000662,0.00000000,4.86262417
Simul_-45deg,-45,7.91999912,7.92000675,0.00000000,5.00200796
Simul_-45deg,-45,8.27999973,8.28000641,0.00000000,5.12951088
Simul_-45deg,-45,8.63999939,8.63999653,0.00000000,5.25366974
Simul_-45deg,-45,9.00000000,8.99999142,0.00000000,5.37745523
Simul_-45deg,-45,9.35999966,9.36000347,0.00000000,5.50080681
Simul_-45deg,-45,9.72000027,9.72000504,0.00000000,5.62365437
Simul_-45deg,-45,10.07999992,10.07999039,0.00000000,5.73527718
Simul_-45deg,-45,10.43999863,10.43999195,0.00000000,5.81073856
Simul_-45deg,-45,10.79999924,10.80000591,0.00000000,5.88838816
Simul_-45deg,-45,11.15999889,11.15999031,0.00000000,5.96807766
Simul_-45deg,-45,11.51999950,11.51999664,0.00000000,6.04968357
Simul_-45deg,-45,11.87999916,11.88000298,0.00000000,6.13306808
Simul_-45deg,-45,12.23999977,12.24000549,0.00000000,6.16595364
Simul_-45deg,-45,12.59999943,12.60000420,0.00000000,6.17621374
Simul_-45deg,-45,12.95999908,12.95999718,0.00000000,6.19026375
Simul_-45deg,-45,13.31999969,13.31999779,0.00000000,6.20806742
Simul_-45deg,-45,13.67999935,13.68000603,0.00000000,6.22958136
Simul_-45deg,-45,14.03999901,14.04000568,0.00000000,6.24555302
Simul_-45deg,-45,14.39999962,14.39999866,0.00000000,6.19179726
Simul_-45deg,-45,14.75999832,14.75999737,0.00000000,6.14213037
Simul_-45deg,-45,15.11999893,15.12000275,0.00000000,6.09670448
Simul_-45deg,-45,15.47999954,15.48000336,0.00000000,6.05566025
Simul_-45deg,-45,15.83999825,15.84000015,0.00000000,6.01912689
Simul_-45deg,-45,16.19999886,16.19999313,0.00000000,5.94093704
Simul_-45deg,-45,16.55999947,16.56000137,0.00000000,5.82973480
Simul_-45deg,-45,16.92000008,16.91999626,0.00000000,5.72269201
Simul_-45deg,-45,17.27999878,17.27999496,0.00000000,5.62019062
Simul_-45deg,-45,17.63999939,17.64000320,0.00000000,5.52261877
Simul_-45deg,-45,18.00000000,17.99999428,0.00000000,5.43038130
Simul_-45deg,-45,18.35999870,18.36000061,0.00000000,5.25074100
Simul_-45deg,-45,18.71999931,18.71999741,0.00000000,5.07442236
Simul_-45deg,-45,19.07999992,19.08000183,0.00000000,4.90215588
Simul_-45deg,-45,19.44000053,19.43999863,0.00000000,4.73474979
Simul_-45deg,-45,19.79999924,19.79999924,0.00000000,4.57305622
Simul_-45deg,-45,20.15999985,20.15999603,0.00000000,4.37100983
Simul_-45deg,-45,20.51999855,20.51999664,0.00000000,4.11357689
Simul_-45deg,-45,20.87999725,20.88000298,0.00000000,3.85911727
Simul_-45deg,-45,21.23999786,21.24000168,0.00000000,3.60916996
Simul_-45deg,-45,21.59999847,21.59999657,0.00000000,3.36548471
Simul_-45deg,-45,21.95999908,21.95999527,0.00000000,3.13003492
Simul_-45deg,-45,22.31999779,22.31999969,0.00000000,2.77965569
Simul_-45deg,-45,22.67999840,22.67999649,0.00000000,2.41677070
Simul_-45deg,-45,23.03999901,23.04000282,0.00000000,2.06003714
Simul_-45deg,-45,23.39999771,23.39999390,0.00000000,1.71392274
Simul_-45deg,-45,23.75999832,23.75999641,0.00000000,1.38373029
Simul_-45deg,-45,24.11999893,24.11999702,0.00000000,1.01180100
Simul_-45deg,-45,24.47999954,24.48000336,0.00000000,0.52963609
Simul_-45deg,-45,24.83999825,24.84000015,0.00000000,0.07010244
Simul_-45deg,-45,25.19999886,25.19999886,0.00000000,-0.35240221
Simul_-45deg,-45,25.55999947,25.56000137,0.00000000,-0.72082365
Simul_-45deg,-45,25.91999817,25.92000008,0.00000000,-1.01663780
Simul_-45deg,-45,26.27999878,26.28000259,0.00000000,-1.39160156
Simul_-45deg,-45,26.63999939,26.63999557,0.00000000,-1.71275687
Simul_-45deg,-45,27.00000000,26.99999809,0.00000000,-1.90660965
Simul_-45deg,-45,27.35999870,27.35999870,0.00000000,-1.95480800
Simul_-45deg,-45,27.71999931,27.71999931,0.00000000,-1.85250294
Simul_-45deg,-45,28.07999802,28.08000183,0.00000000,-1.64828920
Simul_-45deg,-45,28.43999863,28.43999672,0.00000000,-1.44709826
Simul_-45deg,-45,28.79999924,28.80000305,0.00000000,-1.12739074
Simul_-45deg,-45,29.15999794,29.15999794,0.00000000,-0.71393394
Simul_-45deg,-45,29.51999664,29.51999664,0.00000000,-0.23301713
Simul_-45deg,-45,29.87999916,29.88000298,0.00000000,0.29144809
Simul_-45deg,-45,30.23999786,30.23999786,0.00000000,0.75456351
Simul_-45deg,-45,30.59999657,30.59999657,0.00000000,1.20521116
Simul_-45deg,-45,30.95999908,30.95999908,0.00000000,1.67710888
Simul_-45deg,-45,31.31999779,31.31999779,0.00000000,2.15962124
Simul_-45deg,-45,31.67999649,31.67999268,0.00000000,2.64469409
Simul_-45deg,-45,32.03999710,32.03999710,0.00000000,3.11294317
Simul_-45deg,-45,32.39999771,32.39999771,0.00000000,3.47795057
Simul_-45deg,-45,32.75999832,32.75999832,0.00000000,3.85313463
Simul_-45deg,-45,33.11999893,33.11999893,0.00000000,4.23371601
Simul_-45deg,-45,33.47999573,33.47999573,0.00000000,4.61588192
Simul_-45deg,-45,33.84000015,33.83999634,0.00000000,4.99666739
Simul_-45deg,-45,34.19999695,34.20000076,0.00000000,5.31141090
Simul_-45deg,-45,34.55999756,34.56000137,0.00000000,5.58405447
Simul_-45deg,-45,34.91999817,34.92000198,0.00000000,5.86555719
Simul_-45deg,-45,35.27999878,35.27999878,0.00000000,6.15327454
Simul_-45deg,-45,35.63999557,35.63999557,0.00000000,6.44495249
Simul_-45deg,-45,36.00000000,36.00000000,0.00000000,6.73867607
Simul_-45deg,-45,36.35999680,36.36000061,0.00000000,6.93362284
Simul_-45deg,-45,36.71999741,36.71999359,0.00000000,7.13899040
Simul_-45deg,-45,37.07999802,37.07999420,0.00000000,7.35298538
Simul_-45deg,-45,37.43999863,37.43999481,0.00000000,7.57392931
Simul_-45deg,-45,37.79999542,37.79999161,0.00000000,7.80031919
Simul_-45deg,-45,38.15999985,38.15999985,0.00000000,7.99303150
Simul_-45deg,-45,38.51999664,38.51999664,0.00000000,8.14682579
Simul_-45deg,-45,38.88000107,38.88000107,0.00000000,8.30978203
Simul_-45deg,-45,39.23999786,39.23999786,0.00000000,8.48070717
Simul_-45deg,-45,39.59999847,39.59999847,0.00000000,8.65846443
Simul_-45deg,-45,39.95999908,39.95999527,0.00000000,8.84198570
Simul_-45deg,-45,40.31999969,40.31999969,0.00000000,8.97526741
Simul_-45deg,-45,40.67999649,40.67999649,0.00000000,9.11079979
Simul_-45deg,-45,41.03999710,41.03999710,0.00000000,9.25480938
Simul_-45deg,-45,41.39999771,41.39999390,0.00000000,9.40633678
Simul_-45deg,-45,41.75999451,41.75999451,0.00000000,9.56446838
Simul_-45deg,-45,42.11999893,42.11999893,0.00000000,9.71621704
Simul_-45deg,-45,42.47999573,42.47999573,0.00000000,9.85133648
Simul_-45deg,-45,42.83999634,42.83999634,0.00000000,9.99449635
Simul_-45deg,-45,43.19999695,43.19999695,0.00000000,10.14478302
Simul_-45deg,-45,43.55999756,43.55999756,0.00000000,10.30133247
Simul_-45deg,-45,43.91999817,43.91999817,0.00000000,10.46330833
Simul_-45deg,-45,44.27999878,44.27999878,0.00000000,10.62153053
Simul_-45deg,-45,44.63999557,44.63999557,0.00000000,10.78227806
Simul_-45deg,-45,45.00000000,45.00000000,0.00000000,10.94733810
Simul_-45deg,-45,45.35999680,45.35999680,0.00000000,11.11601734
Simul_-45deg,-45,45.71999741,45.71999741,0.00000000,11.28767967
Simul_-45deg,-45,46.07999802,46.07999802,0.00000000,11.46090603
Simul_-45deg,-45,46.43999863,46.43999863,0.00000000,11.63228893
Simul_-45deg,-45,46.79999542,46.79999542,0.00000000,11.80390739
Simul_-45deg,-45,47.15999985,47.15999985,0.00000000,11.97548485
Simul_-45deg,-45,47.51999664,47.52000046,0.00000000,12.14677429
Simul_-45deg,-45,47.87999725,47.87999725,0.00000000,12.31754875
Simul_-45deg,-45,48.23999786,48.23999786,0.00000000,12.47589302
Simul_-45deg,-45,48.59999847,48.59999847,0.00000000,12.62667751
Simul_-45deg,-45,48.95999908,48.96000290,0.00000000,12.77560329
Simul_-45deg,-45,49.31999588,49.31999588,0.00000000,12.92267609
Simul_-45deg,-45,49.67999649,49.67999649,0.00000000,13.06792259
Simul_-45deg,-45,50.03999710,50.03999710,0.00000000,13.20710182
Simul_-45deg,-45,50.39999771,50.39999771,0.00000000,13.31072998
Simul_-45deg,-45,50.75999451,50.75999832,0.00000000,13.41316605
Simul_-45deg,-45,51.11999893,51.11999893,0.00000000,13.51443386
Simul_-45deg,-45,51.47999573,51.47999573,0.00000000,13.61455917
Simul_-45deg,-45,51.83999634,51.84000015,0.00000000,13.71357155
Simul_-45deg,-45,52.19999695,52.19999695,0.00000000,13.78109932
Simul_-45deg,-45,52.55999756,52.55999756,0.00000000,13.82471180
Simul_-45deg,-45,52.91999435,52.91999817,0.00000000,13.86911964
Simul_-45deg,-45,53.27999878,53.27999878,0.00000000,13.91429043
Simul_-45deg,-45,53.63999557,53.63999557,0.00000000,13.96019840
Simul_-45deg,-45,54.00000000,54.00000000,0.00000000,14.00681400
Simul_-45deg,-45,54.35999680,54.35999680,0.00000000,13.98830795
Simul_-45deg,-45,54.71999741,54.71999741,0.00000000,13.97310638
Simul_-45deg,-45,55.07999802,55.07999802,0.00000000,13.96124363
Simul_-45deg,-45,55.43999863,55.43999863,0.00000000,13.95274734
Simul_-45deg,-45,55.79999542,55.79999924,0.00000000,13.94763947
Simul_-45deg,-45,56.15999603,56.15999603,0.00000000,13.91038132
Simul_-45deg,-45,56.51999664,56.51999664,0.00000000,13.83382988
Simul_-45deg,-45,56.87999725,56.87999725,0.00000000,13.76335335
Simul_-45deg,-45,57.23999786,57.23999786,0.00000000,13.69927216
Simul_-45deg,-45,57.59999847,57.59999847,0.00000000,13.64189053
Simul_-45deg,-45,57.95999908,57.95999908,0.00000000,13.59149075
Simul_-45deg,-45,58.31999588,58.31999588,0.00000000,13.45874405
Simul_-45deg,-45,58.67999649,58.67999649,0.00000000,13.32244778
Simul_-45deg,-45,59.03999329,59.03999329,0.00000000,13.19468403
Simul_-45deg,-45,59.39999390,59.39999390,0.00000000,13.07635307
Simul_-45deg,-45,59.75999832,59.75999832,0.00000000,12.96834850
Simul_-45deg,-45,60.11999893,60.11999893,0.00000000,12.82890511
Simul_-45deg,-45,60.47999573,60.47999573,0.00000000,12.61219025
Simul_-45deg,-45,60.83999634,60.83999634,0.00000000,12.40284538
Simul_-45deg,-45,61.19999313,61.19999313,0.00000000,12.20253563
Simul_-45deg,-45,61.56000137,61.56000137,0.00000000,12.01305008
Simul_-45deg,-45,61.91999817,61.91999817,0.00000000,11.83629990
Simul_-45deg,-45,62.27999878,62.27999878,0.00000000,11.55080318
Simul_-45deg,-45,62.63999557,62.63999557,0.00000000,11.23191738
Simul_-45deg,-45,62.99999619,62.99999619,0.00000000,10.91503906
Simul_-45deg,-45,63.35999298,63.35999298,0.00000000,10.60253048
Simul_-45deg,-45,63.71999741,63.71999741,0.00000000,10.29723263
Simul_-45deg,-45,64.07999420,64.07999420,0.00000000,9.96502781
Simul_-45deg,-45,64.43999481,64.43999481,0.00000000,9.49656868
Simul_-45deg,-45,64.79999542,64.79999542,0.00000000,9.01198196
Simul_-45deg,-45,65.15999603,65.15999603,0.00000000,8.51202869
Simul_-45deg,-45,65.51999664,65.51999664,0.00000000,7.99827576
Simul_-45deg,-45,65.87999725,65.87999725,0.00000000,7.47345686
Simul_-45deg,-45,66.23999786,66.23999786,0.00000000,6.83749771
Simul_-45deg,-45,66.59999847,66.59999847,0.00000000,6.10395241
Simul_-45deg,-45,66.95999146,66.95999146,0.00000000,5.30991030
Simul_-45deg,-45,67.31999207,67.31999207,0.00000000,4.44642448
Simul_-45deg,-45,67.68000031,67.68000031,0.00000000,3.50327849
Simul_-45deg,-45,68.04000092,68.04000092,0.00000000,2.47122025
Simul_-45deg,-45,68.39999390,68.39999390,0.00000000,1.33677149
Simul_-45deg,-45,68.75999451,68.75999451,0.00000000,0.05622074
Simul_-45deg,-45,69.11999512,69.11999512,0.00000000,-1.40049946
Simul_-45deg,-45,69.47999573,69.47999573,0.00000000,-3.05937171
Simul_-45deg,-45,69.83999634,69.83999634,0.00000000,-4.90633392
Simul_-45deg,-45,70.19999695,70.19999695,0.00000000,-6.26186800
Simul_-45deg,-45,70.55999756,70.55999756,0.00000000,-6.68429136
Simul_-45deg,-45,70.91999817,70.91999817,0.00000000,-6.33704758
Simul_-45deg,-45,71.27999115,71.27999115,0.00000000,-5.37493658
Simul_-45deg,-45,71.63999939,71.63999939,0.00000000,-4.11735916
Simul_-45deg,-45,72.00000000,72.00000000,0.00000000,-2.80093884
Simul_-45deg,-45,72.36000061,72.36000061,0.00000000,-1.88143778
Simul_-45deg,-45,72.71999359,72.71999359,0.00000000,-1.02395570
Simul_-45deg,-45,73.07999420,73.07999420,0.00000000,-0.22592978
Simul_-45deg,-45,73.43999481,73.43999481,0.00000000,0.51720953
Simul_-45deg,-45,73.79999542,73.79999542,0.00000000,1.21052969
Simul_-45deg,-45,74.15999603,74.15999603,0.00000000,1.64010537
Simul_-45deg,-45,74.51999664,74.51999664,0.00000000,1.79112601
Simul_-45deg,-45,74.87999725,74.87999725,0.00000000,1.95062101
Simul_-45deg,-45,75.23999023,75.23999023,0.00000000,2.11750460
Simul_-45deg,-45,75.59999084,75.59999084,0.00000000,2.29073572
Simul_-45deg,-45,75.95999908,75.95999908,0.00000000,2.46935177
Simul_-45deg,-45,76.31999969,76.31999969,0.00000000,2.22539759
Simul_-45deg,-45,76.67999268,76.67999268,0.00000000,1.92481613
Simul_-45deg,-45,77.03999329,77.03999329,0.00000000,1.62128043
Simul_-45deg,-45,77.39999390,77.39999390,0.00000000,1.31573689
Simul_-45deg,-45,77.76000214,77.76000214,0.00000000,1.00939739
Simul_-45deg,-45,78.11999512,78.11999512,0.00000000,0.57543486
Simul_-45deg,-45,78.47999573,78.47999573,0.00000000,-0.15257455
Simul_-45deg,-45,78.83999634,78.83999634,0.00000000,-0.94494331
Simul_-45deg,-45,79.19999695,79.19999695,0.00000000,-1.81366336
Simul_-45deg,-45,79.55998993,79.55998993,0.00000000,-2.77405143
Simul_-45deg,-45,79.91999817,79.91999817,0.00000000,-3.84620857
Simul_-45deg,-45,80.27999878,80.27999878,0.00000000,-4.96263027
Simul_-45deg,-45,80.63999939,80.63999939,0.00000000,-6.09405708
Simul_-45deg,-45,80.99999237,80.99999237,0.00000000,-7.17941189
Simul_-45deg,-45,81.35999298,81.35999298,0.00000000,-8.07176876
Simul_-45deg,-45,81.72000122,81.72000122,0.00000000,-8.56582546
Simul_-45deg,-45,82.07999420,82.07999420,0.00000000,-8.30802441
Simul_-45deg,-45,82.43999481,82.43999481,0.00000000,-7.11822796
Simul_-45deg,-45,82.79999542,82.79999542,0.00000000,-5.95375299
Simul_-45deg,-45,83.15999603,83.15999603,0.00000000,-4.85761833
Simul_-45deg,-45,83.51998901,83.51998901,0.00000000,-3.84225130
Simul_-45deg,-45,83.87999725,83.87999725,0.00000000,-2.90657783
Simul_-45deg,-45,84.23999786,84.23999786,0.00000000,-2.26847506
Simul_-45deg,-45,84.59999847,84.59999847,0.00000000,-1.77112687
Simul_-45deg,-45,84.95999146,84.95999146,0.00000000,-1.29387784
Simul_-45deg,-45,85.31999207,85.31999207,0.00000000,-0.83597076
Simul_-45deg,-45,85.67999268,85.67999268,0.00000000,-0.39651927
Simul_-45deg,-45,86.04000092,86.04000092,0.00000000,-0.03275924
Simul_-45deg,-45,86.39999390,86.39999390,0.00000000,-0.13370115
Simul_-45deg,-45,86.75999451,86.75999451,0.00000000,-0.21912949
Simul_-45deg,-45,87.11999512,87.11999512,0.00000000,-0.28806716
Simul_-45deg,-45,87.47999573,87.47999573,0.00000000,-0.33969489
Simul_-45deg,-45,87.83999634,87.83999634,0.00000000,-0.37337917
Simul_-45deg,-45,88.19999695,88.19999695,0.00000000,-0.69528449
Simul_-45deg,-45,88.55999756,88.55999756,0.00000000,-1.27958298
Simul_-45deg,-45,88.91999817,88.91999817,0.00000000,-1.89150453
Simul_-45deg,-45,89.27999115,89.27999115,0.00000000,-2.53052330
Simul_-45deg,-45,89.63999176,89.63999176,0.00000000,-3.19430876
Simul_-45deg,-45,90.00000000,90.00000000,0.00000000,-3.87760663
Simul_-45deg,-45,90.35999298,90.35999298,0.00000000,-5.10042477
Simul_-45deg,-45,90.71999359,90.71999359,0.00000000,-6.52308941
Simul_-45deg,-45,91.07999420,91.07999420,0.00000000,-8.22348785
Simul_-45deg,-45,91.43999481,91.43999481,0.00000000,-10.33546066
Simul_-45deg,-45,91.79999542,91.79999542,0.00000000,-13.11924076
Simul_-45deg,-45,92.15999603,92.15999603,0.00000000,-16.61397552
Simul_-45deg,-45,92.51999664,92.51999664,0.00000000,-19.47124672
Simul_-45deg,-45,92.87999725,92.87999725,0.00000000,-18.70842743
Simul_-45deg,-45,93.23999023,93.23999023,0.00000000,-15.48011398
Simul_-45deg,-45,93.59999084,93.59999084,0.00000000,-12.53014565
Simul_-45deg,-45,93.95999908,93.95999908,0.00000000,-10.17466164
Simul_-45deg,-45,94.31999969,94.31999969,0.00000000,-8.74114895
Simul_-45deg,-45,94.67999268,94.67999268,0.00000000,-7.52433586
Simul_-45deg,-45,95.03999329,95.03999329,0.00000000,-6.43390942
Simul_-45deg,-45,95.39999390,95.39999390,0.00000000,-5.45098877
Simul_-45deg,-45,95.75999451,95.75999451,0.00000000,-4.55899668
Simul_-45deg,-45,96.11999512,96.11999512,0.00000000,-3.98030496
Simul_-45deg,-45,96.47999573,96.47999573,0.00000000,-3.86960292
Simul_-45deg,-45,96.83999634,96.83999634,0.00000000,-3.71947265
Simul_-45deg,-45,97.19999695,97.19999695,0.00000000,-3.53395605
Simul_-45deg,-45,97.55998993,97.55998993,0.00000000,-3.31759834
Simul_-45deg,-45,97.91999817,97.91999817,0.00000000,-3.07517290
Simul_-45deg,-45,98.27999878,98.27999878,0.00000000,-3.36539006
Simul_-45deg,-45,98.63999176,98.63999176,0.00000000,-3.80613232
Simul_-45deg,-45,98.99999237,98.99999237,0.00000000,-4.23368835
Simul_-45deg,-45,99.35999298,99.35999298,0.00000000,-4.63874626
Simul_-45deg,-45,99.71999359,99.71999359,0.00000000,-5.01000977
Simul_-45deg,-45,100.07999420,100.07999420,0.00000000,-5.48277283
Simul_-45deg,-45,100.43999481,100.43999481,0.00000000,-6.51787519
Simul_-45deg,-45,100.79999542,100.79999542,0.00000000,-7.67581415
Simul_-45deg,-45,101.15999603,101.15999603,0.00000000,-8.98179817
Simul_-45deg,-45,101.51998901,101.51998901,0.00000000,-10.46261692
Simul_-45deg,-45,101.87999725,101.87999725,0.00000000,-12.13261223
Simul_-45deg,-45,102.23999786,102.23999786,0.00000000,-14.25721645
Simul_-45deg,-45,102.59999847,102.59999847,0.00000000,-16.99596214
Simul_-45deg,-45,102.95999146,102.95999146,0.00000000,-20.04716492
Simul_-45deg,-45,103.31999207,103.31999207,0.00000000,-21.37669373
Simul_-45deg,-45,103.67999268,103.67999268,0.00000000,-19.15585327
Simul_-45deg,-45,104.03999329,104.03999329,0.00000000,-16.19612312
Simul_-45deg,-45,104.39999390,104.39999390,0.00000000,-14.19135094
Simul_-45deg,-45,104.75999451,104.75999451,0.00000000,-12.44463062
Simul_-45deg,-45,105.11999512,105.11999512,0.00000000,-10.93709183
Simul_-45deg,-45,105.47999573,105.47999573,0.00000000,-9.62554836
Simul_-45deg,-45,105.83998871,105.83998871,0.00000000,-8.47122383
Simul_-45deg,-45,106.19999695,106.19999695,0.00000000,-7.89341879
Simul_-45deg,-45,106.55999756,106.55999756,0.00000000,-7.65262794
Simul_-45deg,-45,106.91999054,106.91999054,0.00000000,-7.35869217
Simul_-45deg,-45,107.27999115,107.27999115,0.00000000,-7.02251434
Simul_-45deg,-45,107.63999176,107.63999176,0.00000000,-6.65462017
Simul_-45deg,-45,108.00000000,108.00000000,0.00000000,-6.26439476
Simul_-45deg,-45,108.35999298,108.35999298,0.00000000,-6.60135746
Simul_-45deg,-45,108.71999359,108.71999359,0.00000000,-6.91307831
Simul_-45deg,-45,109.07999420,109.07999420,0.00000000,-7.19173622
Simul_-45deg,-45,109.43999481,109.43999481,0.00000000,-7.42907524
Simul_-45deg,-45,109.79998779,109.79998779,0.00000000,-7.61703014
Simul_-45deg,-45,110.15999603,110.15999603,0.00000000,-7.97921562
Simul_-45deg,-45,110.51999664,110.51999664,0.00000000,-8.63356113
Simul_-45deg,-45,110.87999725,110.87999725,0.00000000,-9.31359863
Simul_-45deg,-45,111.23999023,111.23999023,0.00000000,-10.01354980
Simul_-45deg,-45,111.59999084,111.59999084,0.00000000,-10.72244453
Simul_-45deg,-45,111.95999908,111.95999908,0.00000000,-11.42174625
Simul_-45deg,-45,112.31999207,112.31999207,0.00000000,-12.02448082
Simul_-45deg,-45,112.67999268,112.67999268,0.00000000,-12.58695412
Simul_-45deg,-45,113.03999329,113.03999329,0.00000000,-13.09228420
Simul_-45deg,-45,113.39999390,113.39999390,0.00000000,-13.50877190
Simul_-45deg,-45,113.75999451,113.75999451,0.00000000,-13.80292702
Simul_-45deg,-45,114.11999512,114.11999512,0.00000000,-13.86508751
Simul_-45deg,-45,114.47999573,114.47999573,0.00000000,-13.66915798
Simul_-45deg,-45,114.83999634,114.83999634,0.00000000,-13.41757393
Simul_-45deg,-45,115.19999695,115.19999695,0.00000000,-13.11990643
Simul_-45deg,-45,115.55998993,115.55998993,0.00000000,-12.78596973
Simul_-45deg,-45,115.91999817,115.91999817,0.00000000,-12.42494106
Simul_-45deg,-45,116.27999115,116.27999115,0.00000000,-12.19279861
Simul_-45deg,-45,116.63999176,116.63999176,0.00000000,-11.99248695
Simul_-45deg,-45,117.00000000,117.00000000,0.00000000,-11.78398991
Simul_-45deg,-45,117.35999298,117.35999298,0.00000000,-11.56887531
Simul_-45deg,-45,117.72000122,117.72000122,0.00000000,-11.34851837
Simul_-45deg,-45,118.07998657,118.07998657,0.00000000,-11.14371681
Simul_-45deg,-45,118.43999481,118.43999481,0.00000000,-11.00236988
Simul_-45deg,-45,118.79998779,118.79998779,0.00000000,-10.85572338
Simul_-45deg,-45,119.15999603,119.15999603,0.00000000,-10.70444012
Simul_-45deg,-45,119.51999664,119.51999664,0.00000000,-10.54915905
Simul_-45deg,-45,119.87998962,119.87998962,0.00000000,-10.39047432
Simul_-45deg,-45,120.23999786,120.23999786,0.00000000,-10.24961090
Simul_-45deg,-45,120.59999084,120.59999084,0.00000000,-10.10982704
Simul_-45deg,-45,120.95999146,120.95999146,0.00000000,-9.96044350
Simul_-45deg,-45,121.31999969,121.31999969,0.00000000,-9.80257130
Simul_-45deg,-45,121.67999268,121.67999268,0.00000000,-9.63728905
Simul_-45deg,-45,122.03999329,122.03999329,0.00000000,-9.47858238
Simul_-45deg,-45,122.39998627,122.39998627,0.00000000,-9.41118622
Simul_-45deg,-45,122.75999451,122.75999451,0.00000000,-9.32658386
Simul_-45deg,-45,123.12000275,123.12000275,0.00000000,-9.22579193
Simul_-45deg,-45,123.47998810,123.47998810,0.00000000,-9.10994720
Simul_-45deg,-45,123.83999634,123.83999634,0.00000000,-8.98027992
Simul_-45deg,-45,124.19998932,124.19998932,0.00000000,-8.90505600
Simul_-45deg,-45,124.55999756,124.55999756,0.00000000,-8.86566257
Simul_-45deg,-45,124.91998291,124.91998291,0.00000000,-8.80732155
Simul_-45deg,-45,125.27999115,125.27999115,0.00000000,-8.73078537
Simul_-45deg,-45,125.63999939,125.63999939,0.00000000,-8.63701725
Simul_-45deg,-45,125.99999237,125.99999237,0.00000000,-8.52713966
Simul_-45deg,-45,126.35999298,126.35999298,0.00000000,-8.52855110
Simul_-45deg,-45,126.71998596,126.71998596,0.00000000,-8.50588608
Simul_-45deg,-45,127.07999420,127.07999420,0.00000000,-8.45951271
Simul_-45deg,-45,127.43999481,127.43999481,0.00000000,-8.39018250
Simul_-45deg,-45,127.79998779,127.79998779,0.00000000,-8.29898930
Simul_-45deg,-45,128.15998840,128.15998840,0.00000000,-8.27523422
Simul_-45deg,-45,128.51998901,128.51998901,0.00000000,-8.33823109
Simul_-45deg,-45,128.87998962,128.87998962,0.00000000,-8.37588120
Simul_-45deg,-45,129.24000549,129.24000549,0.00000000,-8.38751316
Simul_-45deg,-45,129.59999084,129.59999084,0.00000000,-8.37291813
Simul_-45deg,-45,129.95999146,129.95999146,0.00000000,-8.33235455
Simul_-45deg,-45,130.31999207,130.31999207,0.00000000,-8.37832165
Simul_-45deg,-45,130.67999268,130.67999268,0.00000000,-8.41919994
Simul_-45deg,-45,131.03999329,131.03999329,0.00000000,-8.44084930
Simul_-45deg,-45,131.39999390,131.39999390,0.00000000,-8.44298077
Simul_-45deg,-45,131.75999451,131.75999451,0.00000000,-8.42556572
Simul_-45deg,-45,132.11999512,132.11999512,0.00000000,-8.37890244
Simul_-45deg,-45,132.47999573,132.47999573,0.00000000,-8.29022503
Simul_-45deg,-45,132.83998108,132.83998108,0.00000000,-8.17905045
Simul_-45deg,-45,133.19999695,133.19999695,0.00000000,-8.04711056
Simul_-45deg,-45,133.55999756,133.55999756,0.00000000,-7.89632368
Simul_-45deg,-45,133.91998291,133.91998291,0.00000000,-7.72872353
Simul_-45deg,-45,134.27999878,134.27999878,0.00000000,-7.68405199
Simul_-45deg,-45,134.63998413,134.63998413,0.00000000,-7.63723946
Simul_-45deg,-45,135.00000000,135.00000000,0.00000000,-7.54688692
Simul_-45deg,-45,135.36000061,135.36000061,0.00000000,-7.41566277
Simul_-45deg,-45,135.71998596,135.71998596,0.00000000,-7.24720573
Simul_-45deg,-45,136.08000183,136.08000183,0.00000000,-7.15464354
Simul_-45deg,-45,136.43998718,136.43998718,0.00000000,-7.41152382
Simul_-45deg,-45,136.79998779,136.79998779,0.00000000,-7.63114405
Simul_-45deg,-45,137.16000366,137.16000366,0.00000000,-7.80682468
Simul_-45deg,-45,137.51998901,137.51998901,0.00000000,-7.93260765
Simul_-45deg,-45,137.87998962,137.87998962,0.00000000,-8.00389576
Simul_-45deg,-45,138.23999023,138.23999023,0.00000000,-8.32224560
Simul_-45deg,-45,138.59999084,138.59999084,0.00000000,-8.79023552
Simul_-45deg,-45,138.95999146,138.95999146,0.00000000,-9.26397038
Simul_-45deg,-45,139.31999207,139.31999207,0.00000000,-9.73902130
Simul_-45deg,-45,139.67999268,139.67999268,0.00000000,-10.20921326
Simul_-45deg,-45,140.03999329,140.03999329,0.00000000,-10.64774704
Simul_-45deg,-45,140.39999390,140.39999390,0.00000000,-10.92465591
Simul_-45deg,-45,140.75997925,140.75997925,0.00000000,-11.18885040
Simul_-45deg,-45,141.11999512,141.11999512,0.00000000,-11.43671989
Simul_-45deg,-45,141.47999573,141.47999573,0.00000000,-11.66434669
Simul_-45deg,-45,141.83999634,141.83999634,0.00000000,-11.86762238
Simul_-45deg,-45,142.19999695,142.19999695,0.00000000,-11.82964325
Simul_-45deg,-45,142.55998230,142.55998230,0.00000000,-11.60571480
Simul_-45deg,-45,142.91999817,142.91999817,0.00000000,-11.37216187
Simul_-45deg,-45,143.27999878,143.27999878,0.00000000,-11.13103867
Simul_-45deg,-45,143.63998413,143.63998413,0.00000000,-10.88418865
Simul_-45deg,-45,144.00000000,144.00000000,0.00000000,-10.63324070
Simul_-45deg,-45,144.35998535,144.35998535,0.00000000,-10.54566765
Simul_-45deg,-45,144.72000122,144.72000122,0.00000000,-10.42498493
Simul_-45deg,-45,145.07998657,145.07998657,0.00000000,-10.27393913
Simul_-45deg,-45,145.43998718,145.43998718,0.00000000,-10.09567642
Simul_-45deg,-45,145.80000305,145.80000305,0.00000000,-9.89364338
Simul_-45deg,-45,146.15998840,146.15998840,0.00000000,-9.83139801
Simul_-45deg,-45,146.51998901,146.51998901,0.00000000,-9.92726994
Simul_-45deg,-45,146.87998962,146.87998962,0.00000000,-9.96949005
Simul_-45deg,-45,147.23999023,147.23999023,0.00000000,-9.95647526
Simul_-45deg,-45,147.59999084,147.59999084,0.00000000,-9.88871861
Simul_-45deg,-45,147.95999146,147.95999146,0.00000000,-9.76873112
Simul_-45deg,-45,148.31999207,148.31999207,0.00000000,-10.00785351
Simul_-45deg,-45,148.67999268,148.67999268,0.00000000,-10.24321747
Simul_-45deg,-45,149.03999329,149.03999329,0.00000000,-10.41349220
Simul_-45deg,-45,149.39999390,149.39999390,0.00000000,-10.51035309
Simul_-45deg,-45,149.75999451,149.75999451,0.00000000,-10.52870750
Simul_-45deg,-45,150.11999512,150.11999512,0.00000000,-10.64318085
Simul_-45deg,-45,150.47998047,150.47998047,0.00000000,-11.05746174
Simul_-45deg,-45,150.83999634,150.83999634,0.00000000,-11.42126274
Simul_-45deg,-45,151.19998169,151.19998169,0.00000000,-11.71740627
Simul_-45deg,-45,151.55999756,151.55999756,0.00000000,-11.92921638
Simul_-45deg,-45,151.91999817,151.91999817,0.00000000,-12.04298782
Simul_-45deg,-45,152.27998352,152.27998352,0.00000000,-12.43670082
Simul_-45deg,-45,152.63999939,152.63999939,0.00000000,-12.89332390
Simul_-45deg,-45,152.99998474,152.99998474,0.00000000,-13.29137039
Simul_-45deg,-45,153.35998535,153.35998535,0.00000000,-13.60874653
Simul_-45deg,-45,153.72000122,153.72000122,0.00000000,-13.82400036
Simul_-45deg,-45,154.07998657,154.07998657,0.00000000,-14.00657654
Simul_-45deg,-45,154.43998718,154.43998718,0.00000000,-14.40925121
Simul_-45deg,-45,154.79998779,154.79998779,0.00000000,-14.74382496
Simul_-45deg,-45,155.15998840,155.15998840,0.00000000,-14.99064445
Simul_-45deg,-45,155.52000427,155.52000427,0.00000000,-15.13269901
Simul_-45deg,-45,155.87998962,155.87998962,0.00000000,-15.15918827
Simul_-45deg,-45,156.23999023,156.23999023,0.00000000,-15.27635479
Simul_-45deg,-45,156.59999084,156.59999084,0.00000000,-15.41271210
Simul_-45deg,-45,156.95999146,156.95999146,0.00000000,-15.46372032
Simul_-45deg,-45,157.31999207,157.31999207,0.00000000,-15.42633629
Simul_-45deg,-45,157.67999268,157.67999268,0.00000000,-15.30280495
Simul_-45deg,-45,158.03999329,158.03999329,0.00000000,-15.13039780
Simul_-45deg,-45,158.39999390,158.39999390,0.00000000,-15.13156033
Simul_-45deg,-45,158.75999451,158.75999451,0.00000000,-15.06875610
Simul_-45deg,-45,159.11997986,159.11997986,0.00000000,-14.94470215
Simul_-45deg,-45,159.47999573,159.47999573,0.00000000,-14.76448154
Simul_-45deg,-45,159.83999634,159.83999634,0.00000000,-14.53491116
Simul_-45deg,-45,160.19998169,160.19998169,0.00000000,-14.49055481
Simul_-45deg,-45,160.55999756,160.55999756,0.00000000,-14.58498192
Simul_-45deg,-45,160.91998291,160.91998291,0.00000000,-14.63295746
Simul_-45deg,-45,161.27999878,161.27999878,0.00000000,-14.63292217
Simul_-45deg,-45,161.63999939,161.63999939,0.00000000,-14.58487320
Simul_-45deg,-45,161.99998474,161.99998474,0.00000000,-14.49038315
Simul_-45deg,-45,162.36000061,162.36000061,0.00000000,-14.68930244
Simul_-45deg,-45,162.71998596,162.71998596,0.00000000,-14.86003304
Simul_-45deg,-45,163.07998657,163.07998657,0.00000000,-14.99879265
Simul_-45deg,-45,163.44000244,163.44000244,0.00000000,-15.10221004
Simul_-45deg,-45,163.79998779,163.79998779,0.00000000,-15.16762829
Simul_-45deg,-45,164.15998840,164.15998840,0.00000000,-15.19520664
Simul_-45deg,-45,164.51998901,164.51998901,0.00000000,-15.19090080
Simul_-45deg,-45,164.87998962,164.87998962,0.00000000,-15.15479279
Simul_-45deg,-45,165.23999023,165.23999023,0.00000000,-15.08766747
Simul_-45deg,-45,165.59999084,165.59999084,0.00000000,-14.99094009
Simul_-45deg,-45,165.95999146,165.95999146,0.00000000,-14.86656094
Simul_-45deg,-45,166.31999207,166.31999207,0.00000000,-14.84213638
Simul_-45deg,-45,166.67999268,166.67999268,0.00000000,-14.77796173
Simul_-45deg,-45,167.03997803,167.03997803,0.00000000,-14.65901756
Simul_-45deg,-45,167.39999390,167.39999390,0.00000000,-14.48966217
Simul_-45deg,-45,167.75999451,167.75999451,0.00000000,-14.27566051
Simul_-45deg,-45,168.11999512,168.11999512,0.00000000,-14.16544724
Simul_-45deg,-45,168.47999573,168.47999573,0.00000000,-14.27757072
Simul_-45deg,-45,168.83998108,168.83998108,0.00000000,-14.31076145
Simul_-45deg,-45,169.19999695,169.19998169,0.00000000,-14.26321030
Simul_-45deg,-45,169.55999756,169.55999756,0.00000000,-14.13749886
Simul_-45deg,-45,169.91998291,169.91996765,0.00000000,-13.94019127
Simul_-45deg,-45,170.27999878,170.27998352,0.00000000,-13.97533989
Simul_-45deg,-45,170.63998413,170.63998413,0.00000000,-14.03480625
Simul_-45deg,-45,170.99998474,171.00000000,0.00000000,-14.03193855
Simul_-45deg,-45,171.35998535,171.36000061,0.00000000,-13.96686172
Simul_-45deg,-45,171.71998596,171.71998596,0.00000000,-13.84230518
Simul_-45deg,-45,172.08000183,172.07998657,0.00000000,-13.69918823
Simul_-45deg,-45,172.43998718,172.43998718,0.00000000,-13.63618660
Simul_-45deg,-45,172.79998779,172.80000305,0.00000000,-13.53227711
Simul_-45deg,-45,173.15998840,173.16000366,0.00000000,-13.39034843
Simul_-45deg,-45,173.51998901,173.52000427,0.00000000,-13.21407413
Simul_-45deg,-45,173.87998962,173.87998962,0.00000000,-13.00766087
Simul_-45deg,-45,174.23999023,174.23999023,0.00000000,-12.86047554
Simul_-45deg,-45,174.59999084,174.59997559,0.00000000,-12.71035004
Simul_-45deg,-45,174.95999146,174.95999146,0.00000000,-12.51505089
Simul_-45deg,-45,175.31999207,175.32000732,0.00000000,-12.28065968
Simul_-45deg,-45,175.67999268,175.67997742,0.00000000,-12.01361752
Simul_-45deg,-45,176.03999329,176.03996277,0.00000000,-11.75237560
Simul_-45deg,-45,176.39999390,176.39999390,0.00000000,-11.70919418
Simul_-45deg,-45,176.75997925,176.75996399,0.00000000,-11.61592484
Simul_-45deg,-45,177.11999512,177.12002563,0.00000000,-11.47566795
Simul_-45deg,-45,177.47999573,177.47996521,0.00000000,-11.29294777
Simul_-45deg,-45,177.83999634,177.83996582,0.00000000,-11.07304192
Simul_-45deg,-45,178.19999695,178.19993591,0.00000000,-10.97184086
Simul_-45deg,-45,178.55998230,178.56004333,0.00000000,-10.95928097
Simul_-45deg,-45,178.91999817,178.92007446,0.00000000,-10.91467667
Simul_-45deg,-45,179.27998352,179.27990723,0.00000000,-10.83905029
Simul_-45deg,-45,179.63998413,179.64009094,0.00000000,-10.73385811
Simul_-45deg,-45,180.00000000,180.00000000,180.00000000,-10.60125828
Simul_-45deg,-45,180.35998535,179.64009094,180.00000000,-10.56308842
Simul_-45deg,-45,180.71998596,179.27990723,180.00000000,-10.50035000
Simul_-45deg,-45,181.07998657,178.92007446,180.00000000,-10.41435623
Simul_-45deg,-45,181.43998718,178.56004333,180.00000000,-10.30635738
Simul_-45deg,-45,181.80000305,178.19993591,180.00000000,-10.17801094
Simul_-45deg,-45,182.15998840,177.83996582,180.00000000,-10.09964561
Simul_-45deg,-45,182.51998901,177.47996521,180.00000000,-10.07912731
Simul_-45deg,-45,182.87998962,177.12002563,180.00000000,-10.02748013
Simul_-45deg,-45,183.23999023,176.75996399,180.00000000,-9.94577503
Simul_-45deg,-45,183.59999084,176.39999390,180.00000000,-9.83572960
Simul_-45deg,-45,183.95999146,176.04000854,180.00000000,-9.69944763
Simul_-45deg,-45,184.31999207,175.67997742,180.00000000,-9.78391266
Simul_-45deg,-45,184.67999268,175.32000732,180.00000000,-9.86959267
Simul_-45deg,-45,185.03999329,174.95999146,180.00000000,-9.92378807
Simul_-45deg,-45,185.39997864,174.59997559,180.00000000,-9.94529343
Simul_-45deg,-45,185.75999451,174.23999023,180.00000000,-9.93361664
Simul_-45deg,-45,186.11999512,173.87998962,180.00000000,-9.96621990
Simul_-45deg,-45,186.47998047,173.52000427,180.00000000,-10.13036251
Simul_-45deg,-45,186.83999634,173.16000366,180.00000000,-10.27470684
Simul_-45deg,-45,187.19998169,172.80000305,180.00000000,-10.39700890
Simul_-45deg,-45,187.55998230,172.43998718,180.00000000,-10.49523163
Simul_-45deg,-45,187.91999817,172.07998657,180.00000000,-10.56763077
Simul_-45deg,-45,188.27998352,171.71998596,180.00000000,-10.71280861
Simul_-45deg,-45,188.63999939,171.36000061,180.00000000,-10.86892986
Simul_-45deg,-45,188.99998474,171.00000000,180.00000000,-11.00678062
Simul_-45deg,-45,189.35998535,170.63998413,180.00000000,-11.12441921
Simul_-45deg,-45,189.72000122,170.27998352,180.00000000,-11.22001743
Simul_-45deg,-45,190.07998657,169.91999817,180.00000000,-11.33423424
Simul_-45deg,-45,190.43998718,169.55998230,180.00000000,-11.57724476
Simul_-45deg,-45,190.79998779,169.20001221,180.00000000,-11.80220604
Simul_-45deg,-45,191.15998840,168.83998108,180.00000000,-12.00547028
Simul_-45deg,-45,191.51998901,168.47999573,180.00000000,-12.18328953
Simul_-45deg,-45,191.87998962,168.11999512,180.00000000,-12.33203793
Simul_-45deg,-45,192.23999023,167.75997925,180.00000000,-12.64004803
Simul_-45deg,-45,192.59999084,167.40000916,180.00000000,-13.03244209
Simul_-45deg,-45,192.95999146,167.03999329,180.00000000,-13.41277504
Simul_-45deg,-45,193.31997681,166.67999268,180.00000000,-13.77408886
Simul_-45deg,-45,193.67999268,166.31999207,180.00000000,-14.10820580
Simul_-45deg,-45,194.03999329,165.95997620,180.00000000,-14.42395401
Simul_-45deg,-45,194.39999390,165.59999084,180.00000000,-14.85761452
Simul_-45deg,-45,194.75999451,165.24000549,180.00000000,-15.27069569
Simul_-45deg,-45,195.11997986,164.88000488,180.00000000,-15.65215111
Simul_-45deg,-45,195.47999573,164.51998901,180.00000000,-15.98915672
Simul_-45deg,-45,195.83999634,164.15998840,180.00000000,-16.26783943
Simul_-45deg,-45,196.19998169,163.79998779,180.00000000,-16.47310066
Simul_-45deg,-45,196.55999756,163.43998718,180.00000000,-16.61807060
Simul_-45deg,-45,196.91998291,163.07998657,180.00000000,-16.70472908
Simul_-45deg,-45,197.27998352,162.72000122,180.00000000,-16.72949982
Simul_-45deg,-45,197.63999939,162.36000061,180.00000000,-16.69130707
Simul_-45deg,-45,197.99998474,161.99998474,180.00000000,-16.59178543
Simul_-45deg,-45,198.36000061,161.63999939,180.00000000,-16.50385094
Simul_-45deg,-45,198.71998596,161.27999878,180.00000000,-16.37722778
Simul_-45deg,-45,199.07998657,160.91998291,180.00000000,-16.21523666
Simul_-45deg,-45,199.43998718,160.56001282,180.00000000,-16.02185440
Simul_-45deg,-45,199.79998779,160.19998169,180.00000000,-15.80130482
Simul_-45deg,-45,200.15998840,159.83998108,180.00000000,-15.63080692
Simul_-45deg,-45,200.51998901,159.47999573,180.00000000,-15.53296661
Simul_-45deg,-45,200.87998962,159.11997986,180.00000000,-15.41857338
Simul_-45deg,-45,201.23999023,158.75999451,180.00000000,-15.28896236
Simul_-45deg,-45,201.59999084,158.39999390,180.00000000,-15.14553261
Simul_-45deg,-45,201.95999146,158.03997803,180.00000000,-14.98974228
Simul_-45deg,-45,202.31999207,157.67999268,180.00000000,-15.06142044
Simul_-45deg,-45,202.67999268,157.31997681,180.00000000,-15.15545273
Simul_-45deg,-45,203.03997803,156.95999146,180.00000000,-15.24169445
Simul_-45deg,-45,203.39999390,156.59999084,180.00000000,-15.31965637
Simul_-45deg,-45,203.75999451,156.23997498,180.00000000,-15.38883781
Simul_-45deg,-45,204.11997986,155.87998962,180.00000000,-15.52431107
Simul_-45deg,-45,204.47999573,155.51998901,180.00000000,-15.80029869
Simul_-45deg,-45,204.83998108,155.15998840,180.00000000,-16.06257439
Simul_-45deg,-45,205.19999695,154.79998779,180.00000000,-16.30741310
Simul_-45deg,-45,205.55998230,154.43998718,180.00000000,-16.53071976
Simul_-45deg,-45,205.91998291,154.07998657,180.00000000,-16.72832108
Simul_-45deg,-45,206.27999878,153.71998596,180.00000000,-16.97158813
Simul_-45deg,-45,206.63998413,153.35998535,180.00000000,-17.20056915
Simul_-45deg,-45,206.99998474,152.99998474,180.00000000,-17.38687706
Simul_-45deg,-45,207.35998535,152.63999939,180.00000000,-17.52428055
Simul_-45deg,-45,207.71998596,152.27998352,180.00000000,-17.60782433
Simul_-45deg,-45,208.07998657,151.91998291,180.00000000,-17.67602158
Simul_-45deg,-45,208.43998718,151.55999756,180.00000000,-17.85635757
Simul_-45deg,-45,208.79998779,151.19998169,180.00000000,-18.01627922
Simul_-45deg,-45,209.15998840,150.83999634,180.00000000,-18.15315437
Simul_-45deg,-45,209.51998901,150.47998047,180.00000000,-18.26457596
Simul_-45deg,-45,209.87998962,150.11999512,180.00000000,-18.34843636
Simul_-45deg,-45,210.23999023,149.75999451,180.00000000,-18.65132141
Simul_-45deg,-45,210.59999084,149.39997864,180.00000000,-19.07433701
Simul_-45deg,-45,210.95999146,149.03999329,180.00000000,-19.49470901
Simul_-45deg,-45,211.31999207,148.67999268,180.00000000,-19.90706635
Simul_-45deg,-45,211.67997742,148.31999207,180.00000000,-20.30446625
Simul_-45deg,-45,212.03999329,147.95999146,180.00000000,-20.68772125
Simul_-45deg,-45,212.39999390,147.59999084,180.00000000,-21.00945663
Simul_-45deg,-45,212.75997925,147.23999023,180.00000000,-21.07801437
Simul_-45deg,-45,213.11999512,146.88000488,180.00000000,-20.88149643
Simul_-45deg,-45,213.47998047,146.51998901,180.00000000,-20.45298386
Simul_-45deg,-45,213.83998108,146.15998840,180.00000000,-19.85424232
Simul_-45deg,-45,214.19999695,145.79998779,180.00000000,-18.99888611
Simul_-45deg,-45,214.55998230,145.43998718,180.00000000,-17.99211693
Simul_-45deg,-45,214.91999817,145.07998657,180.00000000,-17.00973701
Simul_-45deg,-45,215.27998352,144.72000122,180.00000000,-16.07611847
Simul_-45deg,-45,215.63998413,144.35998535,180.00000000,-15.19964027
Simul_-45deg,-45,216.00000000,143.99998474,180.00000000,-14.38111496
Simul_-45deg,-45,216.35998535,143.63998413,180.00000000,-13.68155289
Simul_-45deg,-45,216.71998596,143.27998352,180.00000000,-13.02167416
Simul_-45deg,-45,217.07998657,142.91999817,180.00000000,-12.39925575
Simul_-45deg,-45,217.43998718,142.55998230,180.00000000,-11.81151581
Simul_-45deg,-45,217.79998779,142.19998169,180.00000000,-11.25571060
Simul_-45deg,-45,218.15998840,141.83999634,180.00000000,-10.81443310
Simul_-45deg,-45,218.51998901,141.47998047,180.00000000,-10.49018764
Simul_-45deg,-45,218.87998962,141.11999512,180.00000000,-10.17057228
Simul_-45deg,-45,219.23999023,140.75997925,180.00000000,-9.85618401
Simul_-45deg,-45,219.59997559,140.39999390,180.00000000,-9.54749680
Simul_-45deg,-45,219.95999146,140.03999329,180.00000000,-9.24481964
Simul_-45deg,-45,220.31999207,139.67997742,180.00000000,-9.17800522
Simul_-45deg,-45,220.67997742,139.32000732,180.00000000,-9.13250446
Simul_-45deg,-45,221.03999329,138.95999146,180.00000000,-9.07905197
Simul_-45deg,-45,221.39997864,138.60000610,180.00000000,-9.01795673
Simul_-45deg,-45,221.75999451,138.23999023,180.00000000,-8.94952679
Simul_-45deg,-45,222.11999512,137.87998962,180.00000000,-8.96935844
Simul_-45deg,-45,222.47998047,137.51998901,180.00000000,-9.17740440
Simul_-45deg,-45,222.83999634,137.15998840,180.00000000,-9.38516617
Simul_-45deg,-45,223.19998169,136.79998779,180.00000000,-9.59205914
Simul_-45deg,-45,223.55998230,136.43998718,180.00000000,-9.79745483
Simul_-45deg,-45,223.91999817,136.07998657,180.00000000,-10.00063324
Simul_-45deg,-45,224.27998352,135.72000122,180.00000000,-10.41466522
Simul_-45deg,-45,224.63998413,135.36000061,180.00000000,-10.91335678
Simul_-45deg,-45,224.99998474,135.00000000,180.00000000,-11.44188690
Simul_-45deg,-45,225.35998535,134.63998413,180.00000000,-12.00399494
Simul_-45deg,-45,225.71998596,134.28001404,180.00000000,-12.60402298
Simul_-45deg,-45,226.07998657,133.91999817,180.00000000,-13.31009769
Simul_-45deg,-45,226.43998718,133.55998230,180.00000000,-14.31600952
Simul_-45deg,-45,226.79998779,133.20001221,180.00000000,-15.43952847
Simul_-45deg,-45,227.15998840,132.83998108,180.00000000,-16.70615959
Simul_-45deg,-45,227.51998901,132.47999573,180.00000000,-18.14482689
Simul_-45deg,-45,227.87998962,132.11999512,180.00000000,-19.78063011
Simul_-45deg,-45,228.23999023,131.75997925,180.00000000,-22.01000404
Simul_-45deg,-45,228.59999084,131.40000916,180.00000000,-24.12609291
Simul_-45deg,-45,228.95999146,131.03999329,180.00000000,-24.29053497
Simul_-45deg,-45,229.31997681,130.67999268,180.00000000,-22.31783676
Simul_-45deg,-45,229.67999268,130.31999207,180.00000000,-19.87600517
Simul_-45deg,-45,230.03999329,129.95997620,180.00000000,-17.63507462
Simul_-45deg,-45,230.39999390,129.59997559,180.00000000,-15.34657001
Simul_-45deg,-45,230.75997925,129.24000549,180.00000000,-13.47603226
Simul_-45deg,-45,231.11997986,128.87998962,180.00000000,-11.91152668
Simul_-45deg,-45,231.47999573,128.51998901,180.00000000,-10.57332611
Simul_-45deg,-45,231.83999634,128.15998840,180.00000000,-9.40696144
Simul_-45deg,-45,232.19999695,127.79998016,180.00000000,-8.33878326
Simul_-45deg,-45,232.55998230,127.43999481,180.00000000,-7.36008883
Simul_-45deg,-45,232.91998291,127.07999420,180.00000000,-6.47929668
Simul_-45deg,-45,233.27998352,126.71998596,180.00000000,-5.67883682
Simul_-45deg,-45,233.63999939,126.35998535,180.00000000,-4.94540596
Simul_-45deg,-45,234.00000000,125.99997711,180.00000000,-4.26869965
Simul_-45deg,-45,234.35998535,125.63999939,180.00000000,-3.79269099
Simul_-45deg,-45,234.71998596,125.27999115,180.00000000,-3.34075189
Simul_-45deg,-45,235.07998657,124.91998291,180.00000000,-2.91063190
Simul_-45deg,-45,235.44000244,124.55998230,180.00000000,-2.50040150
Simul_-45deg,-45,235.79997253,124.20000458,180.00000000,-2.10835171
Simul_-45deg,-45,236.15997314,123.84001160,180.00000000,-1.85262620
Simul_-45deg,-45,236.51998901,123.47998810,180.00000000,-1.75073802
Simul_-45deg,-45,236.87998962,123.11998749,180.00000000,-1.64858520
Simul_-45deg,-45,237.23999023,122.75997925,180.00000000,-1.54622972
Simul_-45deg,-45,237.59997559,122.40000153,180.00000000,-1.44375825
Simul_-45deg,-45,237.95997620,122.03999329,180.00000000,-1.34120798
Simul_-45deg,-45,238.31999207,121.68000793,180.00000000,-1.51074815
Simul_-45deg,-45,238.67999268,121.31998444,180.00000000,-1.71534705
Simul_-45deg,-45,239.03999329,120.95997620,180.00000000,-1.92072809
Simul_-45deg,-45,239.39997864,120.59999847,180.00000000,-2.12650347
Simul_-45deg,-45,239.75997925,120.23999786,180.00000000,-2.33227658
Simul_-45deg,-45,240.11997986,119.87998962,180.00000000,-2.62647891
Simul_-45deg,-45,240.47999573,119.51998138,180.00000000,-3.10643220
Simul_-45deg,-45,240.83999634,119.15998077,180.00000000,-3.59693480
Simul_-45deg,-45,241.19998169,118.80000305,180.00000000,-4.09475040
Simul_-45deg,-45,241.55998230,118.43999481,180.00000000,-4.59519148
Simul_-45deg,-45,241.91998291,118.07998657,180.00000000,-5.09136248
Simul_-45deg,-45,242.27999878,117.71998596,180.00000000,-5.64232779
Simul_-45deg,-45,242.63999939,117.35997772,180.00000000,-6.16923046
Simul_-45deg,-45,242.99996948,117.00000000,180.00000000,-6.62234879
Simul_-45deg,-45,243.35998535,116.63999176,180.00000000,-6.96935368
Simul_-45deg,-45,243.71998596,116.27999115,180.00000000,-7.17943382
Simul_-45deg,-45,244.07998657,115.91998291,180.00000000,-7.21058798
Simul_-45deg,-45,244.44000244,115.55997467,180.00000000,-7.02845097
Simul_-45deg,-45,244.79997253,115.19999695,180.00000000,-6.73259687
Simul_-45deg,-45,245.15998840,114.83999634,180.00000000,-6.34496880
Simul_-45deg,-45,245.51998901,114.47999573,180.00000000,-5.88966656
Simul_-45deg,-45,245.87998962,114.11998749,180.00000000,-5.38905716
Simul_-45deg,-45,246.24000549,113.75998688,180.00000000,-4.97805548
Simul_-45deg,-45,246.59997559,113.40000916,180.00000000,-4.62141466
Simul_-45deg,-45,246.95997620,113.04000092,180.00000000,-4.26614380
Simul_-45deg,-45,247.31999207,112.67999268,180.00000000,-3.91407275
Simul_-45deg,-45,247.67999268,112.31999207,180.00000000,-3.56657171
Simul_-45deg,-45,248.03999329,111.95998383,180.00000000,-3.26099849
Simul_-45deg,-45,248.39997864,111.60000610,180.00000000,-3.24841022
Simul_-45deg,-45,248.75997925,111.23999786,180.00000000,-3.23483086
Simul_-45deg,-45,249.11999512,110.87999725,180.00000000,-3.22026944
Simul_-45deg,-45,249.47999573,110.51998901,180.00000000,-3.20473862
Simul_-45deg,-45,249.83996582,110.16001129,180.00000000,-3.18824720
Simul_-45deg,-45,250.19998169,109.80000305,180.00000000,-3.37593603
Simul_-45deg,-45,250.55998230,109.44000244,180.00000000,-3.73795772
Simul_-45deg,-45,250.91998291,109.07999420,180.00000000,-4.11417723
Simul_-45deg,-45,251.27999878,108.71998596,180.00000000,-4.50560284
Simul_-45deg,-45,251.63996887,108.36000824,180.00000000,-4.91323280
Simul_-45deg,-45,251.99998474,108.00000763,180.00000000,-5.33831692
Simul_-45deg,-45,252.35998535,107.63999939,180.00000000,-6.11724138
Simul_-45deg,-45,252.71998596,107.27999115,180.00000000,-6.95901394
Simul_-45deg,-45,253.08000183,106.91999054,180.00000000,-7.87047815
Simul_-45deg,-45,253.43997192,106.56000519,180.00000000,-8.85692215
Simul_-45deg,-45,253.79997253,106.20000458,180.00000000,-9.91918564
Simul_-45deg,-45,254.15998840,105.83999634,180.00000000,-11.04865837
Simul_-45deg,-45,254.51998901,105.47999573,180.00000000,-12.14541626
Simul_-45deg,-45,254.87998962,105.11998749,180.00000000,-13.03632927
Simul_-45deg,-45,255.23997498,104.76000977,180.00000000,-13.50685120
Simul_-45deg,-45,255.59997559,104.40000153,180.00000000,-13.40013504
Simul_-45deg,-45,255.95999146,104.03999329,180.00000000,-12.75476551
Simul_-45deg,-45,256.31997681,103.67999268,180.00000000,-11.80554008
Simul_-45deg,-45,256.67999268,103.31997681,180.00000000,-10.79837608
Simul_-45deg,-45,257.03997803,102.95999908,180.00000000,-9.80234623
Simul_-45deg,-45,257.39999390,102.59999847,180.00000000,-8.84934330
Simul_-45deg,-45,257.75997925,102.23999786,180.00000000,-7.95215368
Simul_-45deg,-45,258.11999512,101.87998962,180.00000000,-7.23387909
Simul_-45deg,-45,258.48001099,101.51998901,180.00000000,-6.78770638
Simul_-45deg,-45,258.83996582,101.16000366,180.00000000,-6.35888481
Simul_-45deg,-45,259.19998169,100.79999542,180.00000000,-5.94651127
Simul_-45deg,-45,259.55999756,100.43999481,180.00000000,-5.54977608
Simul_-45deg,-45,259.91998291,100.07998657,180.00000000,-5.16781807
Simul_-45deg,-45,260.27999878,99.71997833,180.00000000,-5.06502151
Simul_-45deg,-45,260.63998413,99.36000061,180.00000000,-5.03808975
Simul_-45deg,-45,260.99996948,98.99999237,180.00000000,-5.00958967
Simul_-45deg,-45,261.35998535,98.63999176,180.00000000,-4.97955275
Simul_-45deg,-45,261.72000122,98.27998352,180.00000000,-4.94801283
Simul_-45deg,-45,262.07998657,97.92000580,180.00000000,-4.95871305
Simul_-45deg,-45,262.43997192,97.56000519,180.00000000,-5.11808586
Simul_-45deg,-45,262.79998779,97.19999695,180.00000000,-5.27064705
Simul_-45deg,-45,263.16000366,96.83999634,180.00000000,-5.41542339
Simul_-45deg,-45,263.51998901,96.47998047,180.00000000,-5.55144739
Simul_-45deg,-45,263.87997437,96.12000275,180.00000000,-5.67770433
Simul_-45deg,-45,264.23999023,95.76000214,180.00000000,-5.75811386
Simul_-45deg,-45,264.59997559,95.39999390,180.00000000,-5.79807472
Simul_-45deg,-45,264.95999146,95.03999329,180.00000000,-5.81219244
Simul_-45deg,-45,265.32000732,94.67998505,180.00000000,-5.80021620
Simul_-45deg,-45,265.67996216,94.31999969,180.00000000,-5.76236343
Simul_-45deg,-45,266.03997803,93.95999908,180.00000000,-5.68857479
Simul_-45deg,-45,266.39999390,93.59999084,180.00000000,-5.51312828
Simul_-45deg,-45,266.75997925,93.23999023,180.00000000,-5.32969713
Simul_-45deg,-45,267.11999512,92.87998962,180.00000000,-5.13954687
Simul_-45deg,-45,267.47998047,92.52001190,180.00000000,-4.94385052
Simul_-45deg,-45,267.83996582,92.16000366,180.00000000,-4.74366379
Simul_-45deg,-45,268.19998169,91.79999542,180.00000000,-4.60989380
Simul_-45deg,-45,268.55999756,91.43999481,180.00000000,-4.53115368
Simul_-45deg,-45,268.91998291,91.07998657,180.00000000,-4.45215988
Simul_-45deg,-45,269.27996826,90.72000885,180.00000000,-4.37295389
Simul_-45deg,-45,269.63998413,90.36000061,180.00000000,-4.29355764
Simul_-45deg,-45,270.00000000,90.00000000,180.00000000,-4.21401978
Simul_-45deg,-45,270.35998535,89.63999176,180.00000000,-4.42578506
Simul_-45deg,-45,270.72000122,89.27998352,180.00000000,-4.64031649
Simul_-45deg,-45,271.07998657,88.92000580,180.00000000,-4.85745621
Simul_-45deg,-45,271.43997192,88.56000519,180.00000000,-5.07709599
Simul_-45deg,-45,271.79998779,88.19999695,180.00000000,-5.29901075
Simul_-45deg,-45,272.16000366,87.83998871,180.00000000,-5.66797447
Simul_-45deg,-45,272.51998901,87.47998810,180.00000000,-6.24131870
Simul_-45deg,-45,272.87997437,87.12001038,180.00000000,-6.84808636
Simul_-45deg,-45,273.23999023,86.76000214,180.00000000,-7.49111748
Simul_-45deg,-45,273.59997559,86.39999390,180.00000000,-8.17290401
Simul_-45deg,-45,273.95999146,86.03999329,180.00000000,-8.89532471
Simul_-45deg,-45,274.32000732,85.67998505,180.00000000,-9.65597248
Simul_-45deg,-45,274.67996216,85.32000732,180.00000000,-10.37126732
Simul_-45deg,-45,275.03997803,84.95999908,180.00000000,-10.98315716
Simul_-45deg,-45,275.39999390,84.59999847,180.00000000,-11.42362690
Simul_-45deg,-45,275.75997925,84.23998260,180.00000000,-11.62832832
Simul_-45deg,-45,276.11996460,83.88000488,180.00000000,-11.31183624
Simul_-45deg,-45,276.47998047,83.52000427,180.00000000,-10.34919930
Simul_-45deg,-45,276.83999634,83.16000366,180.00000000,-9.36523247
Simul_-45deg,-45,277.19998169,82.79999542,180.00000000,-8.40675926
Simul_-45deg,-45,277.55999756,82.43997955,180.00000000,-7.49534178
Simul_-45deg,-45,277.91998291,82.08000183,180.00000000,-6.63873243
Simul_-45deg,-45,278.27996826,81.72000885,180.00000000,-5.87039232
Simul_-45deg,-45,278.63998413,81.36000061,180.00000000,-5.14741421
Simul_-45deg,-45,279.00000000,80.99999237,180.00000000,-4.46035290
Simul_-45deg,-45,279.35998535,80.63999176,180.00000000,-3.80931139
Simul_-45deg,-45,279.71997070,80.28001404,180.00000000,-3.19303226
Simul_-45deg,-45,280.07998657,79.91999817,180.00000000,-2.69020271
Simul_-45deg,-45,280.43997192,79.55998993,180.00000000,-2.45451665
Simul_-45deg,-45,280.79998779,79.19999695,180.00000000,-2.17930412
Simul_-45deg,-45,281.16000366,78.83998871,180.00000000,-1.87236023
Simul_-45deg,-45,281.51995850,78.48001099,180.00000000,-1.54113865
Simul_-45deg,-45,281.87997437,78.11999512,180.00000000,-1.19224930
Simul_-45deg,-45,282.23999023,77.75999451,180.00000000,-1.16605163
Simul_-45deg,-45,282.59997559,77.39999390,180.00000000,-1.25837255
Simul_-45deg,-45,282.95999146,77.03998566,180.00000000,-1.29096806
Simul_-45deg,-45,283.31997681,76.68000793,180.00000000,-1.26249063
Simul_-45deg,-45,283.67999268,76.31999969,180.00000000,-1.17411506
Simul_-45deg,-45,284.03997803,75.95999908,180.00000000,-1.09791052
Simul_-45deg,-45,284.39999390,75.59999084,180.00000000,-1.52660120
Simul_-45deg,-45,284.76000977,75.23999023,180.00000000,-1.90893483
Simul_-45deg,-45,285.11996460,74.88000488,180.00000000,-2.22763634
Simul_-45deg,-45,285.47998047,74.52000427,180.00000000,-2.46535039
Simul_-45deg,-45,285.83999634,74.15999603,180.00000000,-2.60700011
Simul_-45deg,-45,286.19998169,73.79999542,180.00000000,-3.04542255
Simul_-45deg,-45,286.55999756,73.43998718,180.00000000,-3.78113508
Simul_-45deg,-45,286.91998291,73.08000946,180.00000000,-4.49265003
Simul_-45deg,-45,287.27996826,72.72000122,180.00000000,-5.14059305
Simul_-45deg,-45,287.63998413,72.36000061,180.00000000,-5.67173195
Simul_-45deg,-45,288.00000000,71.99999237,180.00000000,-6.02613449
Simul_-45deg,-45,288.35998535,71.63998413,180.00000000,-7.05820751
Simul_-45deg,-45,288.71997070,71.28000641,180.00000000,-8.11699963
Simul_-45deg,-45,289.07998657,70.91999817,180.00000000,-9.14014053
Simul_-45deg,-45,289.44000244,70.55999756,180.00000000,-10.01183128
Simul_-45deg,-45,289.79998779,70.19998932,180.00000000,-10.56623650
Simul_-45deg,-45,290.15997314,69.84001160,180.00000000,-11.07176304
Simul_-45deg,-45,290.51998901,69.48000336,180.00000000,-11.89947891
Simul_-45deg,-45,290.87997437,69.12000275,180.00000000,-12.56818676
Simul_-45deg,-45,291.23999023,68.75999451,180.00000000,-12.96826839
Simul_-45deg,-45,291.60000610,68.39998627,180.00000000,-13.01400280
Simul_-45deg,-45,291.95996094,68.04000854,180.00000000,-12.69450665
Simul_-45deg,-45,292.31997681,67.68000793,180.00000000,-12.48796558
Simul_-45deg,-45,292.67999268,67.31999969,180.00000000,-12.27776337
Simul_-45deg,-45,293.03997803,66.95999146,180.00000000,-12.03088188
Simul_-45deg,-45,293.39999390,66.59999084,180.00000000,-11.75377083
Simul_-45deg,-45,293.75997925,66.24001312,180.00000000,-11.45273209
Simul_-45deg,-45,294.11996460,65.88000488,180.00000000,-10.95551300
Simul_-45deg,-45,294.47998047,65.51999664,180.00000000,-10.14095497
Simul_-45deg,-45,294.83999634,65.15999603,180.00000000,-9.38651466
Simul_-45deg,-45,295.19998169,64.79998779,180.00000000,-8.68544006
Simul_-45deg,-45,295.55996704,64.44001007,180.00000000,-8.03175545
Simul_-45deg,-45,295.91998291,64.08000183,180.00000000,-7.42003679
Simul_-45deg,-45,296.27999878,63.71999741,180.00000000,-6.72596455
Simul_-45deg,-45,296.63998413,63.35999298,180.00000000,-6.00549936
Simul_-45deg,-45,297.00000000,62.99998856,180.00000000,-5.30232239
Simul_-45deg,-45,297.35998535,62.64001083,180.00000000,-4.62437677
Simul_-45deg,-45,297.71997070,62.28000259,180.00000000,-3.97532821
Simul_-45deg,-45,298.07998657,61.91999817,180.00000000,-3.42494702
Simul_-45deg,-45,298.44000244,61.55999374,180.00000000,-3.09344673
Simul_-45deg,-45,298.79998779,61.19998932,180.00000000,-2.71817708
Simul_-45deg,-45,299.15997314,60.84000778,180.00000000,-2.31158018
Simul_-45deg,-45,299.51998901,60.48000336,180.00000000,-1.88433027
Simul_-45deg,-45,299.87997437,60.11999893,180.00000000,-1.44528866
Simul_-45deg,-45,300.23999023,59.75999069,180.00000000,-1.22015262
Simul_-45deg,-45,300.60000610,59.39998627,180.00000000,-1.06897521
Simul_-45deg,-45,300.95996094,59.04000854,180.00000000,-0.87970674
Simul_-45deg,-45,301.31997681,58.68000412,180.00000000,-0.65730482
Simul_-45deg,-45,301.67999268,58.31999207,180.00000000,-0.40701404
Simul_-45deg,-45,302.03997803,57.95998383,180.00000000,-0.15696609
Simul_-45deg,-45,302.39996338,57.60001373,180.00000000,-0.06047192
Simul_-45deg,-45,302.75997925,57.24000549,180.00000000,0.07241514
Simul_-45deg,-45,303.11999512,56.88000107,180.00000000,0.23838365
Simul_-45deg,-45,303.47998047,56.51999283,180.00000000,0.43364111
Simul_-45deg,-45,303.83999634,56.15998840,180.00000000,0.65412968
Simul_-45deg,-45,304.19998169,55.80001068,180.00000000,0.77362204
Simul_-45deg,-45,304.55996704,55.44000244,180.00000000,0.83882582
Simul_-45deg,-45,304.91998291,55.07999802,180.00000000,0.95230728
Simul_-45deg,-45,305.27999878,54.71999359,180.00000000,1.11036587
Simul_-45deg,-45,305.63998413,54.35998917,180.00000000,1.30822110
Simul_-45deg,-45,305.99996948,54.00000763,180.00000000,1.54041100
Simul_-45deg,-45,306.35998535,53.64000702,180.00000000,1.43414831
Simul_-45deg,-45,306.71997070,53.27999878,180.00000000,1.38541341
Simul_-45deg,-45,307.07998657,52.91999054,180.00000000,1.39618504
Simul_-45deg,-45,307.44000244,52.55998993,180.00000000,1.46602178
Simul_-45deg,-45,307.79995728,52.20001221,180.00000000,1.59213138
Simul_-45deg,-45,308.15997314,51.84000397,180.00000000,1.58999014
Simul_-45deg,-45,308.51998901,51.47999573,180.00000000,1.40887988
Simul_-45deg,-45,308.87997437,51.11999130,180.00000000,1.27735972
Simul_-45deg,-45,309.23999023,50.75998688,180.00000000,1.20023406
Simul_-45deg,-45,309.59997559,50.40000916,180.00000000,1.18048930
Simul_-45deg,-45,309.95999146,50.04000473,180.00000000,1.21890295
Simul_-45deg,-45,310.31997681,49.67999649,180.00000000,1.07952619
Simul_-45deg,-45,310.67999268,49.31999207,180.00000000,0.95567501
Simul_-45deg,-45,311.04000854,48.95998383,180.00000000,0.87985784
Simul_-45deg,-45,311.39996338,48.60000610,180.00000000,0.85466450
Simul_-45deg,-45,311.75997925,48.24000168,180.00000000,0.88097465
Simul_-45deg,-45,312.11999512,47.87999725,180.00000000,0.88752532
Simul_-45deg,-45,312.47998047,47.51998901,180.00000000,0.81257176
Simul_-45deg,-45,312.83999634,47.15998840,180.00000000,0.80393445
Simul_-45deg,-45,313.19998169,46.80000687,180.00000000,0.86200505
Simul_-45deg,-45,313.55996704,46.44000244,180.00000000,0.98417437
Simul_-45deg,-45,313.91998291,46.07999420,180.00000000,1.16520059
Simul_-45deg,-45,314.27999878,45.71998978,180.00000000,1.11769211
Simul_-45deg,-45,314.63998413,45.35998535,180.00000000,1.07585633
Simul_-45deg,-45,314.99996948,45.00000763,180.00000000,1.12653577
Simul_-45deg,-45,315.35998535,44.63999557,180.00000000,1.26658571
Simul_-45deg,-45,315.71997070,44.27999115,180.00000000,1.48769855
Simul_-45deg,-45,316.07998657,43.91999054,180.00000000,1.68036234
Simul_-45deg,-45,316.43997192,43.56001282,180.00000000,1.61071205
Simul_-45deg,-45,316.79998779,43.20000839,180.00000000,1.63418543
Simul_-45deg,-45,317.15997314,42.84000015,180.00000000,1.74930942
Simul_-45deg,-45,317.51998901,42.47999191,180.00000000,1.94906890
Simul_-45deg,-45,317.88000488,42.11998749,180.00000000,2.22225499
Simul_-45deg,-45,318.23995972,41.76001358,180.00000000,2.32743406
Simul_-45deg,-45,318.59997559,41.40000534,180.00000000,2.39909244
Simul_-45deg,-45,318.95999146,41.03999710,180.00000000,2.55249405
Simul_-45deg,-45,319.31997681,40.67998886,180.00000000,2.77932072
Simul_-45deg,-45,319.67999268,40.31998444,180.00000000,3.06842518
Simul_-45deg,-45,320.03997803,39.96000671,180.00000000,3.37096548
Simul_-45deg,-45,320.39996338,39.60000229,180.00000000,3.45082951
Simul_-45deg,-45,320.75997925,39.23999786,180.00000000,3.61708021
Simul_-45deg,-45,321.11999512,38.87999344,180.00000000,3.86020422
Simul_-45deg,-45,321.47998047,38.51998520,180.00000000,4.16771555
Simul_-45deg,-45,321.83996582,38.16000748,180.00000000,4.52596140
Simul_-45deg,-45,322.19998169,37.80000687,180.00000000,4.69608974
Simul_-45deg,-45,322.55999756,37.43999481,180.00000000,4.76092863
Simul_-45deg,-45,322.91998291,37.07999039,180.00000000,4.90979576
Simul_-45deg,-45,323.27999878,36.71998215,180.00000000,5.13438606
Simul_-45deg,-45,323.63998413,36.36000443,180.00000000,5.42333031
Simul_-45deg,-45,323.99996948,36.00000381,180.00000000,5.76394129
Simul_-45deg,-45,324.35998535,35.63999557,180.00000000,5.71976423
Simul_-45deg,-45,324.72000122,35.27999115,180.00000000,5.74727583
Simul_-45deg,-45,325.07998657,34.91998672,180.00000000,5.84513950
Simul_-45deg,-45,325.43997192,34.56000900,180.00000000,6.00872946
Simul_-45deg,-45,325.79998779,34.20000076,180.00000000,6.23087597
Simul_-45deg,-45,326.15997314,33.83999634,180.00000000,6.33963776
Simul_-45deg,-45,326.51998901,33.47999191,180.00000000,6.29813671
Simul_-45deg,-45,326.88000488,33.11998367,180.00000000,6.31472969
Simul_-45deg,-45,327.23995972,32.76000214,180.00000000,6.38875198
Simul_-45deg,-45,327.59997559,32.40000534,180.00000000,6.51734447
Simul_-45deg,-45,327.95999146,32.03999710,180.00000000,6.69579268
Simul_-45deg,-45,328.31997681,31.67999268,180.00000000,6.60954428
Simul_-45deg,-45,328.67999268,31.31998444,180.00000000,6.53562069
Simul_-45deg,-45,329.03997803,30.96000671,180.00000000,6.51568842
Simul_-45deg,-45,329.39999390,30.60000420,180.00000000,6.55048895
Simul_-45deg,-45,329.75997925,30.23999786,180.00000000,6.63872957
Simul_-45deg,-45,330.11999512,29.87998581,180.00000000,6.64298582
Simul_-45deg,-45,330.47998047,29.52001190,180.00000000,6.42035103
Simul_-45deg,-45,330.83996582,29.16000557,180.00000000,6.24128151
Simul_-45deg,-45,331.19998169,28.80000305,180.00000000,6.11182451
Simul_-45deg,-45,331.55999756,28.43999672,180.00000000,6.03671026
Simul_-45deg,-45,331.91998291,28.07998657,180.00000000,6.01883650
Simul_-45deg,-45,332.27996826,27.72001266,180.00000000,5.74413347
Simul_-45deg,-45,332.63998413,27.36000633,180.00000000,5.40539932
Simul_-45deg,-45,332.99996948,26.99999809,180.00000000,5.09600449
Simul_-45deg,-45,333.35998535,26.63999557,180.00000000,4.82465935
Simul_-45deg,-45,333.72000122,26.27998543,180.00000000,4.60030365
Simul_-45deg,-45,334.07995605,25.92000771,180.00000000,4.35922384
Simul_-45deg,-45,334.43997192,25.56000137,180.00000000,3.89085507
Simul_-45deg,-45,334.79998779,25.19999886,180.00000000,3.43158770
Simul_-45deg,-45,335.15997314,24.83999062,180.00000000,2.99080563
Simul_-45deg,-45,335.51998901,24.47998619,180.00000000,2.58033657
Simul_-45deg,-45,335.87997437,24.12000656,180.00000000,2.21428609
Simul_-45deg,-45,336.23999023,23.76000595,180.00000000,1.65859222
Simul_-45deg,-45,336.59997559,23.39999390,180.00000000,0.97631449
Simul_-45deg,-45,336.95999146,23.03999329,180.00000000,0.28922883
Simul_-45deg,-45,337.32000732,22.67998886,180.00000000,-0.38377032
Simul_-45deg,-45,337.67996216,22.32000923,180.00000000,-1.01402247
Simul_-45deg,-45,338.03997803,21.96000481,180.00000000,-1.62170863
Simul_-45deg,-45,338.39999390,21.59999657,180.00000000,-2.69431376
Simul_-45deg,-45,338.75997925,21.23999405,180.00000000,-3.81998348
Simul_-45deg,-45,339.11999512,20.87998390,180.00000000,-4.94795418
Simul_-45deg,-45,339.47998047,20.52000618,180.00000000,-5.96887541
Simul_-45deg,-45,339.83996582,20.16000557,180.00000000,-6.69972134
Simul_-45deg,-45,340.19998169,19.79999924,180.00000000,-7.57852983
Simul_-45deg,-45,340.55999756,19.43998718,180.00000000,-8.62098789
Simul_-45deg,-45,340.91998291,19.07998276,180.00000000,-9.09276199
Simul_-45deg,-45,341.27996826,18.72000694,180.00000000,-8.78716087
Simul_-45deg,-45,341.63998413,18.36000061,180.00000000,-7.84292221
Simul_-45deg,-45,341.99996948,17.99999428,180.00000000,-6.58440828
Simul_-45deg,-45,342.35998535,17.63998985,180.00000000,-6.02471733
Simul_-45deg,-45,342.71997070,17.28000641,180.00000000,-5.25416756
Simul_-45deg,-45,343.07998657,16.92000771,180.00000000,-4.37665653
Simul_-45deg,-45,343.43997192,16.56000137,180.00000000,-3.46680069
Simul_-45deg,-45,343.79998779,16.19999313,180.00000000,-2.56897545
Simul_-45deg,-45,344.16000366,15.83998680,180.00000000,-1.87405765
Simul_-45deg,-45,344.51995850,15.48001671,180.00000000,-1.36801386
Simul_-45deg,-45,344.87997437,15.12000275,180.00000000,-0.83260500
Simul_-45deg,-45,345.23999023,14.75999737,180.00000000,-0.28369087
Simul_-45deg,-45,345.59997559,14.39999866,180.00000000,0.26721108
Simul_-45deg,-45,345.95999146,14.03999138,180.00000000,0.81213945
Simul_-45deg,-45,346.31997681,13.68000603,180.00000000,1.10277224
Simul_-45deg,-45,346.67996216,13.32001305,180.00000000,1.38551700
Simul_-45deg,-45,347.03997803,12.95999718,180.00000000,1.68757915
Simul_-45deg,-45,347.39999390,12.59998798,180.00000000,2.00399303
Simul_-45deg,-45,347.75997925,12.23998928,180.00000000,2.33043814
Simul_-45deg,-45,348.11996460,11.88000298,180.00000000,2.58896637
Simul_-45deg,-45,348.47998047,11.51999664,180.00000000,2.71166611
Simul_-45deg,-45,348.83996582,11.15999031,180.00000000,2.84998775
Simul_-45deg,-45,349.19998169,10.79998875,180.00000000,3.00237226
Simul_-45deg,-45,349.55999756,10.43999195,180.00000000,3.16723943
Simul_-45deg,-45,349.91998291,10.08000946,180.00000000,3.34301972
Simul_-45deg,-45,350.27996826,9.72000504,180.00000000,3.41003275
Simul_-45deg,-45,350.63998413,9.36000347,180.00000000,3.45336676
Simul_-45deg,-45,351.00000000,8.99999142,180.00000000,3.50667024
Simul_-45deg,-45,351.35998535,8.63999653,180.00000000,3.56956935
Simul_-45deg,-45,351.71997070,8.28000641,180.00000000,3.64164567
Simul_-45deg,-45,352.07998657,7.92000675,180.00000000,3.69568872
Simul_-45deg,-45,352.43997192,7.56000662,180.00000000,3.66266584
Simul_-45deg,-45,352.79998779,7.19998980,180.00000000,3.63511682
Simul_-45deg,-45,353.16000366,6.83999729,180.00000000,3.61315155
Simul_-45deg,-45,353.51995850,6.48001719,180.00000000,3.59685516
Simul_-45deg,-45,353.87997437,6.12000370,180.00000000,3.58628798
Simul_-45deg,-45,354.23999023,5.76000357,180.00000000,3.53192902
Simul_-45deg,-45,354.59997559,5.40000391,180.00000000,3.45439172
Simul_-45deg,-45,354.95999146,5.03998899,180.00000000,3.37768030
Simul_-45deg,-45,355.31997681,4.68002319,180.00000000,3.30188012
Simul_-45deg,-45,355.67999268,4.32001114,180.00000000,3.22704196
Simul_-45deg,-45,356.03997803,3.95997524,180.00000000,3.15366721
Simul_-45deg,-45,356.39999390,3.59999967,180.00000000,3.08386278
Simul_-45deg,-45,356.75997925,3.24002767,180.00000000,3.01351118
Simul_-45deg,-45,357.11996460,2.87997603,180.00000000,2.94258857
Simul_-45deg,-45,357.47998047,2.52002597,180.00000000,2.87112188
Simul_-45deg,-45,357.83999634,2.16002965,180.00000000,2.79907179
Simul_-45deg,-45,358.19998169,1.79994082,180.00000000,2.74527025
Simul_-45deg,-45,358.55996704,1.44007802,180.00000000,2.70661378
Simul_-45deg,-45,358.91998291,1.07992160,180.00000000,2.66815472
Simul_-45deg,-45,359.27996826,0.72009277,180.00000000,2.62997103
Simul_-45deg,-45,359.63998413,0.35990870,180.00000000,2.59199834
Simul_+0deg,0,0.00000000,0.00000000,0.00000000,-5.45998621
Simul_+0deg,0,0.35999998,0.35990870,0.00000000,-5.43697405
Simul_+0deg,0,0.71999997,0.72009277,0.00000000,-5.37853193
Simul_+0deg,0,1.07999992,1.07992160,0.00000000,-5.28617382
Simul_+0deg,0,1.43999994,1.43994224,0.00000000,-5.16191769
Simul_+0deg,0,1.79999995,1.80004954,0.00000000,-5.00847149
Simul_+0deg,0,2.15999985,2.16002965,0.00000000,-4.94323826
Simul_+0deg,0,2.51999998,2.52002597,0.00000000,-5.00074911
Simul_+0deg,0,2.87999988,2.87997603,0.00000000,-5.03941154
Simul_+0deg,0,3.23999977,3.24002767,0.00000000,-5.05872440
Simul_+0deg,0,3.59999990,3.59999967,0.00000000,-5.05841637
Simul_+0deg,0,3.95999956,3.95997524,0.00000000,-5.03849792
Simul_+0deg,0,4.31999969,4.32001114,0.00000000,-5.09265518
Simul_+0deg,0,4.67999983,4.67998075,0.00000000,-5.14590025
Simul_+0deg,0,5.03999996,5.03998899,0.00000000,-5.18651056
Simul_+0deg,0,5.39999962,5.40000391,0.00000000,-5.21411896
Simul_+0deg,0,5.75999975,5.76000357,0.00000000,-5.22847128
Simul_+0deg,0,6.11999989,6.12000370,0.00000000,-5.28297806
Simul_+0deg,0,6.47999954,6.47998667,0.00000000,-5.43466473
Simul_+0deg,0,6.83999968,6.83999729,0.00000000,-5.57739449
Simul_+0deg,0,7.19999981,7.19998980,0.00000000,-5.71005917
Simul_+0deg,0,7.55999947,7.56000662,0.00000000,-5.83158398
Simul_+0deg,0,7.91999912,7.92000675,0.00000000,-5.94087648
Simul_+0deg,0,8.27999973,8.28000641,0.00000000,-6.16219234
Simul_+0deg,0,8.63999939,8.63999653,0.00000000,-6.42104149
Simul_+0deg,0,9.00000000,8.99999142,0.00000000,-6.68330193
Simul_+0deg,0,9.35999966,9.36000347,0.00000000,-6.94861460
Simul_+0deg,0,9.72000027,9.72000504,0.00000000,-7.21648216
Simul_+0deg,0,10.07999992,10.07999039,0.00000000,-7.47818232
Simul_+0deg,0,10.43999863,10.43999195,0.00000000,-7.71483040
Simul_+0deg,0,10.79999924,10.80000591,0.00000000,-7.95603085
Simul_+0deg,0,11.15999889,11.15999031,0.00000000,-8.20176983
Simul_+0deg,0,11.51999950,11.51999664,0.00000000,-8.45207024
Simul_+0deg,0,11.87999916,11.88000298,0.00000000,-8.70686626
Simul_+0deg,0,12.23999977,12.24000549,0.00000000,-8.93313503
Simul_+0deg,0,12.59999943,12.60000420,0.00000000,-9.14326286
Simul_+0deg,0,12.95999908,12.95999718,0.00000000,-9.35236835
Simul_+0deg,0,13.31999969,13.31999779,0.00000000,-9.55978107
Simul_+0deg,0,13.67999935,13.68000603,0.00000000,-9.76472855
Simul_+0deg,0,14.03999901,14.04000568,0.00000000,-9.94897175
Simul_+0deg,0,14.39999962,14.39999866,0.00000000,-9.98276806
Simul_+0deg,0,14.75999832,14.75999737,0.00000000,-9.99869061
Simul_+0deg,0,15.11999893,15.12000275,0.00000000,-9.99653912
Simul_+0deg,0,15.47999954,15.48000336,0.00000000,-9.97634029
Simul_+0deg,0,15.83999825,15.84000015,0.00000000,-9.93834591
Simul_+0deg,0,16.19999886,16.19999313,0.00000000,-9.79836845
Simul_+0deg,0,16.55999947,16.56000137,0.00000000,-9.58323288
Simul_+0deg,0,16.92000008,16.91999626,0.00000000,-9.36440372
Simul_+0deg,0,17.27999878,17.27999496,0.00000000,-9.14290619
Simul_+0deg,0,17.63999939,17.64000320,0.00000000,-8.91964817
Simul_+0deg,0,18.00000000,17.99999428,0.00000000,-8.69544315
Simul_+0deg,0,18.35999870,18.36000061,0.00000000,-8.44225121
Simul_+0deg,0,18.71999931,18.71999741,0.00000000,-8.19189167
Simul_+0deg,0,19.07999992,19.08000183,0.00000000,-7.94466591
Simul_+0deg,0,19.44000053,19.43999863,0.00000000,-7.70083237
Simul_+0deg,0,19.79999924,19.79999924,0.00000000,-7.46056080
Simul_+0deg,0,20.15999985,20.15999603,0.00000000,-7.19013500
Simul_+0deg,0,20.51999855,20.51999664,0.00000000,-6.88439465
Simul_+0deg,0,20.87999725,20.88000298,0.00000000,-6.58672810
Simul_+0deg,0,21.23999786,21.24000168,0.00000000,-6.29690933
Simul_+0deg,0,21.59999847,21.59999657,0.00000000,-6.01468372
Simul_+0deg,0,21.95999908,21.95999527,0.00000000,-5.73978329
Simul_+0deg,0,22.31999779,22.31999969,0.00000000,-5.54119825
Simul_+0deg,0,22.67999840,22.67999649,0.00000000,-5.35281467
Simul_+0deg,0,23.03999901,23.04000282,0.00000000,-5.16581726
Simul_+0deg,0,23.39999771,23.39999390,0.00000000,-4.98037910
Simul_+0deg,0,23.75999832,23.75999641,0.00000000,-4.79661417
Simul_+0deg,0,24.11999893,24.11999702,0.00000000,-4.63653994
Simul_+0deg,0,24.47999954,24.48000336,0.00000000,-4.52126932
Simul_+0deg,0,24.83999825,24.84000015,0.00000000,-4.40661192
Simul_+0deg,0,25.19999886,25.19999886,0.00000000,-4.29259586
Simul_+0deg,0,25.55999947,25.56000137,0.00000000,-4.17924547
Simul_+0deg,0,25.91999817,25.92000008,0.00000000,-4.06658697
Simul_+0deg,0,26.27999878,26.28000259,0.00000000,-3.90845251
Simul_+0deg,0,26.63999939,26.63999557,0.00000000,-3.73904991
Simul_+0deg,0,27.00000000,26.99999809,0.00000000,-3.57172990
Simul_+0deg,0,27.35999870,27.35999870,0.00000000,-3.40650439
Simul_+0deg,0,27.71999931,27.71999931,0.00000000,-3.24337363
Simul_+0deg,0,28.07999802,28.08000183,0.00000000,-3.09419179
Simul_+0deg,0,28.43999863,28.43999672,0.00000000,-2.98591256
Simul_+0deg,0,28.79999924,28.80000305,0.00000000,-2.87545967
Simul_+0deg,0,29.15999794,29.15999794,0.00000000,-2.76307011
Simul_+0deg,0,29.51999664,29.51999664,0.00000000,-2.64895773
Simul_+0deg,0,29.87999916,29.88000298,0.00000000,-2.53332567
Simul_+0deg,0,30.23999786,30.23999786,0.00000000,-2.48006964
Simul_+0deg,0,30.59999657,30.59999657,0.00000000,-2.45560932
Simul_+0deg,0,30.95999908,30.95999908,0.00000000,-2.42778492
Simul_+0deg,0,31.31999779,31.31999779,0.00000000,-2.39666486
Simul_+0deg,0,31.67999649,31.67999268,0.00000000,-2.36231923
Simul_+0deg,0,32.03999710,32.03999710,0.00000000,-2.32755923
Simul_+0deg,0,32.39999771,32.39999771,0.00000000,-2.31128001
Simul_+0deg,0,32.75999832,32.75999832,0.00000000,-2.29138923
Simul_+0deg,0,33.11999893,33.11999893,0.00000000,-2.26793289
Simul_+0deg,0,33.47999573,33.47999573,0.00000000,-2.24097228
Simul_+0deg,0,33.84000015,33.83999634,0.00000000,-2.21057248
Simul_+0deg,0,34.19999695,34.20000076,0.00000000,-2.22027159
Simul_+0deg,0,34.55999756,34.56000137,0.00000000,-2.26006365
Simul_+0deg,0,34.91999817,34.92000198,0.00000000,-2.29466963
Simul_+0deg,0,35.27999878,35.27999878,0.00000000,-2.32396221
Simul_+0deg,0,35.63999557,35.63999557,0.00000000,-2.34783149
Simul_+0deg,0,36.00000000,36.00000000,0.00000000,-2.36618662
Simul_+0deg,0,36.35999680,36.36000061,0.00000000,-2.52103329
Simul_+0deg,0,36.71999741,36.71999359,0.00000000,-2.67373347
Simul_+0deg,0,37.07999802,37.07999420,0.00000000,-2.82385612
Simul_+0deg,0,37.43999863,37.43999481,0.00000000,-2.97092390
Simul_+0deg,0,37.79999542,37.79999161,0.00000000,-3.11443710
Simul_+0deg,0,38.15999985,38.15999985,0.00000000,-3.29899549
Simul_+0deg,0,38.51999664,38.51999664,0.00000000,-3.54168510
Simul_+0deg,0,38.88000107,38.88000107,0.00000000,-3.78837061
Simul_+0deg,0,39.23999786,39.23999786,0.00000000,-4.03891897
Simul_+0deg,0,39.59999847,39.59999847,0.00000000,-4.29314804
Simul_+0deg,0,39.95999908,39.95999527,0.00000000,-4.55081844
Simul_+0deg,0,40.31999969,40.31999969,0.00000000,-4.85501623
Simul_+0deg,0,40.67999649,40.67999649,0.00000000,-5.17412186
Simul_+0deg,0,41.03999710,41.03999710,0.00000000,-5.50358868
Simul_+0deg,0,41.39999771,41.39999390,0.00000000,-5.84391975
Simul_+0deg,0,41.75999451,41.75999451,0.00000000,-6.19565678
Simul_+0deg,0,42.11999893,42.11999893,0.00000000,-6.55964375
Simul_+0deg,0,42.47999573,42.47999573,0.00000000,-6.93662167
Simul_+0deg,0,42.83999634,42.83999634,0.00000000,-7.32636261
Simul_+0deg,0,43.19999695,43.19999695,0.00000000,-7.72919226
Simul_+0deg,0,43.55999756,43.55999756,0.00000000,-8.14533138
Simul_+0deg,0,43.91999817,43.91999817,0.00000000,-8.57479000
Simul_+0deg,0,44.27999878,44.27999878,0.00000000,-8.97091103
Simul_+0deg,0,44.63999557,44.63999557,0.00000000,-9.35492325
Simul_+0deg,0,45.00000000,45.00000000,0.00000000,-9.73536396
Simul_+0deg,0,45.35999680,45.35999680,0.00000000,-10.10781670
Simul_+0deg,0,45.71999741,45.71999741,0.00000000,-10.46683884
Simul_+0deg,0,46.07999802,46.07999802,0.00000000,-10.79043579
Simul_+0deg,0,46.43999863,46.43999863,0.00000000,-11.02404690
Simul_+0deg,0,46.79999542,46.79999542,0.00000000,-11.20865822
Simul_+0deg,0,47.15999985,47.15999985,0.00000000,-11.33729458
Simul_+0deg,0,47.51999664,47.52000046,0.00000000,-11.40467548
Simul_+0deg,0,47.87999725,47.87999725,0.00000000,-11.40788555
Simul_+0deg,0,48.23999786,48.23999786,0.00000000,-11.34761620
Simul_+0deg,0,48.59999847,48.59999847,0.00000000,-11.22030830
Simul_+0deg,0,48.95999908,48.96000290,0.00000000,-11.03017902
Simul_+0deg,0,49.31999588,49.31999588,0.00000000,-10.78526402
Simul_+0deg,0,49.67999649,49.67999649,0.00000000,-10.49473572
Simul_+0deg,0,50.03999710,50.03999710,0.00000000,-10.17922020
Simul_+0deg,0,50.39999771,50.39999771,0.00000000,-9.91399384
Simul_+0deg,0,50.75999451,50.75999832,0.00000000,-9.60889435
Simul_+0deg,0,51.11999893,51.11999893,0.00000000,-9.27283478
Simul_+0deg,0,51.47999573,51.47999573,0.00000000,-8.91398621
Simul_+0deg,0,51.83999634,51.84000015,0.00000000,-8.53949165
Simul_+0deg,0,52.19999695,52.19999695,0.00000000,-8.22794724
Simul_+0deg,0,52.55999756,52.55999756,0.00000000,-7.95176983
Simul_+0deg,0,52.91999435,52.91999817,0.00000000,-7.65340376
Simul_+0deg,0,53.27999878,53.27999878,0.00000000,-7.33824682
Simul_+0deg,0,53.63999557,53.63999557,0.00000000,-7.01106119
Simul_+0deg,0,54.00000000,54.00000000,0.00000000,-6.67593241
Simul_+0deg,0,54.35999680,54.35999680,0.00000000,-6.52563143
Simul_+0deg,0,54.71999741,54.71999741,0.00000000,-6.35499048
Simul_+0deg,0,55.07999802,55.07999802,0.00000000,-6.16651917
Simul_+0deg,0,55.43999863,55.43999863,0.00000000,-5.96271706
Simul_+0deg,0,55.79999542,55.79999924,0.00000000,-5.74601936
Simul_+0deg,0,56.15999603,56.15999603,0.00000000,-5.63803196
Simul_+0deg,0,56.51999664,56.51999664,0.00000000,-5.66205788
Simul_+0deg,0,56.87999725,56.87999725,0.00000000,-5.66575432
Simul_+0deg,0,57.23999786,57.23999786,0.00000000,-5.64906788
Simul_+0deg,0,57.59999847,57.59999847,0.00000000,-5.61223125
Simul_+0deg,0,57.95999908,57.95999908,0.00000000,-5.55575562
Simul_+0deg,0,58.31999588,58.31999588,0.00000000,-5.74926615
Simul_+0deg,0,58.67999649,58.67999649,0.00000000,-5.95457268
Simul_+0deg,0,59.03999329,59.03999329,0.00000000,-6.13419628
Simul_+0deg,0,59.39999390,59.39999390,0.00000000,-6.28443289
Simul_+0deg,0,59.75999832,59.75999832,0.00000000,-6.40189457
Simul_+0deg,0,60.11999893,60.11999893,0.00000000,-6.58197641
Simul_+0deg,0,60.47999573,60.47999573,0.00000000,-6.92272377
Simul_+0deg,0,60.83999634,60.83999634,0.00000000,-7.21948242
Simul_+0deg,0,61.19999313,61.19999313,0.00000000,-7.46079922
Simul_+0deg,0,61.56000137,61.56000137,0.00000000,-7.63589382
Simul_+0deg,0,61.91999817,61.91999817,0.00000000,-7.73601770
Simul_+0deg,0,62.27999878,62.27999878,0.00000000,-7.94420052
Simul_+0deg,0,62.63999557,62.63999557,0.00000000,-8.13456249
Simul_+0deg,0,62.99999619,62.99999619,0.00000000,-8.24531746
Simul_+0deg,0,63.35999298,63.35999298,0.00000000,-8.27013302
Simul_+0deg,0,63.71999741,63.71999741,0.00000000,-8.20753193
Simul_+0deg,0,64.07999420,64.07999420,0.00000000,-8.10426903
Simul_+0deg,0,64.43999481,64.43999481,0.00000000,-8.10662270
Simul_+0deg,0,64.79999542,64.79999542,0.00000000,-8.08578300
Simul_+0deg,0,65.15999603,65.15999603,0.00000000,-8.04207993
Simul_+0deg,0,65.51999664,65.51999664,0.00000000,-7.97619820
Simul_+0deg,0,65.87999725,65.87999725,0.00000000,-7.88913631
Simul_+0deg,0,66.23999786,66.23999786,0.00000000,-7.81186628
Simul_+0deg,0,66.59999847,66.59999847,0.00000000,-7.71800756
Simul_+0deg,0,66.95999146,66.95999146,0.00000000,-7.59225464
Simul_+0deg,0,67.31999207,67.31999207,0.00000000,-7.43735743
Simul_+0deg,0,67.68000031,67.68000031,0.00000000,-7.25643873
Simul_+0deg,0,68.04000092,68.04000092,0.00000000,-6.98675585
Simul_+0deg,0,68.39999390,68.39999390,0.00000000,-6.13456488
Simul_+0deg,0,68.75999451,68.75999451,0.00000000,-5.24736643
Simul_+0deg,0,69.11999512,69.11999512,0.00000000,-4.36858463
Simul_+0deg,0,69.47999573,69.47999573,0.00000000,-3.52115512
Simul_+0deg,0,69.83999634,69.83999634,0.00000000,-2.71551418
Simul_+0deg,0,70.19999695,70.19999695,0.00000000,-1.67884088
Simul_+0deg,0,70.55999756,70.55999756,0.00000000,-0.53990507
Simul_+0deg,0,70.91999817,70.91999817,0.00000000,0.47977892
Simul_+0deg,0,71.27999115,71.27999115,0.00000000,1.40038657
Simul_+0deg,0,71.63999939,71.63999939,0.00000000,2.23807430
Simul_+0deg,0,72.00000000,72.00000000,0.00000000,3.00570941
Simul_+0deg,0,72.36000061,72.36000061,0.00000000,3.85927820
Simul_+0deg,0,72.71999359,72.71999359,0.00000000,4.63743925
Simul_+0deg,0,73.07999420,73.07999420,0.00000000,5.35228205
Simul_+0deg,0,73.43999481,73.43999481,0.00000000,6.01327229
Simul_+0deg,0,73.79999542,73.79999542,0.00000000,6.62789583
Simul_+0deg,0,74.15999603,74.15999603,0.00000000,7.20467186
Simul_+0deg,0,74.51999664,74.51999664,0.00000000,7.74872971
Simul_+0deg,0,74.87999725,74.87999725,0.00000000,8.26089859
Simul_+0deg,0,75.23999023,75.23999023,0.00000000,8.74469280
Simul_+0deg,0,75.59999084,75.59999084,0.00000000,9.20306778
Simul_+0deg,0,75.95999908,75.95999908,0.00000000,9.63857746
Simul_+0deg,0,76.31999969,76.31999969,0.00000000,10.01956081
Simul_+0deg,0,76.67999268,76.67999268,0.00000000,10.38167095
Simul_+0deg,0,77.03999329,77.03999329,0.00000000,10.73035812
Simul_+0deg,0,77.39999390,77.39999390,0.00000000,11.06651306
Simul_+0deg,0,77.76000214,77.76000214,0.00000000,11.39093590
Simul_+0deg,0,78.11999512,78.11999512,0.00000000,11.69008350
Simul_+0deg,0,78.47999573,78.47999573,0.00000000,11.95398808
Simul_+0deg,0,78.83999634,78.83999634,0.00000000,12.21302032
Simul_+0deg,0,79.19999695,79.19999695,0.00000000,12.46714973
Simul_+0deg,0,79.55998993,79.55998993,0.00000000,12.71635628
Simul_+0deg,0,79.91999817,79.91999817,0.00000000,12.96068287
Simul_+0deg,0,80.27999878,80.27999878,0.00000000,13.17332268
Simul_+0deg,0,80.63999939,80.63999939,0.00000000,13.37760353
Simul_+0deg,0,80.99999237,80.99999237,0.00000000,13.58133316
Simul_+0deg,0,81.35999298,81.35999298,0.00000000,13.78417587
Simul_+0deg,0,81.72000122,81.72000122,0.00000000,13.98583412
Simul_+0deg,0,82.07999420,82.07999420,0.00000000,14.17872238
Simul_+0deg,0,82.43999481,82.43999481,0.00000000,14.34631538
Simul_+0deg,0,82.79999542,82.79999542,0.00000000,14.51518631
Simul_+0deg,0,83.15999603,83.15999603,0.00000000,14.68494606
Simul_+0deg,0,83.51998901,83.51998901,0.00000000,14.85525131
Simul_+0deg,0,83.87999725,83.87999725,0.00000000,15.02580643
Simul_+0deg,0,84.23999786,84.23999786,0.00000000,15.17069912
Simul_+0deg,0,84.59999847,84.59999847,0.00000000,15.30387497
Simul_+0deg,0,84.95999146,84.95999146,0.00000000,15.43817329
Simul_+0deg,0,85.31999207,85.31999207,0.00000000,15.57337379
Simul_+0deg,0,85.67999268,85.67999268,0.00000000,15.70927238
Simul_+0deg,0,86.04000092,86.04000092,0.00000000,15.84008598
Simul_+0deg,0,86.39999390,86.39999390,0.00000000,15.92680931
Simul_+0deg,0,86.75999451,86.75999451,0.00000000,16.01432610
Simul_+0deg,0,87.11999512,87.11999512,0.00000000,16.10255432
Simul_+0deg,0,87.47999573,87.47999573,0.00000000,16.19141006
Simul_+0deg,0,87.83999634,87.83999634,0.00000000,16.28083420
Simul_+0deg,0,88.19999695,88.19999695,0.00000000,16.33690071
Simul_+0deg,0,88.55999756,88.55999756,0.00000000,16.36640930
Simul_+0deg,0,88.91999817,88.91999817,0.00000000,16.39643478
Simul_+0deg,0,89.27999115,89.27999115,0.00000000,16.42696571
Simul_+0deg,0,89.63999176,89.63999176,0.00000000,16.45798874
Simul_+0deg,0,90.00000000,90.00000000,0.00000000,16.48949242
Simul_+0deg,0,90.35999298,90.35999298,0.00000000,16.45667267
Simul_+0deg,0,90.71999359,90.71999359,0.00000000,16.42428398
Simul_+0deg,0,91.07999420,91.07999420,0.00000000,16.39233208
Simul_+0deg,0,91.43999481,91.43999481,0.00000000,16.36083412
Simul_+0deg,0,91.79999542,91.79999542,0.00000000,16.32979393
Simul_+0deg,0,92.15999603,92.15999603,0.00000000,16.27273750
Simul_+0deg,0,92.51999664,92.51999664,0.00000000,16.18298721
Simul_+0deg,0,92.87999725,92.87999725,0.00000000,16.09369087
Simul_+0deg,0,93.23999023,93.23999023,0.00000000,16.00492668
Simul_+0deg,0,93.59999084,93.59999084,0.00000000,15.91675377
Simul_+0deg,0,93.95999908,93.95999908,0.00000000,15.82925415
Simul_+0deg,0,94.31999969,94.31999969,0.00000000,15.69974995
Simul_+0deg,0,94.67999268,94.67999268,0.00000000,15.56540585
Simul_+0deg,0,95.03999329,95.03999329,0.00000000,15.43172359
Simul_+0deg,0,95.39999390,95.39999390,0.00000000,15.29889870
Simul_+0deg,0,95.75999451,95.75999451,0.00000000,15.16715050
Simul_+0deg,0,96.11999512,96.11999512,0.00000000,15.02456474
Simul_+0deg,0,96.47999573,96.47999573,0.00000000,14.85829258
Simul_+0deg,0,96.83999634,96.83999634,0.00000000,14.69240761
Simul_+0deg,0,97.19999695,97.19999695,0.00000000,14.52721691
Simul_+0deg,0,97.55998993,97.55998993,0.00000000,14.36304855
Simul_+0deg,0,97.91999817,97.91999817,0.00000000,14.20028210
Simul_+0deg,0,98.27999878,98.27999878,0.00000000,14.01396847
Simul_+0deg,0,98.63999176,98.63999176,0.00000000,13.81968117
Simul_+0deg,0,98.99999237,98.99999237,0.00000000,13.62455845
Simul_+0deg,0,99.35999298,99.35999298,0.00000000,13.42890549
Simul_+0deg,0,99.71999359,99.71999359,0.00000000,13.23307896
Simul_+0deg,0,100.07999420,100.07999420,0.00000000,13.02926540
Simul_+0deg,0,100.43999481,100.43999481,0.00000000,12.79431915
Simul_+0deg,0,100.79999542,100.79999542,0.00000000,12.55503750
Simul_+0deg,0,101.15999603,101.15999603,0.00000000,12.31144428
Simul_+0deg,0,101.51998901,101.51998901,0.00000000,12.06356430
Simul_+0deg,0,101.87999725,101.87999725,0.00000000,11.81149578
Simul_+0deg,0,102.23999786,102.23999786,0.00000000,11.52296638
Simul_+0deg,0,102.59999847,102.59999847,0.00000000,11.20896912
Simul_+0deg,0,102.95999146,102.95999146,0.00000000,10.88407612
Simul_+0deg,0,103.31999207,103.31999207,0.00000000,10.54755974
Simul_+0deg,0,103.67999268,103.67999268,0.00000000,10.19868279
Simul_+0deg,0,104.03999329,104.03999329,0.00000000,9.83128071
Simul_+0deg,0,104.39999390,104.39999390,0.00000000,9.40394497
Simul_+0deg,0,104.75999451,104.75999451,0.00000000,8.95462799
Simul_+0deg,0,105.11999512,105.11999512,0.00000000,8.48098278
Simul_+0deg,0,105.47999573,105.47999573,0.00000000,7.98021412
Simul_+0deg,0,105.83998871,105.83998871,0.00000000,7.44909382
Simul_+0deg,0,106.19999695,106.19999695,0.00000000,6.87947464
Simul_+0deg,0,106.55999756,106.55999756,0.00000000,6.26668167
Simul_+0deg,0,106.91999054,106.91999054,0.00000000,5.60800266
Simul_+0deg,0,107.27999115,107.27999115,0.00000000,4.89607859
Simul_+0deg,0,107.63999176,107.63999176,0.00000000,4.12179852
Simul_+0deg,0,108.00000000,108.00000000,0.00000000,3.27339196
Simul_+0deg,0,108.35999298,108.35999298,0.00000000,2.49554396
Simul_+0deg,0,108.71999359,108.71999359,0.00000000,1.64764619
Simul_+0deg,0,109.07999420,109.07999420,0.00000000,0.71769124
Simul_+0deg,0,109.43999481,109.43999481,0.00000000,-0.30864710
Simul_+0deg,0,109.79998779,109.79998779,0.00000000,-1.44794869
Simul_+0deg,0,110.15999603,110.15999603,0.00000000,-2.47161531
Simul_+0deg,0,110.51999664,110.51999664,0.00000000,-3.24438620
Simul_+0deg,0,110.87999725,110.87999725,0.00000000,-4.02926064
Simul_+0deg,0,111.23999023,111.23999023,0.00000000,-4.80124426
Simul_+0deg,0,111.59999084,111.59999084,0.00000000,-5.51950979
Simul_+0deg,0,111.95999908,111.95999908,0.00000000,-6.12523842
Simul_+0deg,0,112.31999207,112.31999207,0.00000000,-6.22262955
Simul_+0deg,0,112.67999268,112.67999268,0.00000000,-6.23780251
Simul_+0deg,0,113.03999329,113.03999329,0.00000000,-6.22097540
Simul_+0deg,0,113.39999390,113.39999390,0.00000000,-6.17251778
Simul_+0deg,0,113.75999451,113.75999451,0.00000000,-6.09347153
Simul_+0deg,0,114.11999512,114.11999512,0.00000000,-6.05779362
Simul_+0deg,0,114.47999573,114.47999573,0.00000000,-6.14583111
Simul_+0deg,0,114.83999634,114.83999634,0.00000000,-6.21557283
Simul_+0deg,0,115.19999695,115.19999695,0.00000000,-6.26610231
Simul_+0deg,0,115.55998993,115.55998993,0.00000000,-6.29672575
Simul_+0deg,0,115.91999817,115.91999817,0.00000000,-6.30702019
Simul_+0deg,0,116.27999115,116.27999115,0.00000000,-6.54000473
Simul_+0deg,0,116.63999176,116.63999176,0.00000000,-6.78381968
Simul_+0deg,0,117.00000000,117.00000000,0.00000000,-6.95300484
Simul_+0deg,0,117.35999298,117.35999298,0.00000000,-7.03811264
Simul_+0deg,0,117.72000122,117.72000122,0.00000000,-7.03408766
Simul_+0deg,0,118.07998657,118.07998657,0.00000000,-7.01724148
Simul_+0deg,0,118.43999481,118.43999481,0.00000000,-7.17943001
Simul_+0deg,0,118.79998779,118.79998779,0.00000000,-7.24706554
Simul_+0deg,0,119.15999603,119.15999603,0.00000000,-7.21566153
Simul_+0deg,0,119.51999664,119.51999664,0.00000000,-7.08731890
Simul_+0deg,0,119.87998962,119.87998962,0.00000000,-6.87029123
Simul_+0deg,0,120.23999786,120.23999786,0.00000000,-6.82968807
Simul_+0deg,0,120.59999084,120.59999084,0.00000000,-6.85744715
Simul_+0deg,0,120.95999146,120.95999146,0.00000000,-6.82890844
Simul_+0deg,0,121.31999969,121.31999969,0.00000000,-6.74516296
Simul_+0deg,0,121.67999268,121.67999268,0.00000000,-6.60933018
Simul_+0deg,0,122.03999329,122.03999329,0.00000000,-6.46412659
Simul_+0deg,0,122.39998627,122.39998627,0.00000000,-6.58789206
Simul_+0deg,0,122.75999451,122.75999451,0.00000000,-6.68243408
Simul_+0deg,0,123.12000275,123.12000275,0.00000000,-6.74572754
Simul_+0deg,0,123.47998810,123.47998810,0.00000000,-6.77637482
Simul_+0deg,0,123.83999634,123.83999634,0.00000000,-6.77367878
Simul_+0deg,0,124.19998932,124.19998932,0.00000000,-6.90499258
Simul_+0deg,0,124.55999756,124.55999756,0.00000000,-7.14903116
Simul_+0deg,0,124.91998291,124.91998291,0.00000000,-7.37193680
Simul_+0deg,0,125.27999115,125.27999115,0.00000000,-7.56958437
Simul_+0deg,0,125.63999939,125.63999939,0.00000000,-7.73783445
Simul_+0deg,0,125.99999237,125.99999237,0.00000000,-7.87281895
Simul_+0deg,0,126.35999298,126.35999298,0.00000000,-8.25422859
Simul_+0deg,0,126.71998596,126.71998596,0.00000000,-8.61612892
Simul_+0deg,0,127.07999420,127.07999420,0.00000000,-8.95017719
Simul_+0deg,0,127.43999481,127.43999481,0.00000000,-9.24695301
Simul_+0deg,0,127.79998779,127.79998779,0.00000000,-9.49649048
Simul_+0deg,0,128.15998840,128.15998840,0.00000000,-9.77900410
Simul_+0deg,0,128.51998901,128.51998901,0.00000000,-10.12174988
Simul_+0deg,0,128.87998962,128.87998962,0.00000000,-10.40411568
Simul_+0deg,0,129.24000549,129.24000549,0.00000000,-10.61189461
Simul_+0deg,0,129.59999084,129.59999084,0.00000000,-10.73318291
Simul_+0deg,0,129.95999146,129.95999146,0.00000000,-10.76040840
Simul_+0deg,0,130.31999207,130.31999207,0.00000000,-10.82698727
Simul_+0deg,0,130.67999268,130.67999268,0.00000000,-10.84249306
Simul_+0deg,0,131.03999329,131.03999329,0.00000000,-10.79103088
Simul_+0deg,0,131.39999390,131.39999390,0.00000000,-10.67492676
Simul_+0deg,0,131.75999451,131.75999451,0.00000000,-10.49921036
Simul_+0deg,0,132.11999512,132.11999512,0.00000000,-10.35322094
Simul_+0deg,0,132.47999573,132.47999573,0.00000000,-10.34079170
Simul_+0deg,0,132.83998108,132.83998108,0.00000000,-10.30604553
Simul_+0deg,0,133.19999695,133.19999695,0.00000000,-10.24951553
Simul_+0deg,0,133.55999756,133.55999756,0.00000000,-10.17204189
Simul_+0deg,0,133.91998291,133.91998291,0.00000000,-10.07473469
Simul_+0deg,0,134.27999878,134.27999878,0.00000000,-10.00908089
Simul_+0deg,0,134.63998413,134.63998413,0.00000000,-9.93433857
Simul_+0deg,0,135.00000000,135.00000000,0.00000000,-9.83664227
Simul_+0deg,0,135.36000061,135.36000061,0.00000000,-9.71754456
Simul_+0deg,0,135.71998596,135.71998596,0.00000000,-9.57881546
Simul_+0deg,0,136.08000183,136.08000183,0.00000000,-9.36857128
Simul_+0deg,0,136.43998718,136.43998718,0.00000000,-8.96176147
Simul_+0deg,0,136.79998779,136.79998779,0.00000000,-8.55483627
Simul_+0deg,0,137.16000366,137.16000366,0.00000000,-8.15092659
Simul_+0deg,0,137.51998901,137.51998901,0.00000000,-7.75237322
Simul_+0deg,0,137.87998962,137.87998962,0.00000000,-7.36080456
Simul_+0deg,0,138.23999023,138.23999023,0.00000000,-6.95888472
Simul_+0deg,0,138.59999084,138.59999084,0.00000000,-6.56154919
Simul_+0deg,0,138.95999146,138.95999146,0.00000000,-6.17851162
Simul_+0deg,0,139.31999207,139.31999207,0.00000000,-5.80906153
Simul_+0deg,0,139.67999268,139.67999268,0.00000000,-5.45248413
Simul_+0deg,0,140.03999329,140.03999329,0.00000000,-5.11623001
Simul_+0deg,0,140.39999390,140.39999390,0.00000000,-4.85240793
Simul_+0deg,0,140.75997925,140.75997925,0.00000000,-4.59311390
Simul_+0deg,0,141.11999512,141.11999512,0.00000000,-4.33845091
Simul_+0deg,0,141.47999573,141.47999573,0.00000000,-4.08847523
Simul_+0deg,0,141.83999634,141.83999634,0.00000000,-3.84320378
Simul_+0deg,0,142.19999695,142.19999695,0.00000000,-3.63494182
Simul_+0deg,0,142.55998230,142.55998230,0.00000000,-3.45275784
Simul_+0deg,0,142.91999817,142.91999817,0.00000000,-3.26988363
Simul_+0deg,0,143.27999878,143.27999878,0.00000000,-3.08670783
Simul_+0deg,0,143.63998413,143.63998413,0.00000000,-2.90356994
Simul_+0deg,0,144.00000000,144.00000000,0.00000000,-2.72077179
Simul_+0deg,0,144.35998535,144.35998535,0.00000000,-2.66470170
Simul_+0deg,0,144.72000122,144.72000122,0.00000000,-2.60321403
Simul_+0deg,0,145.07998657,145.07998657,0.00000000,-2.53655481
Simul_+0deg,0,145.43998718,145.43998718,0.00000000,-2.46496034
Simul_+0deg,0,145.80000305,145.80000305,0.00000000,-2.38869858
Simul_+0deg,0,146.15998840,146.15998840,0.00000000,-2.35238123
Simul_+0deg,0,146.51998901,146.51998901,0.00000000,-2.36743474
Simul_+0deg,0,146.87998962,146.87998962,0.00000000,-2.37845826
Simul_+0deg,0,147.23999023,147.23999023,0.00000000,-2.38542223
Simul_+0deg,0,147.59999084,147.59999084,0.00000000,-2.38830614
Simul_+0deg,0,147.95999146,147.95999146,0.00000000,-2.38710332
Simul_+0deg,0,148.31999207,148.31999207,0.00000000,-2.39041233
Simul_+0deg,0,148.67999268,148.67999268,0.00000000,-2.39077353
Simul_+0deg,0,149.03999329,149.03999329,0.00000000,-2.38711452
Simul_+0deg,0,149.39999390,149.39999390,0.00000000,-2.37944531
Simul_+0deg,0,149.75999451,149.75999451,0.00000000,-2.36778879
Simul_+0deg,0,150.11999512,150.11999512,0.00000000,-2.39157987
Simul_+0deg,0,150.47998047,150.47998047,0.00000000,-2.49041963
Simul_+0deg,0,150.83999634,150.83999634,0.00000000,-2.58533478
Simul_+0deg,0,151.19998169,151.19998169,0.00000000,-2.67600894
Simul_+0deg,0,151.55999756,151.55999756,0.00000000,-2.76214004
Simul_+0deg,0,151.91999817,151.91999817,0.00000000,-2.84340239
Simul_+0deg,0,152.27998352,152.27998352,0.00000000,-3.01721382
Simul_+0deg,0,152.63999939,152.63999939,0.00000000,-3.22100019
Simul_+0deg,0,152.99998474,152.99998474,0.00000000,-3.42771554
Simul_+0deg,0,153.35998535,153.35998535,0.00000000,-3.63733482
Simul_+0deg,0,153.72000122,153.72000122,0.00000000,-3.84975696
Simul_+0deg,0,154.07998657,154.07998657,0.00000000,-4.03671217
Simul_+0deg,0,154.43998718,154.43998718,0.00000000,-4.12588549
Simul_+0deg,0,154.79998779,154.79998779,0.00000000,-4.21464729
Simul_+0deg,0,155.15998840,155.15998840,0.00000000,-4.30294895
Simul_+0deg,0,155.52000427,155.52000427,0.00000000,-4.39071369
Simul_+0deg,0,155.87998962,155.87998962,0.00000000,-4.47786951
Simul_+0deg,0,156.23999023,156.23999023,0.00000000,-4.55701065
Simul_+0deg,0,156.59999084,156.59999084,0.00000000,-4.63116598
Simul_+0deg,0,156.95999146,156.95999146,0.00000000,-4.70380163
Simul_+0deg,0,157.31999207,157.31999207,0.00000000,-4.77481318
Simul_+0deg,0,157.67999268,157.67999268,0.00000000,-4.84409857
Simul_+0deg,0,158.03999329,158.03999329,0.00000000,-4.93017864
Simul_+0deg,0,158.39999390,158.39999390,0.00000000,-5.16671085
Simul_+0deg,0,158.75999451,158.75999451,0.00000000,-5.40745163
Simul_+0deg,0,159.11997986,159.11997986,0.00000000,-5.65234900
Simul_+0deg,0,159.47999573,159.47999573,0.00000000,-5.90134144
Simul_+0deg,0,159.83999634,159.83999634,0.00000000,-6.15430307
Simul_+0deg,0,160.19998169,160.19998169,0.00000000,-6.39230776
Simul_+0deg,0,160.55999756,160.55999756,0.00000000,-6.61930752
Simul_+0deg,0,160.91998291,160.91998291,0.00000000,-6.85037184
Simul_+0deg,0,161.27999878,161.27999878,0.00000000,-7.08552790
Simul_+0deg,0,161.63999939,161.63999939,0.00000000,-7.32471561
Simul_+0deg,0,161.99998474,161.99998474,0.00000000,-7.56787252
Simul_+0deg,0,162.36000061,162.36000061,0.00000000,-7.75485945
Simul_+0deg,0,162.71998596,162.71998596,0.00000000,-7.94469929
Simul_+0deg,0,163.07998657,163.07998657,0.00000000,-8.13743973
Simul_+0deg,0,163.44000244,163.44000244,0.00000000,-8.33306217
Simul_+0deg,0,163.79998779,163.79998779,0.00000000,-8.53156662
Simul_+0deg,0,164.15998840,164.15998840,0.00000000,-8.74302006
Simul_+0deg,0,164.51998901,164.51998901,0.00000000,-8.96689224
Simul_+0deg,0,164.87998962,164.87998962,0.00000000,-9.18873787
Simul_+0deg,0,165.23999023,165.23999023,0.00000000,-9.40758610
Simul_+0deg,0,165.59999084,165.59999084,0.00000000,-9.62234879
Simul_+0deg,0,165.95999146,165.95999146,0.00000000,-9.83180618
Simul_+0deg,0,166.31999207,166.31999207,0.00000000,-9.79601765
Simul_+0deg,0,166.67999268,166.67999268,0.00000000,-9.71012020
Simul_+0deg,0,167.03997803,167.03997803,0.00000000,-9.60439491
Simul_+0deg,0,167.39999390,167.39999390,0.00000000,-9.48027706
Simul_+0deg,0,167.75999451,167.75999451,0.00000000,-9.33936501
Simul_+0deg,0,168.11999512,168.11999512,0.00000000,-9.13663960
Simul_+0deg,0,168.47999573,168.47999573,0.00000000,-8.83789921
Simul_+0deg,0,168.83998108,168.83998108,0.00000000,-8.54297066
Simul_+0deg,0,169.19999695,169.19998169,0.00000000,-8.25239563
Simul_+0deg,0,169.55999756,169.55999756,0.00000000,-7.96652365
Simul_+0deg,0,169.91998291,169.91996765,0.00000000,-7.68568277
Simul_+0deg,0,170.27999878,170.27998352,0.00000000,-7.44503021
Simul_+0deg,0,170.63998413,170.63998413,0.00000000,-7.21634197
Simul_+0deg,0,170.99998474,171.00000000,0.00000000,-6.98951626
Simul_+0deg,0,171.35998535,171.36000061,0.00000000,-6.76489925
Simul_+0deg,0,171.71998596,171.71998596,0.00000000,-6.54269886
Simul_+0deg,0,172.08000183,172.07998657,0.00000000,-6.33887386
Simul_+0deg,0,172.43998718,172.43998718,0.00000000,-6.18794203
Simul_+0deg,0,172.79998779,172.80000305,0.00000000,-6.03214788
Simul_+0deg,0,173.15998840,173.16000366,0.00000000,-5.87219048
Simul_+0deg,0,173.51998901,173.52000427,0.00000000,-5.70870304
Simul_+0deg,0,173.87998962,173.87998962,0.00000000,-5.54229164
Simul_+0deg,0,174.23999023,174.23999023,0.00000000,-5.44494581
Simul_+0deg,0,174.59999084,174.59997559,0.00000000,-5.37083673
Simul_+0deg,0,174.95999146,174.95999146,0.00000000,-5.28282213
Simul_+0deg,0,175.31999207,175.32000732,0.00000000,-5.18177319
Simul_+0deg,0,175.67999268,175.67997742,0.00000000,-5.06861782
Simul_+0deg,0,176.03999329,176.03996277,0.00000000,-4.96653032
Simul_+0deg,0,176.39999390,176.39999390,0.00000000,-5.02439928
Simul_+0deg,0,176.75997925,176.75996399,0.00000000,-5.05813980
Simul_+0deg,0,177.11999512,177.12002563,0.00000000,-5.06719542
Simul_+0deg,0,177.47999573,177.47996521,0.00000000,-5.05140686
Simul_+0deg,0,177.83999634,177.83996582,0.00000000,-5.01104355
Simul_+0deg,0,178.19999695,178.19993591,0.00000000,-5.09822941
Simul_+0deg,0,178.55998230,178.56004333,0.00000000,-5.28345871
Simul_+0deg,0,178.91999817,178.92007446,0.00000000,-5.44257116
Simul_+0deg,0,179.27998352,179.27990723,0.00000000,-5.57229280
Simul_+0deg,0,179.63998413,179.64009094,0.00000000,-5.66995144
Simul_+0deg,0,180.00000000,180.00000000,180.00000000,-5.73466253
Simul_+0deg,0,180.35998535,179.64009094,180.00000000,-6.01122570
Simul_+0deg,0,180.71998596,179.27990723,180.00000000,-6.26874208
Simul_+0deg,0,181.07998657,178.92007446,180.00000000,-6.50012016
Simul_+0deg,0,181.43998718,178.56004333,180.00000000,-6.70058155
Simul_+0deg,0,181.80000305,178.19993591,180.00000000,-6.86495733
Simul_+0deg,0,182.15998840,177.83996582,180.00000000,-7.10195541
Simul_+0deg,0,182.51998901,177.47996521,180.00000000,-7.45121241
Simul_+0deg,0,182.87998962,177.12002563,180.00000000,-7.76904345
Simul_+0deg,0,183.23999023,176.75996399,180.00000000,-8.04596329
Simul_+0deg,0,183.59999084,176.39999390,180.00000000,-8.27201366
Simul_+0deg,0,183.95999146,176.04000854,180.00000000,-8.43811512
Simul_+0deg,0,184.31999207,175.67997742,180.00000000,-8.95660114
Simul_+0deg,0,184.67999268,175.32000732,180.00000000,-9.49606133
Simul_+0deg,0,185.03999329,174.95999146,180.00000000,-9.98426628
Simul_+0deg,0,185.39997864,174.59997559,180.00000000,-10.39363861
Simul_+0deg,0,185.75999451,174.23999023,180.00000000,-10.69453430
Simul_+0deg,0,186.11999512,173.87998962,180.00000000,-11.08223438
Simul_+0deg,0,186.47998047,173.52000427,180.00000000,-11.85007572
Simul_+0deg,0,186.83999634,173.16000366,180.00000000,-12.56304169
Simul_+0deg,0,187.19998169,172.80000305,180.00000000,-13.16242027
Simul_+0deg,0,187.55998230,172.43998718,180.00000000,-13.57758617
Simul_+0deg,0,187.91999817,172.07998657,180.00000000,-13.74486351
Simul_+0deg,0,188.27998352,171.71998596,180.00000000,-14.25548744
Simul_+0deg,0,188.63999939,171.36000061,180.00000000,-14.77492809
Simul_+0deg,0,188.99998474,171.00000000,180.00000000,-15.07335758
Simul_+0deg,0,189.35998535,170.63998413,180.00000000,-15.10027313
Simul_+0deg,0,189.72000122,170.27998352,180.00000000,-14.85071278
Simul_+0deg,0,190.07998657,169.91999817,180.00000000,-14.53945637
Simul_+0deg,0,190.43998718,169.55998230,180.00000000,-14.61964798
Simul_+0deg,0,190.79998779,169.20001221,180.00000000,-14.47784996
Simul_+0deg,0,191.15998840,168.83998108,180.00000000,-14.13443184
Simul_+0deg,0,191.51998901,168.47999573,180.00000000,-13.63304138
Simul_+0deg,0,191.87998962,168.11999512,180.00000000,-13.02482224
Simul_+0deg,0,192.23999023,167.75997925,180.00000000,-12.91478729
Simul_+0deg,0,192.59999084,167.40000916,180.00000000,-12.93861580
Simul_+0deg,0,192.95999146,167.03999329,180.00000000,-12.79527569
Simul_+0deg,0,193.31997681,166.67999268,180.00000000,-12.50039291
Simul_+0deg,0,193.67999268,166.31999207,180.00000000,-12.08267784
Simul_+0deg,0,194.03999329,165.95997620,180.00000000,-11.67941952
Simul_+0deg,0,194.39999390,165.59999084,180.00000000,-12.01179600
Simul_+0deg,0,194.75999451,165.24000549,180.00000000,-12.21371746
Simul_+0deg,0,195.11997986,164.88000488,180.00000000,-12.26553440
Simul_+0deg,0,195.47999573,164.51998901,180.00000000,-12.16184616
Simul_+0deg,0,195.83999634,164.15998840,180.00000000,-11.91330147
Simul_+0deg,0,196.19998169,163.79998779,180.00000000,-11.96312809
Simul_+0deg,0,196.55999756,163.43998718,180.00000000,-12.23084831
Simul_+0deg,0,196.91998291,163.07998657,180.00000000,-12.35737324
Simul_+0deg,0,197.27998352,162.72000122,180.00000000,-12.32997894
Simul_+0deg,0,197.63999939,162.36000061,180.00000000,-12.15148163
Simul_+0deg,0,197.99998474,161.99998474,180.00000000,-11.83943272
Simul_+0deg,0,198.36000061,161.63999939,180.00000000,-12.02609062
Simul_+0deg,0,198.71998596,161.27999878,180.00000000,-12.03613663
Simul_+0deg,0,199.07998657,160.91998291,180.00000000,-11.86834145
Simul_+0deg,0,199.43998718,160.56001282,180.00000000,-11.54209232
Simul_+0deg,0,199.79998779,160.19998169,180.00000000,-11.09042549
Simul_+0deg,0,200.15998840,159.83998108,180.00000000,-10.90450859
Simul_+0deg,0,200.51998901,159.47999573,180.00000000,-10.99055672
Simul_+0deg,0,200.87998962,159.11997986,180.00000000,-10.86093426
Simul_+0deg,0,201.23999023,158.75999451,180.00000000,-10.53382111
Simul_+0deg,0,201.59999084,158.39999390,180.00000000,-10.05002022
Simul_+0deg,0,201.95999146,158.03997803,180.00000000,-9.45843887
Simul_+0deg,0,202.31999207,157.67999268,180.00000000,-9.60141087
Simul_+0deg,0,202.67999268,157.31997681,180.00000000,-9.66940022
Simul_+0deg,0,203.03997803,156.95999146,180.00000000,-9.54767036
Simul_+0deg,0,203.39999390,156.59999084,180.00000000,-9.25127888
Simul_+0deg,0,203.75999451,156.23997498,180.00000000,-8.81326962
Simul_+0deg,0,204.11997986,155.87998962,180.00000000,-8.53152180
Simul_+0deg,0,204.47999573,155.51998901,180.00000000,-8.66187763
Simul_+0deg,0,204.83998108,155.15998840,180.00000000,-8.67013836
Simul_+0deg,0,205.19999695,154.79998779,180.00000000,-8.55560684
Simul_+0deg,0,205.55998230,154.43998718,180.00000000,-8.32759857
Simul_+0deg,0,205.91998291,154.07998657,180.00000000,-8.00299835
Simul_+0deg,0,206.27999878,153.71998596,180.00000000,-7.94442606
Simul_+0deg,0,206.63998413,153.35998535,180.00000000,-7.89738226
Simul_+0deg,0,206.99998474,152.99998474,180.00000000,-7.76470423
Simul_+0deg,0,207.35998535,152.63999939,180.00000000,-7.55396271
Simul_+0deg,0,207.71998596,152.27998352,180.00000000,-7.27608585
Simul_+0deg,0,208.07998657,151.91998291,180.00000000,-7.04480696
Simul_+0deg,0,208.43998718,151.55999756,180.00000000,-7.08803892
Simul_+0deg,0,208.79998779,151.19998169,180.00000000,-7.03028965
Simul_+0deg,0,209.15998840,150.83999634,180.00000000,-6.87548447
Simul_+0deg,0,209.51998901,150.47998047,180.00000000,-6.63353682
Simul_+0deg,0,209.87998962,150.11999512,180.00000000,-6.31843042
Simul_+0deg,0,210.23999023,149.75999451,180.00000000,-6.44497490
Simul_+0deg,0,210.59999084,149.39997864,180.00000000,-6.73569441
Simul_+0deg,0,210.95999146,149.03999329,180.00000000,-6.91547155
Simul_+0deg,0,211.31999207,148.67999268,180.00000000,-6.96955919
Simul_+0deg,0,211.67997742,148.31999207,180.00000000,-6.89322424
Simul_+0deg,0,212.03999329,147.95999146,180.00000000,-6.78693867
Simul_+0deg,0,212.39999390,147.59999084,180.00000000,-7.35539246
Simul_+0deg,0,212.75997925,147.23999023,180.00000000,-7.85737085
Simul_+0deg,0,213.11999512,146.88000488,180.00000000,-8.25793839
Simul_+0deg,0,213.47998047,146.51998901,180.00000000,-8.52141190
Simul_+0deg,0,213.83998108,146.15998840,180.00000000,-8.61988640
Simul_+0deg,0,214.19999695,145.79998779,180.00000000,-8.90574265
Simul_+0deg,0,214.55998230,145.43998718,180.00000000,-9.39702320
Simul_+0deg,0,214.91999817,145.07998657,180.00000000,-9.80289650
Simul_+0deg,0,215.27998352,144.72000122,180.00000000,-10.09202194
Simul_+0deg,0,215.63998413,144.35998535,180.00000000,-10.23769474
Simul_+0deg,0,216.00000000,143.99998474,180.00000000,-10.22482300
Simul_+0deg,0,216.35998535,143.63998413,180.00000000,-10.49321556
Simul_+0deg,0,216.71998596,143.27998352,180.00000000,-10.65315056
Simul_+0deg,0,217.07998657,142.91999817,180.00000000,-10.69188499
Simul_+0deg,0,217.43998718,142.55998230,180.00000000,-10.60618591
Simul_+0deg,0,217.79998779,142.19998169,180.00000000,-10.40312958
Simul_+0deg,0,218.15998840,141.83999634,180.00000000,-10.34735775
Simul_+0deg,0,218.51998901,141.47998047,180.00000000,-10.48720932
Simul_+0deg,0,218.87998962,141.11999512,180.00000000,-10.49330807
Simul_+0deg,0,219.23999023,140.75997925,180.00000000,-10.36510372
Simul_+0deg,0,219.59997559,140.39999390,180.00000000,-10.11392117
Simul_+0deg,0,219.95999146,140.03999329,180.00000000,-9.75987053
Simul_+0deg,0,220.31999207,139.67997742,180.00000000,-9.91195774
Simul_+0deg,0,220.67997742,139.32000732,180.00000000,-10.02717113
Simul_+0deg,0,221.03999329,138.95999146,180.00000000,-10.02142143
Simul_+0deg,0,221.39997864,138.60000610,180.00000000,-9.89518070
Simul_+0deg,0,221.75999451,138.23999023,180.00000000,-9.65844250
Simul_+0deg,0,222.11999512,137.87998962,180.00000000,-9.50136375
Simul_+0deg,0,222.47998047,137.51998901,180.00000000,-9.62398815
Simul_+0deg,0,222.83999634,137.15998840,180.00000000,-9.68467617
Simul_+0deg,0,223.19998169,136.79998779,180.00000000,-9.68077374
Simul_+0deg,0,223.55998230,136.43998718,180.00000000,-9.61245441
Simul_+0deg,0,223.91999817,136.07998657,180.00000000,-9.48268700
Simul_+0deg,0,224.27998352,135.72000122,180.00000000,-9.42328262
Simul_+0deg,0,224.63998413,135.36000061,180.00000000,-9.36238194
Simul_+0deg,0,224.99998474,135.00000000,180.00000000,-9.26724911
Simul_+0deg,0,225.35998535,134.63998413,180.00000000,-9.14009094
Simul_+0deg,0,225.71998596,134.28001404,180.00000000,-8.98371887
Simul_+0deg,0,226.07998657,133.91999817,180.00000000,-8.79702187
Simul_+0deg,0,226.43998718,133.55998230,180.00000000,-8.55478477
Simul_+0deg,0,226.79998779,133.20001221,180.00000000,-8.26804733
Simul_+0deg,0,227.15998840,132.83998108,180.00000000,-7.94582844
Simul_+0deg,0,227.51998901,132.47999573,180.00000000,-7.59680700
Simul_+0deg,0,227.87998962,132.11999512,180.00000000,-7.22869015
Simul_+0deg,0,228.23999023,131.75997925,180.00000000,-6.98049831
Simul_+0deg,0,228.59999084,131.40000916,180.00000000,-6.74598646
Simul_+0deg,0,228.95999146,131.03999329,180.00000000,-6.45921469
Simul_+0deg,0,229.31997681,130.67999268,180.00000000,-6.13068819
Simul_+0deg,0,229.67999268,130.31999207,180.00000000,-5.77050877
Simul_+0deg,0,230.03999329,129.95997620,180.00000000,-5.42078066
Simul_+0deg,0,230.39999390,129.59997559,180.00000000,-5.29643297
Simul_+0deg,0,230.75997925,129.24000549,180.00000000,-5.12045956
Simul_+0deg,0,231.11997986,128.87998962,180.00000000,-4.89899206
Simul_+0deg,0,231.47999573,128.51998901,180.00000000,-4.63899231
Simul_+0deg,0,231.83999634,128.15998840,180.00000000,-4.34761524
Simul_+0deg,0,232.19999695,127.79998016,180.00000000,-4.16421366
Simul_+0deg,0,232.55998230,127.43999481,180.00000000,-4.04714394
Simul_+0deg,0,232.91998291,127.07999420,180.00000000,-3.88835526
Simul_+0deg,0,233.27998352,126.71998596,180.00000000,-3.69237065
Simul_+0deg,0,233.63999939,126.35998535,180.00000000,-3.46425676
Simul_+0deg,0,234.00000000,125.99997711,180.00000000,-3.20927238
Simul_+0deg,0,234.35998535,125.63999939,180.00000000,-3.22671127
Simul_+0deg,0,234.71998596,125.27999115,180.00000000,-3.19503164
Simul_+0deg,0,235.07998657,124.91998291,180.00000000,-3.11528397
Simul_+0deg,0,235.44000244,124.55998230,180.00000000,-2.99006414
Simul_+0deg,0,235.79997253,124.20000458,180.00000000,-2.82323408
Simul_+0deg,0,236.15997314,123.84001160,180.00000000,-2.83763647
Simul_+0deg,0,236.51998901,123.47998810,180.00000000,-3.07511854
Simul_+0deg,0,236.87998962,123.11998749,180.00000000,-3.24877357
Simul_+0deg,0,237.23999023,122.75997925,180.00000000,-3.35026622
Simul_+0deg,0,237.59997559,122.40000153,180.00000000,-3.37433934
Simul_+0deg,0,237.95997620,122.03999329,180.00000000,-3.31971145
Simul_+0deg,0,238.31999207,121.68000793,180.00000000,-3.78681064
Simul_+0deg,0,238.67999268,121.31998444,180.00000000,-4.24546909
Simul_+0deg,0,239.03999329,120.95997620,180.00000000,-4.58549452
Simul_+0deg,0,239.39997864,120.59999847,180.00000000,-4.77375174
Simul_+0deg,0,239.75997925,120.23999786,180.00000000,-4.78924799
Simul_+0deg,0,240.11997986,119.87998962,180.00000000,-4.88110399
Simul_+0deg,0,240.47999573,119.51998138,180.00000000,-5.28934574
Simul_+0deg,0,240.83999634,119.15998077,180.00000000,-5.45796919
Simul_+0deg,0,241.19998169,118.80000305,180.00000000,-5.35802174
Simul_+0deg,0,241.55998230,118.43999481,180.00000000,-5.00694704
Simul_+0deg,0,241.91998291,118.07998657,180.00000000,-4.45956421
Simul_+0deg,0,242.27999878,117.71998596,180.00000000,-4.25137949
Simul_+0deg,0,242.63999939,117.35997772,180.00000000,-3.99166584
Simul_+0deg,0,242.99996948,117.00000000,180.00000000,-3.56767416
Simul_+0deg,0,243.35998535,116.63999176,180.00000000,-3.02383900
Simul_+0deg,0,243.71998596,116.27999115,180.00000000,-2.40434861
Simul_+0deg,0,244.07998657,115.91998291,180.00000000,-1.85783994
Simul_+0deg,0,244.44000244,115.55997467,180.00000000,-1.64364910
Simul_+0deg,0,244.79997253,115.19999695,180.00000000,-1.35367179
Simul_+0deg,0,245.15998840,114.83999634,180.00000000,-1.00265455
Simul_+0deg,0,245.51998901,114.47999573,180.00000000,-0.60573232
Simul_+0deg,0,245.87998962,114.11998749,180.00000000,-0.17671400
Simul_+0deg,0,246.24000549,113.75998688,180.00000000,-0.04829481
Simul_+0deg,0,246.59997559,113.40000916,180.00000000,-0.03416450
Simul_+0deg,0,246.95997620,113.04000092,180.00000000,0.03162491
Simul_+0deg,0,247.31999207,112.67999268,180.00000000,0.14677796
Simul_+0deg,0,247.67999268,112.31999207,180.00000000,0.30745924
Simul_+0deg,0,248.03999329,111.95998383,180.00000000,0.44817939
Simul_+0deg,0,248.39997864,111.60000610,180.00000000,0.14171581
Simul_+0deg,0,248.75997925,111.23999786,180.00000000,-0.12129916
Simul_+0deg,0,249.11999512,110.87999725,180.00000000,-0.33119863
Simul_+0deg,0,249.47999573,110.51998901,180.00000000,-0.47921401
Simul_+0deg,0,249.83996582,110.16001129,180.00000000,-0.55856574
Simul_+0deg,0,250.19998169,109.80000305,180.00000000,-0.93180490
Simul_+0deg,0,250.55998230,109.44000244,180.00000000,-1.55321050
Simul_+0deg,0,250.91998291,109.07999420,180.00000000,-2.10866237
Simul_+0deg,0,251.27999878,108.71998596,180.00000000,-2.55689621
Simul_+0deg,0,251.63996887,108.36000824,180.00000000,-2.85419250
Simul_+0deg,0,251.99998474,108.00000763,180.00000000,-2.96546078
Simul_+0deg,0,252.35998535,107.63999939,180.00000000,-3.69429564
Simul_+0deg,0,252.71998596,107.27999115,180.00000000,-4.19556713
Simul_+0deg,0,253.08000183,106.91999054,180.00000000,-4.37110758
Simul_+0deg,0,253.43997192,106.56000519,180.00000000,-4.18038321
Simul_+0deg,0,253.79997253,106.20000458,180.00000000,-3.66726136
Simul_+0deg,0,254.15998840,105.83999634,180.00000000,-3.24779081
Simul_+0deg,0,254.51998901,105.47999573,180.00000000,-2.99097776
Simul_+0deg,0,254.87998962,105.11998749,180.00000000,-2.51423979
Simul_+0deg,0,255.23997498,104.76000977,180.00000000,-1.88293624
Simul_+0deg,0,255.59997559,104.40000153,180.00000000,-1.16150713
Simul_+0deg,0,255.95999146,104.03999329,180.00000000,-0.40053219
Simul_+0deg,0,256.31997681,103.67999268,180.00000000,-0.10762065
Simul_+0deg,0,256.67999268,103.31997681,180.00000000,0.18487966
Simul_+0deg,0,257.03997803,102.95999908,180.00000000,0.52761054
Simul_+0deg,0,257.39999390,102.59999847,180.00000000,0.90822029
Simul_+0deg,0,257.75997925,102.23999786,180.00000000,1.31539762
Simul_+0deg,0,258.11999512,101.87998962,180.00000000,1.57010782
Simul_+0deg,0,258.48001099,101.51998901,180.00000000,1.50565755
Simul_+0deg,0,258.83996582,101.16000366,180.00000000,1.46539319
Simul_+0deg,0,259.19998169,100.79999542,180.00000000,1.44999158
Simul_+0deg,0,259.55999756,100.43999481,180.00000000,1.45972276
Simul_+0deg,0,259.91998291,100.07998657,180.00000000,1.49441886
Simul_+0deg,0,260.27999878,99.71997833,180.00000000,1.16636944
Simul_+0deg,0,260.63998413,99.36000061,180.00000000,0.72099811
Simul_+0deg,0,260.99996948,98.99999237,180.00000000,0.26649293
Simul_+0deg,0,261.35998535,98.63999176,180.00000000,-0.19461574
Simul_+0deg,0,261.72000122,98.27998352,180.00000000,-0.65871805
Simul_+0deg,0,262.07998657,97.92000580,180.00000000,-1.22371888
Simul_+0deg,0,262.43997192,97.56000519,180.00000000,-2.20510769
Simul_+0deg,0,262.79998779,97.19999695,180.00000000,-3.29413462
Simul_+0deg,0,263.16000366,96.83999634,180.00000000,-4.50987673
Simul_+0deg,0,263.51998901,96.47998047,180.00000000,-5.87104797
Simul_+0deg,0,263.87997437,96.12000275,180.00000000,-7.38425016
Simul_+0deg,0,264.23999023,95.76000214,180.00000000,-9.34794140
Simul_+0deg,0,264.59997559,95.39999390,180.00000000,-11.80750847
Simul_+0deg,0,264.95999146,95.03999329,180.00000000,-14.32201576
Simul_+0deg,0,265.32000732,94.67998505,180.00000000,-15.34152603
Simul_+0deg,0,265.67996216,94.31999969,180.00000000,-13.69059181
Simul_+0deg,0,266.03997803,93.95999908,180.00000000,-11.20292664
Simul_+0deg,0,266.39999390,93.59999084,180.00000000,-9.54034710
Simul_+0deg,0,266.75997925,93.23999023,180.00000000,-8.00265694
Simul_+0deg,0,267.11999512,92.87998962,180.00000000,-6.62562609
Simul_+0deg,0,267.47998047,92.52001190,180.00000000,-5.39926720
Simul_+0deg,0,267.83996582,92.16000366,180.00000000,-4.30290699
Simul_+0deg,0,268.19998169,91.79999542,180.00000000,-3.67503524
Simul_+0deg,0,268.55999756,91.43999481,180.00000000,-3.36360407
Simul_+0deg,0,268.91998291,91.07998657,180.00000000,-3.06094766
Simul_+0deg,0,269.27996826,90.72000885,180.00000000,-2.76675081
Simul_+0deg,0,269.63998413,90.36000061,180.00000000,-2.48062038
Simul_+0deg,0,270.00000000,90.00000000,180.00000000,-2.20228052
Simul_+0deg,0,270.35998535,89.63999176,180.00000000,-2.57520700
Simul_+0deg,0,270.72000122,89.27998352,180.00000000,-2.96357846
Simul_+0deg,0,271.07998657,88.92000580,180.00000000,-3.36851382
Simul_+0deg,0,271.43997192,88.56000519,180.00000000,-3.79141283
Simul_+0deg,0,271.79998779,88.19999695,180.00000000,-4.23365927
Simul_+0deg,0,272.16000366,87.83998871,180.00000000,-5.01233816
Simul_+0deg,0,272.51998901,87.47998810,180.00000000,-6.30693817
Simul_+0deg,0,272.87997437,87.12001038,180.00000000,-7.79313183
Simul_+0deg,0,273.23999023,86.76000214,180.00000000,-9.51414108
Simul_+0deg,0,273.59997559,86.39999390,180.00000000,-11.49339771
Simul_+0deg,0,273.95999146,86.03999329,180.00000000,-13.62337112
Simul_+0deg,0,274.32000732,85.67998505,180.00000000,-16.15151978
Simul_+0deg,0,274.67996216,85.32000732,180.00000000,-15.92157936
Simul_+0deg,0,275.03997803,84.95999908,180.00000000,-13.14564896
Simul_+0deg,0,275.39999390,84.59999847,180.00000000,-10.31868172
Simul_+0deg,0,275.75997925,84.23998260,180.00000000,-7.98723888
Simul_+0deg,0,276.11996460,83.88000488,180.00000000,-6.19379711
Simul_+0deg,0,276.47998047,83.52000427,180.00000000,-4.84194231
Simul_+0deg,0,276.83999634,83.16000366,180.00000000,-3.62965488
Simul_+0deg,0,277.19998169,82.79999542,180.00000000,-2.54140091
Simul_+0deg,0,277.55999756,82.43997955,180.00000000,-1.55934453
Simul_+0deg,0,277.91998291,82.08000183,180.00000000,-0.66751885
Simul_+0deg,0,278.27996826,81.72000885,180.00000000,-0.17235550
Simul_+0deg,0,278.63998413,81.36000061,180.00000000,0.22663802
Simul_+0deg,0,279.00000000,80.99999237,180.00000000,0.62570900
Simul_+0deg,0,279.35998535,80.63999176,180.00000000,1.02189100
Simul_+0deg,0,279.71997070,80.28001404,180.00000000,1.41297710
Simul_+0deg,0,280.07998657,79.91999817,180.00000000,1.69305515
Simul_+0deg,0,280.43997192,79.55998993,180.00000000,1.61863279
Simul_+0deg,0,280.79998779,79.19999695,180.00000000,1.56758475
Simul_+0deg,0,281.16000366,78.83998871,180.00000000,1.54075241
Simul_+0deg,0,281.51995850,78.48001099,180.00000000,1.53858960
Simul_+0deg,0,281.87997437,78.11999512,180.00000000,1.56113207
Simul_+0deg,0,282.23999023,77.75999451,180.00000000,1.27133632
Simul_+0deg,0,282.59997559,77.39999390,180.00000000,0.82982713
Simul_+0deg,0,282.95999146,77.03998566,180.00000000,0.41278359
Simul_+0deg,0,283.31997681,76.68000793,180.00000000,0.03279299
Simul_+0deg,0,283.67999268,76.31999969,180.00000000,-0.29587215
Simul_+0deg,0,284.03997803,75.95999908,180.00000000,-0.62092292
Simul_+0deg,0,284.39999390,75.59999084,180.00000000,-1.40707421
Simul_+0deg,0,284.76000977,75.23999023,180.00000000,-2.14985228
Simul_+0deg,0,285.11996460,74.88000488,180.00000000,-2.79274106
Simul_+0deg,0,285.47998047,74.52000427,180.00000000,-3.26401353
Simul_+0deg,0,285.83999634,74.15999603,180.00000000,-3.49315262
Simul_+0deg,0,286.19998169,73.79999542,180.00000000,-3.87361789
Simul_+0deg,0,286.55999756,73.43998718,180.00000000,-4.33953619
Simul_+0deg,0,286.91998291,73.08000946,180.00000000,-4.47419024
Simul_+0deg,0,287.27996826,72.72000122,180.00000000,-4.24648333
Simul_+0deg,0,287.63998413,72.36000061,180.00000000,-3.70784235
Simul_+0deg,0,288.00000000,71.99999237,180.00000000,-2.95907402
Simul_+0deg,0,288.35998535,71.63998413,180.00000000,-2.86126089
Simul_+0deg,0,288.71997070,71.28000641,180.00000000,-2.58853388
Simul_+0deg,0,289.07998657,70.91999817,180.00000000,-2.17134690
Simul_+0deg,0,289.44000244,70.55999756,180.00000000,-1.64867640
Simul_+0deg,0,289.79998779,70.19998932,180.00000000,-1.05845273
Simul_+0deg,0,290.15997314,69.84001160,180.00000000,-0.72149134
Simul_+0deg,0,290.51998901,69.48000336,180.00000000,-0.68800324
Simul_+0deg,0,290.87997437,69.12000275,180.00000000,-0.58421451
Simul_+0deg,0,291.23999023,68.75999451,180.00000000,-0.41501004
Simul_+0deg,0,291.60000610,68.39998627,180.00000000,-0.18779317
Simul_+0deg,0,291.95996094,68.04000854,180.00000000,0.08846214
Simul_+0deg,0,292.31997681,67.68000793,180.00000000,-0.08633151
Simul_+0deg,0,292.67999268,67.31999969,180.00000000,-0.27969390
Simul_+0deg,0,293.03997803,66.95999146,180.00000000,-0.42362288
Simul_+0deg,0,293.39999390,66.59999084,180.00000000,-0.51282829
Simul_+0deg,0,293.75997925,66.24001312,180.00000000,-0.54381013
Simul_+0deg,0,294.11996460,65.88000488,180.00000000,-0.68095917
Simul_+0deg,0,294.47998047,65.51999664,180.00000000,-1.10941780
Simul_+0deg,0,294.83999634,65.15999603,180.00000000,-1.49612331
Simul_+0deg,0,295.19998169,64.79998779,180.00000000,-1.82492590
Simul_+0deg,0,295.55996704,64.44001007,180.00000000,-2.07908010
Simul_+0deg,0,295.91998291,64.08000183,180.00000000,-2.24351740
Simul_+0deg,0,296.27999878,63.71999741,180.00000000,-2.71739006
Simul_+0deg,0,296.63998413,63.35999298,180.00000000,-3.23545933
Simul_+0deg,0,297.00000000,62.99998856,180.00000000,-3.64981604
Simul_+0deg,0,297.35998535,62.64001083,180.00000000,-3.92240858
Simul_+0deg,0,297.71997070,62.28000259,180.00000000,-4.02333307
Simul_+0deg,0,298.07998657,61.91999817,180.00000000,-4.07843399
Simul_+0deg,0,298.44000244,61.55999374,180.00000000,-4.45055676
Simul_+0deg,0,298.79998779,61.19998932,180.00000000,-4.63512897
Simul_+0deg,0,299.15997314,60.84000778,180.00000000,-4.60692072
Simul_+0deg,0,299.51998901,60.48000336,180.00000000,-4.36994123
Simul_+0deg,0,299.87997437,60.11999893,180.00000000,-3.95570159
Simul_+0deg,0,300.23999023,59.75999069,180.00000000,-3.86356449
Simul_+0deg,0,300.60000610,59.39998627,180.00000000,-3.85750103
Simul_+0deg,0,300.95996094,59.04000854,180.00000000,-3.70644617
Simul_+0deg,0,301.31997681,58.68000412,180.00000000,-3.42470288
Simul_+0deg,0,301.67999268,58.31999207,180.00000000,-3.03614259
Simul_+0deg,0,302.03997803,57.95998383,180.00000000,-2.64066815
Simul_+0deg,0,302.39996338,57.60001373,180.00000000,-2.75486493
Simul_+0deg,0,302.75997925,57.24000549,180.00000000,-2.79172540
Simul_+0deg,0,303.11999512,56.88000107,180.00000000,-2.74925208
Simul_+0deg,0,303.47998047,56.51999283,180.00000000,-2.62972260
Simul_+0deg,0,303.83999634,56.15998840,180.00000000,-2.43928337
Simul_+0deg,0,304.19998169,55.80001068,180.00000000,-2.48446965
Simul_+0deg,0,304.55996704,55.44000244,180.00000000,-2.72727633
Simul_+0deg,0,304.91998291,55.07999802,180.00000000,-2.92838311
Simul_+0deg,0,305.27999878,54.71999359,180.00000000,-3.08114266
Simul_+0deg,0,305.63998413,54.35998917,180.00000000,-3.18001699
Simul_+0deg,0,305.99996948,54.00000763,180.00000000,-3.22116899
Simul_+0deg,0,306.35998535,53.64000702,180.00000000,-3.56436825
Simul_+0deg,0,306.71997070,53.27999878,180.00000000,-3.88957763
Simul_+0deg,0,307.07998657,52.91999054,180.00000000,-4.19022608
Simul_+0deg,0,307.44000244,52.55998993,180.00000000,-4.45908117
Simul_+0deg,0,307.79995728,52.20001221,180.00000000,-4.68854570
Simul_+0deg,0,308.15997314,51.84000397,180.00000000,-4.95401287
Simul_+0deg,0,308.51998901,51.47999573,180.00000000,-5.29774570
Simul_+0deg,0,308.87997437,51.11999130,180.00000000,-5.62074280
Simul_+0deg,0,309.23999023,50.75998688,180.00000000,-5.91586399
Simul_+0deg,0,309.59997559,50.40000916,180.00000000,-6.17530298
Simul_+0deg,0,309.95999146,50.04000473,180.00000000,-6.39113951
Simul_+0deg,0,310.31997681,49.67999649,180.00000000,-6.70610809
Simul_+0deg,0,310.67999268,49.31999207,180.00000000,-7.00887585
Simul_+0deg,0,311.04000854,48.95998383,180.00000000,-7.27386284
Simul_+0deg,0,311.39996338,48.60000610,180.00000000,-7.49243307
Simul_+0deg,0,311.75997925,48.24000168,180.00000000,-7.65651798
Simul_+0deg,0,312.11999512,47.87999725,180.00000000,-7.81923246
Simul_+0deg,0,312.47998047,47.51998901,180.00000000,-8.05344105
Simul_+0deg,0,312.83999634,47.15998840,180.00000000,-8.24162292
Simul_+0deg,0,313.19998169,46.80000687,180.00000000,-8.37705421
Simul_+0deg,0,313.55996704,46.44000244,180.00000000,-8.45446968
Simul_+0deg,0,313.91998291,46.07999420,180.00000000,-8.47067451
Simul_+0deg,0,314.27999878,45.71998978,180.00000000,-8.57126808
Simul_+0deg,0,314.63998413,45.35998535,180.00000000,-8.66268730
Simul_+0deg,0,314.99996948,45.00000763,180.00000000,-8.70154285
Simul_+0deg,0,315.35998535,44.63999557,180.00000000,-8.68641949
Simul_+0deg,0,315.71997070,44.27999115,180.00000000,-8.61787033
Simul_+0deg,0,316.07998657,43.91999054,180.00000000,-8.56744289
Simul_+0deg,0,316.43997192,43.56001282,180.00000000,-8.70168495
Simul_+0deg,0,316.79998779,43.20000839,180.00000000,-8.76953888
Simul_+0deg,0,317.15997314,42.84000015,180.00000000,-8.76781559
Simul_+0deg,0,317.51998901,42.47999191,180.00000000,-8.69659615
Simul_+0deg,0,317.88000488,42.11998749,180.00000000,-8.55920982
Simul_+0deg,0,318.23995972,41.76001358,180.00000000,-8.67588902
Simul_+0deg,0,318.59997559,41.40000534,180.00000000,-8.87276840
Simul_+0deg,0,318.95999146,41.03999710,180.00000000,-8.97845364
Simul_+0deg,0,319.31997681,40.67998886,180.00000000,-8.98605728
Simul_+0deg,0,319.67999268,40.31998444,180.00000000,-8.89506531
Simul_+0deg,0,320.03997803,39.96000671,180.00000000,-8.77281952
Simul_+0deg,0,320.39996338,39.60000229,180.00000000,-9.05754185
Simul_+0deg,0,320.75997925,39.23999786,180.00000000,-9.24822521
Simul_+0deg,0,321.11999512,38.87999344,180.00000000,-9.33140659
Simul_+0deg,0,321.47998047,38.51998520,180.00000000,-9.30077457
Simul_+0deg,0,321.83996582,38.16000748,180.00000000,-9.15870285
Simul_+0deg,0,322.19998169,37.80000687,180.00000000,-9.20607948
Simul_+0deg,0,322.55999756,37.43999481,180.00000000,-9.38375282
Simul_+0deg,0,322.91998291,37.07999039,180.00000000,-9.44617653
Simul_+0deg,0,323.27999878,36.71998215,180.00000000,-9.38833714
Simul_+0deg,0,323.63998413,36.36000443,180.00000000,-9.21490574
Simul_+0deg,0,323.99996948,36.00000381,180.00000000,-8.93901730
Simul_+0deg,0,324.35998535,35.63999557,180.00000000,-9.05375576
Simul_+0deg,0,324.72000122,35.27999115,180.00000000,-9.02210426
Simul_+0deg,0,325.07998657,34.91998672,180.00000000,-8.84717655
Simul_+0deg,0,325.43997192,34.56000900,180.00000000,-8.54532719
Simul_+0deg,0,325.79998779,34.20000076,180.00000000,-8.14140892
Simul_+0deg,0,326.15997314,33.83999634,180.00000000,-7.93751669
Simul_+0deg,0,326.51998901,33.47999191,180.00000000,-7.94736004
Simul_+0deg,0,326.88000488,33.11998367,180.00000000,-7.80236912
Simul_+0deg,0,327.23995972,32.76000214,180.00000000,-7.51724148
Simul_+0deg,0,327.59997559,32.40000534,180.00000000,-7.11775398
Simul_+0deg,0,327.95999146,32.03999710,180.00000000,-6.63409901
Simul_+0deg,0,328.31997681,31.67999268,180.00000000,-6.74672508
Simul_+0deg,0,328.67999268,31.31998444,180.00000000,-6.82635260
Simul_+0deg,0,329.03997803,30.96000671,180.00000000,-6.78137302
Simul_+0deg,0,329.39999390,30.60000420,180.00000000,-6.61554575
Simul_+0deg,0,329.75997925,30.23999786,180.00000000,-6.34201050
Simul_+0deg,0,330.11999512,29.87998581,180.00000000,-6.21463728
Simul_+0deg,0,330.47998047,29.52001190,180.00000000,-6.48398685
Simul_+0deg,0,330.83996582,29.16000557,180.00000000,-6.67192984
Simul_+0deg,0,331.19998169,28.80000305,180.00000000,-6.76690483
Simul_+0deg,0,331.55999756,28.43999672,180.00000000,-6.76263332
Simul_+0deg,0,331.91998291,28.07998657,180.00000000,-6.65940332
Simul_+0deg,0,332.27996826,27.72001266,180.00000000,-6.90142345
Simul_+0deg,0,332.63998413,27.36000633,180.00000000,-7.20436764
Simul_+0deg,0,332.99996948,26.99999809,180.00000000,-7.43198442
Simul_+0deg,0,333.35998535,26.63999557,180.00000000,-7.57090473
Simul_+0deg,0,333.72000122,26.27998543,180.00000000,-7.61215401
Simul_+0deg,0,334.07995605,25.92000771,180.00000000,-7.67726851
Simul_+0deg,0,334.43997192,25.56000137,180.00000000,-8.09862804
Simul_+0deg,0,334.79998779,25.19999886,180.00000000,-8.43548679
Simul_+0deg,0,335.15997314,24.83999062,180.00000000,-8.66376114
Simul_+0deg,0,335.51998901,24.47998619,180.00000000,-8.76450825
Simul_+0deg,0,335.87997437,24.12000656,180.00000000,-8.72863102
Simul_+0deg,0,336.23999023,23.76000595,180.00000000,-9.05427742
Simul_+0deg,0,336.59997559,23.39999390,180.00000000,-9.53086376
Simul_+0deg,0,336.95999146,23.03999329,180.00000000,-9.88188934
Simul_+0deg,0,337.32000732,22.67998886,180.00000000,-10.07104778
Simul_+0deg,0,337.67996216,22.32000923,180.00000000,-10.07584763
Simul_+0deg,0,338.03997803,21.96000481,180.00000000,-9.98952103
Simul_+0deg,0,338.39999390,21.59999657,180.00000000,-10.52871132
Simul_+0deg,0,338.75997925,21.23999405,180.00000000,-10.95125580
Simul_+0deg,0,339.11999512,20.87998390,180.00000000,-11.21385479
Simul_+0deg,0,339.47998047,20.52000618,180.00000000,-11.28437805
Simul_+0deg,0,339.83996582,20.16000557,180.00000000,-11.15345478
Simul_+0deg,0,340.19998169,19.79999924,180.00000000,-11.31254673
Simul_+0deg,0,340.55999756,19.43998718,180.00000000,-11.72356701
Simul_+0deg,0,340.91998291,19.07998276,180.00000000,-11.98544312
Simul_+0deg,0,341.27996826,18.72000694,180.00000000,-12.06821060
Simul_+0deg,0,341.63998413,18.36000061,180.00000000,-11.96154118
Simul_+0deg,0,341.99996948,17.99999428,180.00000000,-11.67868042
Simul_+0deg,0,342.35998535,17.63998985,180.00000000,-12.06473827
Simul_+0deg,0,342.71997070,17.28000641,180.00000000,-12.30664635
Simul_+0deg,0,343.07998657,16.92000771,180.00000000,-12.37794018
Simul_+0deg,0,343.43997192,16.56000137,180.00000000,-12.27014446
Simul_+0deg,0,343.79998779,16.19999313,180.00000000,-11.99592113
Simul_+0deg,0,344.16000366,15.83998680,180.00000000,-11.96807098
Simul_+0deg,0,344.51995850,15.48001671,180.00000000,-12.31048393
Simul_+0deg,0,344.87997437,15.12000275,180.00000000,-12.52456760
Simul_+0deg,0,345.23999023,14.75999737,180.00000000,-12.58962059
Simul_+0deg,0,345.59997559,14.39999866,180.00000000,-12.49891090
Simul_+0deg,0,345.95999146,14.03999138,180.00000000,-12.26177216
Simul_+0deg,0,346.31997681,13.68000603,180.00000000,-12.66662598
Simul_+0deg,0,346.67996216,13.32001305,180.00000000,-13.09298515
Simul_+0deg,0,347.03997803,12.95999718,180.00000000,-13.41978550
Simul_+0deg,0,347.39999390,12.59998798,180.00000000,-13.62011909
Simul_+0deg,0,347.75997925,12.23998928,180.00000000,-13.67509079
Simul_+0deg,0,348.11996460,11.88000298,180.00000000,-13.82651234
Simul_+0deg,0,348.47998047,11.51999664,180.00000000,-14.36380482
Simul_+0deg,0,348.83996582,11.15999031,180.00000000,-14.77615833
Simul_+0deg,0,349.19998169,10.79998875,180.00000000,-15.01904297
Simul_+0deg,0,349.55999756,10.43999195,180.00000000,-15.06141853
Simul_+0deg,0,349.91998291,10.08000946,180.00000000,-14.89748478
Simul_+0deg,0,350.27996826,9.72000504,180.00000000,-15.22729492
Simul_+0deg,0,350.63998413,9.36000347,180.00000000,-15.47078609
Simul_+0deg,0,351.00000000,8.99999142,180.00000000,-15.37551975
Simul_+0deg,0,351.35998535,8.63999653,180.00000000,-14.96235943
Simul_+0deg,0,351.71997070,8.28000641,180.00000000,-14.31116962
Simul_+0deg,0,352.07998657,7.92000675,180.00000000,-13.72386837
Simul_+0deg,0,352.43997192,7.56000662,180.00000000,-13.63768005
Simul_+0deg,0,352.79998779,7.19998980,180.00000000,-13.27063084
Simul_+0deg,0,353.16000366,6.83999729,180.00000000,-12.68630600
Simul_+0deg,0,353.51995850,6.48001719,180.00000000,-11.96406364
Simul_+0deg,0,353.87997437,6.12000370,180.00000000,-11.17282295
Simul_+0deg,0,354.23999023,5.76000357,180.00000000,-10.77589607
Simul_+0deg,0,354.59997559,5.40000391,180.00000000,-10.48986530
Simul_+0deg,0,354.95999146,5.03998899,180.00000000,-10.10881329
Simul_+0deg,0,355.31997681,4.68002319,180.00000000,-9.65715027
Simul_+0deg,0,355.67999268,4.32001114,180.00000000,-9.15772629
Simul_+0deg,0,356.03997803,3.95997524,180.00000000,-8.66482925
Simul_+0deg,0,356.39999390,3.59999967,180.00000000,-8.41606903
Simul_+0deg,0,356.75997925,3.24002767,180.00000000,-8.12540150
Simul_+0deg,0,357.11996460,2.87997603,180.00000000,-7.80151272
Simul_+0deg,0,357.47998047,2.52002597,180.00000000,-7.45279408
Simul_+0deg,0,357.83999634,2.16002965,180.00000000,-7.08642006
Simul_+0deg,0,358.19998169,1.79994082,180.00000000,-6.81737709
Simul_+0deg,0,358.55996704,1.44007802,180.00000000,-6.60276508
Simul_+0deg,0,358.91998291,1.07992160,180.00000000,-6.35353851
Simul_+0deg,0,359.27996826,0.72009277,180.00000000,-6.07630157
Simul_+0deg,0,359.63998413,0.35990870,180.00000000,-5.77646160
Simul_+15deg,15,0.00000000,0.00000000,0.00000000,-2.44250560
Simul_+15deg,15,0.35999998,0.35990870,0.00000000,-2.54933953
Simul_+15deg,15,0.71999997,0.72009277,0.00000000,-2.64965510
Simul_+15deg,15,1.07999992,1.07992160,0.00000000,-2.74274921
Simul_+15deg,15,1.43999994,1.43994224,0.00000000,-2.82825089
Simul_+15deg,15,1.79999995,1.80004954,0.00000000,-2.90562868
Simul_+15deg,15,2.15999985,2.16002965,0.00000000,-3.02113962
Simul_+15deg,15,2.51999998,2.52002597,0.00000000,-3.19392633
Simul_+15deg,15,2.87999988,2.87997603,0.00000000,-3.36841130
Simul_+15deg,15,3.23999977,3.24002767,0.00000000,-3.54458809
Simul_+15deg,15,3.59999990,3.59999967,0.00000000,-3.72227383
Simul_+15deg,15,3.95999956,3.95997524,0.00000000,-3.90139246
Simul_+15deg,15,4.31999969,4.32001114,0.00000000,-4.04114771
Simul_+15deg,15,4.67999983,4.67998075,0.00000000,-4.17696190
Simul_+15deg,15,5.03999996,5.03998899,0.00000000,-4.31393671
Simul_+15deg,15,5.39999962,5.40000391,0.00000000,-4.45203257
Simul_+15deg,15,5.75999975,5.76000357,0.00000000,-4.59120464
Simul_+15deg,15,6.11999989,6.12000370,0.00000000,-4.71565914
Simul_+15deg,15,6.47999954,6.47998667,0.00000000,-4.80767918
Simul_+15deg,15,6.83999968,6.83999729,0.00000000,-4.89770555
Simul_+15deg,15,7.19999981,7.19998980,0.00000000,-4.98555946
Simul_+15deg,15,7.55999947,7.56000662,0.00000000,-5.07107496
Simul_+15deg,15,7.91999912,7.92000675,0.00000000,-5.15406847
Simul_+15deg,15,8.27999973,8.28000641,0.00000000,-5.14493895
Simul_+15deg,15,8.63999939,8.63999653,0.00000000,-5.10250950
Simul_+15deg,15,9.00000000,8.99999142,0.00000000,-5.05192947
Simul_+15deg,15,9.35999966,9.36000347,0.00000000,-4.99348640
Simul_+15deg,15,9.72000027,9.72000504,0.00000000,-4.92750502
Simul_+15deg,15,10.07999992,10.07999039,0.00000000,-4.81494761
Simul_+15deg,15,10.43999863,10.43999195,0.00000000,-4.56301737
Simul_+15deg,15,10.79999924,10.80000591,0.00000000,-4.31342268
Simul_+15deg,15,11.15999889,11.15999031,0.00000000,-4.06658077
Simul_+15deg,15,11.51999950,11.51999664,0.00000000,-3.82275581
Simul_+15deg,15,11.87999916,11.88000298,0.00000000,-3.58220339
Simul_+15deg,15,12.23999977,12.24000549,0.00000000,-3.33105850
Simul_+15deg,15,12.59999943,12.60000420,0.00000000,-3.07867432
Simul_+15deg,15,12.95999908,12.95999718,0.00000000,-2.83233047
Simul_+15deg,15,13.31999969,13.31999779,0.00000000,-2.59180212
Simul_+15deg,15,13.67999935,13.68000603,0.00000000,-2.35688019
Simul_+15deg,15,14.03999901,14.04000568,0.00000000,-2.12950325
Simul_+15deg,15,14.39999962,14.39999866,0.00000000,-1.92365146
Simul_+15deg,15,14.75999832,14.75999737,0.00000000,-1.72148299
Simul_+15deg,15,15.11999893,15.12000275,0.00000000,-1.52292943
Simul_+15deg,15,15.47999954,15.48000336,0.00000000,-1.32791853
Simul_+15deg,15,15.83999825,15.84000015,0.00000000,-1.13637185
Simul_+15deg,15,16.19999886,16.19999313,0.00000000,-0.94678229
Simul_+15deg,15,16.55999947,16.56000137,0.00000000,-0.75860012
Simul_+15deg,15,16.92000008,16.91999626,0.00000000,-0.57279909
Simul_+15deg,15,17.27999878,17.27999496,0.00000000,-0.38940287
Simul_+15deg,15,17.63999939,17.64000320,0.00000000,-0.20842996
Simul_+15deg,15,18.00000000,17.99999428,0.00000000,-0.02990264
Simul_+15deg,15,18.35999870,18.36000061,0.00000000,0.07780277
Simul_+15deg,15,18.71999931,18.71999741,0.00000000,0.18728480
Simul_+15deg,15,19.07999992,19.08000183,0.00000000,0.29835093
Simul_+15deg,15,19.44000053,19.43999863,0.00000000,0.41081011
Simul_+15deg,15,19.79999924,19.79999924,0.00000000,0.52449119
Simul_+15deg,15,20.15999985,20.15999603,0.00000000,0.59685344
Simul_+15deg,15,20.51999855,20.51999664,0.00000000,0.61789834
Simul_+15deg,15,20.87999725,20.88000298,0.00000000,0.64083004
Simul_+15deg,15,21.23999786,21.24000168,0.00000000,0.66561729
Simul_+15deg,15,21.59999847,21.59999657,0.00000000,0.69222480
Simul_+15deg,15,21.95999908,21.95999527,0.00000000,0.72062141
Simul_+15deg,15,22.31999779,22.31999969,0.00000000,0.74438739
Simul_+15deg,15,22.67999840,22.67999649,0.00000000,0.76811600
Simul_+15deg,15,23.03999901,23.04000282,0.00000000,0.79253781
Simul_+15deg,15,23.39999771,23.39999390,0.00000000,0.81763935
Simul_+15deg,15,23.75999832,23.75999641,0.00000000,0.84340882
Simul_+15deg,15,24.11999893,24.11999702,0.00000000,0.87385368
Simul_+15deg,15,24.47999954,24.48000336,0.00000000,0.91316199
Simul_+15deg,15,24.83999825,24.84000015,0.00000000,0.95335537
Simul_+15deg,15,25.19999886,25.19999886,0.00000000,0.99440861
Simul_+15deg,15,25.55999947,25.56000137,0.00000000,1.03629279
Simul_+15deg,15,25.91999817,25.92000008,0.00000000,1.07898104
Simul_+15deg,15,26.27999878,26.28000259,0.00000000,1.05931866
Simul_+15deg,15,26.63999939,26.63999557,0.00000000,1.02305293
Simul_+15deg,15,27.00000000,26.99999809,0.00000000,0.98833811
Simul_+15deg,15,27.35999870,27.35999870,0.00000000,0.95521677
Simul_+15deg,15,27.71999931,27.71999931,0.00000000,0.92372584
Simul_+15deg,15,28.07999802,28.08000183,0.00000000,0.87333846
Simul_+15deg,15,28.43999863,28.43999672,0.00000000,0.75105000
Simul_+15deg,15,28.79999924,28.80000305,0.00000000,0.62780190
Simul_+15deg,15,29.15999794,29.15999794,0.00000000,0.50362247
Simul_+15deg,15,29.51999664,29.51999664,0.00000000,0.37852779
Simul_+15deg,15,29.87999916,29.88000298,0.00000000,0.25254506
Simul_+15deg,15,30.23999786,30.23999786,0.00000000,0.11454664
Simul_+15deg,15,30.59999657,30.59999657,0.00000000,-0.03079023
Simul_+15deg,15,30.95999908,30.95999908,0.00000000,-0.17810190
Simul_+15deg,15,31.31999779,31.31999779,0.00000000,-0.32741788
Simul_+15deg,15,31.67999649,31.67999268,0.00000000,-0.47876772
Simul_+15deg,15,32.03999710,32.03999710,0.00000000,-0.63483667
Simul_+15deg,15,32.39999771,32.39999771,0.00000000,-0.81431174
Simul_+15deg,15,32.75999832,32.75999832,0.00000000,-0.99608731
Simul_+15deg,15,33.11999893,33.11999893,0.00000000,-1.18013394
Simul_+15deg,15,33.47999573,33.47999573,0.00000000,-1.36640453
Simul_+15deg,15,33.84000015,33.83999634,0.00000000,-1.55483794
Simul_+15deg,15,34.19999695,34.20000076,0.00000000,-1.80233479
Simul_+15deg,15,34.55999756,34.56000137,0.00000000,-2.10100126
Simul_+15deg,15,34.91999817,34.92000198,0.00000000,-2.40624475
Simul_+15deg,15,35.27999878,35.27999878,0.00000000,-2.71791983
Simul_+15deg,15,35.63999557,35.63999557,0.00000000,-3.03579140
Simul_+15deg,15,36.00000000,36.00000000,0.00000000,-3.35947275
Simul_+15deg,15,36.35999680,36.36000061,0.00000000,-3.79750490
Simul_+15deg,15,36.71999741,36.71999359,0.00000000,-4.24775314
Simul_+15deg,15,37.07999802,37.07999420,0.00000000,-4.70902967
Simul_+15deg,15,37.43999863,37.43999481,0.00000000,-5.17932463
Simul_+15deg,15,37.79999542,37.79999161,0.00000000,-5.65560913
Simul_+15deg,15,38.15999985,38.15999985,0.00000000,-6.14691830
Simul_+15deg,15,38.51999664,38.51999664,0.00000000,-6.64579296
Simul_+15deg,15,38.88000107,38.88000107,0.00000000,-7.12213516
Simul_+15deg,15,39.23999786,39.23999786,0.00000000,-7.56046820
Simul_+15deg,15,39.59999847,39.59999847,0.00000000,-7.94229460
Simul_+15deg,15,39.95999908,39.95999527,0.00000000,-8.24739552
Simul_+15deg,15,40.31999969,40.31999969,0.00000000,-8.43415451
Simul_+15deg,15,40.67999649,40.67999649,0.00000000,-8.50603294
Simul_+15deg,15,41.03999710,41.03999710,0.00000000,-8.46004295
Simul_+15deg,15,41.39999771,41.39999390,0.00000000,-8.29983044
Simul_+15deg,15,41.75999451,41.75999451,0.00000000,-8.03741837
Simul_+15deg,15,42.11999893,42.11999893,0.00000000,-7.71020699
Simul_+15deg,15,42.47999573,42.47999573,0.00000000,-7.36547232
Simul_+15deg,15,42.83999634,42.83999634,0.00000000,-6.98183918
Simul_+15deg,15,43.19999695,43.19999695,0.00000000,-6.57095385
Simul_+15deg,15,43.55999756,43.55999756,0.00000000,-6.14270401
Simul_+15deg,15,43.91999817,43.91999817,0.00000000,-5.70511627
Simul_+15deg,15,44.27999878,44.27999878,0.00000000,-5.39524603
Simul_+15deg,15,44.63999557,44.63999557,0.00000000,-5.11821747
Simul_+15deg,15,45.00000000,45.00000000,0.00000000,-4.83796549
Simul_+15deg,15,45.35999680,45.35999680,0.00000000,-4.55612707
Simul_+15deg,15,45.71999741,45.71999741,0.00000000,-4.27405596
Simul_+15deg,15,46.07999802,46.07999802,0.00000000,-4.04281330
Simul_+15deg,15,46.43999863,46.43999863,0.00000000,-3.98345661
Simul_+15deg,15,46.79999542,46.79999542,0.00000000,-3.91854787
Simul_+15deg,15,47.15999985,47.15999985,0.00000000,-3.84834433
Simul_+15deg,15,47.51999664,47.52000046,0.00000000,-3.77311254
Simul_+15deg,15,47.87999725,47.87999725,0.00000000,-3.69313502
Simul_+15deg,15,48.23999786,48.23999786,0.00000000,-3.77081442
Simul_+15deg,15,48.59999847,48.59999847,0.00000000,-3.92562032
Simul_+15deg,15,48.95999908,48.96000290,0.00000000,-4.07600307
Simul_+15deg,15,49.31999588,49.31999588,0.00000000,-4.22128010
Simul_+15deg,15,49.67999649,49.67999649,0.00000000,-4.36075115
Simul_+15deg,15,50.03999710,50.03999710,0.00000000,-4.51654291
Simul_+15deg,15,50.39999771,50.39999771,0.00000000,-4.85334206
Simul_+15deg,15,50.75999451,50.75999832,0.00000000,-5.19108057
Simul_+15deg,15,51.11999893,51.11999893,0.00000000,-5.52769232
Simul_+15deg,15,51.47999573,51.47999573,0.00000000,-5.86062050
Simul_+15deg,15,51.83999634,51.84000015,0.00000000,-6.18672562
Simul_+15deg,15,52.19999695,52.19999695,0.00000000,-6.51174068
Simul_+15deg,15,52.55999756,52.55999756,0.00000000,-6.82479143
Simul_+15deg,15,52.91999435,52.91999817,0.00000000,-7.11043835
Simul_+15deg,15,53.27999878,53.27999878,0.00000000,-7.36136436
Simul_+15deg,15,53.63999557,53.63999557,0.00000000,-7.57012463
Simul_+15deg,15,54.00000000,54.00000000,0.00000000,-7.72970390
Simul_+15deg,15,54.35999680,54.35999680,0.00000000,-7.53093004
Simul_+15deg,15,54.71999741,54.71999741,0.00000000,-7.27581501
Simul_+15deg,15,55.07999802,55.07999802,0.00000000,-6.97421122
Simul_+15deg,15,55.43999863,55.43999863,0.00000000,-6.63612080
Simul_+15deg,15,55.79999542,55.79999924,0.00000000,-6.27094173
Simul_+15deg,15,56.15999603,56.15999603,0.00000000,-5.75923061
Simul_+15deg,15,56.51999664,56.51999664,0.00000000,-5.08368444
Simul_+15deg,15,56.87999725,56.87999725,0.00000000,-4.41892624
Simul_+15deg,15,57.23999786,57.23999786,0.00000000,-3.77342272
Simul_+15deg,15,57.59999847,57.59999847,0.00000000,-3.15172458
Simul_+15deg,15,57.95999908,57.95999908,0.00000000,-2.55587721
Simul_+15deg,15,58.31999588,58.31999588,0.00000000,-1.81409419
Simul_+15deg,15,58.67999649,58.67999649,0.00000000,-1.07175612
Simul_+15deg,15,59.03999329,59.03999329,0.00000000,-0.35840437
Simul_+15deg,15,59.39999390,59.39999390,0.00000000,0.32207444
Simul_+15deg,15,59.75999832,59.75999832,0.00000000,0.96872532
Simul_+15deg,15,60.11999893,60.11999893,0.00000000,1.63229167
Simul_+15deg,15,60.47999573,60.47999573,0.00000000,2.36438775
Simul_+15deg,15,60.83999634,60.83999634,0.00000000,3.06226969
Simul_+15deg,15,61.19999313,61.19999313,0.00000000,3.72476101
Simul_+15deg,15,61.56000137,61.56000137,0.00000000,4.35253096
Simul_+15deg,15,61.91999817,61.91999817,0.00000000,4.94714069
Simul_+15deg,15,62.27999878,62.27999878,0.00000000,5.58781433
Simul_+15deg,15,62.63999557,62.63999557,0.00000000,6.21633482
Simul_+15deg,15,62.99999619,62.99999619,0.00000000,6.81164551
Simul_+15deg,15,63.35999298,63.35999298,0.00000000,7.37579823
Simul_+15deg,15,63.71999741,63.71999741,0.00000000,7.91099167
Simul_+15deg,15,64.07999420,64.07999420,0.00000000,8.42748737
Simul_+15deg,15,64.43999481,64.43999481,0.00000000,8.94582176
Simul_+15deg,15,64.79999542,64.79999542,0.00000000,9.43855381
Simul_+15deg,15,65.15999603,65.15999603,0.00000000,9.90769100
Simul_+15deg,15,65.51999664,65.51999664,0.00000000,10.35509586
Simul_+15deg,15,65.87999725,65.87999725,0.00000000,10.78246498
Simul_+15deg,15,66.23999786,66.23999786,0.00000000,11.17859840
Simul_+15deg,15,66.59999847,66.59999847,0.00000000,11.55201912
Simul_+15deg,15,66.95999146,66.95999146,0.00000000,11.91050053
Simul_+15deg,15,67.31999207,67.31999207,0.00000000,12.25514889
Simul_+15deg,15,67.68000031,67.68000031,0.00000000,12.58698845
Simul_+15deg,15,68.04000092,68.04000092,0.00000000,12.90121937
Simul_+15deg,15,68.39999390,68.39999390,0.00000000,13.16076279
Simul_+15deg,15,68.75999451,68.75999451,0.00000000,13.41296101
Simul_+15deg,15,69.11999512,69.11999512,0.00000000,13.65818977
Simul_+15deg,15,69.47999573,69.47999573,0.00000000,13.89682865
Simul_+15deg,15,69.83999634,69.83999634,0.00000000,14.12921810
Simul_+15deg,15,70.19999695,70.19999695,0.00000000,14.32429886
Simul_+15deg,15,70.55999756,70.55999756,0.00000000,14.49198341
Simul_+15deg,15,70.91999817,70.91999817,0.00000000,14.65826893
Simul_+15deg,15,71.27999115,71.27999115,0.00000000,14.82307625
Simul_+15deg,15,71.63999939,71.63999939,0.00000000,14.98634243
Simul_+15deg,15,72.00000000,72.00000000,0.00000000,15.14801025
Simul_+15deg,15,72.36000061,72.36000061,0.00000000,15.25912094
Simul_+15deg,15,72.71999359,72.71999359,0.00000000,15.37293243
Simul_+15deg,15,73.07999420,73.07999420,0.00000000,15.48916340
Simul_+15deg,15,73.43999481,73.43999481,0.00000000,15.60755157
Simul_+15deg,15,73.79999542,73.79999542,0.00000000,15.72784424
Simul_+15deg,15,74.15999603,74.15999603,0.00000000,15.82826710
Simul_+15deg,15,74.51999664,74.51999664,0.00000000,15.90545273
Simul_+15deg,15,74.87999725,74.87999725,0.00000000,15.98690605
Simul_+15deg,15,75.23999023,75.23999023,0.00000000,16.07236862
Simul_+15deg,15,75.59999084,75.59999084,0.00000000,16.16157532
Simul_+15deg,15,75.95999908,75.95999908,0.00000000,16.25427246
Simul_+15deg,15,76.31999969,76.31999969,0.00000000,16.29749680
Simul_+15deg,15,76.67999268,76.67999268,0.00000000,16.33793068
Simul_+15deg,15,77.03999329,77.03999329,0.00000000,16.38209343
Simul_+15deg,15,77.39999390,77.39999390,0.00000000,16.42986679
Simul_+15deg,15,77.76000214,77.76000214,0.00000000,16.48113251
Simul_+15deg,15,78.11999512,78.11999512,0.00000000,16.51068115
Simul_+15deg,15,78.47999573,78.47999573,0.00000000,16.49251747
Simul_+15deg,15,78.83999634,78.83999634,0.00000000,16.47639275
Simul_+15deg,15,79.19999695,79.19999695,0.00000000,16.46232986
Simul_+15deg,15,79.55998993,79.55998993,0.00000000,16.45034981
Simul_+15deg,15,79.91999817,79.91999817,0.00000000,16.44046974
Simul_+15deg,15,80.27999878,80.27999878,0.00000000,16.36869431
Simul_+15deg,15,80.63999939,80.63999939,0.00000000,16.27860260
Simul_+15deg,15,80.99999237,80.99999237,0.00000000,16.18823242
Simul_+15deg,15,81.35999298,81.35999298,0.00000000,16.09760475
Simul_+15deg,15,81.72000122,81.72000122,0.00000000,16.00674057
Simul_+15deg,15,82.07999420,82.07999420,0.00000000,15.90027428
Simul_+15deg,15,82.43999481,82.43999481,0.00000000,15.73834515
Simul_+15deg,15,82.79999542,82.79999542,0.00000000,15.57392311
Simul_+15deg,15,83.15999603,83.15999603,0.00000000,15.40696621
Simul_+15deg,15,83.51998901,83.51998901,0.00000000,15.23742771
Simul_+15deg,15,83.87999725,83.87999725,0.00000000,15.06524563
Simul_+15deg,15,84.23999786,84.23999786,0.00000000,14.86546993
Simul_+15deg,15,84.59999847,84.59999847,0.00000000,14.65032387
Simul_+15deg,15,84.95999146,84.95999146,0.00000000,14.43232632
Simul_+15deg,15,85.31999207,85.31999207,0.00000000,14.21159649
Simul_+15deg,15,85.67999268,85.67999268,0.00000000,13.98830032
Simul_+15deg,15,86.04000092,86.04000092,0.00000000,13.76258755
Simul_+15deg,15,86.39999390,86.39999390,0.00000000,13.53484631
Simul_+15deg,15,86.75999451,86.75999451,0.00000000,13.30657482
Simul_+15deg,15,87.11999512,87.11999512,0.00000000,13.07837105
Simul_+15deg,15,87.47999573,87.47999573,0.00000000,12.85093784
Simul_+15deg,15,87.83999634,87.83999634,0.00000000,12.62505341
Simul_+15deg,15,88.19999695,88.19999695,0.00000000,12.40554428
Simul_+15deg,15,88.55999756,88.55999756,0.00000000,12.19062805
Simul_+15deg,15,88.91999817,88.91999817,0.00000000,11.97741508
Simul_+15deg,15,89.27999115,89.27999115,0.00000000,11.76671982
Simul_+15deg,15,89.63999176,89.63999176,0.00000000,11.55947208
Simul_+15deg,15,90.00000000,90.00000000,0.00000000,11.35671711
Simul_+15deg,15,90.35999298,90.35999298,0.00000000,11.12527466
Simul_+15deg,15,90.71999359,90.71999359,0.00000000,10.89231396
Simul_+15deg,15,91.07999420,91.07999420,0.00000000,10.65828514
Simul_+15deg,15,91.43999481,91.43999481,0.00000000,10.42375088
Simul_+15deg,15,91.79999542,91.79999542,0.00000000,10.18933868
Simul_+15deg,15,92.15999603,92.15999603,0.00000000,9.91909122
Simul_+15deg,15,92.51999664,92.51999664,0.00000000,9.59660816
Simul_+15deg,15,92.87999725,92.87999725,0.00000000,9.26467800
Simul_+15deg,15,93.23999023,93.23999023,0.00000000,8.92304707
Simul_+15deg,15,93.59999084,93.59999084,0.00000000,8.57149696
Simul_+15deg,15,93.95999908,93.95999908,0.00000000,8.20992851
Simul_+15deg,15,94.31999969,94.31999969,0.00000000,7.75399923
Simul_+15deg,15,94.67999268,94.67999268,0.00000000,7.26473618
Simul_+15deg,15,95.03999329,95.03999329,0.00000000,6.74991798
Simul_+15deg,15,95.39999390,95.39999390,0.00000000,6.20730639
Simul_+15deg,15,95.75999451,95.75999451,0.00000000,5.63456917
Simul_+15deg,15,96.11999512,96.11999512,0.00000000,5.02538967
Simul_+15deg,15,96.47999573,96.47999573,0.00000000,4.37108612
Simul_+15deg,15,96.83999634,96.83999634,0.00000000,3.67507792
Simul_+15deg,15,97.19999695,97.19999695,0.00000000,2.93453979
Simul_+15deg,15,97.55998993,97.55998993,0.00000000,2.14771414
Simul_+15deg,15,97.91999817,97.91999817,0.00000000,1.31546569
Simul_+15deg,15,98.27999878,98.27999878,0.00000000,0.60567570
Simul_+15deg,15,98.63999176,98.63999176,0.00000000,-0.06637932
Simul_+15deg,15,98.99999237,98.99999237,0.00000000,-0.72777992
Simul_+15deg,15,99.35999298,99.35999298,0.00000000,-1.35314333
Simul_+15deg,15,99.71999359,99.71999359,0.00000000,-1.90717745
Simul_+15deg,15,100.07999420,100.07999420,0.00000000,-2.30148935
Simul_+15deg,15,100.43999481,100.43999481,0.00000000,-2.44939375
Simul_+15deg,15,100.79999542,100.79999542,0.00000000,-2.53779650
Simul_+15deg,15,101.15999603,101.15999603,0.00000000,-2.56293535
Simul_+15deg,15,101.51998901,101.51998901,0.00000000,-2.52371049
Simul_+15deg,15,101.87999725,101.87999725,0.00000000,-2.42183495
Simul_+15deg,15,102.23999786,102.23999786,0.00000000,-2.43858957
Simul_+15deg,15,102.59999847,102.59999847,0.00000000,-2.53142977
Simul_+15deg,15,102.95999146,102.95999146,0.00000000,-2.62028480
Simul_+15deg,15,103.31999207,103.31999207,0.00000000,-2.70487118
Simul_+15deg,15,103.67999268,103.67999268,0.00000000,-2.78488970
Simul_+15deg,15,104.03999329,104.03999329,0.00000000,-2.91134548
Simul_+15deg,15,104.39999390,104.39999390,0.00000000,-3.45724082
Simul_+15deg,15,104.75999451,104.75999451,0.00000000,-4.02290010
Simul_+15deg,15,105.11999512,105.11999512,0.00000000,-4.60601950
Simul_+15deg,15,105.47999573,105.47999573,0.00000000,-5.20238304
Simul_+15deg,15,105.83998871,105.83998871,0.00000000,-5.80481577
Simul_+15deg,15,106.19999695,106.19999695,0.00000000,-6.73347092
Simul_+15deg,15,106.55999756,106.55999756,0.00000000,-7.97798347
Simul_+15deg,15,106.91999054,106.91999054,0.00000000,-9.23430061
Simul_+15deg,15,107.27999115,107.27999115,0.00000000,-10.35692406
Simul_+15deg,15,107.63999176,107.63999176,0.00000000,-11.09100342
Simul_+15deg,15,108.00000000,108.00000000,0.00000000,-11.17441559
Simul_+15deg,15,108.35999298,108.35999298,0.00000000,-11.34017467
Simul_+15deg,15,108.71999359,108.71999359,0.00000000,-10.73010063
Simul_+15deg,15,109.07999420,109.07999420,0.00000000,-9.60429955
Simul_+15deg,15,109.43999481,109.43999481,0.00000000,-8.28312683
Simul_+15deg,15,109.79998779,109.79998779,0.00000000,-6.96005392
Simul_+15deg,15,110.15999603,110.15999603,0.00000000,-6.00053692
Simul_+15deg,15,110.51999664,110.51999664,0.00000000,-5.38145494
Simul_+15deg,15,110.87999725,110.87999725,0.00000000,-4.72915792
Simul_+15deg,15,111.23999023,111.23999023,0.00000000,-4.06737041
Simul_+15deg,15,111.59999084,111.59999084,0.00000000,-3.41186500
Simul_+15deg,15,111.95999908,111.95999908,0.00000000,-2.77231264
Simul_+15deg,15,112.31999207,112.31999207,0.00000000,-2.65843248
Simul_+15deg,15,112.67999268,112.67999268,0.00000000,-2.58215618
Simul_+15deg,15,113.03999329,113.03999329,0.00000000,-2.47903776
Simul_+15deg,15,113.39999390,113.39999390,0.00000000,-2.35098433
Simul_+15deg,15,113.75999451,113.75999451,0.00000000,-2.20019960
Simul_+15deg,15,114.11999512,114.11999512,0.00000000,-2.19608188
Simul_+15deg,15,114.47999573,114.47999573,0.00000000,-2.51732635
Simul_+15deg,15,114.83999634,114.83999634,0.00000000,-2.83293295
Simul_+15deg,15,115.19999695,115.19999695,0.00000000,-3.13969898
Simul_+15deg,15,115.55998993,115.55998993,0.00000000,-3.43379998
Simul_+15deg,15,115.91999817,115.91999817,0.00000000,-3.71092916
Simul_+15deg,15,116.27999115,116.27999115,0.00000000,-4.23135614
Simul_+15deg,15,116.63999176,116.63999176,0.00000000,-4.84189558
Simul_+15deg,15,117.00000000,117.00000000,0.00000000,-5.46699476
Simul_+15deg,15,117.35999298,117.35999298,0.00000000,-6.09827805
Simul_+15deg,15,117.72000122,117.72000122,0.00000000,-6.72261238
Simul_+15deg,15,118.07998657,118.07998657,0.00000000,-7.32162046
Simul_+15deg,15,118.43999481,118.43999481,0.00000000,-7.88027000
Simul_+15deg,15,118.79998779,118.79998779,0.00000000,-8.36768055
Simul_+15deg,15,119.15999603,119.15999603,0.00000000,-8.74858379
Simul_+15deg,15,119.51999664,119.51999664,0.00000000,-8.98815727
Simul_+15deg,15,119.87998962,119.87998962,0.00000000,-9.06069565
Simul_+15deg,15,120.23999786,120.23999786,0.00000000,-8.94775009
Simul_+15deg,15,120.59999084,120.59999084,0.00000000,-8.72893810
Simul_+15deg,15,120.95999146,120.95999146,0.00000000,-8.43538475
Simul_+15deg,15,121.31999969,121.31999969,0.00000000,-8.08192062
Simul_+15deg,15,121.67999268,121.67999268,0.00000000,-7.68351173
Simul_+15deg,15,122.03999329,122.03999329,0.00000000,-7.28329754
Simul_+15deg,15,122.39998627,122.39998627,0.00000000,-7.09927654
Simul_+15deg,15,122.75999451,122.75999451,0.00000000,-6.90031052
Simul_+15deg,15,123.12000275,123.12000275,0.00000000,-6.68872309
Simul_+15deg,15,123.47998810,123.47998810,0.00000000,-6.46669340
Simul_+15deg,15,123.83999634,123.83999634,0.00000000,-6.23622990
Simul_+15deg,15,124.19998932,124.19998932,0.00000000,-6.20263004
Simul_+15deg,15,124.55999756,124.55999756,0.00000000,-6.31962776
Simul_+15deg,15,124.91998291,124.91998291,0.00000000,-6.42155552
Simul_+15deg,15,125.27999115,125.27999115,0.00000000,-6.50726414
Simul_+15deg,15,125.63999939,125.63999939,0.00000000,-6.57572508
Simul_+15deg,15,125.99999237,125.99999237,0.00000000,-6.62608910
Simul_+15deg,15,126.35999298,126.35999298,0.00000000,-7.02084446
Simul_+15deg,15,126.71998596,126.71998596,0.00000000,-7.41224289
Simul_+15deg,15,127.07999420,127.07999420,0.00000000,-7.79562235
Simul_+15deg,15,127.43999481,127.43999481,0.00000000,-8.16512775
Simul_+15deg,15,127.79998779,127.79998779,0.00000000,-8.51369095
Simul_+15deg,15,128.15998840,128.15998840,0.00000000,-8.93762493
Simul_+15deg,15,128.51998901,128.51998901,0.00000000,-9.47829056
Simul_+15deg,15,128.87998962,128.87998962,0.00000000,-10.00251293
Simul_+15deg,15,129.24000549,129.24000549,0.00000000,-10.49398994
Simul_+15deg,15,129.59999084,129.59999084,0.00000000,-10.93217087
Simul_+15deg,15,129.95999146,129.95999146,0.00000000,-11.29327583
Simul_+15deg,15,130.31999207,130.31999207,0.00000000,-11.66906357
Simul_+15deg,15,130.67999268,130.67999268,0.00000000,-11.97809124
Simul_+15deg,15,131.03999329,131.03999329,0.00000000,-12.18805504
Simul_+15deg,15,131.39999390,131.39999390,0.00000000,-12.28318214
Simul_+15deg,15,131.75999451,131.75999451,0.00000000,-12.25573730
Simul_+15deg,15,132.11999512,132.11999512,0.00000000,-12.19399452
Simul_+15deg,15,132.47999573,132.47999573,0.00000000,-12.21790791
Simul_+15deg,15,132.83998108,132.83998108,0.00000000,-12.16947937
Simul_+15deg,15,133.19999695,133.19999695,0.00000000,-12.05107594
Simul_+15deg,15,133.55999756,133.55999756,0.00000000,-11.86823750
Simul_+15deg,15,133.91998291,133.91998291,0.00000000,-11.62885761
Simul_+15deg,15,134.27999878,134.27999878,0.00000000,-11.60625839
Simul_+15deg,15,134.63998413,134.63998413,0.00000000,-11.62837505
Simul_+15deg,15,135.00000000,135.00000000,0.00000000,-11.62095070
Simul_+15deg,15,135.36000061,135.36000061,0.00000000,-11.58413410
Simul_+15deg,15,135.71998596,135.71998596,0.00000000,-11.51866436
Simul_+15deg,15,136.08000183,136.08000183,0.00000000,-11.48734570
Simul_+15deg,15,136.43998718,136.43998718,0.00000000,-11.65711403
Simul_+15deg,15,136.79998779,136.79998779,0.00000000,-11.81961632
Simul_+15deg,15,137.16000366,137.16000366,0.00000000,-11.97375107
Simul_+15deg,15,137.51998901,137.51998901,0.00000000,-12.11835670
Simul_+15deg,15,137.87998962,137.87998962,0.00000000,-12.25227451
Simul_+15deg,15,138.23999023,138.23999023,0.00000000,-12.48063946
Simul_+15deg,15,138.59999084,138.59999084,0.00000000,-12.76375675
Simul_+15deg,15,138.95999146,138.95999146,0.00000000,-13.05091286
Simul_+15deg,15,139.31999207,139.31999207,0.00000000,-13.34160614
Simul_+15deg,15,139.67999268,139.67999268,0.00000000,-13.63519192
Simul_+15deg,15,140.03999329,140.03999329,0.00000000,-13.95107365
Simul_+15deg,15,140.39999390,140.39999390,0.00000000,-14.44159317
Simul_+15deg,15,140.75997925,140.75997925,0.00000000,-14.95386314
Simul_+15deg,15,141.11999512,141.11999512,0.00000000,-15.48857880
Simul_+15deg,15,141.47999573,141.47999573,0.00000000,-16.04597855
Simul_+15deg,15,141.83999634,141.83999634,0.00000000,-16.62553024
Simul_+15deg,15,142.19999695,142.19999695,0.00000000,-17.21353912
Simul_+15deg,15,142.55998230,142.55998230,0.00000000,-17.75161934
Simul_+15deg,15,142.91999817,142.91999817,0.00000000,-18.20322227
Simul_+15deg,15,143.27999878,143.27999878,0.00000000,-18.53156281
Simul_+15deg,15,143.63998413,143.63998413,0.00000000,-18.70377541
Simul_+15deg,15,144.00000000,144.00000000,0.00000000,-18.70025826
Simul_+15deg,15,144.35998535,144.35998535,0.00000000,-17.86924934
Simul_+15deg,15,144.72000122,144.72000122,0.00000000,-17.05026436
Simul_+15deg,15,145.07998657,145.07998657,0.00000000,-16.26034737
Simul_+15deg,15,145.43998718,145.43998718,0.00000000,-15.50724506
Simul_+15deg,15,145.80000305,145.80000305,0.00000000,-14.79370594
Simul_+15deg,15,146.15998840,146.15998840,0.00000000,-14.18685818
Simul_+15deg,15,146.51998901,146.51998901,0.00000000,-13.69384766
Simul_+15deg,15,146.87998962,146.87998962,0.00000000,-13.22520828
Simul_+15deg,15,147.23999023,147.23999023,0.00000000,-12.77883720
Simul_+15deg,15,147.59999084,147.59999084,0.00000000,-12.35291386
Simul_+15deg,15,147.95999146,147.95999146,0.00000000,-11.94577122
Simul_+15deg,15,148.31999207,148.31999207,0.00000000,-11.62178516
Simul_+15deg,15,148.67999268,148.67999268,0.00000000,-11.31513977
Simul_+15deg,15,149.03999329,149.03999329,0.00000000,-11.01687622
Simul_+15deg,15,149.39999390,149.39999390,0.00000000,-10.72669506
Simul_+15deg,15,149.75999451,149.75999451,0.00000000,-10.44433498
Simul_+15deg,15,150.11999512,150.11999512,0.00000000,-10.15155220
Simul_+15deg,15,150.47998047,150.47998047,0.00000000,-9.82879543
Simul_+15deg,15,150.83999634,150.83999634,0.00000000,-9.51158619
Simul_+15deg,15,151.19998169,151.19998169,0.00000000,-9.20036507
Simul_+15deg,15,151.55999756,151.55999756,0.00000000,-8.89537525
Simul_+15deg,15,151.91999817,151.91999817,0.00000000,-8.59682274
Simul_+15deg,15,152.27998352,152.27998352,0.00000000,-8.43890572
Simul_+15deg,15,152.63999939,152.63999939,0.00000000,-8.30782700
Simul_+15deg,15,152.99998474,152.99998474,0.00000000,-8.16423130
Simul_+15deg,15,153.35998535,153.35998535,0.00000000,-8.00942993
Simul_+15deg,15,153.72000122,153.72000122,0.00000000,-7.84476185
Simul_+15deg,15,154.07998657,154.07998657,0.00000000,-7.72324991
Simul_+15deg,15,154.43998718,154.43998718,0.00000000,-7.77316380
Simul_+15deg,15,154.79998779,154.79998779,0.00000000,-7.81193686
Simul_+15deg,15,155.15998840,155.15998840,0.00000000,-7.83927202
Simul_+15deg,15,155.52000427,155.52000427,0.00000000,-7.85494518
Simul_+15deg,15,155.87998962,155.87998962,0.00000000,-7.85883045
Simul_+15deg,15,156.23999023,156.23999023,0.00000000,-7.93893528
Simul_+15deg,15,156.59999084,156.59999084,0.00000000,-8.05530930
Simul_+15deg,15,156.95999146,156.95999146,0.00000000,-8.16415501
Simul_+15deg,15,157.31999207,157.31999207,0.00000000,-8.26480579
Simul_+15deg,15,157.67999268,157.67999268,0.00000000,-8.35661697
Simul_+15deg,15,158.03999329,158.03999329,0.00000000,-8.45930862
Simul_+15deg,15,158.39999390,158.39999390,0.00000000,-8.71964645
Simul_+15deg,15,158.75999451,158.75999451,0.00000000,-8.97790813
Simul_+15deg,15,159.11997986,159.11997986,0.00000000,-9.23267746
Simul_+15deg,15,159.47999573,159.47999573,0.00000000,-9.48235130
Simul_+15deg,15,159.83999634,159.83999634,0.00000000,-9.72507095
Simul_+15deg,15,160.19998169,160.19998169,0.00000000,-10.07513905
Simul_+15deg,15,160.55999756,160.55999756,0.00000000,-10.53060722
Simul_+15deg,15,160.91998291,160.91998291,0.00000000,-11.00552750
Simul_+15deg,15,161.27999878,161.27999878,0.00000000,-11.50080585
Simul_+15deg,15,161.63999939,161.63999939,0.00000000,-12.01699734
Simul_+15deg,15,161.99998474,161.99998474,0.00000000,-12.55431557
Simul_+15deg,15,162.36000061,162.36000061,0.00000000,-13.02418900
Simul_+15deg,15,162.71998596,162.71998596,0.00000000,-13.50858498
Simul_+15deg,15,163.07998657,163.07998657,0.00000000,-14.00622559
Simul_+15deg,15,163.44000244,163.44000244,0.00000000,-14.51468372
Simul_+15deg,15,163.79998779,163.79998779,0.00000000,-15.03020382
Simul_+15deg,15,164.15998840,164.15998840,0.00000000,-15.35940266
Simul_+15deg,15,164.51998901,164.51998901,0.00000000,-15.42176247
Simul_+15deg,15,164.87998962,164.87998962,0.00000000,-15.43900871
Simul_+15deg,15,165.23999023,165.23999023,0.00000000,-15.41059685
Simul_+15deg,15,165.59999084,165.59999084,0.00000000,-15.33741188
Simul_+15deg,15,165.95999146,165.95999146,0.00000000,-15.22167110
Simul_+15deg,15,166.31999207,166.31999207,0.00000000,-14.80386639
Simul_+15deg,15,166.67999268,166.67999268,0.00000000,-14.35047626
Simul_+15deg,15,167.03997803,167.03997803,0.00000000,-13.90075874
Simul_+15deg,15,167.39999390,167.39999390,0.00000000,-13.45779228
Simul_+15deg,15,167.75999451,167.75999451,0.00000000,-13.02375317
Simul_+15deg,15,168.11999512,168.11999512,0.00000000,-12.61203194
Simul_+15deg,15,168.47999573,168.47999573,0.00000000,-12.22288322
Simul_+15deg,15,168.83998108,168.83998108,0.00000000,-11.83003616
Simul_+15deg,15,169.19999695,169.19998169,0.00000000,-11.43719196
Simul_+15deg,15,169.55999756,169.55999756,0.00000000,-11.04711437
Simul_+15deg,15,169.91998291,169.91996765,0.00000000,-10.66196346
Simul_+15deg,15,170.27999878,170.27998352,0.00000000,-10.46046638
Simul_+15deg,15,170.63998413,170.63998413,0.00000000,-10.28803062
Simul_+15deg,15,170.99998474,171.00000000,0.00000000,-10.09329224
Simul_+15deg,15,171.35998535,171.36000061,0.00000000,-9.87945271
Simul_+15deg,15,171.71998596,171.71998596,0.00000000,-9.64958477
Simul_+15deg,15,172.08000183,172.07998657,0.00000000,-9.46038055
Simul_+15deg,15,172.43998718,172.43998718,0.00000000,-9.43710709
Simul_+15deg,15,172.79998779,172.80000305,0.00000000,-9.38525009
Simul_+15deg,15,173.15998840,173.16000366,0.00000000,-9.30582142
Simul_+15deg,15,173.51998901,173.52000427,0.00000000,-9.20031261
Simul_+15deg,15,173.87998962,173.87998962,0.00000000,-9.07061863
Simul_+15deg,15,174.23999023,174.23999023,0.00000000,-9.08477974
Simul_+15deg,15,174.59999084,174.59997559,0.00000000,-9.14699173
Simul_+15deg,15,174.95999146,174.95999146,0.00000000,-9.17013741
Simul_+15deg,15,175.31999207,175.32000732,0.00000000,-9.15357685
Simul_+15deg,15,175.67999268,175.67997742,0.00000000,-9.09777069
Simul_+15deg,15,176.03999329,176.03996277,0.00000000,-9.04314232
Simul_+15deg,15,176.39999390,176.39999390,0.00000000,-9.25942326
Simul_+15deg,15,176.75997925,176.75996399,0.00000000,-9.42608547
Simul_+15deg,15,177.11999512,177.12002563,0.00000000,-9.53693962
Simul_+15deg,15,177.47999573,177.47996521,0.00000000,-9.58743000
Simul_+15deg,15,177.83999634,177.83996582,0.00000000,-9.57546043
Simul_+15deg,15,178.19999695,178.19993591,0.00000000,-9.73031235
Simul_+15deg,15,178.55998230,178.56004333,0.00000000,-10.01321793
Simul_+15deg,15,178.91999817,178.92007446,0.00000000,-10.23208714
Simul_+15deg,15,179.27998352,179.27990723,0.00000000,-10.37596798
Simul_+15deg,15,179.63998413,179.64009094,0.00000000,-10.43712139
Simul_+15deg,15,180.00000000,180.00000000,180.00000000,-10.41357803
Simul_+15deg,15,180.35998535,179.64009094,180.00000000,-10.68939018
Simul_+15deg,15,180.71998596,179.27990723,180.00000000,-10.89147568
Simul_+15deg,15,181.07998657,178.92007446,180.00000000,-11.00610352
Simul_+15deg,15,181.43998718,178.56004333,180.00000000,-11.02632046
Simul_+15deg,15,181.80000305,178.19993591,180.00000000,-10.95069504
Simul_+15deg,15,182.15998840,177.83996582,180.00000000,-10.96233368
Simul_+15deg,15,182.51998901,177.47996521,180.00000000,-11.11058331
Simul_+15deg,15,182.87998962,177.12002563,180.00000000,-11.16607761
Simul_+15deg,15,183.23999023,176.75996399,180.00000000,-11.12520981
Simul_+15deg,15,183.59999084,176.39999390,180.00000000,-10.99066544
Simul_+15deg,15,183.95999146,176.04000854,180.00000000,-10.77077675
Simul_+15deg,15,184.31999207,175.67997742,180.00000000,-10.91349030
Simul_+15deg,15,184.67999268,175.32000732,180.00000000,-11.02624798
Simul_+15deg,15,185.03999329,174.95999146,180.00000000,-11.04712677
Simul_+15deg,15,185.39997864,174.59997559,180.00000000,-10.97479057
Simul_+15deg,15,185.75999451,174.23999023,180.00000000,-10.81377602
Simul_+15deg,15,186.11999512,173.87998962,180.00000000,-10.74471951
Simul_+15deg,15,186.47998047,173.52000427,180.00000000,-10.94388103
Simul_+15deg,15,186.83999634,173.16000366,180.00000000,-11.05999947
Simul_+15deg,15,187.19998169,172.80000305,180.00000000,-11.08611298
Simul_+15deg,15,187.55998230,172.43998718,180.00000000,-11.02059555
Simul_+15deg,15,187.91999817,172.07998657,180.00000000,-10.86748123
Simul_+15deg,15,188.27998352,171.71998596,180.00000000,-11.01726627
Simul_+15deg,15,188.63999939,171.36000061,180.00000000,-11.20184994
Simul_+15deg,15,188.99998474,171.00000000,180.00000000,-11.30288982
Simul_+15deg,15,189.35998535,170.63998413,180.00000000,-11.31435490
Simul_+15deg,15,189.72000122,170.27998352,180.00000000,-11.23553753
Simul_+15deg,15,190.07998657,169.91999817,180.00000000,-11.18842983
Simul_+15deg,15,190.43998718,169.55998230,180.00000000,-11.48209190
Simul_+15deg,15,190.79998779,169.20001221,180.00000000,-11.70269489
Simul_+15deg,15,191.15998840,168.83998108,180.00000000,-11.83776283
Simul_+15deg,15,191.51998901,168.47999573,180.00000000,-11.87887573
Simul_+15deg,15,191.87998962,168.11999512,180.00000000,-11.82335091
Simul_+15deg,15,192.23999023,167.75997925,180.00000000,-12.07547569
Simul_+15deg,15,192.59999084,167.40000916,180.00000000,-12.45678043
Simul_+15deg,15,192.95999146,167.03999329,180.00000000,-12.75050735
Simul_+15deg,15,193.31997681,166.67999268,180.00000000,-12.93571949
Simul_+15deg,15,193.67999268,166.31999207,180.00000000,-12.99746609
Simul_+15deg,15,194.03999329,165.95997620,180.00000000,-13.00573730
Simul_+15deg,15,194.39999390,165.59999084,180.00000000,-13.50615978
Simul_+15deg,15,194.75999451,165.24000549,180.00000000,-13.88019085
Simul_+15deg,15,195.11997986,164.88000488,180.00000000,-14.08821869
Simul_+15deg,15,195.47999573,164.51998901,180.00000000,-14.10463238
Simul_+15deg,15,195.83999634,164.15998840,180.00000000,-13.92730522
Simul_+15deg,15,196.19998169,163.79998779,180.00000000,-13.98318672
Simul_+15deg,15,196.55999756,163.43998718,180.00000000,-14.15504551
Simul_+15deg,15,196.91998291,163.07998657,180.00000000,-14.08413506
Simul_+15deg,15,197.27998352,162.72000122,180.00000000,-13.78178596
Simul_+15deg,15,197.63999939,162.36000061,180.00000000,-13.29195023
Simul_+15deg,15,197.99998474,161.99998474,180.00000000,-12.67273521
Simul_+15deg,15,198.36000061,161.63999939,180.00000000,-12.51147270
Simul_+15deg,15,198.71998596,161.27999878,180.00000000,-12.17939377
Simul_+15deg,15,199.07998657,160.91998291,180.00000000,-11.71263313
Simul_+15deg,15,199.43998718,160.56001282,180.00000000,-11.15247154
Simul_+15deg,15,199.79998779,160.19998169,180.00000000,-10.53613663
Simul_+15deg,15,200.15998840,159.83998108,180.00000000,-10.08755112
Simul_+15deg,15,200.51998901,159.47999573,180.00000000,-9.81742096
Simul_+15deg,15,200.87998962,159.11997986,180.00000000,-9.47631264
Simul_+15deg,15,201.23999023,158.75999451,180.00000000,-9.08089733
Simul_+15deg,15,201.59999084,158.39999390,180.00000000,-8.64690018
Simul_+15deg,15,201.95999146,158.03997803,180.00000000,-8.18800545
Simul_+15deg,15,202.31999207,157.67999268,180.00000000,-8.03072834
Simul_+15deg,15,202.67999268,157.31997681,180.00000000,-7.86592054
Simul_+15deg,15,203.03997803,156.95999146,180.00000000,-7.65736294
Simul_+15deg,15,203.39999390,156.59999084,180.00000000,-7.41129351
Simul_+15deg,15,203.75999451,156.23997498,180.00000000,-7.13430882
Simul_+15deg,15,204.11997986,155.87998962,180.00000000,-6.93768215
Simul_+15deg,15,204.47999573,155.51998901,180.00000000,-6.91665459
Simul_+15deg,15,204.83998108,155.15998840,180.00000000,-6.85555649
Simul_+15deg,15,205.19999695,154.79998779,180.00000000,-6.75603771
Simul_+15deg,15,205.55998230,154.43998718,180.00000000,-6.62070656
Simul_+15deg,15,205.91998291,154.07998657,180.00000000,-6.45285082
Simul_+15deg,15,206.27999878,153.71998596,180.00000000,-6.48747635
Simul_+15deg,15,206.63998413,153.35998535,180.00000000,-6.55512381
Simul_+15deg,15,206.99998474,152.99998474,180.00000000,-6.58755779
Simul_+15deg,15,207.35998535,152.63999939,180.00000000,-6.58397579
Simul_+15deg,15,207.71998596,152.27998352,180.00000000,-6.54446840
Simul_+15deg,15,208.07998657,151.91998291,180.00000000,-6.52718115
Simul_+15deg,15,208.43998718,151.55999756,180.00000000,-6.68411541
Simul_+15deg,15,208.79998779,151.19998169,180.00000000,-6.81857300
Simul_+15deg,15,209.15998840,150.83999634,180.00000000,-6.92821264
Simul_+15deg,15,209.51998901,150.47998047,180.00000000,-7.01103306
Simul_+15deg,15,209.87998962,150.11999512,180.00000000,-7.06542492
Simul_+15deg,15,210.23999023,149.75999451,180.00000000,-7.19282436
Simul_+15deg,15,210.59999084,149.39997864,180.00000000,-7.35646009
Simul_+15deg,15,210.95999146,149.03999329,180.00000000,-7.50653362
Simul_+15deg,15,211.31999207,148.67999268,180.00000000,-7.64139700
Simul_+15deg,15,211.67997742,148.31999207,180.00000000,-7.75942612
Simul_+15deg,15,212.03999329,147.95999146,180.00000000,-7.86927605
Simul_+15deg,15,212.39999390,147.59999084,180.00000000,-8.04641533
Simul_+15deg,15,212.75997925,147.23999023,180.00000000,-8.21249390
Simul_+15deg,15,213.11999512,146.88000488,180.00000000,-8.36595058
Simul_+15deg,15,213.47998047,146.51998901,180.00000000,-8.50516510
Simul_+15deg,15,213.83998108,146.15998840,180.00000000,-8.62853909
Simul_+15deg,15,214.19999695,145.79998779,180.00000000,-8.81535339
Simul_+15deg,15,214.55998230,145.43998718,180.00000000,-9.05507278
Simul_+15deg,15,214.91999817,145.07998657,180.00000000,-9.28275871
Simul_+15deg,15,215.27998352,144.72000122,180.00000000,-9.49564838
Simul_+15deg,15,215.63998413,144.35998535,180.00000000,-9.69089413
Simul_+15deg,15,216.00000000,143.99998474,180.00000000,-9.86550713
Simul_+15deg,15,216.35998535,143.63998413,180.00000000,-10.13925648
Simul_+15deg,15,216.71998596,143.27998352,180.00000000,-10.40217876
Simul_+15deg,15,217.07998657,142.91999817,180.00000000,-10.65101624
Simul_+15deg,15,217.43998718,142.55998230,180.00000000,-10.88228321
Simul_+15deg,15,217.79998779,142.19998169,180.00000000,-11.09223175
Simul_+15deg,15,218.15998840,141.83999634,180.00000000,-11.29192734
Simul_+15deg,15,218.51998901,141.47998047,180.00000000,-11.49228573
Simul_+15deg,15,218.87998962,141.11999512,180.00000000,-11.67604065
Simul_+15deg,15,219.23999023,140.75997925,180.00000000,-11.84062767
Simul_+15deg,15,219.59997559,140.39999390,180.00000000,-11.98348808
Simul_+15deg,15,219.95999146,140.03999329,180.00000000,-12.10220814
Simul_+15deg,15,220.31999207,139.67997742,180.00000000,-12.32882404
Simul_+15deg,15,220.67997742,139.32000732,180.00000000,-12.54769707
Simul_+15deg,15,221.03999329,138.95999146,180.00000000,-12.73790169
Simul_+15deg,15,221.39997864,138.60000610,180.00000000,-12.89499187
Simul_+15deg,15,221.75999451,138.23999023,180.00000000,-13.01501656
Simul_+15deg,15,222.11999512,137.87998962,180.00000000,-13.21010113
Simul_+15deg,15,222.47998047,137.51998901,180.00000000,-13.58693504
Simul_+15deg,15,222.83999634,137.15998840,180.00000000,-13.89718914
Simul_+15deg,15,223.19998169,136.79998779,180.00000000,-14.12332153
Simul_+15deg,15,223.55998230,136.43998718,180.00000000,-14.25064087
Simul_+15deg,15,223.91999817,136.07998657,180.00000000,-14.27005959
Simul_+15deg,15,224.27998352,135.72000122,180.00000000,-14.46699524
Simul_+15deg,15,224.63998413,135.36000061,180.00000000,-14.57529545
Simul_+15deg,15,224.99998474,135.00000000,180.00000000,-14.49379730
Simul_+15deg,15,225.35998535,134.63998413,180.00000000,-14.23268795
Simul_+15deg,15,225.71998596,134.28001404,180.00000000,-13.82199860
Simul_+15deg,15,226.07998657,133.91999817,180.00000000,-13.37299252
Simul_+15deg,15,226.43998718,133.55998230,180.00000000,-13.05217361
Simul_+15deg,15,226.79998779,133.20001221,180.00000000,-12.60963440
Simul_+15deg,15,227.15998840,132.83998108,180.00000000,-12.08087921
Simul_+15deg,15,227.51998901,132.47999573,180.00000000,-11.49862385
Simul_+15deg,15,227.87998962,132.11999512,180.00000000,-10.88901520
Simul_+15deg,15,228.23999023,131.75997925,180.00000000,-10.48433781
Simul_+15deg,15,228.59999084,131.40000916,180.00000000,-10.13961697
Simul_+15deg,15,228.95999146,131.03999329,180.00000000,-9.75154686
Simul_+15deg,15,229.31997681,130.67999268,180.00000000,-9.33302498
Simul_+15deg,15,229.67999268,130.31999207,180.00000000,-8.89501476
Simul_+15deg,15,230.03999329,129.95997620,180.00000000,-8.49179459
Simul_+15deg,15,230.39999390,129.59997559,180.00000000,-8.42108250
Simul_+15deg,15,230.75997925,129.24000549,180.00000000,-8.30228233
Simul_+15deg,15,231.11997986,128.87998962,180.00000000,-8.13924122
Simul_+15deg,15,231.47999573,128.51998901,180.00000000,-7.93686628
Simul_+15deg,15,231.83999634,128.15998840,180.00000000,-7.70067883
Simul_+15deg,15,232.19999695,127.79998016,180.00000000,-7.73423958
Simul_+15deg,15,232.55998230,127.43999481,180.00000000,-7.95816708
Simul_+15deg,15,232.91998291,127.07999420,180.00000000,-8.11991310
Simul_+15deg,15,233.27998352,126.71998596,180.00000000,-8.21192837
Simul_+15deg,15,233.63999939,126.35998535,180.00000000,-8.22963619
Simul_+15deg,15,234.00000000,125.99997711,180.00000000,-8.17217350
Simul_+15deg,15,234.35998535,125.63999939,180.00000000,-8.75459385
Simul_+15deg,15,234.71998596,125.27999115,180.00000000,-9.23271084
Simul_+15deg,15,235.07998657,124.91998291,180.00000000,-9.55971813
Simul_+15deg,15,235.44000244,124.55998230,180.00000000,-9.69611931
Simul_+15deg,15,235.79997253,124.20000458,180.00000000,-9.62343025
Simul_+15deg,15,236.15997314,123.84001160,180.00000000,-9.69284630
Simul_+15deg,15,236.51998901,123.47998810,180.00000000,-9.89317322
Simul_+15deg,15,236.87998962,123.11998749,180.00000000,-9.72567463
Simul_+15deg,15,237.23999023,122.75997925,180.00000000,-9.22927094
Simul_+15deg,15,237.59997559,122.40000153,180.00000000,-8.50219059
Simul_+15deg,15,237.95997620,122.03999329,180.00000000,-7.64934158
Simul_+15deg,15,238.31999207,121.68000793,180.00000000,-7.07521820
Simul_+15deg,15,238.67999268,121.31998444,180.00000000,-6.38877678
Simul_+15deg,15,239.03999329,120.95997620,180.00000000,-5.61313868
Simul_+15deg,15,239.39997864,120.59999847,180.00000000,-4.80395603
Simul_+15deg,15,239.75997925,120.23999786,180.00000000,-3.99675035
Simul_+15deg,15,240.11997986,119.87998962,180.00000000,-3.30546403
Simul_+15deg,15,240.47999573,119.51998138,180.00000000,-2.78500557
Simul_+15deg,15,240.83999634,119.15998077,180.00000000,-2.24002552
Simul_+15deg,15,241.19998169,118.80000305,180.00000000,-1.68535614
Simul_+15deg,15,241.55998230,118.43999481,180.00000000,-1.13148415
Simul_+15deg,15,241.91998291,118.07998657,180.00000000,-0.58566082
Simul_+15deg,15,242.27999878,117.71998596,180.00000000,-0.26753363
Simul_+15deg,15,242.63999939,117.35997772,180.00000000,0.00737021
Simul_+15deg,15,242.99996948,117.00000000,180.00000000,0.29996744
Simul_+15deg,15,243.35998535,116.63999176,180.00000000,0.60588735
Simul_+15deg,15,243.71998596,116.27999115,180.00000000,0.92119342
Simul_+15deg,15,244.07998657,115.91998291,180.00000000,1.17186451
Simul_+15deg,15,244.44000244,115.55997467,180.00000000,1.19045877
Simul_+15deg,15,244.79997253,115.19999695,180.00000000,1.23114622
Simul_+15deg,15,245.15998840,114.83999634,180.00000000,1.29332161
Simul_+15deg,15,245.51998901,114.47999573,180.00000000,1.37606287
Simul_+15deg,15,245.87998962,114.11998749,180.00000000,1.47820473
Simul_+15deg,15,246.24000549,113.75998688,180.00000000,1.36750877
Simul_+15deg,15,246.59997559,113.40000916,180.00000000,1.15937185
Simul_+15deg,15,246.95997620,113.04000092,180.00000000,0.97219497
Simul_+15deg,15,247.31999207,112.67999268,180.00000000,0.80925232
Simul_+15deg,15,247.67999268,112.31999207,180.00000000,0.67366594
Simul_+15deg,15,248.03999329,111.95998383,180.00000000,0.52890009
Simul_+15deg,15,248.39997864,111.60000610,180.00000000,0.08898004
Simul_+15deg,15,248.75997925,111.23999786,180.00000000,-0.33547574
Simul_+15deg,15,249.11999512,110.87999725,180.00000000,-0.73451316
Simul_+15deg,15,249.47999573,110.51998901,180.00000000,-1.09621751
Simul_+15deg,15,249.83996582,110.16001129,180.00000000,-1.40723574
Simul_+15deg,15,250.19998169,109.80000305,180.00000000,-1.85246170
Simul_+15deg,15,250.55998230,109.44000244,180.00000000,-2.41864657
Simul_+15deg,15,250.91998291,109.07999420,180.00000000,-2.93543077
Simul_+15deg,15,251.27999878,108.71998596,180.00000000,-3.37319565
Simul_+15deg,15,251.63996887,108.36000824,180.00000000,-3.69926238
Simul_+15deg,15,251.99998474,108.00000763,180.00000000,-3.88396025
Simul_+15deg,15,252.35998535,107.63999939,180.00000000,-4.34929037
Simul_+15deg,15,252.71998596,107.27999115,180.00000000,-4.71966791
Simul_+15deg,15,253.08000183,106.91999054,180.00000000,-4.96482229
Simul_+15deg,15,253.43997192,106.56000519,180.00000000,-5.06119967
Simul_+15deg,15,253.79997253,106.20000458,180.00000000,-4.99871349
Simul_+15deg,15,254.15998840,105.83999634,180.00000000,-5.05766153
Simul_+15deg,15,254.51998901,105.47999573,180.00000000,-5.37196159
Simul_+15deg,15,254.87998962,105.11998749,180.00000000,-5.60780811
Simul_+15deg,15,255.23997498,104.76000977,180.00000000,-5.75070572
Simul_+15deg,15,255.59997559,104.40000153,180.00000000,-5.79099178
Simul_+15deg,15,255.95999146,104.03999329,180.00000000,-5.72578716
Simul_+15deg,15,256.31997681,103.67999268,180.00000000,-6.29134560
Simul_+15deg,15,256.67999268,103.31997681,180.00000000,-6.91007853
Simul_+15deg,15,257.03997803,102.95999908,180.00000000,-7.46163273
Simul_+15deg,15,257.39999390,102.59999847,180.00000000,-7.90482998
Simul_+15deg,15,257.75997925,102.23999786,180.00000000,-8.19621372
Simul_+15deg,15,258.11999512,101.87998962,180.00000000,-8.58856583
Simul_+15deg,15,258.48001099,101.51998901,180.00000000,-9.31331253
Simul_+15deg,15,258.83996582,101.16000366,180.00000000,-9.64451218
Simul_+15deg,15,259.19998169,100.79999542,180.00000000,-9.48465538
Simul_+15deg,15,259.55999756,100.43999481,180.00000000,-8.88271427
Simul_+15deg,15,259.91998291,100.07998657,180.00000000,-7.99289417
Simul_+15deg,15,260.27999878,99.71997833,180.00000000,-7.06649542
Simul_+15deg,15,260.63998413,99.36000061,180.00000000,-6.04130316
Simul_+15deg,15,260.99996948,98.99999237,180.00000000,-4.98475409
Simul_+15deg,15,261.35998535,98.63999176,180.00000000,-3.95692778
Simul_+15deg,15,261.72000122,98.27998352,180.00000000,-2.98414230
Simul_+15deg,15,262.07998657,97.92000580,180.00000000,-2.10949349
Simul_+15deg,15,262.43997192,97.56000519,180.00000000,-1.40432525
Simul_+15deg,15,262.79998779,97.19999695,180.00000000,-0.73730290
Simul_+15deg,15,263.16000366,96.83999634,180.00000000,-0.10698199
Simul_+15deg,15,263.51998901,96.47998047,180.00000000,0.48890167
Simul_+15deg,15,263.87997437,96.12000275,180.00000000,1.05273175
Simul_+15deg,15,264.23999023,95.76000214,180.00000000,1.41651654
Simul_+15deg,15,264.59997559,95.39999390,180.00000000,1.68408155
Simul_+15deg,15,264.95999146,95.03999329,180.00000000,1.94448054
Simul_+15deg,15,265.32000732,94.67998505,180.00000000,2.19803739
Simul_+15deg,15,265.67996216,94.31999969,180.00000000,2.44504309
Simul_+15deg,15,266.03997803,93.95999908,180.00000000,2.65035987
Simul_+15deg,15,266.39999390,93.59999084,180.00000000,2.56904578
Simul_+15deg,15,266.75997925,93.23999023,180.00000000,2.48718166
Simul_+15deg,15,267.11999512,92.87998962,180.00000000,2.40476871
Simul_+15deg,15,267.47998047,92.52001190,180.00000000,2.32180738
Simul_+15deg,15,267.83996582,92.16000366,180.00000000,2.23829126
Simul_+15deg,15,268.19998169,91.79999542,180.00000000,1.96110988
Simul_+15deg,15,268.55999756,91.43999481,180.00000000,1.51249278
Simul_+15deg,15,268.91998291,91.07998657,180.00000000,1.04044735
Simul_+15deg,15,269.27996826,90.72000885,180.00000000,0.54254407
Simul_+15deg,15,269.63998413,90.36000061,180.00000000,0.01584331
Simul_+15deg,15,270.00000000,90.00000000,180.00000000,-0.54285055
Simul_+15deg,15,270.35998535,89.63999176,180.00000000,-1.48588967
Simul_+15deg,15,270.72000122,89.27998352,180.00000000,-2.54217815
Simul_+15deg,15,271.07998657,88.92000580,180.00000000,-3.74179149
Simul_+15deg,15,271.43997192,88.56000519,180.00000000,-5.12887955
Simul_+15deg,15,271.79998779,88.19999695,180.00000000,-6.76989317
Simul_+15deg,15,272.16000366,87.83998871,180.00000000,-8.80744839
Simul_+15deg,15,272.51998901,87.47998810,180.00000000,-11.42075062
Simul_+15deg,15,272.87997437,87.12001038,180.00000000,-14.69418144
Simul_+15deg,15,273.23999023,86.76000214,180.00000000,-17.67308807
Simul_+15deg,15,273.59997559,86.39999390,180.00000000,-16.66011047
Simul_+15deg,15,273.95999146,86.03999329,180.00000000,-13.24260616
Simul_+15deg,15,274.32000732,85.67998505,180.00000000,-10.60297871
Simul_+15deg,15,274.67996216,85.32000732,180.00000000,-8.54742432
Simul_+15deg,15,275.03997803,84.95999908,180.00000000,-6.86216640
Simul_+15deg,15,275.39999390,84.59999847,180.00000000,-5.44009924
Simul_+15deg,15,275.75997925,84.23998260,180.00000000,-4.21246243
Simul_+15deg,15,276.11996460,83.88000488,180.00000000,-3.32533836
Simul_+15deg,15,276.47998047,83.52000427,180.00000000,-2.86719990
Simul_+15deg,15,276.83999634,83.16000366,180.00000000,-2.41555882
Simul_+15deg,15,277.19998169,82.79999542,180.00000000,-1.97290444
Simul_+15deg,15,277.55999756,82.43997955,180.00000000,-1.54080200
Simul_+15deg,15,277.91998291,82.08000183,180.00000000,-1.12025833
Simul_+15deg,15,278.27996826,81.72000885,180.00000000,-1.15641999
Simul_+15deg,15,278.63998413,81.36000061,180.00000000,-1.30404902
Simul_+15deg,15,279.00000000,80.99999237,180.00000000,-1.43057775
Simul_+15deg,15,279.35998535,80.63999176,180.00000000,-1.53397083
Simul_+15deg,15,279.71997070,80.28001404,180.00000000,-1.61245990
Simul_+15deg,15,280.07998657,79.91999817,180.00000000,-1.79534101
Simul_+15deg,15,280.43997192,79.55998993,180.00000000,-2.43824482
Simul_+15deg,15,280.79998779,79.19999695,180.00000000,-3.09819651
Simul_+15deg,15,281.16000366,78.83998871,180.00000000,-3.76587105
Simul_+15deg,15,281.51995850,78.48001099,180.00000000,-4.42575645
Simul_+15deg,15,281.87997437,78.11999512,180.00000000,-5.05442333
Simul_+15deg,15,282.23999023,77.75999451,180.00000000,-6.06310368
Simul_+15deg,15,282.59997559,77.39999390,180.00000000,-7.35025883
Simul_+15deg,15,282.95999146,77.03998566,180.00000000,-8.66704369
Simul_+15deg,15,283.31997681,76.68000793,180.00000000,-9.86565495
Simul_+15deg,15,283.67999268,76.31999969,180.00000000,-10.66946220
Simul_+15deg,15,284.03997803,75.95999908,180.00000000,-10.87300777
Simul_+15deg,15,284.39999390,75.59999084,180.00000000,-11.09275246
Simul_+15deg,15,284.76000977,75.23999023,180.00000000,-10.55771255
Simul_+15deg,15,285.11996460,74.88000488,180.00000000,-9.49350548
Simul_+15deg,15,285.47998047,74.52000427,180.00000000,-8.20962334
Simul_+15deg,15,285.83999634,74.15999603,180.00000000,-6.90576935
Simul_+15deg,15,286.19998169,73.79999542,180.00000000,-6.06515455
Simul_+15deg,15,286.55999756,73.43998718,180.00000000,-5.47269297
Simul_+15deg,15,286.91998291,73.08000946,180.00000000,-4.80872631
Simul_+15deg,15,287.27996826,72.72000122,180.00000000,-4.11160564
Simul_+15deg,15,287.63998413,72.36000061,180.00000000,-3.40813923
Simul_+15deg,15,288.00000000,71.99999237,180.00000000,-2.71529412
Simul_+15deg,15,288.35998535,71.63998413,180.00000000,-2.65568161
Simul_+15deg,15,288.71997070,71.28000641,180.00000000,-2.51976871
Simul_+15deg,15,289.07998657,70.91999817,180.00000000,-2.31444764
Simul_+15deg,15,289.44000244,70.55999756,180.00000000,-2.04925275
Simul_+15deg,15,289.79998779,70.19998932,180.00000000,-1.73504460
Simul_+15deg,15,290.15997314,69.84001160,180.00000000,-1.64361238
Simul_+15deg,15,290.51998901,69.48000336,180.00000000,-1.81971204
Simul_+15deg,15,290.87997437,69.12000275,180.00000000,-1.92046905
Simul_+15deg,15,291.23999023,68.75999451,180.00000000,-1.94044340
Simul_+15deg,15,291.60000610,68.39998627,180.00000000,-1.87852252
Simul_+15deg,15,291.95996094,68.04000854,180.00000000,-1.73813272
Simul_+15deg,15,292.31997681,67.68000793,180.00000000,-2.00414944
Simul_+15deg,15,292.67999268,67.31999969,180.00000000,-2.24883485
Simul_+15deg,15,293.03997803,66.95999146,180.00000000,-2.39672947
Simul_+15deg,15,293.39999390,66.59999084,180.00000000,-2.43737793
Simul_+15deg,15,293.75997925,66.24001312,180.00000000,-2.36777020
Simul_+15deg,15,294.11996460,65.88000488,180.00000000,-2.36661649
Simul_+15deg,15,294.47998047,65.51999664,180.00000000,-2.61328793
Simul_+15deg,15,294.83999634,65.15999603,180.00000000,-2.74705529
Simul_+15deg,15,295.19998169,64.79998779,180.00000000,-2.75701714
Simul_+15deg,15,295.55996704,64.44001007,180.00000000,-2.64234281
Simul_+15deg,15,295.91998291,64.08000183,180.00000000,-2.41245532
Simul_+15deg,15,296.27999878,63.71999741,180.00000000,-2.51086664
Simul_+15deg,15,296.63998413,63.35999298,180.00000000,-2.62702203
Simul_+15deg,15,297.00000000,62.99998856,180.00000000,-2.62963438
Simul_+15deg,15,297.35998535,62.64001083,180.00000000,-2.51851177
Simul_+15deg,15,297.71997070,62.28000259,180.00000000,-2.30201387
Simul_+15deg,15,298.07998657,61.91999817,180.00000000,-2.12891197
Simul_+15deg,15,298.44000244,61.55999374,180.00000000,-2.34751320
Simul_+15deg,15,298.79998779,61.19998932,180.00000000,-2.48298573
Simul_+15deg,15,299.15997314,60.84000778,180.00000000,-2.52711749
Simul_+15deg,15,299.51998901,60.48000336,180.00000000,-2.47711682
Simul_+15deg,15,299.87997437,60.11999893,180.00000000,-2.33614492
Simul_+15deg,15,300.23999023,59.75999069,180.00000000,-2.52808523
Simul_+15deg,15,300.60000610,59.39998627,180.00000000,-2.88015580
Simul_+15deg,15,300.95996094,59.04000854,180.00000000,-3.17850137
Simul_+15deg,15,301.31997681,58.68000412,180.00000000,-3.40943551
Simul_+15deg,15,301.67999268,58.31999207,180.00000000,-3.56068373
Simul_+15deg,15,302.03997803,57.95998383,180.00000000,-3.68104506
Simul_+15deg,15,302.39996338,57.60001373,180.00000000,-4.22302389
Simul_+15deg,15,302.75997925,57.24000549,180.00000000,-4.76112413
Simul_+15deg,15,303.11999512,56.88000107,180.00000000,-5.28354740
Simul_+15deg,15,303.47998047,56.51999283,180.00000000,-5.77450562
Simul_+15deg,15,303.83999634,56.15998840,180.00000000,-6.21398211
Simul_+15deg,15,304.19998169,55.80001068,180.00000000,-6.74922895
Simul_+15deg,15,304.55996704,55.44000244,180.00000000,-7.42831469
Simul_+15deg,15,304.91998291,55.07999802,180.00000000,-8.14083767
Simul_+15deg,15,305.27999878,54.71999359,180.00000000,-8.88329887
Simul_+15deg,15,305.63998413,54.35998917,180.00000000,-9.64753246
Simul_+15deg,15,305.99996948,54.00000763,180.00000000,-10.41759586
Simul_+15deg,15,306.35998535,53.64000702,180.00000000,-11.17180634
Simul_+15deg,15,306.71997070,53.27999878,180.00000000,-11.98294735
Simul_+15deg,15,307.07998657,52.91999054,180.00000000,-12.85595131
Simul_+15deg,15,307.44000244,52.55998993,180.00000000,-13.79378223
Simul_+15deg,15,307.79995728,52.20001221,180.00000000,-14.79416084
Simul_+15deg,15,308.15997314,51.84000397,180.00000000,-15.78873730
Simul_+15deg,15,308.51998901,51.47999573,180.00000000,-16.76771736
Simul_+15deg,15,308.87997437,51.11999130,180.00000000,-17.79463577
Simul_+15deg,15,309.23999023,50.75998688,180.00000000,-18.83612061
Simul_+15deg,15,309.59997559,50.40000916,180.00000000,-19.82125664
Simul_+15deg,15,309.95999146,50.04000473,180.00000000,-20.62671661
Simul_+15deg,15,310.31997681,49.67999649,180.00000000,-21.20447159
Simul_+15deg,15,310.67999268,49.31999207,180.00000000,-21.49869919
Simul_+15deg,15,311.04000854,48.95998383,180.00000000,-21.44120407
Simul_+15deg,15,311.39996338,48.60000610,180.00000000,-21.04522324
Simul_+15deg,15,311.75997925,48.24000168,180.00000000,-20.39204407
Simul_+15deg,15,312.11999512,47.87999725,180.00000000,-19.70489502
Simul_+15deg,15,312.47998047,47.51998901,180.00000000,-19.16835403
Simul_+15deg,15,312.83999634,47.15998840,180.00000000,-18.57447433
Simul_+15deg,15,313.19998169,46.80000687,180.00000000,-17.95148468
Simul_+15deg,15,313.55996704,46.44000244,180.00000000,-17.31983376
Simul_+15deg,15,313.91998291,46.07999420,180.00000000,-16.69335556
Simul_+15deg,15,314.27999878,45.71998978,180.00000000,-16.23469543
Simul_+15deg,15,314.63998413,45.35998535,180.00000000,-15.76941586
Simul_+15deg,15,314.99996948,45.00000763,180.00000000,-15.26460552
Simul_+15deg,15,315.35998535,44.63999557,180.00000000,-14.73748302
Simul_+15deg,15,315.71997070,44.27999115,180.00000000,-14.20135975
Simul_+15deg,15,316.07998657,43.91999054,180.00000000,-13.72820950
Simul_+15deg,15,316.43997192,43.56001282,180.00000000,-13.40820217
Simul_+15deg,15,316.79998779,43.20000839,180.00000000,-12.99686337
Simul_+15deg,15,317.15997314,42.84000015,180.00000000,-12.51975632
Simul_+15deg,15,317.51998901,42.47999191,180.00000000,-12.00010204
Simul_+15deg,15,317.88000488,42.11998749,180.00000000,-11.45688152
Simul_+15deg,15,318.23995972,41.76001358,180.00000000,-11.23148727
Simul_+15deg,15,318.59997559,41.40000534,180.00000000,-11.07728386
Simul_+15deg,15,318.95999146,41.03999710,180.00000000,-10.82367992
Simul_+15deg,15,319.31997681,40.67998886,180.00000000,-10.48725891
Simul_+15deg,15,319.67999268,40.31998444,180.00000000,-10.08685112
Simul_+15deg,15,320.03997803,39.96000671,180.00000000,-9.69484329
Simul_+15deg,15,320.39996338,39.60000229,180.00000000,-9.67300606
Simul_+15deg,15,320.75997925,39.23999786,180.00000000,-9.56878853
Simul_+15deg,15,321.11999512,38.87999344,180.00000000,-9.38791370
Simul_+15deg,15,321.47998047,38.51998520,180.00000000,-9.13961029
Simul_+15deg,15,321.83996582,38.16000748,180.00000000,-8.83519650
Simul_+15deg,15,322.19998169,37.80000687,180.00000000,-8.66663551
Simul_+15deg,15,322.55999756,37.43999481,180.00000000,-8.57043362
Simul_+15deg,15,322.91998291,37.07999039,180.00000000,-8.39790916
Simul_+15deg,15,323.27999878,36.71998215,180.00000000,-8.15782356
Simul_+15deg,15,323.63998413,36.36000443,180.00000000,-7.86112213
Simul_+15deg,15,323.99996948,36.00000381,180.00000000,-7.51944590
Simul_+15deg,15,324.35998535,35.63999557,180.00000000,-7.61178780
Simul_+15deg,15,324.72000122,35.27999115,180.00000000,-7.59646988
Simul_+15deg,15,325.07998657,34.91998672,180.00000000,-7.47461081
Simul_+15deg,15,325.43997192,34.56000900,180.00000000,-7.25482178
Simul_+15deg,15,325.79998779,34.20000076,180.00000000,-6.95124865
Simul_+15deg,15,326.15997314,33.83999634,180.00000000,-6.92909431
Simul_+15deg,15,326.51998901,33.47999191,180.00000000,-7.25662279
Simul_+15deg,15,326.88000488,33.11998367,180.00000000,-7.46790886
Simul_+15deg,15,327.23995972,32.76000214,180.00000000,-7.54443598
Simul_+15deg,15,327.59997559,32.40000534,180.00000000,-7.47899961
Simul_+15deg,15,327.95999146,32.03999710,180.00000000,-7.27777863
Simul_+15deg,15,328.31997681,31.67999268,180.00000000,-7.73276424
Simul_+15deg,15,328.67999268,31.31998444,180.00000000,-8.20524406
Simul_+15deg,15,329.03997803,30.96000671,180.00000000,-8.56590462
Simul_+15deg,15,329.39999390,30.60000420,180.00000000,-8.78096390
Simul_+15deg,15,329.75997925,30.23999786,180.00000000,-8.82697201
Simul_+15deg,15,330.11999512,29.87998581,180.00000000,-8.94148064
Simul_+15deg,15,330.47998047,29.52001190,180.00000000,-9.42885780
Simul_+15deg,15,330.83996582,29.16000557,180.00000000,-9.80228806
Simul_+15deg,15,331.19998169,28.80000305,180.00000000,-10.02571011
Simul_+15deg,15,331.55999756,28.43999672,180.00000000,-10.07397556
Simul_+15deg,15,331.91998291,28.07998657,180.00000000,-9.94125748
Simul_+15deg,15,332.27996826,27.72001266,180.00000000,-10.19056320
Simul_+15deg,15,332.63998413,27.36000633,180.00000000,-10.40868378
Simul_+15deg,15,332.99996948,26.99999809,180.00000000,-10.40805912
Simul_+15deg,15,333.35998535,26.63999557,180.00000000,-10.18878174
Simul_+15deg,15,333.72000122,26.27998543,180.00000000,-9.78142071
Simul_+15deg,15,334.07995605,25.92000771,180.00000000,-9.43074226
Simul_+15deg,15,334.43997192,25.56000137,180.00000000,-9.59048176
Simul_+15deg,15,334.79998779,25.19999886,180.00000000,-9.51684284
Simul_+15deg,15,335.15997314,24.83999062,180.00000000,-9.22113037
Simul_+15deg,15,335.51998901,24.47998619,180.00000000,-8.74471664
Simul_+15deg,15,335.87997437,24.12000656,180.00000000,-8.14229679
Simul_+15deg,15,336.23999023,23.76000595,180.00000000,-8.06204319
Simul_+15deg,15,336.59997559,23.39999390,180.00000000,-8.15654564
Simul_+15deg,15,336.95999146,23.03999329,180.00000000,-8.10649109
Simul_+15deg,15,337.32000732,22.67998886,180.00000000,-7.91672802
Simul_+15deg,15,337.67996216,22.32000923,180.00000000,-7.60453033
Simul_+15deg,15,338.03997803,21.96000481,180.00000000,-7.26981354
Simul_+15deg,15,338.39999390,21.59999657,180.00000000,-7.46735668
Simul_+15deg,15,338.75997925,21.23999405,180.00000000,-7.60074329
Simul_+15deg,15,339.11999512,20.87998390,180.00000000,-7.66370249
Simul_+15deg,15,339.47998047,20.52000618,180.00000000,-7.65312004
Simul_+15deg,15,339.83996582,20.16000557,180.00000000,-7.56952667
Simul_+15deg,15,340.19998169,19.79999924,180.00000000,-7.64377975
Simul_+15deg,15,340.55999756,19.43998718,180.00000000,-7.85371065
Simul_+15deg,15,340.91998291,19.07998276,180.00000000,-8.01813412
Simul_+15deg,15,341.27996826,18.72000694,180.00000000,-8.13136005
Simul_+15deg,15,341.63998413,18.36000061,180.00000000,-8.18919086
Simul_+15deg,15,341.99996948,17.99999428,180.00000000,-8.18936729
Simul_+15deg,15,342.35998535,17.63998985,180.00000000,-8.68448448
Simul_+15deg,15,342.71997070,17.28000641,180.00000000,-9.15403271
Simul_+15deg,15,343.07998657,16.92000771,180.00000000,-9.58192062
Simul_+15deg,15,343.43997192,16.56000137,180.00000000,-9.94912243
Simul_+15deg,15,343.79998779,16.19999313,180.00000000,-10.23533916
Simul_+15deg,15,344.16000366,15.83998680,180.00000000,-10.77338409
Simul_+15deg,15,344.51995850,15.48001671,180.00000000,-11.76682281
Simul_+15deg,15,344.87997437,15.12000275,180.00000000,-12.81387329
Simul_+15deg,15,345.23999023,14.75999737,180.00000000,-13.88251877
Simul_+15deg,15,345.59997559,14.39999866,180.00000000,-14.90224934
Simul_+15deg,15,345.95999146,14.03999138,180.00000000,-15.74565029
Simul_+15deg,15,346.31997681,13.68000603,180.00000000,-17.04241562
Simul_+15deg,15,346.67996216,13.32001305,180.00000000,-18.26751709
Simul_+15deg,15,347.03997803,12.95999718,180.00000000,-19.01459503
Simul_+15deg,15,347.39999390,12.59998798,180.00000000,-18.96410751
Simul_+15deg,15,347.75997925,12.23998928,180.00000000,-18.14115715
Simul_+15deg,15,348.11996460,11.88000298,180.00000000,-17.06557655
Simul_+15deg,15,348.47998047,11.51999664,180.00000000,-16.08801460
Simul_+15deg,15,348.83996582,11.15999031,180.00000000,-14.97373390
Simul_+15deg,15,349.19998169,10.79998875,180.00000000,-13.84549046
Simul_+15deg,15,349.55999756,10.43999195,180.00000000,-12.76309872
Simul_+15deg,15,349.91998291,10.08000946,180.00000000,-11.74948311
Simul_+15deg,15,350.27996826,9.72000504,180.00000000,-10.91755295
Simul_+15deg,15,350.63998413,9.36000347,180.00000000,-10.11349869
Simul_+15deg,15,351.00000000,8.99999142,180.00000000,-9.32151985
Simul_+15deg,15,351.35998535,8.63999653,180.00000000,-8.55677509
Simul_+15deg,15,351.71997070,8.28000641,180.00000000,-7.82643509
Simul_+15deg,15,352.07998657,7.92000675,180.00000000,-7.19067860
Simul_+15deg,15,352.43997192,7.56000662,180.00000000,-6.74731255
Simul_+15deg,15,352.79998779,7.19998980,180.00000000,-6.27583742
Simul_+15deg,15,353.16000366,6.83999729,180.00000000,-5.78880501
Simul_+15deg,15,353.51995850,6.48001719,180.00000000,-5.29582119
Simul_+15deg,15,353.87997437,6.12000370,180.00000000,-4.80391312
Simul_+15deg,15,354.23999023,5.76000357,180.00000000,-4.52384090
Simul_+15deg,15,354.59997559,5.40000391,180.00000000,-4.32508039
Simul_+15deg,15,354.95999146,5.03998899,180.00000000,-4.10240078
Simul_+15deg,15,355.31997681,4.68002319,180.00000000,-3.85978818
Simul_+15deg,15,355.67999268,4.32001114,180.00000000,-3.60094571
Simul_+15deg,15,356.03997803,3.95997524,180.00000000,-3.35104132
Simul_+15deg,15,356.39999390,3.59999967,180.00000000,-3.26086736
Simul_+15deg,15,356.75997925,3.24002767,180.00000000,-3.15561819
Simul_+15deg,15,357.11996460,2.87997603,180.00000000,-3.03638172
Simul_+15deg,15,357.47998047,2.52002597,180.00000000,-2.90440702
Simul_+15deg,15,357.83999634,2.16002965,180.00000000,-2.76086903
Simul_+15deg,15,358.19998169,1.79994082,180.00000000,-2.68532729
Simul_+15deg,15,358.55996704,1.44007802,180.00000000,-2.66061115
Simul_+15deg,15,358.91998291,1.07992160,180.00000000,-2.62359381
Simul_+15deg,15,359.27996826,0.72009277,180.00000000,-2.57465076
Simul_+15deg,15,359.63998413,0.35990870,180.00000000,-2.51409197
Simul_+30deg,30,0.00000000,0.00000000,0.00000000,-0.62931466
Simul_+30deg,30,0.35999998,0.35990870,0.00000000,-0.65601456
Simul_+30deg,30,0.71999997,0.72009277,0.00000000,-0.68202245
Simul_+30deg,30,1.07999992,1.07992160,0.00000000,-0.70727909
Simul_+30deg,30,1.43999994,1.43994224,0.00000000,-0.73181045
Simul_+30deg,30,1.79999995,1.80004954,0.00000000,-0.75559527
Simul_+30deg,30,2.15999985,2.16002965,0.00000000,-0.77645850
Simul_+30deg,30,2.51999998,2.52002597,0.00000000,-0.79443204
Simul_+30deg,30,2.87999988,2.87997603,0.00000000,-0.81240958
Simul_+30deg,30,3.23999977,3.24002767,0.00000000,-0.83039933
Simul_+30deg,30,3.59999990,3.59999967,0.00000000,-0.84839201
Simul_+30deg,30,3.95999956,3.95997524,0.00000000,-0.86639136
Simul_+30deg,30,4.31999969,4.32001114,0.00000000,-0.79044318
Simul_+30deg,30,4.67999983,4.67998075,0.00000000,-0.70323950
Simul_+30deg,30,5.03999996,5.03998899,0.00000000,-0.61653948
Simul_+30deg,30,5.39999962,5.40000391,0.00000000,-0.53035414
Simul_+30deg,30,5.75999975,5.76000357,0.00000000,-0.44469145
Simul_+30deg,30,6.11999989,6.12000370,0.00000000,-0.34470862
Simul_+30deg,30,6.47999954,6.47998667,0.00000000,-0.21647118
Simul_+30deg,30,6.83999968,6.83999729,0.00000000,-0.09004731
Simul_+30deg,30,7.19999981,7.19998980,0.00000000,0.03459615
Simul_+30deg,30,7.55999947,7.56000662,0.00000000,0.15751971
Simul_+30deg,30,7.91999912,7.92000675,0.00000000,0.27875829
Simul_+30deg,30,8.27999973,8.28000641,0.00000000,0.37981158
Simul_+30deg,30,8.63999939,8.63999653,0.00000000,0.47466919
Simul_+30deg,30,9.00000000,8.99999142,0.00000000,0.56873101
Simul_+30deg,30,9.35999966,9.36000347,0.00000000,0.66200840
Simul_+30deg,30,9.72000027,9.72000504,0.00000000,0.75450176
Simul_+30deg,30,10.07999992,10.07999039,0.00000000,0.84755647
Simul_+30deg,30,10.43999863,10.43999195,0.00000000,0.94460976
Simul_+30deg,30,10.79999924,10.80000591,0.00000000,1.04101646
Simul_+30deg,30,11.15999889,11.15999031,0.00000000,1.13675833
Simul_+30deg,30,11.51999950,11.51999664,0.00000000,1.23184955
Simul_+30deg,30,11.87999916,11.88000298,0.00000000,1.32627916
Simul_+30deg,30,12.23999977,12.24000549,0.00000000,1.40956521
Simul_+30deg,30,12.59999943,12.60000420,0.00000000,1.48788881
Simul_+30deg,30,12.95999908,12.95999718,0.00000000,1.56663406
Simul_+30deg,30,13.31999969,13.31999779,0.00000000,1.64575684
Simul_+30deg,30,13.67999935,13.68000603,0.00000000,1.72521067
Simul_+30deg,30,14.03999901,14.04000568,0.00000000,1.79682708
Simul_+30deg,30,14.39999962,14.39999866,0.00000000,1.80448413
Simul_+30deg,30,14.75999832,14.75999737,0.00000000,1.81375611
Simul_+30deg,30,15.11999893,15.12000275,0.00000000,1.82463145
Simul_+30deg,30,15.47999954,15.48000336,0.00000000,1.83709836
Simul_+30deg,30,15.83999825,15.84000015,0.00000000,1.85114455
Simul_+30deg,30,16.19999886,16.19999313,0.00000000,1.82904363
Simul_+30deg,30,16.55999947,16.56000137,0.00000000,1.77766502
Simul_+30deg,30,16.92000008,16.91999626,0.00000000,1.72702432
Simul_+30deg,30,17.27999878,17.27999496,0.00000000,1.67714894
Simul_+30deg,30,17.63999939,17.64000320,0.00000000,1.62807345
Simul_+30deg,30,18.00000000,17.99999428,0.00000000,1.57983470
Simul_+30deg,30,18.35999870,18.36000061,0.00000000,1.49341357
Simul_+30deg,30,18.71999931,18.71999741,0.00000000,1.40669465
Simul_+30deg,30,19.07999992,19.08000183,0.00000000,1.31969106
Simul_+30deg,30,19.44000053,19.43999863,0.00000000,1.23242736
Simul_+30deg,30,19.79999924,19.79999924,0.00000000,1.14491963
Simul_+30deg,30,20.15999985,20.15999603,0.00000000,1.04052269
Simul_+30deg,30,20.51999855,20.51999664,0.00000000,0.91417426
Simul_+30deg,30,20.87999725,20.88000298,0.00000000,0.78634644
Simul_+30deg,30,21.23999786,21.24000168,0.00000000,0.65702289
Simul_+30deg,30,21.59999847,21.59999657,0.00000000,0.52618301
Simul_+30deg,30,21.95999908,21.95999527,0.00000000,0.39380464
Simul_+30deg,30,22.31999779,22.31999969,0.00000000,0.23792002
Simul_+30deg,30,22.67999840,22.67999649,0.00000000,0.07698192
Simul_+30deg,30,23.03999901,23.04000282,0.00000000,-0.08635897
Simul_+30deg,30,23.39999771,23.39999390,0.00000000,-0.25213331
Simul_+30deg,30,23.75999832,23.75999641,0.00000000,-0.42039412
Simul_+30deg,30,24.11999893,24.11999702,0.00000000,-0.58545047
Simul_+30deg,30,24.47999954,24.48000336,0.00000000,-0.74070740
Simul_+30deg,30,24.83999825,24.84000015,0.00000000,-0.89708674
Simul_+30deg,30,25.19999886,25.19999886,0.00000000,-1.05451167
Simul_+30deg,30,25.55999947,25.56000137,0.00000000,-1.21288192
Simul_+30deg,30,25.91999817,25.92000008,0.00000000,-1.37208295
Simul_+30deg,30,26.27999878,26.28000259,0.00000000,-1.50406027
Simul_+30deg,30,26.63999939,26.63999557,0.00000000,-1.62746799
Simul_+30deg,30,27.00000000,26.99999809,0.00000000,-1.74997950
Simul_+30deg,30,27.35999870,27.35999870,0.00000000,-1.87140942
Simul_+30deg,30,27.71999931,27.71999931,0.00000000,-1.99156594
Simul_+30deg,30,28.07999802,28.08000183,0.00000000,-2.10477448
Simul_+30deg,30,28.43999863,28.43999672,0.00000000,-2.19721818
Simul_+30deg,30,28.79999924,28.80000305,0.00000000,-2.28793478
Simul_+30deg,30,29.15999794,29.15999794,0.00000000,-2.37676740
Simul_+30deg,30,29.51999664,29.51999664,0.00000000,-2.46356249
Simul_+30deg,30,29.87999916,29.88000298,0.00000000,-2.54815722
Simul_+30deg,30,30.23999786,30.23999786,0.00000000,-2.63082743
Simul_+30deg,30,30.59999657,30.59999657,0.00000000,-2.71238112
Simul_+30deg,30,30.95999908,30.95999908,0.00000000,-2.79273367
Simul_+30deg,30,31.31999779,31.31999779,0.00000000,-2.87178636
Simul_+30deg,30,31.67999649,31.67999268,0.00000000,-2.94944024
Simul_+30deg,30,32.03999710,32.03999710,0.00000000,-3.03269982
Simul_+30deg,30,32.39999771,32.39999771,0.00000000,-3.17272639
Simul_+30deg,30,32.75999832,32.75999832,0.00000000,-3.31383324
Simul_+30deg,30,33.11999893,33.11999893,0.00000000,-3.45597506
Simul_+30deg,30,33.47999573,33.47999573,0.00000000,-3.59909773
Simul_+30deg,30,33.84000015,33.83999634,0.00000000,-3.74313974
Simul_+30deg,30,34.19999695,34.20000076,0.00000000,-3.97357655
Simul_+30deg,30,34.55999756,34.56000137,0.00000000,-4.27756023
Simul_+30deg,30,34.91999817,34.92000198,0.00000000,-4.58774519
Simul_+30deg,30,35.27999878,35.27999878,0.00000000,-4.90384293
Simul_+30deg,30,35.63999557,35.63999557,0.00000000,-5.22543192
Simul_+30deg,30,36.00000000,36.00000000,0.00000000,-5.55190277
Simul_+30deg,30,36.35999680,36.36000061,0.00000000,-6.10283804
Simul_+30deg,30,36.71999741,36.71999359,0.00000000,-6.66187954
Simul_+30deg,30,37.07999802,37.07999420,0.00000000,-7.22161198
Simul_+30deg,30,37.43999863,37.43999481,0.00000000,-7.77103138
Simul_+30deg,30,37.79999542,37.79999161,0.00000000,-8.29480743
Simul_+30deg,30,38.15999985,38.15999985,0.00000000,-8.85468292
Simul_+30deg,30,38.51999664,38.51999664,0.00000000,-9.40959740
Simul_+30deg,30,38.88000107,38.88000107,0.00000000,-9.78588963
Simul_+30deg,30,39.23999786,39.23999786,0.00000000,-9.92885113
Simul_+30deg,30,39.59999847,39.59999847,0.00000000,-9.81482029
Simul_+30deg,30,39.95999908,39.95999527,0.00000000,-9.46281338
Simul_+30deg,30,40.31999969,40.31999969,0.00000000,-8.90854263
Simul_+30deg,30,40.67999649,40.67999649,0.00000000,-8.18457699
Simul_+30deg,30,41.03999710,41.03999710,0.00000000,-7.37126637
Simul_+30deg,30,41.39999771,41.39999390,0.00000000,-6.52825546
Simul_+30deg,30,41.75999451,41.75999451,0.00000000,-5.69242239
Simul_+30deg,30,42.11999893,42.11999893,0.00000000,-4.88221598
Simul_+30deg,30,42.47999573,42.47999573,0.00000000,-4.09467983
Simul_+30deg,30,42.83999634,42.83999634,0.00000000,-3.33765054
Simul_+30deg,30,43.19999695,43.19999695,0.00000000,-2.61659265
Simul_+30deg,30,43.55999756,43.55999756,0.00000000,-1.93299520
Simul_+30deg,30,43.91999817,43.91999817,0.00000000,-1.28623021
Simul_+30deg,30,44.27999878,44.27999878,0.00000000,-0.68149513
Simul_+30deg,30,44.63999557,44.63999557,0.00000000,-0.09969484
Simul_+30deg,30,45.00000000,45.00000000,0.00000000,0.46080291
Simul_+30deg,30,45.35999680,45.35999680,0.00000000,0.99908537
Simul_+30deg,30,45.71999741,45.71999741,0.00000000,1.51516211
Simul_+30deg,30,46.07999802,46.07999802,0.00000000,2.00285935
Simul_+30deg,30,46.43999863,46.43999863,0.00000000,2.45596433
Simul_+30deg,30,46.79999542,46.79999542,0.00000000,2.90222788
Simul_+30deg,30,47.15999985,47.15999985,0.00000000,3.33941412
Simul_+30deg,30,47.51999664,47.52000046,0.00000000,3.76607370
Simul_+30deg,30,47.87999725,47.87999725,0.00000000,4.18131304
Simul_+30deg,30,48.23999786,48.23999786,0.00000000,4.55739117
Simul_+30deg,30,48.59999847,48.59999847,0.00000000,4.92052650
Simul_+30deg,30,48.95999908,48.96000290,0.00000000,5.28427124
Simul_+30deg,30,49.31999588,49.31999588,0.00000000,5.64621401
Simul_+30deg,30,49.67999649,49.67999649,0.00000000,6.00455475
Simul_+30deg,30,50.03999710,50.03999710,0.00000000,6.35335445
Simul_+30deg,30,50.39999771,50.39999771,0.00000000,6.66781378
Simul_+30deg,30,50.75999451,50.75999832,0.00000000,6.98837519
Simul_+30deg,30,51.11999893,51.11999893,0.00000000,7.31225395
Simul_+30deg,30,51.47999573,51.47999573,0.00000000,7.63717699
Simul_+30deg,30,51.83999634,51.84000015,0.00000000,7.96131563
Simul_+30deg,30,52.19999695,52.19999695,0.00000000,8.27417183
Simul_+30deg,30,52.55999756,52.55999756,0.00000000,8.58307266
Simul_+30deg,30,52.91999435,52.91999817,0.00000000,8.89495468
Simul_+30deg,30,53.27999878,53.27999878,0.00000000,9.20778751
Simul_+30deg,30,53.63999557,53.63999557,0.00000000,9.51993084
Simul_+30deg,30,54.00000000,54.00000000,0.00000000,9.83006859
Simul_+30deg,30,54.35999680,54.35999680,0.00000000,10.13522339
Simul_+30deg,30,54.71999741,54.71999741,0.00000000,10.43863106
Simul_+30deg,30,55.07999802,55.07999802,0.00000000,10.73928356
Simul_+30deg,30,55.43999863,55.43999863,0.00000000,11.03639984
Simul_+30deg,30,55.79999542,55.79999924,0.00000000,11.32937241
Simul_+30deg,30,56.15999603,56.15999603,0.00000000,11.61270905
Simul_+30deg,30,56.51999664,56.51999664,0.00000000,11.88437366
Simul_+30deg,30,56.87999725,56.87999725,0.00000000,12.15044975
Simul_+30deg,30,57.23999786,57.23999786,0.00000000,12.41096592
Simul_+30deg,30,57.59999847,57.59999847,0.00000000,12.66598320
Simul_+30deg,30,57.95999908,57.95999908,0.00000000,12.91557503
Simul_+30deg,30,58.31999588,58.31999588,0.00000000,13.13113022
Simul_+30deg,30,58.67999649,58.67999649,0.00000000,13.33819771
Simul_+30deg,30,59.03999329,59.03999329,0.00000000,13.54059696
Simul_+30deg,30,59.39999390,59.39999390,0.00000000,13.73852253
Simul_+30deg,30,59.75999832,59.75999832,0.00000000,13.93216896
Simul_+30deg,30,60.11999893,60.11999893,0.00000000,14.10519695
Simul_+30deg,30,60.47999573,60.47999573,0.00000000,14.24278641
Simul_+30deg,30,60.83999634,60.83999634,0.00000000,14.37875652
Simul_+30deg,30,61.19999313,61.19999313,0.00000000,14.51312637
Simul_+30deg,30,61.56000137,61.56000137,0.00000000,14.64592171
Simul_+30deg,30,61.91999817,61.91999817,0.00000000,14.77715302
Simul_+30deg,30,62.27999878,62.27999878,0.00000000,14.86310863
Simul_+30deg,30,62.63999557,62.63999557,0.00000000,14.93823910
Simul_+30deg,30,62.99999619,62.99999619,0.00000000,15.01531696
Simul_+30deg,30,63.35999298,63.35999298,0.00000000,15.09422207
Simul_+30deg,30,63.71999741,63.71999741,0.00000000,15.17483330
Simul_+30deg,30,64.07999420,64.07999420,0.00000000,15.24365234
Simul_+30deg,30,64.43999481,64.43999481,0.00000000,15.26936054
Simul_+30deg,30,64.79999542,64.79999542,0.00000000,15.30010700
Simul_+30deg,30,65.15999603,65.15999603,0.00000000,15.33578110
Simul_+30deg,30,65.51999664,65.51999664,0.00000000,15.37626362
Simul_+30deg,30,65.87999725,65.87999725,0.00000000,15.42141724
Simul_+30deg,30,66.23999786,66.23999786,0.00000000,15.42634201
Simul_+30deg,30,66.59999847,66.59999847,0.00000000,15.41503048
Simul_+30deg,30,66.95999146,66.95999146,0.00000000,15.41023827
Simul_+30deg,30,67.31999207,67.31999207,0.00000000,15.41198921
Simul_+30deg,30,67.68000031,67.68000031,0.00000000,15.42027283
Simul_+30deg,30,68.04000092,68.04000092,0.00000000,15.42577362
Simul_+30deg,30,68.39999390,68.39999390,0.00000000,15.36298180
Simul_+30deg,30,68.75999451,68.75999451,0.00000000,15.30585670
Simul_+30deg,30,69.11999512,69.11999512,0.00000000,15.25464439
Simul_+30deg,30,69.47999573,69.47999573,0.00000000,15.20955849
Simul_+30deg,30,69.83999634,69.83999634,0.00000000,15.17080212
Simul_+30deg,30,70.19999695,70.19999695,0.00000000,15.08148575
Simul_+30deg,30,70.55999756,70.55999756,0.00000000,14.94963074
Simul_+30deg,30,70.91999817,70.91999817,0.00000000,14.82017422
Simul_+30deg,30,71.27999115,71.27999115,0.00000000,14.69346428
Simul_+30deg,30,71.63999939,71.63999939,0.00000000,14.56986332
Simul_+30deg,30,72.00000000,72.00000000,0.00000000,14.44975281
Simul_+30deg,30,72.36000061,72.36000061,0.00000000,14.22191238
Simul_+30deg,30,72.71999359,72.71999359,0.00000000,13.98995590
Simul_+30deg,30,73.07999420,73.07999420,0.00000000,13.75388718
Simul_+30deg,30,73.43999481,73.43999481,0.00000000,13.51372719
Simul_+30deg,30,73.79999542,73.79999542,0.00000000,13.26953697
Simul_+30deg,30,74.15999603,74.15999603,0.00000000,12.98371410
Simul_+30deg,30,74.51999664,74.51999664,0.00000000,12.64071465
Simul_+30deg,30,74.87999725,74.87999725,0.00000000,12.28460693
Simul_+30deg,30,75.23999023,75.23999023,0.00000000,11.91444969
Simul_+30deg,30,75.59999084,75.59999084,0.00000000,11.52921772
Simul_+30deg,30,75.95999908,75.95999908,0.00000000,11.12775707
Simul_+30deg,30,76.31999969,76.31999969,0.00000000,10.70560360
Simul_+30deg,30,76.67999268,76.67999268,0.00000000,10.26705551
Simul_+30deg,30,77.03999329,77.03999329,0.00000000,9.81227303
Simul_+30deg,30,77.39999390,77.39999390,0.00000000,9.34109211
Simul_+30deg,30,77.76000214,77.76000214,0.00000000,8.85375881
Simul_+30deg,30,78.11999512,78.11999512,0.00000000,8.39406109
Simul_+30deg,30,78.47999573,78.47999573,0.00000000,8.01918602
Simul_+30deg,30,78.83999634,78.83999634,0.00000000,7.65379620
Simul_+30deg,30,79.19999695,79.19999695,0.00000000,7.30351067
Simul_+30deg,30,79.55998993,79.55998993,0.00000000,6.97503567
Simul_+30deg,30,79.91999817,79.91999817,0.00000000,6.67597723
Simul_+30deg,30,80.27999878,80.27999878,0.00000000,6.51516247
Simul_+30deg,30,80.63999939,80.63999939,0.00000000,6.41106224
Simul_+30deg,30,80.99999237,80.99999237,0.00000000,6.33514643
Simul_+30deg,30,81.35999298,81.35999298,0.00000000,6.28894997
Simul_+30deg,30,81.72000122,81.72000122,0.00000000,6.27343845
Simul_+30deg,30,82.07999420,82.07999420,0.00000000,6.27035236
Simul_+30deg,30,82.43999481,82.43999481,0.00000000,6.21856022
Simul_+30deg,30,82.79999542,82.79999542,0.00000000,6.17404175
Simul_+30deg,30,83.15999603,83.15999603,0.00000000,6.13702774
Simul_+30deg,30,83.51998901,83.51998901,0.00000000,6.10771608
Simul_+30deg,30,83.87999725,83.87999725,0.00000000,6.08626366
Simul_+30deg,30,84.23999786,84.23999786,0.00000000,5.91394472
Simul_+30deg,30,84.59999847,84.59999847,0.00000000,5.65856028
Simul_+30deg,30,84.95999146,84.95999146,0.00000000,5.39704561
Simul_+30deg,30,85.31999207,85.31999207,0.00000000,5.12921286
Simul_+30deg,30,85.67999268,85.67999268,0.00000000,4.85489702
Simul_+30deg,30,86.04000092,86.04000092,0.00000000,4.54721308
Simul_+30deg,30,86.39999390,86.39999390,0.00000000,4.00518131
Simul_+30deg,30,86.75999451,86.75999451,0.00000000,3.42929482
Simul_+30deg,30,87.11999512,87.11999512,0.00000000,2.81544256
Simul_+30deg,30,87.47999573,87.47999573,0.00000000,2.15883160
Simul_+30deg,30,87.83999634,87.83999634,0.00000000,1.45379972
Simul_+30deg,30,88.19999695,88.19999695,0.00000000,0.67139632
Simul_+30deg,30,88.55999756,88.55999756,0.00000000,-0.18438497
Simul_+30deg,30,88.91999817,88.91999817,0.00000000,-1.09300518
Simul_+30deg,30,89.27999115,89.27999115,0.00000000,-2.04554749
Simul_+30deg,30,89.63999176,89.63999176,0.00000000,-3.01844478
Simul_+30deg,30,90.00000000,90.00000000,0.00000000,-3.96239400
Simul_+30deg,30,90.35999298,90.35999298,0.00000000,-4.28373671
Simul_+30deg,30,90.71999359,90.71999359,0.00000000,-4.41977549
Simul_+30deg,30,91.07999420,91.07999420,0.00000000,-4.35254288
Simul_+30deg,30,91.43999481,91.43999481,0.00000000,-4.09108114
Simul_+30deg,30,91.79999542,91.79999542,0.00000000,-3.66769409
Simul_+30deg,30,92.15999603,92.15999603,0.00000000,-3.20595312
Simul_+30deg,30,92.51999664,92.51999664,0.00000000,-2.82157183
Simul_+30deg,30,92.87999725,92.87999725,0.00000000,-2.44390821
Simul_+30deg,30,93.23999023,93.23999023,0.00000000,-2.07393718
Simul_+30deg,30,93.59999084,93.59999084,0.00000000,-1.71227038
Simul_+30deg,30,93.95999908,93.95999908,0.00000000,-1.35931039
Simul_+30deg,30,94.31999969,94.31999969,0.00000000,-1.47808552
Simul_+30deg,30,94.67999268,94.67999268,0.00000000,-1.65504503
Simul_+30deg,30,95.03999329,95.03999329,0.00000000,-1.83151388
Simul_+30deg,30,95.39999390,95.39999390,0.00000000,-2.00711679
Simul_+30deg,30,95.75999451,95.75999451,0.00000000,-2.18142605
Simul_+30deg,30,96.11999512,96.11999512,0.00000000,-2.55202770
Simul_+30deg,30,96.47999573,96.47999573,0.00000000,-3.36181498
Simul_+30deg,30,96.83999634,96.83999634,0.00000000,-4.24531174
Simul_+30deg,30,97.19999695,97.19999695,0.00000000,-5.21430922
Simul_+30deg,30,97.55998993,97.55998993,0.00000000,-6.28201532
Simul_+30deg,30,97.91999817,97.91999817,0.00000000,-7.46106243
Simul_+30deg,30,98.27999878,98.27999878,0.00000000,-9.31203938
Simul_+30deg,30,98.63999176,98.63999176,0.00000000,-11.85753822
Simul_+30deg,30,98.99999237,98.99999237,0.00000000,-15.41535854
Simul_+30deg,30,99.35999298,99.35999298,0.00000000,-21.08929634
Simul_+30deg,30,99.71999359,99.71999359,0.00000000,-26.32642937
Simul_+30deg,30,100.07999420,100.07999420,0.00000000,-19.58581924
Simul_+30deg,30,100.43999481,100.43999481,0.00000000,-15.47736931
Simul_+30deg,30,100.79999542,100.79999542,0.00000000,-12.37437248
Simul_+30deg,30,101.15999603,101.15999603,0.00000000,-10.01479721
Simul_+30deg,30,101.51998901,101.51998901,0.00000000,-8.13439178
Simul_+30deg,30,101.87999725,101.87999725,0.00000000,-6.57810450
Simul_+30deg,30,102.23999786,102.23999786,0.00000000,-5.70899963
Simul_+30deg,30,102.59999847,102.59999847,0.00000000,-5.10165977
Simul_+30deg,30,102.95999146,102.95999146,0.00000000,-4.50334215
Simul_+30deg,30,103.31999207,103.31999207,0.00000000,-3.92023802
Simul_+30deg,30,103.67999268,103.67999268,0.00000000,-3.35598016
Simul_+30deg,30,104.03999329,104.03999329,0.00000000,-2.88062859
Simul_+30deg,30,104.39999390,104.39999390,0.00000000,-2.95095348
Simul_+30deg,30,104.75999451,104.75999451,0.00000000,-3.00232410
Simul_+30deg,30,105.11999512,105.11999512,0.00000000,-3.03404713
Simul_+30deg,30,105.47999573,105.47999573,0.00000000,-3.04569149
Simul_+30deg,30,105.83998871,105.83998871,0.00000000,-3.03709078
Simul_+30deg,30,106.19999695,106.19999695,0.00000000,-3.29116440
Simul_+30deg,30,106.55999756,106.55999756,0.00000000,-3.78095722
Simul_+30deg,30,106.91999054,106.91999054,0.00000000,-4.28840590
Simul_+30deg,30,107.27999115,107.27999115,0.00000000,-4.81267023
Simul_+30deg,30,107.63999176,107.63999176,0.00000000,-5.35184145
Simul_+30deg,30,108.00000000,108.00000000,0.00000000,-5.90264893
Simul_+30deg,30,108.35999298,108.35999298,0.00000000,-6.70550537
Simul_+30deg,30,108.71999359,108.71999359,0.00000000,-7.55339575
Simul_+30deg,30,109.07999420,109.07999420,0.00000000,-8.43839073
Simul_+30deg,30,109.43999481,109.43999481,0.00000000,-9.34128952
Simul_+30deg,30,109.79998779,109.79998779,0.00000000,-10.22406578
Simul_+30deg,30,110.15999603,110.15999603,0.00000000,-10.73316383
Simul_+30deg,30,110.51999664,110.51999664,0.00000000,-10.67393780
Simul_+30deg,30,110.87999725,110.87999725,0.00000000,-10.38784981
Simul_+30deg,30,111.23999023,111.23999023,0.00000000,-9.91577244
Simul_+30deg,30,111.59999084,111.59999084,0.00000000,-9.31328678
Simul_+30deg,30,111.95999908,111.95999908,0.00000000,-8.63361073
Simul_+30deg,30,112.31999207,112.31999207,0.00000000,-7.97871113
Simul_+30deg,30,112.67999268,112.67999268,0.00000000,-7.34819174
Simul_+30deg,30,113.03999329,113.03999329,0.00000000,-6.74064350
Simul_+30deg,30,113.39999390,113.39999390,0.00000000,-6.15792799
Simul_+30deg,30,113.75999451,113.75999451,0.00000000,-5.60041189
Simul_+30deg,30,114.11999512,114.11999512,0.00000000,-5.22281885
Simul_+30deg,30,114.47999573,114.47999573,0.00000000,-5.14246273
Simul_+30deg,30,114.83999634,114.83999634,0.00000000,-5.03174782
Simul_+30deg,30,115.19999695,115.19999695,0.00000000,-4.89296103
Simul_+30deg,30,115.55998993,115.55998993,0.00000000,-4.72881317
Simul_+30deg,30,115.91999817,115.91999817,0.00000000,-4.54222488
Simul_+30deg,30,116.27999115,116.27999115,0.00000000,-4.74483061
Simul_+30deg,30,116.63999176,116.63999176,0.00000000,-5.04292870
Simul_+30deg,30,117.00000000,117.00000000,0.00000000,-5.31344414
Simul_+30deg,30,117.35999298,117.35999298,0.00000000,-5.54955435
Simul_+30deg,30,117.72000122,117.72000122,0.00000000,-5.74447918
Simul_+30deg,30,118.07998657,118.07998657,0.00000000,-5.99451351
Simul_+30deg,30,118.43999481,118.43999481,0.00000000,-6.58929634
Simul_+30deg,30,118.79998779,118.79998779,0.00000000,-7.18585777
Simul_+30deg,30,119.15999603,119.15999603,0.00000000,-7.77129602
Simul_+30deg,30,119.51999664,119.51999664,0.00000000,-8.32704544
Simul_+30deg,30,119.87998962,119.87998962,0.00000000,-8.82836628
Simul_+30deg,30,120.23999786,120.23999786,0.00000000,-9.51559925
Simul_+30deg,30,120.59999084,120.59999084,0.00000000,-10.33267021
Simul_+30deg,30,120.95999146,120.95999146,0.00000000,-11.13813591
Simul_+30deg,30,121.31999969,121.31999969,0.00000000,-11.88687325
Simul_+30deg,30,121.67999268,121.67999268,0.00000000,-12.51268005
Simul_+30deg,30,122.03999329,122.03999329,0.00000000,-12.98419952
Simul_+30deg,30,122.39998627,122.39998627,0.00000000,-13.68801212
Simul_+30deg,30,122.75999451,122.75999451,0.00000000,-14.25577736
Simul_+30deg,30,123.12000275,123.12000275,0.00000000,-14.61228275
Simul_+30deg,30,123.47998810,123.47998810,0.00000000,-14.69780540
Simul_+30deg,30,123.83999634,123.83999634,0.00000000,-14.49635983
Simul_+30deg,30,124.19998932,124.19998932,0.00000000,-14.40009499
Simul_+30deg,30,124.55999756,124.55999756,0.00000000,-14.43431664
Simul_+30deg,30,124.91998291,124.91998291,0.00000000,-14.33198166
Simul_+30deg,30,125.27999115,125.27999115,0.00000000,-14.10231209
Simul_+30deg,30,125.63999939,125.63999939,0.00000000,-13.76435280
Simul_+30deg,30,125.99999237,125.99999237,0.00000000,-13.34222031
Simul_+30deg,30,126.35999298,126.35999298,0.00000000,-13.64947510
Simul_+30deg,30,126.71998596,126.71998596,0.00000000,-13.88142014
Simul_+30deg,30,127.07999420,127.07999420,0.00000000,-14.02438927
Simul_+30deg,30,127.43999481,127.43999481,0.00000000,-14.06908035
Simul_+30deg,30,127.79998779,127.79998779,0.00000000,-14.01244545
Simul_+30deg,30,128.15998840,128.15998840,0.00000000,-14.27639198
Simul_+30deg,30,128.51998901,128.51998901,0.00000000,-14.98493385
Simul_+30deg,30,128.87998962,128.87998962,0.00000000,-15.56849098
Simul_+30deg,30,129.24000549,129.24000549,0.00000000,-15.95391655
Simul_+30deg,30,129.59999084,129.59999084,0.00000000,-16.07925224
Simul_+30deg,30,129.95999146,129.95999146,0.00000000,-15.92161942
Simul_+30deg,30,130.31999207,130.31999207,0.00000000,-16.32406616
Simul_+30deg,30,130.67999268,130.67999268,0.00000000,-16.54902840
Simul_+30deg,30,131.03999329,131.03999329,0.00000000,-16.44928741
Simul_+30deg,30,131.39999390,131.39999390,0.00000000,-16.04576874
Simul_+30deg,30,131.75999451,131.75999451,0.00000000,-15.41331482
Simul_+30deg,30,132.11999512,132.11999512,0.00000000,-14.89168644
Simul_+30deg,30,132.47999573,132.47999573,0.00000000,-14.76409721
Simul_+30deg,30,132.83998108,132.83998108,0.00000000,-14.53332710
Simul_+30deg,30,133.19999695,133.19999695,0.00000000,-14.21501541
Simul_+30deg,30,133.55999756,133.55999756,0.00000000,-13.82781410
Simul_+30deg,30,133.91998291,133.91998291,0.00000000,-13.39045429
Simul_+30deg,30,134.27999878,134.27999878,0.00000000,-13.19695377
Simul_+30deg,30,134.63998413,134.63998413,0.00000000,-13.05120277
Simul_+30deg,30,135.00000000,135.00000000,0.00000000,-12.87645149
Simul_+30deg,30,135.36000061,135.36000061,0.00000000,-12.67626953
Simul_+30deg,30,135.71998596,135.71998596,0.00000000,-12.45432377
Simul_+30deg,30,136.08000183,136.08000183,0.00000000,-12.22418785
Simul_+30deg,30,136.43998718,136.43998718,0.00000000,-12.00683975
Simul_+30deg,30,136.79998779,136.79998779,0.00000000,-11.76675987
Simul_+30deg,30,137.16000366,137.16000366,0.00000000,-11.50808525
Simul_+30deg,30,137.51998901,137.51998901,0.00000000,-11.23471069
Simul_+30deg,30,137.87998962,137.87998962,0.00000000,-10.95013523
Simul_+30deg,30,138.23999023,138.23999023,0.00000000,-10.72865295
Simul_+30deg,30,138.59999084,138.59999084,0.00000000,-10.52385426
Simul_+30deg,30,138.95999146,138.95999146,0.00000000,-10.30065632
Simul_+30deg,30,139.31999207,139.31999207,0.00000000,-10.06222630
Simul_+30deg,30,139.67999268,139.67999268,0.00000000,-9.81152153
Simul_+30deg,30,140.03999329,140.03999329,0.00000000,-9.56658173
Simul_+30deg,30,140.39999390,140.39999390,0.00000000,-9.43116760
Simul_+30deg,30,140.75997925,140.75997925,0.00000000,-9.28022003
Simul_+30deg,30,141.11999512,141.11999512,0.00000000,-9.11544895
Simul_+30deg,30,141.47999573,141.47999573,0.00000000,-8.93856049
Simul_+30deg,30,141.83999634,141.83999634,0.00000000,-8.75122261
Simul_+30deg,30,142.19999695,142.19999695,0.00000000,-8.64590073
Simul_+30deg,30,142.55998230,142.55998230,0.00000000,-8.59825230
Simul_+30deg,30,142.91999817,142.91999817,0.00000000,-8.53409576
Simul_+30deg,30,143.27999878,143.27999878,0.00000000,-8.45415974
Simul_+30deg,30,143.63998413,143.63998413,0.00000000,-8.35931778
Simul_+30deg,30,144.00000000,144.00000000,0.00000000,-8.25055599
Simul_+30deg,30,144.35998535,144.35998535,0.00000000,-8.37893867
Simul_+30deg,30,144.72000122,144.72000122,0.00000000,-8.49506187
Simul_+30deg,30,145.07998657,145.07998657,0.00000000,-8.59779549
Simul_+30deg,30,145.43998718,145.43998718,0.00000000,-8.68611813
Simul_+30deg,30,145.80000305,145.80000305,0.00000000,-8.75907326
Simul_+30deg,30,146.15998840,146.15998840,0.00000000,-8.89180183
Simul_+30deg,30,146.51998901,146.51998901,0.00000000,-9.11377048
Simul_+30deg,30,146.87998962,146.87998962,0.00000000,-9.33347225
Simul_+30deg,30,147.23999023,147.23999023,0.00000000,-9.54994106
Simul_+30deg,30,147.59999084,147.59999084,0.00000000,-9.76205540
Simul_+30deg,30,147.95999146,147.95999146,0.00000000,-9.96858501
Simul_+30deg,30,148.31999207,148.31999207,0.00000000,-10.21080017
Simul_+30deg,30,148.67999268,148.67999268,0.00000000,-10.45764351
Simul_+30deg,30,149.03999329,149.03999329,0.00000000,-10.70329857
Simul_+30deg,30,149.39999390,149.39999390,0.00000000,-10.94670296
Simul_+30deg,30,149.75999451,149.75999451,0.00000000,-11.18657494
Simul_+30deg,30,150.11999512,150.11999512,0.00000000,-11.46248245
Simul_+30deg,30,150.47998047,150.47998047,0.00000000,-11.82195854
Simul_+30deg,30,150.83999634,150.83999634,0.00000000,-12.18581200
Simul_+30deg,30,151.19998169,151.19998169,0.00000000,-12.55237198
Simul_+30deg,30,151.55999756,151.55999756,0.00000000,-12.91950321
Simul_+30deg,30,151.91999817,151.91999817,0.00000000,-13.28433800
Simul_+30deg,30,152.27998352,152.27998352,0.00000000,-13.66145039
Simul_+30deg,30,152.63999939,152.63999939,0.00000000,-14.04942703
Simul_+30deg,30,152.99998474,152.99998474,0.00000000,-14.44351292
Simul_+30deg,30,153.35998535,153.35998535,0.00000000,-14.84194851
Simul_+30deg,30,153.72000122,153.72000122,0.00000000,-15.24219704
Simul_+30deg,30,154.07998657,154.07998657,0.00000000,-15.59470177
Simul_+30deg,30,154.43998718,154.43998718,0.00000000,-15.77753544
Simul_+30deg,30,154.79998779,154.79998779,0.00000000,-15.94870567
Simul_+30deg,30,155.15998840,155.15998840,0.00000000,-16.10650063
Simul_+30deg,30,155.52000427,155.52000427,0.00000000,-16.24914360
Simul_+30deg,30,155.87998962,155.87998962,0.00000000,-16.37490463
Simul_+30deg,30,156.23999023,156.23999023,0.00000000,-16.57339859
Simul_+30deg,30,156.59999084,156.59999084,0.00000000,-16.78838539
Simul_+30deg,30,156.95999146,156.95999146,0.00000000,-16.96745110
Simul_+30deg,30,157.31999207,157.31999207,0.00000000,-17.10554886
Simul_+30deg,30,157.67999268,157.67999268,0.00000000,-17.19845963
Simul_+30deg,30,158.03999329,158.03999329,0.00000000,-17.28184700
Simul_+30deg,30,158.39999390,158.39999390,0.00000000,-17.61868095
Simul_+30deg,30,158.75999451,158.75999451,0.00000000,-17.88234329
Simul_+30deg,30,159.11997986,159.11997986,0.00000000,-18.05730820
Simul_+30deg,30,159.47999573,159.47999573,0.00000000,-18.13203621
Simul_+30deg,30,159.83999634,159.83999634,0.00000000,-18.10124588
Simul_+30deg,30,160.19998169,160.19998169,0.00000000,-18.02112770
Simul_+30deg,30,160.55999756,160.55999756,0.00000000,-17.87368584
Simul_+30deg,30,160.91998291,160.91998291,0.00000000,-17.62296867
Simul_+30deg,30,161.27999878,161.27999878,0.00000000,-17.28595161
Simul_+30deg,30,161.63999939,161.63999939,0.00000000,-16.88222694
Simul_+30deg,30,161.99998474,161.99998474,0.00000000,-16.43095398
Simul_+30deg,30,162.36000061,162.36000061,0.00000000,-15.98411179
Simul_+30deg,30,162.71998596,162.71998596,0.00000000,-15.50778484
Simul_+30deg,30,163.07998657,163.07998657,0.00000000,-15.01499653
Simul_+30deg,30,163.44000244,163.44000244,0.00000000,-14.51588821
Simul_+30deg,30,163.79998779,163.79998779,0.00000000,-14.01784134
Simul_+30deg,30,164.15998840,164.15998840,0.00000000,-13.63462067
Simul_+30deg,30,164.51998901,164.51998901,0.00000000,-13.36239433
Simul_+30deg,30,164.87998962,164.87998962,0.00000000,-13.05892944
Simul_+30deg,30,165.23999023,165.23999023,0.00000000,-12.73145199
Simul_+30deg,30,165.59999084,165.59999084,0.00000000,-12.38647079
Simul_+30deg,30,165.95999146,165.95999146,0.00000000,-12.02961922
Simul_+30deg,30,166.31999207,166.31999207,0.00000000,-11.91125679
Simul_+30deg,30,166.67999268,166.67999268,0.00000000,-11.78397560
Simul_+30deg,30,167.03997803,167.03997803,0.00000000,-11.61857986
Simul_+30deg,30,167.39999390,167.39999390,0.00000000,-11.41936493
Simul_+30deg,30,167.75999451,167.75999451,0.00000000,-11.19104290
Simul_+30deg,30,168.11999512,168.11999512,0.00000000,-11.02842236
Simul_+30deg,30,168.47999573,168.47999573,0.00000000,-11.00498676
Simul_+30deg,30,168.83998108,168.83998108,0.00000000,-10.93214512
Simul_+30deg,30,169.19999695,169.19998169,0.00000000,-10.81233501
Simul_+30deg,30,169.55999756,169.55999756,0.00000000,-10.64933872
Simul_+30deg,30,169.91998291,169.91996765,0.00000000,-10.44797421
Simul_+30deg,30,170.27999878,170.27998352,0.00000000,-10.49688530
Simul_+30deg,30,170.63998413,170.63998413,0.00000000,-10.56980705
Simul_+30deg,30,170.99998474,171.00000000,0.00000000,-10.57975769
Simul_+30deg,30,171.35998535,171.36000061,0.00000000,-10.52630901
Simul_+30deg,30,171.71998596,171.71998596,0.00000000,-10.41175079
Simul_+30deg,30,172.08000183,172.07998657,0.00000000,-10.34394741
Simul_+30deg,30,172.43998718,172.43998718,0.00000000,-10.58125496
Simul_+30deg,30,172.79998779,172.80000305,0.00000000,-10.75288200
Simul_+30deg,30,173.15998840,173.16000366,0.00000000,-10.85033321
Simul_+30deg,30,173.51998901,173.52000427,0.00000000,-10.86845398
Simul_+30deg,30,173.87998962,173.87998962,0.00000000,-10.80625629
Simul_+30deg,30,174.23999023,174.23999023,0.00000000,-10.97003365
Simul_+30deg,30,174.59999084,174.59997559,0.00000000,-11.21171188
Simul_+30deg,30,174.95999146,174.95999146,0.00000000,-11.36798000
Simul_+30deg,30,175.31999207,175.32000732,0.00000000,-11.42896080
Simul_+30deg,30,175.67999268,175.67997742,0.00000000,-11.39060879
Simul_+30deg,30,176.03999329,176.03996277,0.00000000,-11.30579185
Simul_+30deg,30,176.39999390,176.39999390,0.00000000,-11.52724075
Simul_+30deg,30,176.75997925,176.75996399,0.00000000,-11.63841152
Simul_+30deg,30,177.11999512,177.12002563,0.00000000,-11.63058758
Simul_+30deg,30,177.47999573,177.47996521,0.00000000,-11.50439835
Simul_+30deg,30,177.83999634,177.83996582,0.00000000,-11.26970291
Simul_+30deg,30,178.19999695,178.19993591,0.00000000,-11.22386742
Simul_+30deg,30,178.55998230,178.56004333,0.00000000,-11.29459000
Simul_+30deg,30,178.91999817,178.92007446,0.00000000,-11.24589443
Simul_+30deg,30,179.27998352,179.27990723,0.00000000,-11.08183384
Simul_+30deg,30,179.63998413,179.64009094,0.00000000,-10.81451416
Simul_+30deg,30,180.00000000,180.00000000,180.00000000,-10.46315956
Simul_+30deg,30,180.35998535,179.64009094,180.00000000,-10.53895760
Simul_+30deg,30,180.71998596,179.27990723,180.00000000,-10.52448845
Simul_+30deg,30,181.07998657,178.92007446,180.00000000,-10.42004108
Simul_+30deg,30,181.43998718,178.56004333,180.00000000,-10.23176956
Simul_+30deg,30,181.80000305,178.19993591,180.00000000,-9.97011948
Simul_+30deg,30,182.15998840,177.83996582,180.00000000,-9.83914852
Simul_+30deg,30,182.51998901,177.47996521,180.00000000,-9.88257790
Simul_+30deg,30,182.87998962,177.12002563,180.00000000,-9.85621834
Simul_+30deg,30,183.23999023,176.75996399,180.00000000,-9.76129341
Simul_+30deg,30,183.59999084,176.39999390,180.00000000,-9.60221672
Simul_+30deg,30,183.95999146,176.04000854,180.00000000,-9.38578606
Simul_+30deg,30,184.31999207,175.67997742,180.00000000,-9.46684456
Simul_+30deg,30,184.67999268,175.32000732,180.00000000,-9.52929688
Simul_+30deg,30,185.03999329,174.95999146,180.00000000,-9.52629852
Simul_+30deg,30,185.39997864,174.59997559,180.00000000,-9.45797062
Simul_+30deg,30,185.75999451,174.23999023,180.00000000,-9.32733917
Simul_+30deg,30,186.11999512,173.87998962,180.00000000,-9.27530670
Simul_+30deg,30,186.47998047,173.52000427,180.00000000,-9.43876839
Simul_+30deg,30,186.83999634,173.16000366,180.00000000,-9.54066944
Simul_+30deg,30,187.19998169,172.80000305,180.00000000,-9.57648849
Simul_+30deg,30,187.55998230,172.43998718,180.00000000,-9.54457760
Simul_+30deg,30,187.91999817,172.07998657,180.00000000,-9.44640732
Simul_+30deg,30,188.27998352,171.71998596,180.00000000,-9.60166645
Simul_+30deg,30,188.63999939,171.36000061,180.00000000,-9.79382992
Simul_+30deg,30,188.99998474,171.00000000,180.00000000,-9.92653656
Simul_+30deg,30,189.35998535,170.63998413,180.00000000,-9.99400711
Simul_+30deg,30,189.72000122,170.27998352,180.00000000,-9.99312019
Simul_+30deg,30,190.07998657,169.91999817,180.00000000,-10.01225281
Simul_+30deg,30,190.43998718,169.55998230,180.00000000,-10.28493977
Simul_+30deg,30,190.79998779,169.20001221,180.00000000,-10.50149727
Simul_+30deg,30,191.15998840,168.83998108,180.00000000,-10.65239334
Simul_+30deg,30,191.51998901,168.47999573,180.00000000,-10.73027706
Simul_+30deg,30,191.87998962,168.11999512,180.00000000,-10.73112392
Simul_+30deg,30,192.23999023,167.75997925,180.00000000,-10.94073391
Simul_+30deg,30,192.59999084,167.40000916,180.00000000,-11.22865200
Simul_+30deg,30,192.95999146,167.03999329,180.00000000,-11.44134426
Simul_+30deg,30,193.31997681,166.67999268,180.00000000,-11.56647110
Simul_+30deg,30,193.67999268,166.31999207,180.00000000,-11.59610653
Simul_+30deg,30,194.03999329,165.95997620,180.00000000,-11.57505035
Simul_+30deg,30,194.39999390,165.59999084,180.00000000,-11.84569836
Simul_+30deg,30,194.75999451,165.24000549,180.00000000,-12.03499794
Simul_+30deg,30,195.11997986,164.88000488,180.00000000,-12.13133049
Simul_+30deg,30,195.47999573,164.51998901,180.00000000,-12.12831306
Simul_+30deg,30,195.83999634,164.15998840,180.00000000,-12.02615356
Simul_+30deg,30,196.19998169,163.79998779,180.00000000,-12.02425480
Simul_+30deg,30,196.55999756,163.43998718,180.00000000,-12.10524464
Simul_+30deg,30,196.91998291,163.07998657,180.00000000,-12.11665154
Simul_+30deg,30,197.27998352,162.72000122,180.00000000,-12.05794239
Simul_+30deg,30,197.63999939,162.36000061,180.00000000,-11.93188763
Simul_+30deg,30,197.99998474,161.99998474,180.00000000,-11.74416924
Simul_+30deg,30,198.36000061,161.63999939,180.00000000,-11.77345848
Simul_+30deg,30,198.71998596,161.27999878,180.00000000,-11.76102448
Simul_+30deg,30,199.07998657,160.91998291,180.00000000,-11.70721531
Simul_+30deg,30,199.43998718,160.56001282,180.00000000,-11.61355782
Simul_+30deg,30,199.79998779,160.19998169,180.00000000,-11.48255444
Simul_+30deg,30,200.15998840,159.83998108,180.00000000,-11.44129372
Simul_+30deg,30,200.51998901,159.47999573,180.00000000,-11.52946663
Simul_+30deg,30,200.87998962,159.11997986,180.00000000,-11.59391785
Simul_+30deg,30,201.23999023,158.75999451,180.00000000,-11.63355064
Simul_+30deg,30,201.59999084,158.39999390,180.00000000,-11.64768219
Simul_+30deg,30,201.95999146,158.03997803,180.00000000,-11.63606071
Simul_+30deg,30,202.31999207,157.67999268,180.00000000,-11.84508419
Simul_+30deg,30,202.67999268,157.31997681,180.00000000,-12.08203411
Simul_+30deg,30,203.03997803,156.95999146,180.00000000,-12.31642818
Simul_+30deg,30,203.39999390,156.59999084,180.00000000,-12.54714108
Simul_+30deg,30,203.75999451,156.23997498,180.00000000,-12.77278996
Simul_+30deg,30,204.11997986,155.87998962,180.00000000,-13.01862526
Simul_+30deg,30,204.47999573,155.51998901,180.00000000,-13.31865501
Simul_+30deg,30,204.83998108,155.15998840,180.00000000,-13.62307453
Simul_+30deg,30,205.19999695,154.79998779,180.00000000,-13.93128586
Simul_+30deg,30,205.55998230,154.43998718,180.00000000,-14.24240494
Simul_+30deg,30,205.91998291,154.07998657,180.00000000,-14.55540466
Simul_+30deg,30,206.27999878,153.71998596,180.00000000,-14.73085499
Simul_+30deg,30,206.63998413,153.35998535,180.00000000,-14.84465981
Simul_+30deg,30,206.99998474,152.99998474,180.00000000,-14.93156624
Simul_+30deg,30,207.35998535,152.63999939,180.00000000,-14.98986626
Simul_+30deg,30,207.71998596,152.27998352,180.00000000,-15.01838589
Simul_+30deg,30,208.07998657,151.91998291,180.00000000,-14.99715424
Simul_+30deg,30,208.43998718,151.55999756,180.00000000,-14.88016605
Simul_+30deg,30,208.79998779,151.19998169,180.00000000,-14.73843670
Simul_+30deg,30,209.15998840,150.83999634,180.00000000,-14.57443333
Simul_+30deg,30,209.51998901,150.47998047,180.00000000,-14.39074039
Simul_+30deg,30,209.87998962,150.11999512,180.00000000,-14.19001198
Simul_+30deg,30,210.23999023,149.75999451,180.00000000,-13.96820927
Simul_+30deg,30,210.59999084,149.39997864,180.00000000,-13.73451805
Simul_+30deg,30,210.95999146,149.03999329,180.00000000,-13.49481201
Simul_+30deg,30,211.31999207,148.67999268,180.00000000,-13.25065517
Simul_+30deg,30,211.67997742,148.31999207,180.00000000,-13.00345230
Simul_+30deg,30,212.03999329,147.95999146,180.00000000,-12.76498604
Simul_+30deg,30,212.39999390,147.59999084,180.00000000,-12.60653591
Simul_+30deg,30,212.75997925,147.23999023,180.00000000,-12.44160080
Simul_+30deg,30,213.11999512,146.88000488,180.00000000,-12.27106667
Simul_+30deg,30,213.47998047,146.51998901,180.00000000,-12.09580994
Simul_+30deg,30,213.83998108,146.15998840,180.00000000,-11.91665268
Simul_+30deg,30,214.19999695,145.79998779,180.00000000,-11.87666130
Simul_+30deg,30,214.55998230,145.43998718,180.00000000,-11.93850517
Simul_+30deg,30,214.91999817,145.07998657,180.00000000,-11.98517799
Simul_+30deg,30,215.27998352,144.72000122,180.00000000,-12.01616859
Simul_+30deg,30,215.63998413,144.35998535,180.00000000,-12.03114128
Simul_+30deg,30,216.00000000,143.99998474,180.00000000,-12.02994347
Simul_+30deg,30,216.35998535,143.63998413,180.00000000,-12.36543179
Simul_+30deg,30,216.71998596,143.27998352,180.00000000,-12.68421078
Simul_+30deg,30,217.07998657,142.91999817,180.00000000,-12.98020458
Simul_+30deg,30,217.43998718,142.55998230,180.00000000,-13.24678898
Simul_+30deg,30,217.79998779,142.19998169,180.00000000,-13.47694492
Simul_+30deg,30,218.15998840,141.83999634,180.00000000,-13.81755066
Simul_+30deg,30,218.51998901,141.47998047,180.00000000,-14.28383350
Simul_+30deg,30,218.87998962,141.11999512,180.00000000,-14.64935207
Simul_+30deg,30,219.23999023,140.75997925,180.00000000,-14.88280106
Simul_+30deg,30,219.59997559,140.39999390,180.00000000,-14.96074486
Simul_+30deg,30,219.95999146,140.03999329,180.00000000,-14.87472439
Simul_+30deg,30,220.31999207,139.67997742,180.00000000,-14.72379589
Simul_+30deg,30,220.67997742,139.32000732,180.00000000,-14.35112858
Simul_+30deg,30,221.03999329,138.95999146,180.00000000,-13.79460239
Simul_+30deg,30,221.39997864,138.60000610,180.00000000,-13.11951637
Simul_+30deg,30,221.75999451,138.23999023,180.00000000,-12.38227272
Simul_+30deg,30,222.11999512,137.87998962,180.00000000,-11.65176392
Simul_+30deg,30,222.47998047,137.51998901,180.00000000,-10.95183563
Simul_+30deg,30,222.83999634,137.15998840,180.00000000,-10.23914528
Simul_+30deg,30,223.19998169,136.79998779,180.00000000,-9.53376961
Simul_+30deg,30,223.55998230,136.43998718,180.00000000,-8.84754181
Simul_+30deg,30,223.91999817,136.07998657,180.00000000,-8.18683910
Simul_+30deg,30,224.27998352,135.72000122,180.00000000,-7.68462753
Simul_+30deg,30,224.63998413,135.36000061,180.00000000,-7.21957493
Simul_+30deg,30,224.99998474,135.00000000,180.00000000,-6.75608873
Simul_+30deg,30,225.35998535,134.63998413,180.00000000,-6.29822731
Simul_+30deg,30,225.71998596,134.28001404,180.00000000,-5.84889174
Simul_+30deg,30,226.07998657,133.91999817,180.00000000,-5.46023083
Simul_+30deg,30,226.43998718,133.55998230,180.00000000,-5.24374437
Simul_+30deg,30,226.79998779,133.20001221,180.00000000,-5.01519203
Simul_+30deg,30,227.15998840,132.83998108,180.00000000,-4.77686501
Simul_+30deg,30,227.51998901,132.47999573,180.00000000,-4.53094149
Simul_+30deg,30,227.87998962,132.11999512,180.00000000,-4.27932072
Simul_+30deg,30,228.23999023,131.75997925,180.00000000,-4.19908905
Simul_+30deg,30,228.59999084,131.40000916,180.00000000,-4.19160414
Simul_+30deg,30,228.95999146,131.03999329,180.00000000,-4.16693640
Simul_+30deg,30,229.31997681,130.67999268,180.00000000,-4.12537861
Simul_+30deg,30,229.67999268,130.31999207,180.00000000,-4.06740952
Simul_+30deg,30,230.03999329,129.95997620,180.00000000,-4.02860594
Simul_+30deg,30,230.39999390,129.59997559,180.00000000,-4.25512600
Simul_+30deg,30,230.75997925,129.24000549,180.00000000,-4.46690798
Simul_+30deg,30,231.11997986,128.87998962,180.00000000,-4.66111326
Simul_+30deg,30,231.47999573,128.51998901,180.00000000,-4.83480215
Simul_+30deg,30,231.83999634,128.15998840,180.00000000,-4.98507166
Simul_+30deg,30,232.19999695,127.79998016,180.00000000,-5.30806589
Simul_+30deg,30,232.55998230,127.43999481,180.00000000,-5.78237772
Simul_+30deg,30,232.91998291,127.07999420,180.00000000,-6.24833822
Simul_+30deg,30,233.27998352,126.71998596,180.00000000,-6.69643974
Simul_+30deg,30,233.63999939,126.35998535,180.00000000,-7.11466837
Simul_+30deg,30,234.00000000,125.99997711,180.00000000,-7.48866653
Simul_+30deg,30,234.35998535,125.63999939,180.00000000,-8.18344688
Simul_+30deg,30,234.71998596,125.27999115,180.00000000,-8.86184216
Simul_+30deg,30,235.07998657,124.91998291,180.00000000,-9.49323463
Simul_+30deg,30,235.44000244,124.55998230,180.00000000,-10.03573513
Simul_+30deg,30,235.79997253,124.20000458,180.00000000,-10.43962288
Simul_+30deg,30,236.15997314,123.84001160,180.00000000,-10.81795883
Simul_+30deg,30,236.51998901,123.47998810,180.00000000,-11.24289513
Simul_+30deg,30,236.87998962,123.11998749,180.00000000,-11.49640274
Simul_+30deg,30,237.23999023,122.75997925,180.00000000,-11.54556751
Simul_+30deg,30,237.59997559,122.40000153,180.00000000,-11.38351059
Simul_+30deg,30,237.95997620,122.03999329,180.00000000,-11.03228664
Simul_+30deg,30,238.31999207,121.68000793,180.00000000,-10.94016552
Simul_+30deg,30,238.67999268,121.31998444,180.00000000,-10.81339359
Simul_+30deg,30,239.03999329,120.95997620,180.00000000,-10.61065483
Simul_+30deg,30,239.39997864,120.59999847,180.00000000,-10.34222794
Simul_+30deg,30,239.75997925,120.23999786,180.00000000,-10.02004623
Simul_+30deg,30,240.11997986,119.87998962,180.00000000,-9.83111572
Simul_+30deg,30,240.47999573,119.51998138,180.00000000,-9.96901417
Simul_+30deg,30,240.83999634,119.15998077,180.00000000,-10.08908176
Simul_+30deg,30,241.19998169,118.80000305,180.00000000,-10.18967056
Simul_+30deg,30,241.55998230,118.43999481,180.00000000,-10.26934814
Simul_+30deg,30,241.91998291,118.07998657,180.00000000,-10.32689476
Simul_+30deg,30,242.27999878,117.71998596,180.00000000,-10.86784363
Simul_+30deg,30,242.63999939,117.35997772,180.00000000,-11.58276463
Simul_+30deg,30,242.99996948,117.00000000,180.00000000,-12.33141804
Simul_+30deg,30,243.35998535,116.63999176,180.00000000,-13.10782242
Simul_+30deg,30,243.71998596,116.27999115,180.00000000,-13.89877510
Simul_+30deg,30,244.07998657,115.91998291,180.00000000,-14.86676407
Simul_+30deg,30,244.44000244,115.55997467,180.00000000,-16.46012306
Simul_+30deg,30,244.79997253,115.19999695,180.00000000,-17.74687195
Simul_+30deg,30,245.15998840,114.83999634,180.00000000,-18.17421913
Simul_+30deg,30,245.51998901,114.47999573,180.00000000,-17.47846222
Simul_+30deg,30,245.87998962,114.11998749,180.00000000,-16.06661606
Simul_+30deg,30,246.24000549,113.75998688,180.00000000,-14.23737144
Simul_+30deg,30,246.59997559,113.40000916,180.00000000,-12.37268639
Simul_+30deg,30,246.95997620,113.04000092,180.00000000,-10.71262932
Simul_+30deg,30,247.31999207,112.67999268,180.00000000,-9.26023102
Simul_+30deg,30,247.67999268,112.31999207,180.00000000,-7.98553991
Simul_+30deg,30,248.03999329,111.95998383,180.00000000,-6.86436653
Simul_+30deg,30,248.39997864,111.60000610,180.00000000,-5.91307640
Simul_+30deg,30,248.75997925,111.23999786,180.00000000,-5.04696846
Simul_+30deg,30,249.11999512,110.87999725,180.00000000,-4.25350714
Simul_+30deg,30,249.47999573,110.51998901,180.00000000,-3.52240896
Simul_+30deg,30,249.83996582,110.16001129,180.00000000,-2.84519482
Simul_+30deg,30,250.19998169,109.80000305,180.00000000,-2.34106517
Simul_+30deg,30,250.55998230,109.44000244,180.00000000,-1.95926189
Simul_+30deg,30,250.91998291,109.07999420,180.00000000,-1.59149146
Simul_+30deg,30,251.27999878,108.71998596,180.00000000,-1.23691726
Simul_+30deg,30,251.63996887,108.36000824,180.00000000,-0.89482361
Simul_+30deg,30,251.99998474,108.00000763,180.00000000,-0.56439525
Simul_+30deg,30,252.35998535,107.63999939,180.00000000,-0.52994615
Simul_+30deg,30,252.71998596,107.27999115,180.00000000,-0.49303269
Simul_+30deg,30,253.08000183,106.91999054,180.00000000,-0.45371917
Simul_+30deg,30,253.43997192,106.56000519,180.00000000,-0.41207457
Simul_+30deg,30,253.79997253,106.20000458,180.00000000,-0.36816600
Simul_+30deg,30,254.15998840,105.83999634,180.00000000,-0.44679397
Simul_+30deg,30,254.51998901,105.47999573,180.00000000,-0.68012565
Simul_+30deg,30,254.87998962,105.11998749,180.00000000,-0.91191816
Simul_+30deg,30,255.23997498,104.76000977,180.00000000,-1.14116383
Simul_+30deg,30,255.59997559,104.40000153,180.00000000,-1.36677599
Simul_+30deg,30,255.95999146,104.03999329,180.00000000,-1.58746290
Simul_+30deg,30,256.31997681,103.67999268,180.00000000,-1.97011006
Simul_+30deg,30,256.67999268,103.31997681,180.00000000,-2.36450243
Simul_+30deg,30,257.03997803,102.95999908,180.00000000,-2.74300051
Simul_+30deg,30,257.39999390,102.59999847,180.00000000,-3.09770393
Simul_+30deg,30,257.75997925,102.23999786,180.00000000,-3.41931438
Simul_+30deg,30,258.11999512,101.87998962,180.00000000,-3.70610023
Simul_+30deg,30,258.48001099,101.51998901,180.00000000,-3.95180678
Simul_+30deg,30,258.83996582,101.16000366,180.00000000,-4.12617970
Simul_+30deg,30,259.19998169,100.79999542,180.00000000,-4.21991634
Simul_+30deg,30,259.55999756,100.43999481,180.00000000,-4.22761154
Simul_+30deg,30,259.91998291,100.07998657,180.00000000,-4.14881563
Simul_+30deg,30,260.27999878,99.71997833,180.00000000,-4.05077982
Simul_+30deg,30,260.63998413,99.36000061,180.00000000,-3.92076778
Simul_+30deg,30,260.99996948,98.99999237,180.00000000,-3.74832892
Simul_+30deg,30,261.35998535,98.63999176,180.00000000,-3.53847528
Simul_+30deg,30,261.72000122,98.27998352,180.00000000,-3.29667854
Simul_+30deg,30,262.07998657,97.92000580,180.00000000,-3.08862472
Simul_+30deg,30,262.43997192,97.56000519,180.00000000,-3.07410622
Simul_+30deg,30,262.79998779,97.19999695,180.00000000,-3.04704404
Simul_+30deg,30,263.16000366,96.83999634,180.00000000,-3.00767398
Simul_+30deg,30,263.51998901,96.47998047,180.00000000,-2.95632458
Simul_+30deg,30,263.87997437,96.12000275,180.00000000,-2.89342594
Simul_+30deg,30,264.23999023,95.76000214,180.00000000,-3.04255104
Simul_+30deg,30,264.59997559,95.39999390,180.00000000,-3.29812336
Simul_+30deg,30,264.95999146,95.03999329,180.00000000,-3.54820251
Simul_+30deg,30,265.32000732,94.67998505,180.00000000,-3.79084730
Simul_+30deg,30,265.67996216,94.31999969,180.00000000,-4.02386951
Simul_+30deg,30,266.03997803,93.95999908,180.00000000,-4.26662874
Simul_+30deg,30,266.39999390,93.59999084,180.00000000,-4.66219616
Simul_+30deg,30,266.75997925,93.23999023,180.00000000,-5.02247238
Simul_+30deg,30,267.11999512,92.87998962,180.00000000,-5.33473778
Simul_+30deg,30,267.47998047,92.52001190,180.00000000,-5.58574295
Simul_+30deg,30,267.83996582,92.16000366,180.00000000,-5.76310635
Simul_+30deg,30,268.19998169,91.79999542,180.00000000,-5.75377369
Simul_+30deg,30,268.55999756,91.43999481,180.00000000,-5.56234312
Simul_+30deg,30,268.91998291,91.07998657,180.00000000,-5.27963066
Simul_+30deg,30,269.27996826,90.72000885,180.00000000,-4.92278481
Simul_+30deg,30,269.63998413,90.36000061,180.00000000,-4.50992680
Simul_+30deg,30,270.00000000,90.00000000,180.00000000,-4.05814934
Simul_+30deg,30,270.35998535,89.63999176,180.00000000,-3.52298379
Simul_+30deg,30,270.72000122,89.27998352,180.00000000,-3.00763869
Simul_+30deg,30,271.07998657,88.92000580,180.00000000,-2.51235533
Simul_+30deg,30,271.43997192,88.56000519,180.00000000,-2.03667307
Simul_+30deg,30,271.79998779,88.19999695,180.00000000,-1.57999861
Simul_+30deg,30,272.16000366,87.83998871,180.00000000,-1.21950543
Simul_+30deg,30,272.51998901,87.47998810,180.00000000,-0.96611387
Simul_+30deg,30,272.87997437,87.12001038,180.00000000,-0.71905243
Simul_+30deg,30,273.23999023,86.76000214,180.00000000,-0.47802526
Simul_+30deg,30,273.59997559,86.39999390,180.00000000,-0.24280724
Simul_+30deg,30,273.95999146,86.03999329,180.00000000,-0.01316924
Simul_+30deg,30,274.32000732,85.67998505,180.00000000,-0.02779815
Simul_+30deg,30,274.67996216,85.32000732,180.00000000,-0.06836532
Simul_+30deg,30,275.03997803,84.95999908,180.00000000,-0.10435376
Simul_+30deg,30,275.39999390,84.59999847,180.00000000,-0.13564207
Simul_+30deg,30,275.75997925,84.23998260,180.00000000,-0.16212729
Simul_+30deg,30,276.11996460,83.88000488,180.00000000,-0.27272215
Simul_+30deg,30,276.47998047,83.52000427,180.00000000,-0.56316233
Simul_+30deg,30,276.83999634,83.16000366,180.00000000,-0.85860837
Simul_+30deg,30,277.19998169,82.79999542,180.00000000,-1.15864253
Simul_+30deg,30,277.55999756,82.43997955,180.00000000,-1.46275401
Simul_+30deg,30,277.91998291,82.08000183,180.00000000,-1.77020800
Simul_+30deg,30,278.27996826,81.72000885,180.00000000,-2.21798444
Simul_+30deg,30,278.63998413,81.36000061,180.00000000,-2.72876525
Simul_+30deg,30,279.00000000,80.99999237,180.00000000,-3.26824284
Simul_+30deg,30,279.35998535,80.63999176,180.00000000,-3.83929348
Simul_+30deg,30,279.71997070,80.28001404,180.00000000,-4.44507980
Simul_+30deg,30,280.07998657,79.91999817,180.00000000,-5.08199930
Simul_+30deg,30,280.43997192,79.55998993,180.00000000,-5.73582649
Simul_+30deg,30,280.79998779,79.19999695,180.00000000,-6.43660259
Simul_+30deg,30,281.16000366,78.83998871,180.00000000,-7.19022942
Simul_+30deg,30,281.51995850,78.48001099,180.00000000,-8.00299740
Simul_+30deg,30,281.87997437,78.11999512,180.00000000,-8.88158703
Simul_+30deg,30,282.23999023,77.75999451,180.00000000,-9.64484310
Simul_+30deg,30,282.59997559,77.39999390,180.00000000,-10.34523106
Simul_+30deg,30,282.95999146,77.03998566,180.00000000,-11.05884171
Simul_+30deg,30,283.31997681,76.68000793,180.00000000,-11.76924801
Simul_+30deg,30,283.67999268,76.31999969,180.00000000,-12.45029640
Simul_+30deg,30,284.03997803,75.95999908,180.00000000,-13.04629326
Simul_+30deg,30,284.39999390,75.59999084,180.00000000,-13.41267681
Simul_+30deg,30,284.76000977,75.23999023,180.00000000,-13.67174721
Simul_+30deg,30,285.11996460,74.88000488,180.00000000,-13.80179405
Simul_+30deg,30,285.47998047,74.52000427,180.00000000,-13.79079247
Simul_+30deg,30,285.83999634,74.15999603,180.00000000,-13.63977528
Simul_+30deg,30,286.19998169,73.79999542,180.00000000,-13.34746265
Simul_+30deg,30,286.55999756,73.43998718,180.00000000,-12.95675659
Simul_+30deg,30,286.91998291,73.08000946,180.00000000,-12.50688076
Simul_+30deg,30,287.27996826,72.72000122,180.00000000,-12.01760292
Simul_+30deg,30,287.63998413,72.36000061,180.00000000,-11.50544548
Simul_+30deg,30,288.00000000,71.99999237,180.00000000,-10.98315239
Simul_+30deg,30,288.35998535,71.63998413,180.00000000,-10.44470692
Simul_+30deg,30,288.71997070,71.28000641,180.00000000,-9.92236996
Simul_+30deg,30,289.07998657,70.91999817,180.00000000,-9.41753769
Simul_+30deg,30,289.44000244,70.55999756,180.00000000,-8.93081856
Simul_+30deg,30,289.79998779,70.19998932,180.00000000,-8.46223927
Simul_+30deg,30,290.15997314,69.84001160,180.00000000,-8.03686428
Simul_+30deg,30,290.51998901,69.48000336,180.00000000,-7.65609503
Simul_+30deg,30,290.87997437,69.12000275,180.00000000,-7.28641939
Simul_+30deg,30,291.23999023,68.75999451,180.00000000,-6.92771149
Simul_+30deg,30,291.60000610,68.39998627,180.00000000,-6.57971621
Simul_+30deg,30,291.95996094,68.04000854,180.00000000,-6.24216604
Simul_+30deg,30,292.31997681,67.68000793,180.00000000,-5.90629339
Simul_+30deg,30,292.67999268,67.31999969,180.00000000,-5.57611656
Simul_+30deg,30,293.03997803,66.95999146,180.00000000,-5.25285244
Simul_+30deg,30,293.39999390,66.59999084,180.00000000,-4.93671370
Simul_+30deg,30,293.75997925,66.24001312,180.00000000,-4.62783384
Simul_+30deg,30,294.11996460,65.88000488,180.00000000,-4.30372906
Simul_+30deg,30,294.47998047,65.51999664,180.00000000,-3.93520260
Simul_+30deg,30,294.83999634,65.15999603,180.00000000,-3.56615734
Simul_+30deg,30,295.19998169,64.79998779,180.00000000,-3.19904327
Simul_+30deg,30,295.55996704,64.44001007,180.00000000,-2.83578062
Simul_+30deg,30,295.91998291,64.08000183,180.00000000,-2.47770572
Simul_+30deg,30,296.27999878,63.71999741,180.00000000,-2.18240333
Simul_+30deg,30,296.63998413,63.35999298,180.00000000,-1.87494171
Simul_+30deg,30,297.00000000,62.99998856,180.00000000,-1.54194307
Simul_+30deg,30,297.35998535,62.64001083,180.00000000,-1.19040036
Simul_+30deg,30,297.71997070,62.28000259,180.00000000,-0.82630658
Simul_+30deg,30,298.07998657,61.91999817,180.00000000,-0.52111596
Simul_+30deg,30,298.44000244,61.55999374,180.00000000,-0.40963545
Simul_+30deg,30,298.79998779,61.19998932,180.00000000,-0.24162754
Simul_+30deg,30,299.15997314,60.84000778,180.00000000,-0.02350843
Simul_+30deg,30,299.51998901,60.48000336,180.00000000,0.23727548
Simul_+30deg,30,299.87997437,60.11999893,180.00000000,0.53285295
Simul_+30deg,30,300.23999023,59.75999069,180.00000000,0.59346145
Simul_+30deg,30,300.60000610,59.39998627,180.00000000,0.57521808
Simul_+30deg,30,300.95996094,59.04000854,180.00000000,0.61531323
Simul_+30deg,30,301.31997681,58.68000412,180.00000000,0.71216649
Simul_+30deg,30,301.67999268,58.31999207,180.00000000,0.86208355
Simul_+30deg,30,302.03997803,57.95998383,180.00000000,1.01970136
Simul_+30deg,30,302.39996338,57.60001373,180.00000000,0.90123510
Simul_+30deg,30,302.75997925,57.24000549,180.00000000,0.82892805
Simul_+30deg,30,303.11999512,56.88000107,180.00000000,0.80517381
Simul_+30deg,30,303.47998047,56.51999283,180.00000000,0.83076662
Simul_+30deg,30,303.83999634,56.15998840,180.00000000,0.90484792
Simul_+30deg,30,304.19998169,55.80001068,180.00000000,0.88638902
Simul_+30deg,30,304.55996704,55.44000244,180.00000000,0.79665315
Simul_+30deg,30,304.91998291,55.07999802,180.00000000,0.74712127
Simul_+30deg,30,305.27999878,54.71999359,180.00000000,0.73919249
Simul_+30deg,30,305.63998413,54.35998917,180.00000000,0.77309519
Simul_+30deg,30,305.99996948,54.00000763,180.00000000,0.84785628
Simul_+30deg,30,306.35998535,53.64000702,180.00000000,0.74541926
Simul_+30deg,30,306.71997070,53.27999878,180.00000000,0.68446004
Simul_+30deg,30,307.07998657,52.91999054,180.00000000,0.66677547
Simul_+30deg,30,307.44000244,52.55998993,180.00000000,0.69289392
Simul_+30deg,30,307.79995728,52.20001221,180.00000000,0.76202816
Simul_+30deg,30,308.15997314,51.84000397,180.00000000,0.74665576
Simul_+30deg,30,308.51998901,51.47999573,180.00000000,0.61690402
Simul_+30deg,30,308.87997437,51.11999130,180.00000000,0.53405213
Simul_+30deg,30,309.23999023,50.75998688,180.00000000,0.50087106
Simul_+30deg,30,309.59997559,50.40000916,180.00000000,0.51850814
Simul_+30deg,30,309.95999146,50.04000473,180.00000000,0.58635479
Simul_+30deg,30,310.31997681,49.67999649,180.00000000,0.42616549
Simul_+30deg,30,310.67999268,49.31999207,180.00000000,0.27722278
Simul_+30deg,30,311.04000854,48.95998383,180.00000000,0.17882995
Simul_+30deg,30,311.39996338,48.60000610,180.00000000,0.13457330
Simul_+30deg,30,311.75997925,48.24000168,180.00000000,0.14611973
Simul_+30deg,30,312.11999512,47.87999725,180.00000000,0.11674508
Simul_+30deg,30,312.47998047,47.51998901,180.00000000,-0.05344578
Simul_+30deg,30,312.83999634,47.15998840,180.00000000,-0.16840503
Simul_+30deg,30,313.19998169,46.80000687,180.00000000,-0.22351858
Simul_+30deg,30,313.55996704,46.44000244,180.00000000,-0.21647608
Simul_+30deg,30,313.91998291,46.07999420,180.00000000,-0.14757065
Simul_+30deg,30,314.27999878,45.71998978,180.00000000,-0.29049069
Simul_+30deg,30,314.63998413,45.35998535,180.00000000,-0.44512188
Simul_+30deg,30,314.99996948,45.00000763,180.00000000,-0.52615201
Simul_+30deg,30,315.35998535,44.63999557,180.00000000,-0.52936798
Simul_+30deg,30,315.71997070,44.27999115,180.00000000,-0.45458764
Simul_+30deg,30,316.07998657,43.91999054,180.00000000,-0.41541818
Simul_+30deg,30,316.43997192,43.56001282,180.00000000,-0.69165641
Simul_+30deg,30,316.79998779,43.20000839,180.00000000,-0.89013845
Simul_+30deg,30,317.15997314,42.84000015,180.00000000,-0.99909818
Simul_+30deg,30,317.51998901,42.47999191,180.00000000,-1.01153708
Simul_+30deg,30,317.88000488,42.11998749,180.00000000,-0.92663467
Simul_+30deg,30,318.23995972,41.76001358,180.00000000,-1.15410948
Simul_+30deg,30,318.59997559,41.40000534,180.00000000,-1.51665664
Simul_+30deg,30,318.95999146,41.03999710,180.00000000,-1.79852974
Simul_+30deg,30,319.31997681,40.67998886,180.00000000,-1.98132014
Simul_+30deg,30,319.67999268,40.31998444,180.00000000,-2.05151296
Simul_+30deg,30,320.03997803,39.96000671,180.00000000,-2.07499981
Simul_+30deg,30,320.39996338,39.60000229,180.00000000,-2.59246731
Simul_+30deg,30,320.75997925,39.23999786,180.00000000,-3.04584837
Simul_+30deg,30,321.11999512,38.87999344,180.00000000,-3.40613604
Simul_+30deg,30,321.47998047,38.51998520,180.00000000,-3.64464140
Simul_+30deg,30,321.83996582,38.16000748,180.00000000,-3.73915195
Simul_+30deg,30,322.19998169,37.80000687,180.00000000,-4.09968185
Simul_+30deg,30,322.55999756,37.43999481,180.00000000,-4.71211004
Simul_+30deg,30,322.91998291,37.07999039,180.00000000,-5.22124338
Simul_+30deg,30,323.27999878,36.71998215,180.00000000,-5.57621861
Simul_+30deg,30,323.63998413,36.36000443,180.00000000,-5.73258018
Simul_+30deg,30,323.99996948,36.00000381,180.00000000,-5.66806555
Simul_+30deg,30,324.35998535,35.63999557,180.00000000,-6.37382746
Simul_+30deg,30,324.72000122,35.27999115,180.00000000,-6.92570019
Simul_+30deg,30,325.07998657,34.91998672,180.00000000,-7.24380255
Simul_+30deg,30,325.43997192,34.56000900,180.00000000,-7.27079630
Simul_+30deg,30,325.79998779,34.20000076,180.00000000,-7.00138617
Simul_+30deg,30,326.15997314,33.83999634,180.00000000,-6.97841120
Simul_+30deg,30,326.51998901,33.47999191,180.00000000,-7.34537792
Simul_+30deg,30,326.88000488,33.11998367,180.00000000,-7.42986298
Simul_+30deg,30,327.23995972,32.76000214,180.00000000,-7.21545601
Simul_+30deg,30,327.59997559,32.40000534,180.00000000,-6.74253988
Simul_+30deg,30,327.95999146,32.03999710,180.00000000,-6.08618307
Simul_+30deg,30,328.31997681,31.67999268,180.00000000,-6.15220976
Simul_+30deg,30,328.67999268,31.31998444,180.00000000,-6.10974503
Simul_+30deg,30,329.03997803,30.96000671,180.00000000,-5.85434818
Simul_+30deg,30,329.39999390,30.60000420,180.00000000,-5.42050171
Simul_+30deg,30,329.75997925,30.23999786,180.00000000,-4.85734510
Simul_+30deg,30,330.11999512,29.87998581,180.00000000,-4.46282434
Simul_+30deg,30,330.47998047,29.52001190,180.00000000,-4.44997072
Simul_+30deg,30,330.83996582,29.16000557,180.00000000,-4.29349327
Simul_+30deg,30,331.19998169,28.80000305,180.00000000,-4.00807667
Simul_+30deg,30,331.55999756,28.43999672,180.00000000,-3.61759853
Simul_+30deg,30,331.91998291,28.07998657,180.00000000,-3.14937830
Simul_+30deg,30,332.27996826,27.72001266,180.00000000,-3.08749962
Simul_+30deg,30,332.63998413,27.36000633,180.00000000,-3.06726217
Simul_+30deg,30,332.99996948,26.99999809,180.00000000,-2.95340991
Simul_+30deg,30,333.35998535,26.63999557,180.00000000,-2.75303078
Simul_+30deg,30,333.72000122,26.27998543,180.00000000,-2.47759771
Simul_+30deg,30,334.07995605,25.92000771,180.00000000,-2.25502515
Simul_+30deg,30,334.43997192,25.56000137,180.00000000,-2.37356687
Simul_+30deg,30,334.79998779,25.19999886,180.00000000,-2.42740512
Simul_+30deg,30,335.15997314,24.83999062,180.00000000,-2.41410184
Simul_+30deg,30,335.51998901,24.47998619,180.00000000,-2.33426547
Simul_+30deg,30,335.87997437,24.12000656,180.00000000,-2.19147873
Simul_+30deg,30,336.23999023,23.76000595,180.00000000,-2.30414772
Simul_+30deg,30,336.59997559,23.39999390,180.00000000,-2.52951193
Simul_+30deg,30,336.95999146,23.03999329,180.00000000,-2.70679379
Simul_+30deg,30,337.32000732,22.67998886,180.00000000,-2.82946873
Simul_+30deg,30,337.67996216,22.32000923,180.00000000,-2.89263463
Simul_+30deg,30,338.03997803,21.96000481,180.00000000,-2.94479895
Simul_+30deg,30,338.39999390,21.59999657,180.00000000,-3.37081170
Simul_+30deg,30,338.75997925,21.23999405,180.00000000,-3.77684331
Simul_+30deg,30,339.11999512,20.87998390,180.00000000,-4.15238953
Simul_+30deg,30,339.47998047,20.52000618,180.00000000,-4.48526192
Simul_+30deg,30,339.83996582,20.16000557,180.00000000,-4.76238728
Simul_+30deg,30,340.19998169,19.79999924,180.00000000,-5.22466660
Simul_+30deg,30,340.55999756,19.43998718,180.00000000,-5.89154625
Simul_+30deg,30,340.91998291,19.07998276,180.00000000,-6.57620716
Simul_+30deg,30,341.27996826,18.72000694,180.00000000,-7.26769161
Simul_+30deg,30,341.63998413,18.36000061,180.00000000,-7.94800663
Simul_+30deg,30,341.99996948,17.99999428,180.00000000,-8.58932400
Simul_+30deg,30,342.35998535,17.63998985,180.00000000,-9.60526371
Simul_+30deg,30,342.71997070,17.28000641,180.00000000,-10.71207523
Simul_+30deg,30,343.07998657,16.92000771,180.00000000,-11.90691757
Simul_+30deg,30,343.43997192,16.56000137,180.00000000,-13.16306973
Simul_+30deg,30,343.79998779,16.19999313,180.00000000,-14.40032959
Simul_+30deg,30,344.16000366,15.83998680,180.00000000,-15.67145538
Simul_+30deg,30,344.51995850,15.48001671,180.00000000,-16.93555641
Simul_+30deg,30,344.87997437,15.12000275,180.00000000,-17.54282379
Simul_+30deg,30,345.23999023,14.75999737,180.00000000,-17.17467499
Simul_+30deg,30,345.59997559,14.39999866,180.00000000,-16.03384209
Simul_+30deg,30,345.95999146,14.03999138,180.00000000,-14.57398224
Simul_+30deg,30,346.31997681,13.68000603,180.00000000,-13.33955860
Simul_+30deg,30,346.67996216,13.32001305,180.00000000,-12.06909657
Simul_+30deg,30,347.03997803,12.95999718,180.00000000,-10.83570385
Simul_+30deg,30,347.39999390,12.59998798,180.00000000,-9.68451500
Simul_+30deg,30,347.75997925,12.23998928,180.00000000,-8.62591457
Simul_+30deg,30,348.11996460,11.88000298,180.00000000,-7.76720715
Simul_+30deg,30,348.47998047,11.51999664,180.00000000,-7.14490414
Simul_+30deg,30,348.83996582,11.15999031,180.00000000,-6.51619148
Simul_+30deg,30,349.19998169,10.79998875,180.00000000,-5.89396667
Simul_+30deg,30,349.55999756,10.43999195,180.00000000,-5.28632212
Simul_+30deg,30,349.91998291,10.08000946,180.00000000,-4.69796276
Simul_+30deg,30,350.27996826,9.72000504,180.00000000,-4.30213642
Simul_+30deg,30,350.63998413,9.36000347,180.00000000,-3.94705749
Simul_+30deg,30,351.00000000,8.99999142,180.00000000,-3.58445144
Simul_+30deg,30,351.35998535,8.63999653,180.00000000,-3.21824431
Simul_+30deg,30,351.71997070,8.28000641,180.00000000,-2.85152221
Simul_+30deg,30,352.07998657,7.92000675,180.00000000,-2.51933694
Simul_+30deg,30,352.43997192,7.56000662,180.00000000,-2.29540467
Simul_+30deg,30,352.79998779,7.19998980,180.00000000,-2.06138849
Simul_+30deg,30,353.16000366,6.83999729,180.00000000,-1.81943941
Simul_+30deg,30,353.51995850,6.48001719,180.00000000,-1.57146454
Simul_+30deg,30,353.87997437,6.12000370,180.00000000,-1.31912255
Simul_+30deg,30,354.23999023,5.76000357,180.00000000,-1.18003976
Simul_+30deg,30,354.59997559,5.40000391,180.00000000,-1.08957064
Simul_+30deg,30,354.95999146,5.03998899,180.00000000,-0.98884016
Simul_+30deg,30,355.31997681,4.68002319,180.00000000,-0.87860912
Simul_+30deg,30,355.67999268,4.32001114,180.00000000,-0.75961137
Simul_+30deg,30,356.03997803,3.95997524,180.00000000,-0.64778692
Simul_+30deg,30,356.39999390,3.59999967,180.00000000,-0.65100646
Simul_+30deg,30,356.75997925,3.24002767,180.00000000,-0.64914930
Simul_+30deg,30,357.11996460,2.87997603,180.00000000,-0.64222014
Simul_+30deg,30,357.47998047,2.52002597,180.00000000,-0.63024557
Simul_+30deg,30,357.83999634,2.16002965,180.00000000,-0.61326522
Simul_+30deg,30,358.19998169,1.79994082,180.00000000,-0.60936278
Simul_+30deg,30,358.55996704,1.44007802,180.00000000,-0.61727381
Simul_+30deg,30,358.91998291,1.07992160,180.00000000,-0.62323534
Simul_+30deg,30,359.27996826,0.72009277,180.00000000,-0.62722981
Simul_+30deg,30,359.63998413,0.35990870,180.00000000,-0.62925869
Simul_+45deg,45,0.00000000,0.00000000,0.00000000,-10.32633400
Simul_+45deg,45,0.35999998,0.35990870,0.00000000,-10.51951599
Simul_+45deg,45,0.71999997,0.72009277,0.00000000,-10.68401146
Simul_+45deg,45,1.07999992,1.07992160,0.00000000,-10.81583977
Simul_+45deg,45,1.43999994,1.43994224,0.00000000,-10.91200829
Simul_+45deg,45,1.79999995,1.80004954,0.00000000,-10.96995926
Simul_+45deg,45,2.15999985,2.16002965,0.00000000,-11.09395027
Simul_+45deg,45,2.51999998,2.52002597,0.00000000,-11.31967926
Simul_+45deg,45,2.87999988,2.87997603,0.00000000,-11.51450253
Simul_+45deg,45,3.23999977,3.24002767,0.00000000,-11.67364502
Simul_+45deg,45,3.59999990,3.59999967,0.00000000,-11.79266739
Simul_+45deg,45,3.95999956,3.95997524,0.00000000,-11.86809921
Simul_+45deg,45,4.31999969,4.32001114,0.00000000,-12.05956078
Simul_+45deg,45,4.67999983,4.67998075,0.00000000,-12.24195004
Simul_+45deg,45,5.03999996,5.03998899,0.00000000,-12.39213467
Simul_+45deg,45,5.39999962,5.40000391,0.00000000,-12.50640011
Simul_+45deg,45,5.75999975,5.76000357,0.00000000,-12.58172131
Simul_+45deg,45,6.11999989,6.12000370,0.00000000,-12.67152023
Simul_+45deg,45,6.47999954,6.47998667,0.00000000,-12.83238411
Simul_+45deg,45,6.83999968,6.83999729,0.00000000,-12.95071602
Simul_+45deg,45,7.19999981,7.19998980,0.00000000,-13.02280521
Simul_+45deg,45,7.55999947,7.56000662,0.00000000,-13.04629135
Simul_+45deg,45,7.91999912,7.92000675,0.00000000,-13.02037716
Simul_+45deg,45,8.27999973,8.28000641,0.00000000,-13.19147110
Simul_+45deg,45,8.63999939,8.63999653,0.00000000,-13.38691711
Simul_+45deg,45,9.00000000,8.99999142,0.00000000,-13.53049660
Simul_+45deg,45,9.35999966,9.36000347,0.00000000,-13.61667538
Simul_+45deg,45,9.72000027,9.72000504,0.00000000,-13.64191628
Simul_+45deg,45,10.07999992,10.07999039,0.00000000,-13.67929077
Simul_+45deg,45,10.43999863,10.43999195,0.00000000,-13.93408966
Simul_+45deg,45,10.79999924,10.80000591,0.00000000,-14.15449333
Simul_+45deg,45,11.15999889,11.15999031,0.00000000,-14.33424187
Simul_+45deg,45,11.51999950,11.51999664,0.00000000,-14.46769524
Simul_+45deg,45,11.87999916,11.88000298,0.00000000,-14.55026245
Simul_+45deg,45,12.23999977,12.24000549,0.00000000,-14.61980247
Simul_+45deg,45,12.59999943,12.60000420,0.00000000,-14.66509914
Simul_+45deg,45,12.95999908,12.95999718,0.00000000,-14.66663742
Simul_+45deg,45,13.31999969,13.31999779,0.00000000,-14.62437057
Simul_+45deg,45,13.67999935,13.68000603,0.00000000,-14.53955173
Simul_+45deg,45,14.03999901,14.04000568,0.00000000,-14.42429638
Simul_+45deg,45,14.39999962,14.39999866,0.00000000,-14.33104324
Simul_+45deg,45,14.75999832,14.75999737,0.00000000,-14.17223930
Simul_+45deg,45,15.11999893,15.12000275,0.00000000,-13.95484447
Simul_+45deg,45,15.47999954,15.48000336,0.00000000,-13.68749046
Simul_+45deg,45,15.83999825,15.84000015,0.00000000,-13.37947273
Simul_+45deg,45,16.19999886,16.19999313,0.00000000,-13.25775719
Simul_+45deg,45,16.55999947,16.56000137,0.00000000,-13.25535870
Simul_+45deg,45,16.92000008,16.91999626,0.00000000,-13.19047451
Simul_+45deg,45,17.27999878,17.27999496,0.00000000,-13.06583405
Simul_+45deg,45,17.63999939,17.64000320,0.00000000,-12.88642883
Simul_+45deg,45,18.00000000,17.99999428,0.00000000,-12.65890598
Simul_+45deg,45,18.35999870,18.36000061,0.00000000,-12.71039104
Simul_+45deg,45,18.71999931,18.71999741,0.00000000,-12.71674633
Simul_+45deg,45,19.07999992,19.08000183,0.00000000,-12.67776585
Simul_+45deg,45,19.44000053,19.43999863,0.00000000,-12.59465599
Simul_+45deg,45,19.79999924,19.79999924,0.00000000,-12.46989346
Simul_+45deg,45,20.15999985,20.15999603,0.00000000,-12.38779449
Simul_+45deg,45,20.51999855,20.51999664,0.00000000,-12.35264587
Simul_+45deg,45,20.87999725,20.88000298,0.00000000,-12.25799942
Simul_+45deg,45,21.23999786,21.24000168,0.00000000,-12.10764027
Simul_+45deg,45,21.59999847,21.59999657,0.00000000,-11.90720654
Simul_+45deg,45,21.95999908,21.95999527,0.00000000,-11.66353130
Simul_+45deg,45,22.31999779,22.31999969,0.00000000,-11.71288967
Simul_+45deg,45,22.67999840,22.67999649,0.00000000,-11.70441151
Simul_+45deg,45,23.03999901,23.04000282,0.00000000,-11.59386730
Simul_+45deg,45,23.39999771,23.39999390,0.00000000,-11.38875866
Simul_+45deg,45,23.75999832,23.75999641,0.00000000,-11.10186386
Simul_+45deg,45,24.11999893,24.11999702,0.00000000,-10.91308975
Simul_+45deg,45,24.47999954,24.48000336,0.00000000,-10.96075249
Simul_+45deg,45,24.83999825,24.84000015,0.00000000,-10.89721489
Simul_+45deg,45,25.19999886,25.19999886,0.00000000,-10.72720528
Simul_+45deg,45,25.55999947,25.56000137,0.00000000,-10.46263218
Simul_+45deg,45,25.91999817,25.92000008,0.00000000,-10.12003326
Simul_+45deg,45,26.27999878,26.28000259,0.00000000,-10.01128674
Simul_+45deg,45,26.63999939,26.63999557,0.00000000,-9.90138817
Simul_+45deg,45,27.00000000,26.99999809,0.00000000,-9.70865822
Simul_+45deg,45,27.35999870,27.35999870,0.00000000,-9.44369030
Simul_+45deg,45,27.71999931,27.71999931,0.00000000,-9.11937141
Simul_+45deg,45,28.07999802,28.08000183,0.00000000,-8.82799244
Simul_+45deg,45,28.43999863,28.43999672,0.00000000,-8.74575806
Simul_+45deg,45,28.79999924,28.80000305,0.00000000,-8.58262253
Simul_+45deg,45,29.15999794,29.15999794,0.00000000,-8.34735775
Simul_+45deg,45,29.51999664,29.51999664,0.00000000,-8.05132675
Simul_+45deg,45,29.87999916,29.88000298,0.00000000,-7.70693254
Simul_+45deg,45,30.23999786,30.23999786,0.00000000,-7.63083696
Simul_+45deg,45,30.59999657,30.59999657,0.00000000,-7.63545084
Simul_+45deg,45,30.95999908,30.95999908,0.00000000,-7.56051540
Simul_+45deg,45,31.31999779,31.31999779,0.00000000,-7.41002846
Simul_+45deg,45,31.67999649,31.67999268,0.00000000,-7.19156551
Simul_+45deg,45,32.03999710,32.03999710,0.00000000,-6.97090340
Simul_+45deg,45,32.39999771,32.39999771,0.00000000,-7.14663506
Simul_+45deg,45,32.75999832,32.75999832,0.00000000,-7.26854706
Simul_+45deg,45,33.11999893,33.11999893,0.00000000,-7.33184290
Simul_+45deg,45,33.47999573,33.47999573,0.00000000,-7.33390856
Simul_+45deg,45,33.84000015,33.83999634,0.00000000,-7.27465820
Simul_+45deg,45,34.19999695,34.20000076,0.00000000,-7.35977840
Simul_+45deg,45,34.55999756,34.56000137,0.00000000,-7.57877731
Simul_+45deg,45,34.91999817,34.92000198,0.00000000,-7.77385473
Simul_+45deg,45,35.27999878,35.27999878,0.00000000,-7.94114828
Simul_+45deg,45,35.63999557,35.63999557,0.00000000,-8.07701015
Simul_+45deg,45,36.00000000,36.00000000,0.00000000,-8.17821693
Simul_+45deg,45,36.35999680,36.36000061,0.00000000,-8.38293934
Simul_+45deg,45,36.71999741,36.71999359,0.00000000,-8.58349419
Simul_+45deg,45,37.07999802,37.07999420,0.00000000,-8.77881813
Simul_+45deg,45,37.43999863,37.43999481,0.00000000,-8.96772194
Simul_+45deg,45,37.79999542,37.79999161,0.00000000,-9.14893532
Simul_+45deg,45,38.15999985,38.15999985,0.00000000,-9.25427818
Simul_+45deg,45,38.51999664,38.51999664,0.00000000,-9.26960850
Simul_+45deg,45,38.88000107,38.88000107,0.00000000,-9.27968311
Simul_+45deg,45,39.23999786,39.23999786,0.00000000,-9.28446865
Simul_+45deg,45,39.59999847,39.59999847,0.00000000,-9.28394699
Simul_+45deg,45,39.95999908,39.95999527,0.00000000,-9.27811718
Simul_+45deg,45,40.31999969,40.31999969,0.00000000,-9.06514454
Simul_+45deg,45,40.67999649,40.67999649,0.00000000,-8.82123756
Simul_+45deg,45,41.03999710,41.03999710,0.00000000,-8.57313728
Simul_+45deg,45,41.39999771,41.39999390,0.00000000,-8.32225704
Simul_+45deg,45,41.75999451,41.75999451,0.00000000,-8.06979752
Simul_+45deg,45,42.11999893,42.11999893,0.00000000,-7.87454224
Simul_+45deg,45,42.47999573,42.47999573,0.00000000,-7.77289009
Simul_+45deg,45,42.83999634,42.83999634,0.00000000,-7.64026880
Simul_+45deg,45,43.19999695,43.19999695,0.00000000,-7.47950029
Simul_+45deg,45,43.55999756,43.55999756,0.00000000,-7.29373932
Simul_+45deg,45,43.91999817,43.91999817,0.00000000,-7.08630514
Simul_+45deg,45,44.27999878,44.27999878,0.00000000,-7.15192842
Simul_+45deg,45,44.63999557,44.63999557,0.00000000,-7.27601910
Simul_+45deg,45,45.00000000,45.00000000,0.00000000,-7.37215424
Simul_+45deg,45,45.35999680,45.35999680,0.00000000,-7.43836975
Simul_+45deg,45,45.71999741,45.71999741,0.00000000,-7.47325802
Simul_+45deg,45,46.07999802,46.07999802,0.00000000,-7.51632595
Simul_+45deg,45,46.43999863,46.43999863,0.00000000,-7.68301296
Simul_+45deg,45,46.79999542,46.79999542,0.00000000,-7.84098434
Simul_+45deg,45,47.15999985,47.15999985,0.00000000,-7.98901463
Simul_+45deg,45,47.51999664,47.52000046,0.00000000,-8.12585640
Simul_+45deg,45,47.87999725,47.87999725,0.00000000,-8.25025463
Simul_+45deg,45,48.23999786,48.23999786,0.00000000,-8.30320930
Simul_+45deg,45,48.59999847,48.59999847,0.00000000,-8.31650829
Simul_+45deg,45,48.95999908,48.96000290,0.00000000,-8.31965256
Simul_+45deg,45,49.31999588,49.31999588,0.00000000,-8.31262207
Simul_+45deg,45,49.67999649,49.67999649,0.00000000,-8.29546261
Simul_+45deg,45,50.03999710,50.03999710,0.00000000,-8.27347088
Simul_+45deg,45,50.39999771,50.39999771,0.00000000,-8.27648926
Simul_+45deg,45,50.75999451,50.75999832,0.00000000,-8.25793648
Simul_+45deg,45,51.11999893,51.11999893,0.00000000,-8.21809101
Simul_+45deg,45,51.47999573,51.47999573,0.00000000,-8.15753174
Simul_+45deg,45,51.83999634,51.84000015,0.00000000,-8.07711411
Simul_+45deg,45,52.19999695,52.19999695,0.00000000,-8.07882309
Simul_+45deg,45,52.55999756,52.55999756,0.00000000,-8.13906574
Simul_+45deg,45,52.91999435,52.91999817,0.00000000,-8.17517567
Simul_+45deg,45,53.27999878,53.27999878,0.00000000,-8.18654060
Simul_+45deg,45,53.63999557,53.63999557,0.00000000,-8.17296696
Simul_+45deg,45,54.00000000,54.00000000,0.00000000,-8.13468647
Simul_+45deg,45,54.35999680,54.35999680,0.00000000,-8.20046616
Simul_+45deg,45,54.71999741,54.71999741,0.00000000,-8.24576378
Simul_+45deg,45,55.07999802,55.07999802,0.00000000,-8.26992607
Simul_+45deg,45,55.43999863,55.43999863,0.00000000,-8.27259636
Simul_+45deg,45,55.79999542,55.79999924,0.00000000,-8.25373745
Simul_+45deg,45,56.15999603,56.15999603,0.00000000,-8.26251793
Simul_+45deg,45,56.51999664,56.51999664,0.00000000,-8.30978775
Simul_+45deg,45,56.87999725,56.87999725,0.00000000,-8.33321953
Simul_+45deg,45,57.23999786,57.23999786,0.00000000,-8.33242512
Simul_+45deg,45,57.59999847,57.59999847,0.00000000,-8.30741692
Simul_+45deg,45,57.95999908,57.95999908,0.00000000,-8.25860977
Simul_+45deg,45,58.31999588,58.31999588,0.00000000,-8.36491013
Simul_+45deg,45,58.67999649,58.67999649,0.00000000,-8.46953297
Simul_+45deg,45,59.03999329,59.03999329,0.00000000,-8.54836178
Simul_+45deg,45,59.39999390,59.39999390,0.00000000,-8.59993076
Simul_+45deg,45,59.75999832,59.75999832,0.00000000,-8.62324905
Simul_+45deg,45,60.11999893,60.11999893,0.00000000,-8.70830917
Simul_+45deg,45,60.47999573,60.47999573,0.00000000,-8.95732784
Simul_+45deg,45,60.83999634,60.83999634,0.00000000,-9.19304562
Simul_+45deg,45,61.19999313,61.19999313,0.00000000,-9.41236591
Simul_+45deg,45,61.56000137,61.56000137,0.00000000,-9.61201763
Simul_+45deg,45,61.91999817,61.91999817,0.00000000,-9.78863811
Simul_+45deg,45,62.27999878,62.27999878,0.00000000,-10.17028999
Simul_+45deg,45,62.63999557,62.63999557,0.00000000,-10.62654591
Simul_+45deg,45,62.99999619,62.99999619,0.00000000,-11.09477425
Simul_+45deg,45,63.35999298,63.35999298,0.00000000,-11.57313538
Simul_+45deg,45,63.71999741,63.71999741,0.00000000,-12.05875301
Simul_+45deg,45,64.07999420,64.07999420,0.00000000,-12.57822990
Simul_+45deg,45,64.43999481,64.43999481,0.00000000,-13.20315742
Simul_+45deg,45,64.79999542,64.79999542,0.00000000,-13.81042099
Simul_+45deg,45,65.15999603,65.15999603,0.00000000,-14.37626362
Simul_+45deg,45,65.51999664,65.51999664,0.00000000,-14.86948395
Simul_+45deg,45,65.87999725,65.87999725,0.00000000,-15.25357437
Simul_+45deg,45,66.23999786,66.23999786,0.00000000,-15.02026176
Simul_+45deg,45,66.59999847,66.59999847,0.00000000,-14.35530853
Simul_+45deg,45,66.95999146,66.95999146,0.00000000,-13.56681252
Simul_+45deg,45,67.31999207,67.31999207,0.00000000,-12.72583961
Simul_+45deg,45,67.68000031,67.68000031,0.00000000,-11.87899017
Simul_+45deg,45,68.04000092,68.04000092,0.00000000,-11.05240440
Simul_+45deg,45,68.39999390,68.39999390,0.00000000,-10.23745346
Simul_+45deg,45,68.75999451,68.75999451,0.00000000,-9.44247150
Simul_+45deg,45,69.11999512,69.11999512,0.00000000,-8.67948818
Simul_+45deg,45,69.47999573,69.47999573,0.00000000,-7.95361328
Simul_+45deg,45,69.83999634,69.83999634,0.00000000,-7.26612043
Simul_+45deg,45,70.19999695,70.19999695,0.00000000,-6.88917255
Simul_+45deg,45,70.55999756,70.55999756,0.00000000,-6.69952679
Simul_+45deg,45,70.91999817,70.91999817,0.00000000,-6.46517706
Simul_+45deg,45,71.27999115,71.27999115,0.00000000,-6.19339752
Simul_+45deg,45,71.63999939,71.63999939,0.00000000,-5.89153671
Simul_+45deg,45,72.00000000,72.00000000,0.00000000,-5.56654692
Simul_+45deg,45,72.36000061,72.36000061,0.00000000,-5.93387365
Simul_+45deg,45,72.71999359,72.71999359,0.00000000,-6.28137207
Simul_+45deg,45,73.07999420,73.07999420,0.00000000,-6.60117912
Simul_+45deg,45,73.43999481,73.43999481,0.00000000,-6.88456821
Simul_+45deg,45,73.79999542,73.79999542,0.00000000,-7.12238121
Simul_+45deg,45,74.15999603,74.15999603,0.00000000,-7.66945887
Simul_+45deg,45,74.51999664,74.51999664,0.00000000,-8.73653698
Simul_+45deg,45,74.87999725,74.87999725,0.00000000,-9.93718910
Simul_+45deg,45,75.23999023,75.23999023,0.00000000,-11.30212879
Simul_+45deg,45,75.59999084,75.59999084,0.00000000,-12.86675262
Simul_+45deg,45,75.95999908,75.95999908,0.00000000,-14.65817928
Simul_+45deg,45,76.31999969,76.31999969,0.00000000,-16.97884369
Simul_+45deg,45,76.67999268,76.67999268,0.00000000,-18.75387573
Simul_+45deg,45,77.03999329,77.03999329,0.00000000,-18.41769028
Simul_+45deg,45,77.39999390,77.39999390,0.00000000,-16.33258247
Simul_+45deg,45,77.76000214,77.76000214,0.00000000,-13.98612499
Simul_+45deg,45,78.11999512,78.11999512,0.00000000,-11.93640709
Simul_+45deg,45,78.47999573,78.47999573,0.00000000,-10.20208740
Simul_+45deg,45,78.83999634,78.83999634,0.00000000,-8.69253445
Simul_+45deg,45,79.19999695,79.19999695,0.00000000,-7.37421322
Simul_+45deg,45,79.55998993,79.55998993,0.00000000,-6.21189022
Simul_+45deg,45,79.91999817,79.91999817,0.00000000,-5.17621946
Simul_+45deg,45,80.27999878,80.27999878,0.00000000,-4.67770004
Simul_+45deg,45,80.63999939,80.63999939,0.00000000,-4.27941751
Simul_+45deg,45,80.99999237,80.99999237,0.00000000,-3.85402083
Simul_+45deg,45,81.35999298,81.35999298,0.00000000,-3.41189480
Simul_+45deg,45,81.72000122,81.72000122,0.00000000,-2.96136093
Simul_+45deg,45,82.07999420,82.07999420,0.00000000,-2.66170025
Simul_+45deg,45,82.43999481,82.43999481,0.00000000,-2.88372087
Simul_+45deg,45,82.79999542,82.79999542,0.00000000,-3.08016300
Simul_+45deg,45,83.15999603,83.15999603,0.00000000,-3.24688792
Simul_+45deg,45,83.51998901,83.51998901,0.00000000,-3.38002062
Simul_+45deg,45,83.87999725,83.87999725,0.00000000,-3.47621799
Simul_+45deg,45,84.23999786,84.23999786,0.00000000,-4.02990913
Simul_+45deg,45,84.59999847,84.59999847,0.00000000,-4.88476324
Simul_+45deg,45,84.95999146,84.95999146,0.00000000,-5.82119751
Simul_+45deg,45,85.31999207,85.31999207,0.00000000,-6.85252857
Simul_+45deg,45,85.67999268,85.67999268,0.00000000,-7.99295902
Simul_+45deg,45,86.04000092,86.04000092,0.00000000,-9.31890965
Simul_+45deg,45,86.39999390,86.39999390,0.00000000,-11.42206669
Simul_+45deg,45,86.75999451,86.75999451,0.00000000,-13.90728092
Simul_+45deg,45,87.11999512,87.11999512,0.00000000,-16.42820549
Simul_+45deg,45,87.47999573,87.47999573,0.00000000,-17.36406326
Simul_+45deg,45,87.83999634,87.83999634,0.00000000,-15.61715126
Simul_+45deg,45,88.19999695,88.19999695,0.00000000,-12.61013031
Simul_+45deg,45,88.55999756,88.55999756,0.00000000,-9.97299576
Simul_+45deg,45,88.91999817,88.91999817,0.00000000,-7.92421150
Simul_+45deg,45,89.27999115,89.27999115,0.00000000,-6.25626469
Simul_+45deg,45,89.63999176,89.63999176,0.00000000,-4.85222292
Simul_+45deg,45,90.00000000,90.00000000,0.00000000,-3.64105821
Simul_+45deg,45,90.35999298,90.35999298,0.00000000,-2.95741272
Simul_+45deg,45,90.71999359,90.71999359,0.00000000,-2.29745150
Simul_+45deg,45,91.07999420,91.07999420,0.00000000,-1.66469193
Simul_+45deg,45,91.43999481,91.43999481,0.00000000,-1.06038499
Simul_+45deg,45,91.79999542,91.79999542,0.00000000,-0.48432785
Simul_+45deg,45,92.15999603,92.15999603,0.00000000,-0.16925760
Simul_+45deg,45,92.51999664,92.51999664,0.00000000,-0.14241201
Simul_+45deg,45,92.87999725,92.87999725,0.00000000,-0.10031150
Simul_+45deg,45,93.23999023,93.23999023,0.00000000,-0.04339883
Simul_+45deg,45,93.59999084,93.59999084,0.00000000,0.02774996
Simul_+45deg,45,93.95999908,93.95999908,0.00000000,0.11243133
Simul_+45deg,45,94.31999969,94.31999969,0.00000000,-0.25871295
Simul_+45deg,45,94.67999268,94.67999268,0.00000000,-0.70639813
Simul_+45deg,45,95.03999329,95.03999329,0.00000000,-1.17537880
Simul_+45deg,45,95.39999390,95.39999390,0.00000000,-1.66734993
Simul_+45deg,45,95.75999451,95.75999451,0.00000000,-2.18407011
Simul_+45deg,45,96.11999512,96.11999512,0.00000000,-2.82893538
Simul_+45deg,45,96.47999573,96.47999573,0.00000000,-3.72406507
Simul_+45deg,45,96.83999634,96.83999634,0.00000000,-4.67252636
Simul_+45deg,45,97.19999695,97.19999695,0.00000000,-5.66005611
Simul_+45deg,45,97.55998993,97.55998993,0.00000000,-6.65232563
Simul_+45deg,45,97.91999817,97.91999817,0.00000000,-7.58091402
Simul_+45deg,45,98.27999878,98.27999878,0.00000000,-7.52667809
Simul_+45deg,45,98.63999176,98.63999176,0.00000000,-6.85634375
Simul_+45deg,45,98.99999237,98.99999237,0.00000000,-5.93293571
Simul_+45deg,45,99.35999298,99.35999298,0.00000000,-4.90362930
Simul_+45deg,45,99.71999359,99.71999359,0.00000000,-3.86254597
Simul_+45deg,45,100.07999420,100.07999420,0.00000000,-2.85103846
Simul_+45deg,45,100.43999481,100.43999481,0.00000000,-1.89813948
Simul_+45deg,45,100.79999542,100.79999542,0.00000000,-1.03419757
Simul_+45deg,45,101.15999603,101.15999603,0.00000000,-0.24489531
Simul_+45deg,45,101.51998901,101.51998901,0.00000000,0.48115778
Simul_+45deg,45,101.87999725,101.87999725,0.00000000,1.15296531
Simul_+45deg,45,102.23999786,102.23999786,0.00000000,1.53812671
Simul_+45deg,45,102.59999847,102.59999847,0.00000000,1.79839313
Simul_+45deg,45,102.95999146,102.95999146,0.00000000,2.06025791
Simul_+45deg,45,103.31999207,103.31999207,0.00000000,2.32260132
Simul_+45deg,45,103.67999268,103.67999268,0.00000000,2.58445024
Simul_+45deg,45,104.03999329,104.03999329,0.00000000,2.79217148
Simul_+45deg,45,104.39999390,104.39999390,0.00000000,2.57776165
Simul_+45deg,45,104.75999451,104.75999451,0.00000000,2.36681271
Simul_+45deg,45,105.11999512,105.11999512,0.00000000,2.16040683
Simul_+45deg,45,105.47999573,105.47999573,0.00000000,1.95972931
Simul_+45deg,45,105.83998871,105.83998871,0.00000000,1.76610422
Simul_+45deg,45,106.19999695,106.19999695,0.00000000,1.28910637
Simul_+45deg,45,106.55999756,106.55999756,0.00000000,0.53886157
Simul_+45deg,45,106.91999054,106.91999054,0.00000000,-0.27082813
Simul_+45deg,45,107.27999115,107.27999115,0.00000000,-1.14698470
Simul_+45deg,45,107.63999176,107.63999176,0.00000000,-2.09595919
Simul_+45deg,45,108.00000000,108.00000000,0.00000000,-3.12154746
Simul_+45deg,45,108.35999298,108.35999298,0.00000000,-4.55878687
Simul_+45deg,45,108.71999359,108.71999359,0.00000000,-5.89384365
Simul_+45deg,45,109.07999420,109.07999420,0.00000000,-6.78937483
Simul_+45deg,45,109.43999481,109.43999481,0.00000000,-6.85803652
Simul_+45deg,45,109.79998779,109.79998779,0.00000000,-6.06342554
Simul_+45deg,45,110.15999603,110.15999603,0.00000000,-4.45607948
Simul_+45deg,45,110.51999664,110.51999664,0.00000000,-2.52415681
Simul_+45deg,45,110.87999725,110.87999725,0.00000000,-0.83852911
Simul_+45deg,45,111.23999023,111.23999023,0.00000000,0.62214935
Simul_+45deg,45,111.59999084,111.59999084,0.00000000,1.89777744
Simul_+45deg,45,111.95999908,111.95999908,0.00000000,3.02422547
Simul_+45deg,45,112.31999207,112.31999207,0.00000000,4.02409029
Simul_+45deg,45,112.67999268,112.67999268,0.00000000,4.93951178
Simul_+45deg,45,113.03999329,113.03999329,0.00000000,5.78119707
Simul_+45deg,45,113.39999390,113.39999390,0.00000000,6.55771494
Simul_+45deg,45,113.75999451,113.75999451,0.00000000,7.27700424
Simul_+45deg,45,114.11999512,114.11999512,0.00000000,7.89725494
Simul_+45deg,45,114.47999573,114.47999573,0.00000000,8.40093708
Simul_+45deg,45,114.83999634,114.83999634,0.00000000,8.89604187
Simul_+45deg,45,115.19999695,115.19999695,0.00000000,9.37964344
Simul_+45deg,45,115.55998993,115.55998993,0.00000000,9.84987068
Simul_+45deg,45,115.91999817,115.91999817,0.00000000,10.30575943
Simul_+45deg,45,116.27999115,116.27999115,0.00000000,10.61967087
Simul_+45deg,45,116.63999176,116.63999176,0.00000000,10.90595722
Simul_+45deg,45,117.00000000,117.00000000,0.00000000,11.20091534
Simul_+45deg,45,117.35999298,117.35999298,0.00000000,11.50168610
Simul_+45deg,45,117.72000122,117.72000122,0.00000000,11.80591774
Simul_+45deg,45,118.07998657,118.07998657,0.00000000,12.07627296
Simul_+45deg,45,118.43999481,118.43999481,0.00000000,12.23261452
Simul_+45deg,45,118.79998779,118.79998779,0.00000000,12.40302467
Simul_+45deg,45,119.15999603,119.15999603,0.00000000,12.58570766
Simul_+45deg,45,119.51999664,119.51999664,0.00000000,12.77889729
Simul_+45deg,45,119.87998962,119.87998962,0.00000000,12.98092365
Simul_+45deg,45,120.23999786,120.23999786,0.00000000,13.10256481
Simul_+45deg,45,120.59999084,120.59999084,0.00000000,13.19184303
Simul_+45deg,45,120.95999146,120.95999146,0.00000000,13.29288006
Simul_+45deg,45,121.31999969,121.31999969,0.00000000,13.40482616
Simul_+45deg,45,121.67999268,121.67999268,0.00000000,13.52679443
Simul_+45deg,45,122.03999329,122.03999329,0.00000000,13.64615631
Simul_+45deg,45,122.39998627,122.39998627,0.00000000,13.67998981
Simul_+45deg,45,122.75999451,122.75999451,0.00000000,13.72192383
Simul_+45deg,45,123.12000275,123.12000275,0.00000000,13.77171898
Simul_+45deg,45,123.47998810,123.47998810,0.00000000,13.82910538
Simul_+45deg,45,123.83999634,123.83999634,0.00000000,13.89378071
Simul_+45deg,45,124.19998932,124.19998932,0.00000000,13.91848755
Simul_+45deg,45,124.55999756,124.55999756,0.00000000,13.91026402
Simul_+45deg,45,124.91998291,124.91998291,0.00000000,13.90603256
Simul_+45deg,45,125.27999115,125.27999115,0.00000000,13.90581131
Simul_+45deg,45,125.63999939,125.63999939,0.00000000,13.90959835
Simul_+45deg,45,125.99999237,125.99999237,0.00000000,13.91738510
Simul_+45deg,45,126.35999298,126.35999298,0.00000000,13.85949039
Simul_+45deg,45,126.71998596,126.71998596,0.00000000,13.80239296
Simul_+45deg,45,127.07999420,127.07999420,0.00000000,13.74613380
Simul_+45deg,45,127.43999481,127.43999481,0.00000000,13.69075680
Simul_+45deg,45,127.79998779,127.79998779,0.00000000,13.63630676
Simul_+45deg,45,128.15998840,128.15998840,0.00000000,13.55882454
Simul_+45deg,45,128.51998901,128.51998901,0.00000000,13.45068169
Simul_+45deg,45,128.87998962,128.87998962,0.00000000,13.34121799
Simul_+45deg,45,129.24000549,129.24000549,0.00000000,13.23040199
Simul_+45deg,45,129.59999084,129.59999084,0.00000000,13.11820507
Simul_+45deg,45,129.95999146,129.95999146,0.00000000,13.00458717
Simul_+45deg,45,130.31999207,130.31999207,0.00000000,12.85848236
Simul_+45deg,45,130.67999268,130.67999268,0.00000000,12.70653629
Simul_+45deg,45,131.03999329,131.03999329,0.00000000,12.55257988
Simul_+45deg,45,131.39999390,131.39999390,0.00000000,12.39659405
Simul_+45deg,45,131.75999451,131.75999451,0.00000000,12.23855877
Simul_+45deg,45,132.11999512,132.11999512,0.00000000,12.07412338
Simul_+45deg,45,132.47999573,132.47999573,0.00000000,11.90000629
Simul_+45deg,45,132.83998108,132.83998108,0.00000000,11.72558880
Simul_+45deg,45,133.19999695,133.19999695,0.00000000,11.55113411
Simul_+45deg,45,133.55999756,133.55999756,0.00000000,11.37693501
Simul_+45deg,45,133.91998291,133.91998291,0.00000000,11.20332146
Simul_+45deg,45,134.27999878,134.27999878,0.00000000,11.03028679
Simul_+45deg,45,134.63998413,134.63998413,0.00000000,10.86010361
Simul_+45deg,45,135.00000000,135.00000000,0.00000000,10.69371033
Simul_+45deg,45,135.36000061,135.36000061,0.00000000,10.53184891
Simul_+45deg,45,135.71998596,135.71998596,0.00000000,10.37528515
Simul_+45deg,45,136.08000183,136.08000183,0.00000000,10.22219658
Simul_+45deg,45,136.43998718,136.43998718,0.00000000,10.06598949
Simul_+45deg,45,136.79998779,136.79998779,0.00000000,9.91621685
Simul_+45deg,45,137.16000366,137.16000366,0.00000000,9.77376556
Simul_+45deg,45,137.51998901,137.51998901,0.00000000,9.63956642
Simul_+45deg,45,137.87998962,137.87998962,0.00000000,9.51454544
Simul_+45deg,45,138.23999023,138.23999023,0.00000000,9.37231159
Simul_+45deg,45,138.59999084,138.59999084,0.00000000,9.22355747
Simul_+45deg,45,138.95999146,138.95999146,0.00000000,9.08206558
Simul_+45deg,45,139.31999207,139.31999207,0.00000000,8.94874001
Simul_+45deg,45,139.67999268,139.67999268,0.00000000,8.82449150
Simul_+45deg,45,140.03999329,140.03999329,0.00000000,8.70309639
Simul_+45deg,45,140.39999390,140.39999390,0.00000000,8.53201675
Simul_+45deg,45,140.75997925,140.75997925,0.00000000,8.36681557
Simul_+45deg,45,141.11999512,141.11999512,0.00000000,8.20845699
Simul_+45deg,45,141.47999573,141.47999573,0.00000000,8.05795097
Simul_+45deg,45,141.83999634,141.83999634,0.00000000,7.91634989
Simul_+45deg,45,142.19999695,142.19999695,0.00000000,7.73914433
Simul_+45deg,45,142.55998230,142.55998230,0.00000000,7.53114891
Simul_+45deg,45,142.91999817,142.91999817,0.00000000,7.32843924
Simul_+45deg,45,143.27999878,143.27999878,0.00000000,7.13228512
Simul_+45deg,45,143.63998413,143.63998413,0.00000000,6.94406319
Simul_+45deg,45,144.00000000,144.00000000,0.00000000,6.76525211
Simul_+45deg,45,144.35998535,144.35998535,0.00000000,6.49658251
Simul_+45deg,45,144.72000122,144.72000122,0.00000000,6.23050690
Simul_+45deg,45,145.07998657,145.07998657,0.00000000,5.96869564
Simul_+45deg,45,145.43998718,145.43998718,0.00000000,5.71298361
Simul_+45deg,45,145.80000305,145.80000305,0.00000000,5.46555042
Simul_+45deg,45,146.15998840,146.15998840,0.00000000,5.17740631
Simul_+45deg,45,146.51998901,146.51998901,0.00000000,4.82693100
Simul_+45deg,45,146.87998962,146.87998962,0.00000000,4.47618532
Simul_+45deg,45,147.23999023,147.23999023,0.00000000,4.12766171
Simul_+45deg,45,147.59999084,147.59999084,0.00000000,3.78453064
Simul_+45deg,45,147.95999146,147.95999146,0.00000000,3.45063686
Simul_+45deg,45,148.31999207,148.31999207,0.00000000,3.01571608
Simul_+45deg,45,148.67999268,148.67999268,0.00000000,2.56331301
Simul_+45deg,45,149.03999329,149.03999329,0.00000000,2.11071157
Simul_+45deg,45,149.39999390,149.39999390,0.00000000,1.66357303
Simul_+45deg,45,149.75999451,149.75999451,0.00000000,1.22946024
Simul_+45deg,45,150.11999512,150.11999512,0.00000000,0.77745849
Simul_+45deg,45,150.47998047,150.47998047,0.00000000,0.26013273
Simul_+45deg,45,150.83999634,150.83999634,0.00000000,-0.23871668
Simul_+45deg,45,151.19998169,151.19998169,0.00000000,-0.70371282
Simul_+45deg,45,151.55999756,151.55999756,0.00000000,-1.11596727
Simul_+45deg,45,151.91999817,151.91999817,0.00000000,-1.45395827
Simul_+45deg,45,152.27998352,152.27998352,0.00000000,-1.80292535
Simul_+45deg,45,152.63999939,152.63999939,0.00000000,-2.08531666
Simul_+45deg,45,152.99998474,152.99998474,0.00000000,-2.25190401
Simul_+45deg,45,153.35998535,153.35998535,0.00000000,-2.28853536
Simul_+45deg,45,153.72000122,153.72000122,0.00000000,-2.19191408
Simul_+45deg,45,154.07998657,154.07998657,0.00000000,-2.00622892
Simul_+45deg,45,154.43998718,154.43998718,0.00000000,-1.83319592
Simul_+45deg,45,154.79998779,154.79998779,0.00000000,-1.56062353
Simul_+45deg,45,155.15998840,155.15998840,0.00000000,-1.20635200
Simul_+45deg,45,155.52000427,155.52000427,0.00000000,-0.79007745
Simul_+45deg,45,155.87998962,155.87998962,0.00000000,-0.33050448
Simul_+45deg,45,156.23999023,156.23999023,0.00000000,0.05237177
Simul_+45deg,45,156.59999084,156.59999084,0.00000000,0.41490722
Simul_+45deg,45,156.95999146,156.95999146,0.00000000,0.80249256
Simul_+45deg,45,157.31999207,157.31999207,0.00000000,1.20653522
Simul_+45deg,45,157.67999268,157.67999268,0.00000000,1.61999035
Simul_+45deg,45,158.03999329,158.03999329,0.00000000,2.02134705
Simul_+45deg,45,158.39999390,158.39999390,0.00000000,2.30267429
Simul_+45deg,45,158.75999451,158.75999451,0.00000000,2.59457111
Simul_+45deg,45,159.11997986,159.11997986,0.00000000,2.89390326
Simul_+45deg,45,159.47999573,159.47999573,0.00000000,3.19802642
Simul_+45deg,45,159.83999634,159.83999634,0.00000000,3.50469327
Simul_+45deg,45,160.19998169,160.19998169,0.00000000,3.74525571
Simul_+45deg,45,160.55999756,160.55999756,0.00000000,3.93743968
Simul_+45deg,45,160.91998291,160.91998291,0.00000000,4.13511848
Simul_+45deg,45,161.27999878,161.27999878,0.00000000,4.33723354
Simul_+45deg,45,161.63999939,161.63999939,0.00000000,4.54277563
Simul_+45deg,45,161.99998474,161.99998474,0.00000000,4.75086260
Simul_+45deg,45,162.36000061,162.36000061,0.00000000,4.86969900
Simul_+45deg,45,162.71998596,162.71998596,0.00000000,4.99264812
Simul_+45deg,45,163.07998657,163.07998657,0.00000000,5.11930370
Simul_+45deg,45,163.44000244,163.44000244,0.00000000,5.24923706
Simul_+45deg,45,163.79998779,163.79998779,0.00000000,5.38206005
Simul_+45deg,45,164.15998840,164.15998840,0.00000000,5.48738098
Simul_+45deg,45,164.51998901,164.51998901,0.00000000,5.55843830
Simul_+45deg,45,164.87998962,164.87998962,0.00000000,5.63296032
Simul_+45deg,45,165.23999023,165.23999023,0.00000000,5.71074963
Simul_+45deg,45,165.59999084,165.59999084,0.00000000,5.79161119
Simul_+45deg,45,165.95999146,165.95999146,0.00000000,5.87535095
Simul_+45deg,45,166.31999207,166.31999207,0.00000000,5.89865685
Simul_+45deg,45,166.67999268,166.67999268,0.00000000,5.91776896
Simul_+45deg,45,167.03997803,167.03997803,0.00000000,5.94059086
Simul_+45deg,45,167.39999390,167.39999390,0.00000000,5.96706676
Simul_+45deg,45,167.75999451,167.75999451,0.00000000,5.99713326
Simul_+45deg,45,168.11999512,168.11999512,0.00000000,6.00473022
Simul_+45deg,45,168.47999573,168.47999573,0.00000000,5.96333742
Simul_+45deg,45,168.83998108,168.83998108,0.00000000,5.92472172
Simul_+45deg,45,169.19999695,169.19998169,0.00000000,5.88896227
Simul_+45deg,45,169.55999756,169.55999756,0.00000000,5.85612822
Simul_+45deg,45,169.91998291,169.91996765,0.00000000,5.82629585
Simul_+45deg,45,170.27999878,170.27998352,0.00000000,5.76317596
Simul_+45deg,45,170.63998413,170.63998413,0.00000000,5.69085360
Simul_+45deg,45,170.99998474,171.00000000,0.00000000,5.61953545
Simul_+45deg,45,171.35998535,171.36000061,0.00000000,5.54931116
Simul_+45deg,45,171.71998596,171.71998596,0.00000000,5.48023701
Simul_+45deg,45,172.08000183,172.07998657,0.00000000,5.40861177
Simul_+45deg,45,172.43998718,172.43998718,0.00000000,5.32425356
Simul_+45deg,45,172.79998779,172.80000305,0.00000000,5.23994637
Simul_+45deg,45,173.15998840,173.16000366,0.00000000,5.15573263
Simul_+45deg,45,173.51998901,173.52000427,0.00000000,5.07164717
Simul_+45deg,45,173.87998962,173.87998962,0.00000000,4.98773241
Simul_+45deg,45,174.23999023,174.23999023,0.00000000,4.88078403
Simul_+45deg,45,174.59999084,174.59997559,0.00000000,4.76125526
Simul_+45deg,45,174.95999146,174.95999146,0.00000000,4.64050484
Simul_+45deg,45,175.31999207,175.32000732,0.00000000,4.51855040
Simul_+45deg,45,175.67999268,175.67997742,0.00000000,4.39537954
Simul_+45deg,45,176.03999329,176.03996277,0.00000000,4.26970911
Simul_+45deg,45,176.39999390,176.39999390,0.00000000,4.13207960
Simul_+45deg,45,176.75997925,176.75996399,0.00000000,3.99237418
Simul_+45deg,45,177.11999512,177.12002563,0.00000000,3.85045981
Simul_+45deg,45,177.47999573,177.47996521,0.00000000,3.70635080
Simul_+45deg,45,177.83999634,177.83996582,0.00000000,3.55993867
Simul_+45deg,45,178.19999695,178.19993591,0.00000000,3.44631195
Simul_+45deg,45,178.55998230,178.56004333,0.00000000,3.35992837
Simul_+45deg,45,178.91999817,178.92007446,0.00000000,3.27313805
Simul_+45deg,45,179.27998352,179.27990723,0.00000000,3.18598843
Simul_+45deg,45,179.63998413,179.64009094,0.00000000,3.09834456
Simul_+45deg,45,180.00000000,180.00000000,180.00000000,3.01014853
Simul_+45deg,45,180.35998535,179.64009094,180.00000000,2.96810102
Simul_+45deg,45,180.71998596,179.27990723,180.00000000,2.92570019
Simul_+45deg,45,181.07998657,178.92007446,180.00000000,2.88326073
Simul_+45deg,45,181.43998718,178.56004333,180.00000000,2.84071493
Simul_+45deg,45,181.80000305,178.19993591,180.00000000,2.79808140
Simul_+45deg,45,182.15998840,177.83996582,180.00000000,2.76788211
Simul_+45deg,45,182.51998901,177.47996521,180.00000000,2.75327778
Simul_+45deg,45,182.87998962,177.12002563,180.00000000,2.73867488
Simul_+45deg,45,183.23999023,176.75996399,180.00000000,2.72407007
Simul_+45deg,45,183.59999084,176.39999390,180.00000000,2.70946932
Simul_+45deg,45,183.95999146,176.04000854,180.00000000,2.69486952
Simul_+45deg,45,184.31999207,175.67997742,180.00000000,2.73078442
Simul_+45deg,45,184.67999268,175.32000732,180.00000000,2.77316475
Simul_+45deg,45,185.03999329,174.95999146,180.00000000,2.81570196
Simul_+45deg,45,185.39997864,174.59997559,180.00000000,2.85838628
Simul_+45deg,45,185.75999451,174.23999023,180.00000000,2.90120077
Simul_+45deg,45,186.11999512,173.87998962,180.00000000,2.93691397
Simul_+45deg,45,186.47998047,173.52000427,180.00000000,2.96030021
Simul_+45deg,45,186.83999634,173.16000366,180.00000000,2.98679137
Simul_+45deg,45,187.19998169,172.80000305,180.00000000,3.01633096
Simul_+45deg,45,187.55998230,172.43998718,180.00000000,3.04885674
Simul_+45deg,45,187.91999817,172.07998657,180.00000000,3.08429861
Simul_+45deg,45,188.27998352,171.71998596,180.00000000,3.05404162
Simul_+45deg,45,188.63999939,171.36000061,180.00000000,3.00938511
Simul_+45deg,45,188.99998474,171.00000000,180.00000000,2.97037077
Simul_+45deg,45,189.35998535,170.63998413,180.00000000,2.93714666
Simul_+45deg,45,189.72000122,170.27998352,180.00000000,2.90985870
Simul_+45deg,45,190.07998657,169.91999817,180.00000000,2.86637783
Simul_+45deg,45,190.43998718,169.55998230,180.00000000,2.75197792
Simul_+45deg,45,190.79998779,169.20001221,180.00000000,2.64554644
Simul_+45deg,45,191.15998840,168.83998108,180.00000000,2.54774284
Simul_+45deg,45,191.51998901,168.47999573,180.00000000,2.45922732
Simul_+45deg,45,191.87998962,168.11999512,180.00000000,2.38062119
Simul_+45deg,45,192.23999023,167.75997925,180.00000000,2.18121552
Simul_+45deg,45,192.59999084,167.40000916,180.00000000,1.92428565
Simul_+45deg,45,192.95999146,167.03999329,180.00000000,1.67708278
Simul_+45deg,45,193.31997681,166.67999268,180.00000000,1.44229770
Simul_+45deg,45,193.67999268,166.31999207,180.00000000,1.22284734
Simul_+45deg,45,194.03999329,165.95997620,180.00000000,0.98939240
Simul_+45deg,45,194.39999390,165.59999084,180.00000000,0.49985284
Simul_+45deg,45,194.75999451,165.24000549,180.00000000,0.00232601
Simul_+45deg,45,195.11997986,164.88000488,180.00000000,-0.49871105
Simul_+45deg,45,195.47999573,164.51998901,180.00000000,-0.99675906
Simul_+45deg,45,195.83999634,164.15998840,180.00000000,-1.48274136
Simul_+45deg,45,196.19998169,163.79998779,180.00000000,-2.12223315
Simul_+45deg,45,196.55999756,163.43998718,180.00000000,-2.93261623
Simul_+45deg,45,196.91998291,163.07998657,180.00000000,-3.78550005
Simul_+45deg,45,197.27998352,162.72000122,180.00000000,-4.67067385
Simul_+45deg,45,197.63999939,162.36000061,180.00000000,-5.56484175
Simul_+45deg,45,197.99998474,161.99998474,180.00000000,-6.42397690
Simul_+45deg,45,198.36000061,161.63999939,180.00000000,-7.83403635
Simul_+45deg,45,198.71998596,161.27999878,180.00000000,-9.28557777
Simul_+45deg,45,199.07998657,160.91998291,180.00000000,-10.58091736
Simul_+45deg,45,199.43998718,160.56001282,180.00000000,-11.33924580
Simul_+45deg,45,199.79998779,160.19998169,180.00000000,-11.20160103
Simul_+45deg,45,200.15998840,159.83998108,180.00000000,-10.75936127
Simul_+45deg,45,200.51998901,159.47999573,180.00000000,-10.03377438
Simul_+45deg,45,200.87998962,159.11997986,180.00000000,-8.65011311
Simul_+45deg,45,201.23999023,158.75999451,180.00000000,-7.08534241
Simul_+45deg,45,201.59999084,158.39999390,180.00000000,-5.57838631
Simul_+45deg,45,201.95999146,158.03997803,180.00000000,-4.20316029
Simul_+45deg,45,202.31999207,157.67999268,180.00000000,-3.36485505
Simul_+45deg,45,202.67999268,157.31997681,180.00000000,-2.50108004
Simul_+45deg,45,203.03997803,156.95999146,180.00000000,-1.61244011
Simul_+45deg,45,203.39999390,156.59999084,180.00000000,-0.73767531
Simul_+45deg,45,203.75999451,156.23997498,180.00000000,0.10291989
Simul_+45deg,45,204.11997986,155.87998962,180.00000000,0.77459544
Simul_+45deg,45,204.47999573,155.51998901,180.00000000,1.21882904
Simul_+45deg,45,204.83998108,155.15998840,180.00000000,1.70652008
Simul_+45deg,45,205.19999695,154.79998779,180.00000000,2.22016525
Simul_+45deg,45,205.55998230,154.43998718,180.00000000,2.74595022
Simul_+45deg,45,205.91998291,154.07998657,180.00000000,3.27382708
Simul_+45deg,45,206.27999878,153.71998596,180.00000000,3.57848287
Simul_+45deg,45,206.63998413,153.35998535,180.00000000,3.86391830
Simul_+45deg,45,206.99998474,152.99998474,180.00000000,4.18947792
Simul_+45deg,45,207.35998535,152.63999939,180.00000000,4.54543877
Simul_+45deg,45,207.71998596,152.27998352,180.00000000,4.92312336
Simul_+45deg,45,208.07998657,151.91998291,180.00000000,5.23999119
Simul_+45deg,45,208.43998718,151.55999756,180.00000000,5.33310461
Simul_+45deg,45,208.79998779,151.19998169,180.00000000,5.48036671
Simul_+45deg,45,209.15998840,150.83999634,180.00000000,5.67638397
Simul_+45deg,45,209.51998901,150.47998047,180.00000000,5.91466427
Simul_+45deg,45,209.87998962,150.11999512,180.00000000,6.18815708
Simul_+45deg,45,210.23999023,149.75999451,180.00000000,6.22652149
Simul_+45deg,45,210.59999084,149.39997864,180.00000000,6.18207693
Simul_+45deg,45,210.95999146,149.03999329,180.00000000,6.19254637
Simul_+45deg,45,211.31999207,148.67999268,180.00000000,6.25753593
Simul_+45deg,45,211.67997742,148.31999207,180.00000000,6.37465000
Simul_+45deg,45,212.03999329,147.95999146,180.00000000,6.49685335
Simul_+45deg,45,212.39999390,147.59999084,180.00000000,6.32045937
Simul_+45deg,45,212.75997925,147.23999023,180.00000000,6.19273949
Simul_+45deg,45,213.11999512,146.88000488,180.00000000,6.11823845
Simul_+45deg,45,213.47998047,146.51998901,180.00000000,6.09978771
Simul_+45deg,45,213.83998108,146.15998840,180.00000000,6.13810062
Simul_+45deg,45,214.19999695,145.79998779,180.00000000,6.03111267
Simul_+45deg,45,214.55998230,145.43998718,180.00000000,5.81079197
Simul_+45deg,45,214.91999817,145.07998657,180.00000000,5.64218283
Simul_+45deg,45,215.27998352,144.72000122,180.00000000,5.53192663
Simul_+45deg,45,215.63998413,144.35998535,180.00000000,5.48466206
Simul_+45deg,45,216.00000000,143.99998474,180.00000000,5.50246286
Simul_+45deg,45,216.35998535,143.63998413,180.00000000,5.18443537
Simul_+45deg,45,216.71998596,143.27998352,180.00000000,4.91422558
Simul_+45deg,45,217.07998657,142.91999817,180.00000000,4.70276451
Simul_+45deg,45,217.43998718,142.55998230,180.00000000,4.55971813
Simul_+45deg,45,217.79998779,142.19998169,180.00000000,4.49230003
Simul_+45deg,45,218.15998840,141.83999634,180.00000000,4.31871319
Simul_+45deg,45,218.51998901,141.47998047,180.00000000,3.96404052
Simul_+45deg,45,218.87998962,141.11999512,180.00000000,3.65954423
Simul_+45deg,45,219.23999023,140.75997925,180.00000000,3.41847920
Simul_+45deg,45,219.59997559,140.39999390,180.00000000,3.25305343
Simul_+45deg,45,219.95999146,140.03999329,180.00000000,3.17258072
Simul_+45deg,45,220.31999207,139.67997742,180.00000000,2.83687091
Simul_+45deg,45,220.67997742,139.32000732,180.00000000,2.50575352
Simul_+45deg,45,221.03999329,138.95999146,180.00000000,2.23279500
Simul_+45deg,45,221.39997864,138.60000610,180.00000000,2.03120899
Simul_+45deg,45,221.75999451,138.23999023,180.00000000,1.91195822
Simul_+45deg,45,222.11999512,137.87998962,180.00000000,1.76408362
Simul_+45deg,45,222.47998047,137.51998901,180.00000000,1.44463778
Simul_+45deg,45,222.83999634,137.15998840,180.00000000,1.18694997
Simul_+45deg,45,223.19998169,136.79998779,180.00000000,1.00396383
Simul_+45deg,45,223.55998230,136.43998718,180.00000000,0.90597302
Simul_+45deg,45,223.91999817,136.07998657,180.00000000,0.89892030
Simul_+45deg,45,224.27998352,135.72000122,180.00000000,0.68341267
Simul_+45deg,45,224.63998413,135.36000061,180.00000000,0.44750178
Simul_+45deg,45,224.99998474,135.00000000,180.00000000,0.28429323
Simul_+45deg,45,225.35998535,134.63998413,180.00000000,0.20262016
Simul_+45deg,45,225.71998596,134.28001404,180.00000000,0.20720169
Simul_+45deg,45,226.07998657,133.91999817,180.00000000,0.22701687
Simul_+45deg,45,226.43998718,133.55998230,180.00000000,0.06571505
Simul_+45deg,45,226.79998779,133.20001221,180.00000000,-0.03542537
Simul_+45deg,45,227.15998840,132.83998108,180.00000000,-0.07205500
Simul_+45deg,45,227.51998901,132.47999573,180.00000000,-0.04251493
Simul_+45deg,45,227.87998962,132.11999512,180.00000000,0.05186329
Simul_+45deg,45,228.23999023,131.75997925,180.00000000,0.06418801
Simul_+45deg,45,228.59999084,131.40000916,180.00000000,0.06103788
Simul_+45deg,45,228.95999146,131.03999329,180.00000000,0.11327828
Simul_+45deg,45,229.31997681,130.67999268,180.00000000,0.21894924
Simul_+45deg,45,229.67999268,130.31999207,180.00000000,0.37425226
Simul_+45deg,45,230.03999329,129.95997620,180.00000000,0.54410875
Simul_+45deg,45,230.39999390,129.59997559,180.00000000,0.52702636
Simul_+45deg,45,230.75997925,129.24000549,180.00000000,0.57099402
Simul_+45deg,45,231.11997986,128.87998962,180.00000000,0.67419791
Simul_+45deg,45,231.47999573,128.51998901,180.00000000,0.83252919
Simul_+45deg,45,231.83999634,128.15998840,180.00000000,1.04011524
Simul_+45deg,45,232.19999695,127.79998016,180.00000000,1.07331002
Simul_+45deg,45,232.55998230,127.43999481,180.00000000,0.98669755
Simul_+45deg,45,232.91998291,127.07999420,180.00000000,0.96058297
Simul_+45deg,45,233.27998352,126.71998596,180.00000000,0.99606931
Simul_+45deg,45,233.63999939,126.35998535,180.00000000,1.09167004
Simul_+45deg,45,234.00000000,125.99997711,180.00000000,1.24350560
Simul_+45deg,45,234.35998535,125.63999939,180.00000000,1.04891801
Simul_+45deg,45,234.71998596,125.27999115,180.00000000,0.89845008
Simul_+45deg,45,235.07998657,124.91998291,180.00000000,0.79710567
Simul_+45deg,45,235.44000244,124.55998230,180.00000000,0.74849331
Simul_+45deg,45,235.79997253,124.20000458,180.00000000,0.75439811
Simul_+45deg,45,236.15997314,123.84001160,180.00000000,0.68117028
Simul_+45deg,45,236.51998901,123.47998810,180.00000000,0.47897869
Simul_+45deg,45,236.87998962,123.11998749,180.00000000,0.31276408
Simul_+45deg,45,237.23999023,122.75997925,180.00000000,0.18712015
Simul_+45deg,45,237.59997559,122.40000153,180.00000000,0.10583164
Simul_+45deg,45,237.95997620,122.03999329,180.00000000,0.07145476
Simul_+45deg,45,238.31999207,121.68000793,180.00000000,-0.16803342
Simul_+45deg,45,238.67999268,121.31998444,180.00000000,-0.40785563
Simul_+45deg,45,239.03999329,120.95997620,180.00000000,-0.61137164
Simul_+45deg,45,239.39997864,120.59999847,180.00000000,-0.77264702
Simul_+45deg,45,239.75997925,120.23999786,180.00000000,-0.88652557
Simul_+45deg,45,240.11997986,119.87998962,180.00000000,-1.07062840
Simul_+45deg,45,240.47999573,119.51998138,180.00000000,-1.47017622
Simul_+45deg,45,240.83999634,119.15998077,180.00000000,-1.84816265
Simul_+45deg,45,241.19998169,118.80000305,180.00000000,-2.19489121
Simul_+45deg,45,241.55998230,118.43999481,180.00000000,-2.49953866
Simul_+45deg,45,241.91998291,118.07998657,180.00000000,-2.75061870
Simul_+45deg,45,242.27999878,117.71998596,180.00000000,-3.22995305
Simul_+45deg,45,242.63999939,117.35997772,180.00000000,-3.79610395
Simul_+45deg,45,242.99996948,117.00000000,180.00000000,-4.36887360
Simul_+45deg,45,243.35998535,116.63999176,180.00000000,-4.93946028
Simul_+45deg,45,243.71998596,116.27999115,180.00000000,-5.49468231
Simul_+45deg,45,244.07998657,115.91998291,180.00000000,-6.03002501
Simul_+45deg,45,244.44000244,115.55997467,180.00000000,-6.61171341
Simul_+45deg,45,244.79997253,115.19999695,180.00000000,-7.22143888
Simul_+45deg,45,245.15998840,114.83999634,180.00000000,-7.85915852
Simul_+45deg,45,245.51998901,114.47999573,180.00000000,-8.52296066
Simul_+45deg,45,245.87998962,114.11998749,180.00000000,-9.20846653
Simul_+45deg,45,246.24000549,113.75998688,180.00000000,-9.68396759
Simul_+45deg,45,246.59997559,113.40000916,180.00000000,-10.03581429
Simul_+45deg,45,246.95997620,113.04000092,180.00000000,-10.36546612
Simul_+45deg,45,247.31999207,112.67999268,180.00000000,-10.66511345
Simul_+45deg,45,247.67999268,112.31999207,180.00000000,-10.92631435
Simul_+45deg,45,248.03999329,111.95998383,180.00000000,-11.14673805
Simul_+45deg,45,248.39997864,111.60000610,180.00000000,-11.27622414
Simul_+45deg,45,248.75997925,111.23999786,180.00000000,-11.18540192
Simul_+45deg,45,249.11999512,110.87999725,180.00000000,-10.88736439
Simul_+45deg,45,249.47999573,110.51998901,180.00000000,-10.42116547
Simul_+45deg,45,249.83996582,110.16001129,180.00000000,-9.83695984
Simul_+45deg,45,250.19998169,109.80000305,180.00000000,-9.45227432
Simul_+45deg,45,250.55998230,109.44000244,180.00000000,-9.03276157
Simul_+45deg,45,250.91998291,109.07999420,180.00000000,-8.37798309
Simul_+45deg,45,251.27999878,108.71998596,180.00000000,-7.58354855
Simul_+45deg,45,251.63996887,108.36000824,180.00000000,-6.72797585
Simul_+45deg,45,251.99998474,108.00000763,180.00000000,-5.86298561
Simul_+45deg,45,252.35998535,107.63999939,180.00000000,-5.56520844
Simul_+45deg,45,252.71998596,107.27999115,180.00000000,-5.11132240
Simul_+45deg,45,253.08000183,106.91999054,180.00000000,-4.54691982
Simul_+45deg,45,253.43997192,106.56000519,180.00000000,-3.91516781
Simul_+45deg,45,253.79997253,106.20000458,180.00000000,-3.25036001
Simul_+45deg,45,254.15998840,105.83999634,180.00000000,-2.84511781
Simul_+45deg,45,254.51998901,105.47999573,180.00000000,-2.70642972
Simul_+45deg,45,254.87998962,105.11998749,180.00000000,-2.48023248
Simul_+45deg,45,255.23997498,104.76000977,180.00000000,-2.17966342
Simul_+45deg,45,255.59997559,104.40000153,180.00000000,-1.81980538
Simul_+45deg,45,255.95999146,104.03999329,180.00000000,-1.41581702
Simul_+45deg,45,256.31997681,103.67999268,180.00000000,-1.47394633
Simul_+45deg,45,256.67999268,103.31997681,180.00000000,-1.54380453
Simul_+45deg,45,257.03997803,102.95999908,180.00000000,-1.56002927
Simul_+45deg,45,257.39999390,102.59999847,180.00000000,-1.52202225
Simul_+45deg,45,257.75997925,102.23999786,180.00000000,-1.43118274
Simul_+45deg,45,258.11999512,101.87998962,180.00000000,-1.45077682
Simul_+45deg,45,258.48001099,101.51998901,180.00000000,-1.76720035
Simul_+45deg,45,258.83996582,101.16000366,180.00000000,-2.06883717
Simul_+45deg,45,259.19998169,100.79999542,180.00000000,-2.35072279
Simul_+45deg,45,259.55999756,100.43999481,180.00000000,-2.60728574
Simul_+45deg,45,259.91998291,100.07998657,180.00000000,-2.83266687
Simul_+45deg,45,260.27999878,99.71997833,180.00000000,-3.29735136
Simul_+45deg,45,260.63998413,99.36000061,180.00000000,-3.86376047
Simul_+45deg,45,260.99996948,98.99999237,180.00000000,-4.46343279
Simul_+45deg,45,261.35998535,98.63999176,180.00000000,-5.09921169
Simul_+45deg,45,261.72000122,98.27998352,180.00000000,-5.77397108
Simul_+45deg,45,262.07998657,97.92000580,180.00000000,-6.48631668
Simul_+45deg,45,262.43997192,97.56000519,180.00000000,-7.22490692
Simul_+45deg,45,262.79998779,97.19999695,180.00000000,-7.99824142
Simul_+45deg,45,263.16000366,96.83999634,180.00000000,-8.79844379
Simul_+45deg,45,263.51998901,96.47998047,180.00000000,-9.60936356
Simul_+45deg,45,263.87997437,96.12000275,180.00000000,-10.40138435
Simul_+45deg,45,264.23999023,95.76000214,180.00000000,-10.57400894
Simul_+45deg,45,264.59997559,95.39999390,180.00000000,-10.30312634
Simul_+45deg,45,264.95999146,95.03999329,180.00000000,-9.87994480
Simul_+45deg,45,265.32000732,94.67998505,180.00000000,-9.34595108
Simul_+45deg,45,265.67996216,94.31999969,180.00000000,-8.74168110
Simul_+45deg,45,266.03997803,93.95999908,180.00000000,-8.09452438
Simul_+45deg,45,266.39999390,93.59999084,180.00000000,-7.41678810
Simul_+45deg,45,266.75997925,93.23999023,180.00000000,-6.78129911
Simul_+45deg,45,267.11999512,92.87998962,180.00000000,-6.18406010
Simul_+45deg,45,267.47998047,92.52001190,180.00000000,-5.62139130
Simul_+45deg,45,267.83996582,92.16000366,180.00000000,-5.08993340
Simul_+45deg,45,268.19998169,91.79999542,180.00000000,-4.74296761
Simul_+45deg,45,268.55999756,91.43999481,180.00000000,-4.52962923
Simul_+45deg,45,268.91998291,91.07998657,180.00000000,-4.31973934
Simul_+45deg,45,269.27996826,90.72000885,180.00000000,-4.11329842
Simul_+45deg,45,269.63998413,90.36000061,180.00000000,-3.91024375
Simul_+45deg,45,270.00000000,90.00000000,180.00000000,-3.71057534
Simul_+45deg,45,270.35998535,89.63999176,180.00000000,-3.80681133
Simul_+45deg,45,270.72000122,89.27998352,180.00000000,-3.90380621
Simul_+45deg,45,271.07998657,88.92000580,180.00000000,-4.00154543
Simul_+45deg,45,271.43997192,88.56000519,180.00000000,-4.10005236
Simul_+45deg,45,271.79998779,88.19999695,180.00000000,-4.19931841
Simul_+45deg,45,272.16000366,87.83998871,180.00000000,-4.36780119
Simul_+45deg,45,272.51998901,87.47998810,180.00000000,-4.62250519
Simul_+45deg,45,272.87997437,87.12001038,180.00000000,-4.87710524
Simul_+45deg,45,273.23999023,86.76000214,180.00000000,-5.13067532
Simul_+45deg,45,273.59997559,86.39999390,180.00000000,-5.38204765
Simul_+45deg,45,273.95999146,86.03999329,180.00000000,-5.62988377
Simul_+45deg,45,274.32000732,85.67998505,180.00000000,-5.79388523
Simul_+45deg,45,274.67996216,85.32000732,180.00000000,-5.92175484
Simul_+45deg,45,275.03997803,84.95999908,180.00000000,-6.01962137
Simul_+45deg,45,275.39999390,84.59999847,180.00000000,-6.08532858
Simul_+45deg,45,275.75997925,84.23998260,180.00000000,-6.11737633
Simul_+45deg,45,276.11996460,83.88000488,180.00000000,-6.09329605
Simul_+45deg,45,276.47998047,83.52000427,180.00000000,-6.00146961
Simul_+45deg,45,276.83999634,83.16000366,180.00000000,-5.89141130
Simul_+45deg,45,277.19998169,82.79999542,180.00000000,-5.76453304
Simul_+45deg,45,277.55999756,82.43997955,180.00000000,-5.62233925
Simul_+45deg,45,277.91998291,82.08000183,180.00000000,-5.46641731
Simul_+45deg,45,278.27996826,81.72000885,180.00000000,-5.45943975
Simul_+45deg,45,278.63998413,81.36000061,180.00000000,-5.49397659
Simul_+45deg,45,279.00000000,80.99999237,180.00000000,-5.52478552
Simul_+45deg,45,279.35998535,80.63999176,180.00000000,-5.55178690
Simul_+45deg,45,279.71997070,80.28001404,180.00000000,-5.57490778
Simul_+45deg,45,280.07998657,79.91999817,180.00000000,-5.67543411
Simul_+45deg,45,280.43997192,79.55998993,180.00000000,-6.06705141
Simul_+45deg,45,280.79998779,79.19999695,180.00000000,-6.47184467
Simul_+45deg,45,281.16000366,78.83998871,180.00000000,-6.89004898
Simul_+45deg,45,281.51995850,78.48001099,180.00000000,-7.32160282
Simul_+45deg,45,281.87997437,78.11999512,180.00000000,-7.76627970
Simul_+45deg,45,282.23999023,77.75999451,180.00000000,-8.46071339
Simul_+45deg,45,282.59997559,77.39999390,180.00000000,-9.30083084
Simul_+45deg,45,282.95999146,77.03998566,180.00000000,-10.15423298
Simul_+45deg,45,283.31997681,76.68000793,180.00000000,-10.98703384
Simul_+45deg,45,283.67999268,76.31999969,180.00000000,-11.74298286
Simul_+45deg,45,284.03997803,75.95999908,180.00000000,-12.32698441
Simul_+45deg,45,284.39999390,75.59999084,180.00000000,-12.47265244
Simul_+45deg,45,284.76000977,75.23999023,180.00000000,-12.19600677
Simul_+45deg,45,285.11996460,74.88000488,180.00000000,-11.56862640
Simul_+45deg,45,285.47998047,74.52000427,180.00000000,-10.72062874
Simul_+45deg,45,285.83999634,74.15999603,180.00000000,-9.77205372
Simul_+45deg,45,286.19998169,73.79999542,180.00000000,-8.84946060
Simul_+45deg,45,286.55999756,73.43998718,180.00000000,-7.99828815
Simul_+45deg,45,286.91998291,73.08000946,180.00000000,-7.19442081
Simul_+45deg,45,287.27996826,72.72000122,180.00000000,-6.43868256
Simul_+45deg,45,287.63998413,72.36000061,180.00000000,-5.72933722
Simul_+45deg,45,288.00000000,71.99999237,180.00000000,-5.06332350
Simul_+45deg,45,288.35998535,71.63998413,180.00000000,-4.73777342
Simul_+45deg,45,288.71997070,71.28000641,180.00000000,-4.42152452
Simul_+45deg,45,289.07998657,70.91999817,180.00000000,-4.11421680
Simul_+45deg,45,289.44000244,70.55999756,180.00000000,-3.81553268
Simul_+45deg,45,289.79998779,70.19998932,180.00000000,-3.52514768
Simul_+45deg,45,290.15997314,69.84001160,180.00000000,-3.39118814
Simul_+45deg,45,290.51998901,69.48000336,180.00000000,-3.44282579
Simul_+45deg,45,290.87997437,69.12000275,180.00000000,-3.49144459
Simul_+45deg,45,291.23999023,68.75999451,180.00000000,-3.53693295
Simul_+45deg,45,291.60000610,68.39998627,180.00000000,-3.57918739
Simul_+45deg,45,291.95996094,68.04000854,180.00000000,-3.61810327
Simul_+45deg,45,292.31997681,67.68000793,180.00000000,-3.88182187
Simul_+45deg,45,292.67999268,67.31999969,180.00000000,-4.16599607
Simul_+45deg,45,293.03997803,66.95999146,180.00000000,-4.43878746
Simul_+45deg,45,293.39999390,66.59999084,180.00000000,-4.69667149
Simul_+45deg,45,293.75997925,66.24001312,180.00000000,-4.93573093
Simul_+45deg,45,294.11996460,65.88000488,180.00000000,-5.17685890
Simul_+45deg,45,294.47998047,65.51999664,180.00000000,-5.41891956
Simul_+45deg,45,294.83999634,65.15999603,180.00000000,-5.59137535
Simul_+45deg,45,295.19998169,64.79998779,180.00000000,-5.68522072
Simul_+45deg,45,295.55996704,64.44001007,180.00000000,-5.69519567
Simul_+45deg,45,295.91998291,64.08000183,180.00000000,-5.62072992
Simul_+45deg,45,296.27999878,63.71999741,180.00000000,-5.44826508
Simul_+45deg,45,296.63998413,63.35999298,180.00000000,-5.19487143
Simul_+45deg,45,297.00000000,62.99998856,180.00000000,-4.87796831
Simul_+45deg,45,297.35998535,62.64001083,180.00000000,-4.51149178
Simul_+45deg,45,297.71997070,62.28000259,180.00000000,-4.10872269
Simul_+45deg,45,298.07998657,61.91999817,180.00000000,-3.71076536
Simul_+45deg,45,298.44000244,61.55999374,180.00000000,-3.39929581
Simul_+45deg,45,298.79998779,61.19998932,180.00000000,-3.07637000
Simul_+45deg,45,299.15997314,60.84000778,180.00000000,-2.74590397
Simul_+45deg,45,299.51998901,60.48000336,180.00000000,-2.41109157
Simul_+45deg,45,299.87997437,60.11999893,180.00000000,-2.07462835
Simul_+45deg,45,300.23999023,59.75999069,180.00000000,-1.89699066
Simul_+45deg,45,300.60000610,59.39998627,180.00000000,-1.79414880
Simul_+45deg,45,300.95996094,59.04000854,180.00000000,-1.68619847
Simul_+45deg,45,301.31997681,58.68000412,180.00000000,-1.57355404
Simul_+45deg,45,301.67999268,58.31999207,180.00000000,-1.45664358
Simul_+45deg,45,302.03997803,57.95998383,180.00000000,-1.36601543
Simul_+45deg,45,302.39996338,57.60001373,180.00000000,-1.51488376
Simul_+45deg,45,302.75997925,57.24000549,180.00000000,-1.66396523
Simul_+45deg,45,303.11999512,56.88000107,180.00000000,-1.81307244
Simul_+45deg,45,303.47998047,56.51999283,180.00000000,-1.96203136
Simul_+45deg,45,303.83999634,56.15998840,180.00000000,-2.11063385
Simul_+45deg,45,304.19998169,55.80001068,180.00000000,-2.39885235
Simul_+45deg,45,304.55996704,55.44000244,180.00000000,-2.81341505
Simul_+45deg,45,304.91998291,55.07999802,180.00000000,-3.24783754
Simul_+45deg,45,305.27999878,54.71999359,180.00000000,-3.70398402
Simul_+45deg,45,305.63998413,54.35998917,180.00000000,-4.18401051
Simul_+45deg,45,305.99996948,54.00000763,180.00000000,-4.69032335
Simul_+45deg,45,306.35998535,53.64000702,180.00000000,-5.39399719
Simul_+45deg,45,306.71997070,53.27999878,180.00000000,-6.15846586
Simul_+45deg,45,307.07998657,52.91999054,180.00000000,-6.99490070
Simul_+45deg,45,307.44000244,52.55998993,180.00000000,-7.91778612
Simul_+45deg,45,307.79995728,52.20001221,180.00000000,-8.94614697
Simul_+45deg,45,308.15997314,51.84000397,180.00000000,-10.08138657
Simul_+45deg,45,308.51998901,51.47999573,180.00000000,-11.33944321
Simul_+45deg,45,308.87997437,51.11999130,180.00000000,-12.78741455
Simul_+45deg,45,309.23999023,50.75998688,180.00000000,-14.47827530
Simul_+45deg,45,309.59997559,50.40000916,180.00000000,-16.47026062
Simul_+45deg,45,309.95999146,50.04000473,180.00000000,-18.76937485
Simul_+45deg,45,310.31997681,49.67999649,180.00000000,-20.62803650
Simul_+45deg,45,310.67999268,49.31999207,180.00000000,-21.76140785
Simul_+45deg,45,311.04000854,48.95998383,180.00000000,-21.46499252
Simul_+45deg,45,311.39996338,48.60000610,180.00000000,-19.97152519
Simul_+45deg,45,311.75997925,48.24000168,180.00000000,-18.10975838
Simul_+45deg,45,312.11999512,47.87999725,180.00000000,-16.47212791
Simul_+45deg,45,312.47998047,47.51998901,180.00000000,-15.26973724
Simul_+45deg,45,312.83999634,47.15998840,180.00000000,-14.18569088
Simul_+45deg,45,313.19998169,46.80000687,180.00000000,-13.20491695
Simul_+45deg,45,313.55996704,46.44000244,180.00000000,-12.31268787
Simul_+45deg,45,313.91998291,46.07999420,180.00000000,-11.49626255
Simul_+45deg,45,314.27999878,45.71998978,180.00000000,-10.96606445
Simul_+45deg,45,314.63998413,45.35998535,180.00000000,-10.52094460
Simul_+45deg,45,314.99996948,45.00000763,180.00000000,-10.09239769
Simul_+45deg,45,315.35998535,44.63999557,180.00000000,-9.67971420
Simul_+45deg,45,315.71997070,44.27999115,180.00000000,-9.28224087
Simul_+45deg,45,316.07998657,43.91999054,180.00000000,-8.95719147
Simul_+45deg,45,316.43997192,43.56001282,180.00000000,-8.83571243
Simul_+45deg,45,316.79998779,43.20000839,180.00000000,-8.70704842
Simul_+45deg,45,317.15997314,42.84000015,180.00000000,-8.57192230
Simul_+45deg,45,317.51998901,42.47999191,180.00000000,-8.43103695
Simul_+45deg,45,317.88000488,42.11998749,180.00000000,-8.28506851
Simul_+45deg,45,318.23995972,41.76001358,180.00000000,-8.30205631
Simul_+45deg,45,318.59997559,41.40000534,180.00000000,-8.39668083
Simul_+45deg,45,318.95999146,41.03999710,180.00000000,-8.48443890
Simul_+45deg,45,319.31997681,40.67998886,180.00000000,-8.56486702
Simul_+45deg,45,319.67999268,40.31998444,180.00000000,-8.63751984
Simul_+45deg,45,320.03997803,39.96000671,180.00000000,-8.72876358
Simul_+45deg,45,320.39996338,39.60000229,180.00000000,-9.03301620
Simul_+45deg,45,320.75997925,39.23999786,180.00000000,-9.34101868
Simul_+45deg,45,321.11999512,38.87999344,180.00000000,-9.65193462
Simul_+45deg,45,321.47998047,38.51998520,180.00000000,-9.96468353
Simul_+45deg,45,321.83996582,38.16000748,180.00000000,-10.27787018
Simul_+45deg,45,322.19998169,37.80000687,180.00000000,-10.72529411
Simul_+45deg,45,322.55999756,37.43999481,180.00000000,-11.29953766
Simul_+45deg,45,322.91998291,37.07999039,180.00000000,-11.89757729
Simul_+45deg,45,323.27999878,36.71998215,180.00000000,-12.51758766
Simul_+45deg,45,323.63998413,36.36000443,180.00000000,-13.15553284
Simul_+45deg,45,323.99996948,36.00000381,180.00000000,-13.80418873
Simul_+45deg,45,324.35998535,35.63999557,180.00000000,-14.64310169
Simul_+45deg,45,324.72000122,35.27999115,180.00000000,-15.51070213
Simul_+45deg,45,325.07998657,34.91998672,180.00000000,-16.38338852
Simul_+45deg,45,325.43997192,34.56000900,180.00000000,-17.21761894
Simul_+45deg,45,325.79998779,34.20000076,180.00000000,-17.94339371
Simul_+45deg,45,326.15997314,33.83999634,180.00000000,-18.49496460
Simul_+45deg,45,326.51998901,33.47999191,180.00000000,-18.92322350
Simul_+45deg,45,326.88000488,33.11998367,180.00000000,-19.19464493
Simul_+45deg,45,327.23995972,32.76000214,180.00000000,-19.27646255
Simul_+45deg,45,327.59997559,32.40000534,180.00000000,-19.15788651
Simul_+45deg,45,327.95999146,32.03999710,180.00000000,-18.85441017
Simul_+45deg,45,328.31997681,31.67999268,180.00000000,-18.78078270
Simul_+45deg,45,328.67999268,31.31998444,180.00000000,-18.70872116
Simul_+45deg,45,329.03997803,30.96000671,180.00000000,-18.59795761
Simul_+45deg,45,329.39999390,30.60000420,180.00000000,-18.45138741
Simul_+45deg,45,329.75997925,30.23999786,180.00000000,-18.27260399
Simul_+45deg,45,330.11999512,29.87998581,180.00000000,-18.12837982
Simul_+45deg,45,330.47998047,29.52001190,180.00000000,-18.07061005
Simul_+45deg,45,330.83996582,29.16000557,180.00000000,-17.96876144
Simul_+45deg,45,331.19998169,28.80000305,180.00000000,-17.82586861
Simul_+45deg,45,331.55999756,28.43999672,180.00000000,-17.64591789
Simul_+45deg,45,331.91998291,28.07998657,180.00000000,-17.43351173
Simul_+45deg,45,332.27996826,27.72001266,180.00000000,-17.19942856
Simul_+45deg,45,332.63998413,27.36000633,180.00000000,-16.95199203
Simul_+45deg,45,332.99996948,26.99999809,180.00000000,-16.69355011
Simul_+45deg,45,333.35998535,26.63999557,180.00000000,-16.42674065
Simul_+45deg,45,333.72000122,26.27998543,180.00000000,-16.15388298
Simul_+45deg,45,334.07995605,25.92000771,180.00000000,-15.90054989
Simul_+45deg,45,334.43997192,25.56000137,180.00000000,-15.72679520
Simul_+45deg,45,334.79998779,25.19999886,180.00000000,-15.55080986
Simul_+45deg,45,335.15997314,24.83999062,180.00000000,-15.37312031
Simul_+45deg,45,335.51998901,24.47998619,180.00000000,-15.19420052
Simul_+45deg,45,335.87997437,24.12000656,180.00000000,-15.01449490
Simul_+45deg,45,336.23999023,23.76000595,180.00000000,-14.97065163
Simul_+45deg,45,336.59997559,23.39999390,180.00000000,-14.99247360
Simul_+45deg,45,336.95999146,23.03999329,180.00000000,-15.01132870
Simul_+45deg,45,337.32000732,22.67998886,180.00000000,-15.02717495
Simul_+45deg,45,337.67996216,22.32000923,180.00000000,-15.03998184
Simul_+45deg,45,338.03997803,21.96000481,180.00000000,-15.07418251
Simul_+45deg,45,338.39999390,21.59999657,180.00000000,-15.30193329
Simul_+45deg,45,338.75997925,21.23999405,180.00000000,-15.52758598
Simul_+45deg,45,339.11999512,20.87998390,180.00000000,-15.75013161
Simul_+45deg,45,339.47998047,20.52000618,180.00000000,-15.96840286
Simul_+45deg,45,339.83996582,20.16000557,180.00000000,-16.18114662
Simul_+45deg,45,340.19998169,19.79999924,180.00000000,-16.42264557
Simul_+45deg,45,340.55999756,19.43998718,180.00000000,-16.66672707
Simul_+45deg,45,340.91998291,19.07998276,180.00000000,-16.87414360
Simul_+45deg,45,341.27996826,18.72000694,180.00000000,-17.03876686
Simul_+45deg,45,341.63998413,18.36000061,180.00000000,-17.15524864
Simul_+45deg,45,341.99996948,17.99999428,180.00000000,-17.21947861
Simul_+45deg,45,342.35998535,17.63998985,180.00000000,-17.21487808
Simul_+45deg,45,342.71997070,17.28000641,180.00000000,-17.14254189
Simul_+45deg,45,343.07998657,16.92000771,180.00000000,-17.00576401
Simul_+45deg,45,343.43997192,16.56000137,180.00000000,-16.81043816
Simul_+45deg,45,343.79998779,16.19999313,180.00000000,-16.56427765
Simul_+45deg,45,344.16000366,15.83998680,180.00000000,-16.30979729
Simul_+45deg,45,344.51995850,15.48001671,180.00000000,-16.05564880
Simul_+45deg,45,344.87997437,15.12000275,180.00000000,-15.76431656
Simul_+45deg,45,345.23999023,14.75999737,180.00000000,-15.44376183
Simul_+45deg,45,345.59997559,14.39999866,180.00000000,-15.10132790
Simul_+45deg,45,345.95999146,14.03999138,180.00000000,-14.74349403
Simul_+45deg,45,346.31997681,13.68000603,180.00000000,-14.45451164
Simul_+45deg,45,346.67996216,13.32001305,180.00000000,-14.15341377
Simul_+45deg,45,347.03997803,12.95999718,180.00000000,-13.83491516
Simul_+45deg,45,347.39999390,12.59998798,180.00000000,-13.50399971
Simul_+45deg,45,347.75997925,12.23998928,180.00000000,-13.16491699
Simul_+45deg,45,348.11996460,11.88000298,180.00000000,-12.86254978
Simul_+45deg,45,348.47998047,11.51999664,180.00000000,-12.62596512
Simul_+45deg,45,348.83996582,11.15999031,180.00000000,-12.36890793
Simul_+45deg,45,349.19998169,10.79998875,180.00000000,-12.09552860
Simul_+45deg,45,349.55999756,10.43999195,180.00000000,-11.80961990
Simul_+45deg,45,349.91998291,10.08000946,180.00000000,-11.51454735
Simul_+45deg,45,350.27996826,9.72000504,180.00000000,-11.33839417
Simul_+45deg,45,350.63998413,9.36000347,180.00000000,-11.17296791
Simul_+45deg,45,351.00000000,8.99999142,180.00000000,-10.98299408
Simul_+45deg,45,351.35998535,8.63999653,180.00000000,-10.77183342
Simul_+45deg,45,351.71997070,8.28000641,180.00000000,-10.54281712
Simul_+45deg,45,352.07998657,7.92000675,180.00000000,-10.34589386
Simul_+45deg,45,352.43997192,7.56000662,180.00000000,-10.28959370
Simul_+45deg,45,352.79998779,7.19998980,180.00000000,-10.20464897
Simul_+45deg,45,353.16000366,6.83999729,180.00000000,-10.09273148
Simul_+45deg,45,353.51995850,6.48001719,180.00000000,-9.95591164
Simul_+45deg,45,353.87997437,6.12000370,180.00000000,-9.79654121
Simul_+45deg,45,354.23999023,5.76000357,180.00000000,-9.76780796
Simul_+45deg,45,354.59997559,5.40000391,180.00000000,-9.79105282
Simul_+45deg,45,354.95999146,5.03998899,180.00000000,-9.78973770
Simul_+45deg,45,355.31997681,4.68002319,180.00000000,-9.76389313
Simul_+45deg,45,355.67999268,4.32001114,180.00000000,-9.71394348
Simul_+45deg,45,356.03997803,3.95997524,180.00000000,-9.66129589
Simul_+45deg,45,356.39999390,3.59999967,180.00000000,-9.75281906
Simul_+45deg,45,356.75997925,3.24002767,180.00000000,-9.82479858
Simul_+45deg,45,357.11996460,2.87997603,180.00000000,-9.87623024
Simul_+45deg,45,357.47998047,2.52002597,180.00000000,-9.90634155
Simul_+45deg,45,357.83999634,2.16002965,180.00000000,-9.91470146
Simul_+45deg,45,358.19998169,1.79994082,180.00000000,-9.98599148
Simul_+45deg,45,358.55996704,1.44007802,180.00000000,-10.10334778
Simul_+45deg,45,358.91998291,1.07992160,180.00000000,-10.19753647
Simul_+45deg,45,359.27996826,0.72009277,180.00000000,-10.26679611
Simul_+45deg,45,359.63998413,0.35990870,180.00000000,-10.31002045
Simul_+60deg,60,0.00000000,0.00000000,0.00000000,6.71745300
Simul_+60deg,60,0.35999998,0.35990870,0.00000000,6.75781918
Simul_+60deg,60,0.71999997,0.72009277,0.00000000,6.80337429
Simul_+60deg,60,1.07999992,1.07992160,0.00000000,6.85387230
Simul_+60deg,60,1.43999994,1.43994224,0.00000000,6.90921116
Simul_+60deg,60,1.79999995,1.80004954,0.00000000,6.96918869
Simul_+60deg,60,2.15999985,2.16002965,0.00000000,6.98338985
Simul_+60deg,60,2.51999998,2.52002597,0.00000000,6.94124889
Simul_+60deg,60,2.87999988,2.87997603,0.00000000,6.90642643
Simul_+60deg,60,3.23999977,3.24002767,0.00000000,6.87909079
Simul_+60deg,60,3.59999990,3.59999967,0.00000000,6.85939884
Simul_+60deg,60,3.95999956,3.95997524,0.00000000,6.84745026
Simul_+60deg,60,4.31999969,4.32001114,0.00000000,6.72998714
Simul_+60deg,60,4.67999983,4.67998075,0.00000000,6.60486650
Simul_+60deg,60,5.03999996,5.03998899,0.00000000,6.48680782
Simul_+60deg,60,5.39999962,5.40000391,0.00000000,6.37651348
Simul_+60deg,60,5.75999975,5.76000357,0.00000000,6.27467680
Simul_+60deg,60,6.11999989,6.12000370,0.00000000,6.14125347
Simul_+60deg,60,6.47999954,6.47998667,0.00000000,5.93222094
Simul_+60deg,60,6.83999968,6.83999729,0.00000000,5.72800732
Simul_+60deg,60,7.19999981,7.19998980,0.00000000,5.52985382
Simul_+60deg,60,7.55999947,7.56000662,0.00000000,5.33906698
Simul_+60deg,60,7.91999912,7.92000675,0.00000000,5.15709877
Simul_+60deg,60,8.27999973,8.28000641,0.00000000,4.87846184
Simul_+60deg,60,8.63999939,8.63999653,0.00000000,4.57208538
Simul_+60deg,60,9.00000000,8.99999142,0.00000000,4.26946354
Simul_+60deg,60,9.35999966,9.36000347,0.00000000,3.97308588
Simul_+60deg,60,9.72000027,9.72000504,0.00000000,3.68592691
Simul_+60deg,60,10.07999992,10.07999039,0.00000000,3.37345695
Simul_+60deg,60,10.43999863,10.43999195,0.00000000,2.93258905
Simul_+60deg,60,10.79999924,10.80000591,0.00000000,2.49275160
Simul_+60deg,60,11.15999889,11.15999031,0.00000000,2.05961728
Simul_+60deg,60,11.51999950,11.51999664,0.00000000,1.64044368
Simul_+60deg,60,11.87999916,11.88000298,0.00000000,1.24444175
Simul_+60deg,60,12.23999977,12.24000549,0.00000000,0.73542446
Simul_+60deg,60,12.59999943,12.60000420,0.00000000,0.17020580
Simul_+60deg,60,12.95999908,12.95999718,0.00000000,-0.36648393
Simul_+60deg,60,13.31999969,13.31999779,0.00000000,-0.85214555
Simul_+60deg,60,13.67999935,13.68000603,0.00000000,-1.25952375
Simul_+60deg,60,14.03999901,14.04000568,0.00000000,-1.58961236
Simul_+60deg,60,14.39999962,14.39999866,0.00000000,-2.04397655
Simul_+60deg,60,14.75999832,14.75999737,0.00000000,-2.35818553
Simul_+60deg,60,15.11999893,15.12000275,0.00000000,-2.49716210
Simul_+60deg,60,15.47999954,15.48000336,0.00000000,-2.44348788
Simul_+60deg,60,15.83999825,15.84000015,0.00000000,-2.20403814
Simul_+60deg,60,16.19999886,16.19999313,0.00000000,-1.94189024
Simul_+60deg,60,16.55999947,16.56000137,0.00000000,-1.62968898
Simul_+60deg,60,16.92000008,16.91999626,0.00000000,-1.18402636
Simul_+60deg,60,17.27999878,17.27999496,0.00000000,-0.64379752
Simul_+60deg,60,17.63999939,17.64000320,0.00000000,-0.04507302
Simul_+60deg,60,18.00000000,17.99999428,0.00000000,0.58317965
Simul_+60deg,60,18.35999870,18.36000061,0.00000000,1.09012735
Simul_+60deg,60,18.71999931,18.71999741,0.00000000,1.62485671
Simul_+60deg,60,19.07999992,19.08000183,0.00000000,2.17210388
Simul_+60deg,60,19.44000053,19.43999863,0.00000000,2.72070789
Simul_+60deg,60,19.79999924,19.79999924,0.00000000,3.26299763
Simul_+60deg,60,20.15999985,20.15999603,0.00000000,3.75238514
Simul_+60deg,60,20.51999855,20.51999664,0.00000000,4.18742561
Simul_+60deg,60,20.87999725,20.88000298,0.00000000,4.62071943
Simul_+60deg,60,21.23999786,21.24000168,0.00000000,5.04897785
Simul_+60deg,60,21.59999847,21.59999657,0.00000000,5.46989155
Simul_+60deg,60,21.95999908,21.95999527,0.00000000,5.88189363
Simul_+60deg,60,22.31999779,22.31999969,0.00000000,6.22451544
Simul_+60deg,60,22.67999840,22.67999649,0.00000000,6.55729866
Simul_+60deg,60,23.03999901,23.04000282,0.00000000,6.88685894
Simul_+60deg,60,23.39999771,23.39999390,0.00000000,7.21213531
Simul_+60deg,60,23.75999832,23.75999641,0.00000000,7.53237486
Simul_+60deg,60,24.11999893,24.11999702,0.00000000,7.82681704
Simul_+60deg,60,24.47999954,24.48000336,0.00000000,8.07895184
Simul_+60deg,60,24.83999825,24.84000015,0.00000000,8.33049774
Simul_+60deg,60,25.19999886,25.19999886,0.00000000,8.58078194
Simul_+60deg,60,25.55999947,25.56000137,0.00000000,8.82924271
Simul_+60deg,60,25.91999817,25.92000008,0.00000000,9.07541847
Simul_+60deg,60,26.27999878,26.28000259,0.00000000,9.27396488
Simul_+60deg,60,26.63999939,26.63999557,0.00000000,9.46030426
Simul_+60deg,60,27.00000000,26.99999809,0.00000000,9.64730453
Simul_+60deg,60,27.35999870,27.35999870,0.00000000,9.83455849
Simul_+60deg,60,27.71999931,27.71999931,0.00000000,10.02170467
Simul_+60deg,60,28.07999802,28.08000183,0.00000000,10.19778728
Simul_+60deg,60,28.43999863,28.43999672,0.00000000,10.33711529
Simul_+60deg,60,28.79999924,28.80000305,0.00000000,10.47747612
Simul_+60deg,60,29.15999794,29.15999794,0.00000000,10.61862564
Simul_+60deg,60,29.51999664,29.51999664,0.00000000,10.76035595
Simul_+60deg,60,29.87999916,29.88000298,0.00000000,10.90246964
Simul_+60deg,60,30.23999786,30.23999786,0.00000000,11.02180672
Simul_+60deg,60,30.59999657,30.59999657,0.00000000,11.13037586
Simul_+60deg,60,30.95999908,30.95999908,0.00000000,11.23967171
Simul_+60deg,60,31.31999779,31.31999779,0.00000000,11.34957218
Simul_+60deg,60,31.67999649,31.67999268,0.00000000,11.45996189
Simul_+60deg,60,32.03999710,32.03999710,0.00000000,11.56677246
Simul_+60deg,60,32.39999771,32.39999771,0.00000000,11.64244652
Simul_+60deg,60,32.75999832,32.75999832,0.00000000,11.71896744
Simul_+60deg,60,33.11999893,33.11999893,0.00000000,11.79626846
Simul_+60deg,60,33.47999573,33.47999573,0.00000000,11.87428474
Simul_+60deg,60,33.84000015,33.83999634,0.00000000,11.95295525
Simul_+60deg,60,34.19999695,34.20000076,0.00000000,12.00775051
Simul_+60deg,60,34.55999756,34.56000137,0.00000000,12.04375076
Simul_+60deg,60,34.91999817,34.92000198,0.00000000,12.08057308
Simul_+60deg,60,35.27999878,35.27999878,0.00000000,12.11820030
Simul_+60deg,60,35.63999557,35.63999557,0.00000000,12.15660286
Simul_+60deg,60,36.00000000,36.00000000,0.00000000,12.19576263
Simul_+60deg,60,36.35999680,36.36000061,0.00000000,12.19425201
Simul_+60deg,60,36.71999741,36.71999359,0.00000000,12.19313049
Simul_+60deg,60,37.07999802,37.07999420,0.00000000,12.19239330
Simul_+60deg,60,37.43999863,37.43999481,0.00000000,12.19204521
Simul_+60deg,60,37.79999542,37.79999161,0.00000000,12.19208241
Simul_+60deg,60,38.15999985,38.15999985,0.00000000,12.17924023
Simul_+60deg,60,38.51999664,38.51999664,0.00000000,12.14986610
Simul_+60deg,60,38.88000107,38.88000107,0.00000000,12.12041378
Simul_+60deg,60,39.23999786,39.23999786,0.00000000,12.09088516
Simul_+60deg,60,39.59999847,39.59999847,0.00000000,12.06127930
Simul_+60deg,60,39.95999908,39.95999527,0.00000000,12.03159714
Simul_+60deg,60,40.31999969,40.31999969,0.00000000,11.97672367
Simul_+60deg,60,40.67999649,40.67999649,0.00000000,11.91845894
Simul_+60deg,60,41.03999710,41.03999710,0.00000000,11.85992622
Simul_+60deg,60,41.39999771,41.39999390,0.00000000,11.80112839
Simul_+60deg,60,41.75999451,41.75999451,0.00000000,11.74206352
Simul_+60deg,60,42.11999893,42.11999893,0.00000000,11.66903687
Simul_+60deg,60,42.47999573,42.47999573,0.00000000,11.56820488
Simul_+60deg,60,42.83999634,42.83999634,0.00000000,11.46689320
Simul_+60deg,60,43.19999695,43.19999695,0.00000000,11.36512947
Simul_+60deg,60,43.55999756,43.55999756,0.00000000,11.26293564
Simul_+60deg,60,43.91999817,43.91999817,0.00000000,11.16033649
Simul_+60deg,60,44.27999878,44.27999878,0.00000000,11.01472092
Simul_+60deg,60,44.63999557,44.63999557,0.00000000,10.85601711
Simul_+60deg,60,45.00000000,45.00000000,0.00000000,10.69643879
Simul_+60deg,60,45.35999680,45.35999680,0.00000000,10.53612137
Simul_+60deg,60,45.71999741,45.71999741,0.00000000,10.37520409
Simul_+60deg,60,46.07999802,46.07999802,0.00000000,10.20026016
Simul_+60deg,60,46.43999863,46.43999863,0.00000000,9.97663975
Simul_+60deg,60,46.79999542,46.79999542,0.00000000,9.75169086
Simul_+60deg,60,47.15999985,47.15999985,0.00000000,9.52584362
Simul_+60deg,60,47.51999664,47.52000046,0.00000000,9.29960060
Simul_+60deg,60,47.87999725,47.87999725,0.00000000,9.07357121
Simul_+60deg,60,48.23999786,48.23999786,0.00000000,8.80100346
Simul_+60deg,60,48.59999847,48.59999847,0.00000000,8.50328350
Simul_+60deg,60,48.95999908,48.96000290,0.00000000,8.20455933
Simul_+60deg,60,49.31999588,49.31999588,0.00000000,7.90619564
Simul_+60deg,60,49.67999649,49.67999649,0.00000000,7.60980701
Simul_+60deg,60,50.03999710,50.03999710,0.00000000,7.30687237
Simul_+60deg,60,50.39999771,50.39999771,0.00000000,6.91998768
Simul_+60deg,60,50.75999451,50.75999832,0.00000000,6.53069687
Simul_+60deg,60,51.11999893,51.11999893,0.00000000,6.14185333
Simul_+60deg,60,51.47999573,51.47999573,0.00000000,5.75715542
Simul_+60deg,60,51.83999634,51.84000015,0.00000000,5.38129902
Simul_+60deg,60,52.19999695,52.19999695,0.00000000,4.93928337
Simul_+60deg,60,52.55999756,52.55999756,0.00000000,4.43152237
Simul_+60deg,60,52.91999435,52.91999817,0.00000000,3.92199492
Simul_+60deg,60,53.27999878,53.27999878,0.00000000,3.41834736
Simul_+60deg,60,53.63999557,53.63999557,0.00000000,2.93107057
Simul_+60deg,60,54.00000000,54.00000000,0.00000000,2.47392392
Simul_+60deg,60,54.35999680,54.35999680,0.00000000,1.81448579
Simul_+60deg,60,54.71999741,54.71999741,0.00000000,1.14919806
Simul_+60deg,60,55.07999802,55.07999802,0.00000000,0.49435735
Simul_+60deg,60,55.43999863,55.43999863,0.00000000,-0.12547266
Simul_+60deg,60,55.79999542,55.79999924,0.00000000,-0.67621350
Simul_+60deg,60,56.15999603,56.15999603,0.00000000,-1.30901289
Simul_+60deg,60,56.51999664,56.51999664,0.00000000,-2.13807535
Simul_+60deg,60,56.87999725,56.87999725,0.00000000,-2.91793633
Simul_+60deg,60,57.23999786,57.23999786,0.00000000,-3.58153796
Simul_+60deg,60,57.59999847,57.59999847,0.00000000,-4.04396677
Simul_+60deg,60,57.95999908,57.95999908,0.00000000,-4.22607183
Simul_+60deg,60,58.31999588,58.31999588,0.00000000,-4.84932137
Simul_+60deg,60,58.67999649,58.67999649,0.00000000,-5.32729578
Simul_+60deg,60,59.03999329,59.03999329,0.00000000,-5.48013163
Simul_+60deg,60,59.39999390,59.39999390,0.00000000,-5.27290916
Simul_+60deg,60,59.75999832,59.75999832,0.00000000,-4.75235605
Simul_+60deg,60,60.11999893,60.11999893,0.00000000,-4.28604031
Simul_+60deg,60,60.47999573,60.47999573,0.00000000,-4.14667416
Simul_+60deg,60,60.83999634,60.83999634,0.00000000,-3.78923035
Simul_+60deg,60,61.19999313,61.19999313,0.00000000,-3.26255608
Simul_+60deg,60,61.56000137,61.56000137,0.00000000,-2.62384510
Simul_+60deg,60,61.91999817,61.91999817,0.00000000,-1.92370701
Simul_+60deg,60,62.27999878,62.27999878,0.00000000,-1.61892486
Simul_+60deg,60,62.63999557,62.63999557,0.00000000,-1.34859979
Simul_+60deg,60,62.99999619,62.99999619,0.00000000,-0.99976873
Simul_+60deg,60,63.35999298,63.35999298,0.00000000,-0.59108967
Simul_+60deg,60,63.71999741,63.71999741,0.00000000,-0.14030552
Simul_+60deg,60,64.07999420,64.07999420,0.00000000,0.23404293
Simul_+60deg,60,64.43999481,64.43999481,0.00000000,0.28635558
Simul_+60deg,60,64.79999542,64.79999542,0.00000000,0.38889524
Simul_+60deg,60,65.15999603,65.15999603,0.00000000,0.53819293
Simul_+60deg,60,65.51999664,65.51999664,0.00000000,0.72952086
Simul_+60deg,60,65.87999725,65.87999725,0.00000000,0.95735359
Simul_+60deg,60,66.23999786,66.23999786,0.00000000,0.93525720
Simul_+60deg,60,66.59999847,66.59999847,0.00000000,0.80116594
Simul_+60deg,60,66.95999146,66.95999146,0.00000000,0.69792140
Simul_+60deg,60,67.31999207,67.31999207,0.00000000,0.62785423
Simul_+60deg,60,67.68000031,67.68000031,0.00000000,0.59262234
Simul_+60deg,60,68.04000092,68.04000092,0.00000000,0.55201072
Simul_+60deg,60,68.39999390,68.39999390,0.00000000,0.19977310
Simul_+60deg,60,68.75999451,68.75999451,0.00000000,-0.14849254
Simul_+60deg,60,69.11999512,69.11999512,0.00000000,-0.48914701
Simul_+60deg,60,69.47999573,69.47999573,0.00000000,-0.81784904
Simul_+60deg,60,69.83999634,69.83999634,0.00000000,-1.12944698
Simul_+60deg,60,70.19999695,70.19999695,0.00000000,-1.56629896
Simul_+60deg,60,70.55999756,70.55999756,0.00000000,-2.13956118
Simul_+60deg,60,70.91999817,70.91999817,0.00000000,-2.74511790
Simul_+60deg,60,71.27999115,71.27999115,0.00000000,-3.38514996
Simul_+60deg,60,71.63999939,71.63999939,0.00000000,-4.06137705
Simul_+60deg,60,72.00000000,72.00000000,0.00000000,-4.77449417
Simul_+60deg,60,72.36000061,72.36000061,0.00000000,-5.42885208
Simul_+60deg,60,72.71999359,72.71999359,0.00000000,-6.10612869
Simul_+60deg,60,73.07999420,73.07999420,0.00000000,-6.79903936
Simul_+60deg,60,73.43999481,73.43999481,0.00000000,-7.49469376
Simul_+60deg,60,73.79999542,73.79999542,0.00000000,-8.17204380
Simul_+60deg,60,74.15999603,74.15999603,0.00000000,-8.47722912
Simul_+60deg,60,74.51999664,74.51999664,0.00000000,-8.29199791
Simul_+60deg,60,74.87999725,74.87999725,0.00000000,-8.02253914
Simul_+60deg,60,75.23999023,75.23999023,0.00000000,-7.68397713
Simul_+60deg,60,75.59999084,75.59999084,0.00000000,-7.29244709
Simul_+60deg,60,75.95999908,75.95999908,0.00000000,-6.86317825
Simul_+60deg,60,76.31999969,76.31999969,0.00000000,-6.39861774
Simul_+60deg,60,76.67999268,76.67999268,0.00000000,-5.94591045
Simul_+60deg,60,77.03999329,77.03999329,0.00000000,-5.50850630
Simul_+60deg,60,77.39999390,77.39999390,0.00000000,-5.08622837
Simul_+60deg,60,77.76000214,77.76000214,0.00000000,-4.67870665
Simul_+60deg,60,78.11999512,78.11999512,0.00000000,-4.41540909
Simul_+60deg,60,78.47999573,78.47999573,0.00000000,-4.40195274
Simul_+60deg,60,78.83999634,78.83999634,0.00000000,-4.36664867
Simul_+60deg,60,79.19999695,79.19999695,0.00000000,-4.31002522
Simul_+60deg,60,79.55998993,79.55998993,0.00000000,-4.23290777
Simul_+60deg,60,79.91999817,79.91999817,0.00000000,-4.13637638
Simul_+60deg,60,80.27999878,80.27999878,0.00000000,-4.42912340
Simul_+60deg,60,80.63999939,80.63999939,0.00000000,-4.82955170
Simul_+60deg,60,80.99999237,80.99999237,0.00000000,-5.21654558
Simul_+60deg,60,81.35999298,81.35999298,0.00000000,-5.58251190
Simul_+60deg,60,81.72000122,81.72000122,0.00000000,-5.91848564
Simul_+60deg,60,82.07999420,82.07999420,0.00000000,-6.33961391
Simul_+60deg,60,82.43999481,82.43999481,0.00000000,-7.21603298
Simul_+60deg,60,82.79999542,82.79999542,0.00000000,-8.14819813
Simul_+60deg,60,83.15999603,83.15999603,0.00000000,-9.12643337
Simul_+60deg,60,83.51998901,83.51998901,0.00000000,-10.12474155
Simul_+60deg,60,83.87999725,83.87999725,0.00000000,-11.08823681
Simul_+60deg,60,84.23999786,84.23999786,0.00000000,-12.37493134
Simul_+60deg,60,84.59999847,84.59999847,0.00000000,-13.92343044
Simul_+60deg,60,84.95999146,84.95999146,0.00000000,-15.38072681
Simul_+60deg,60,85.31999207,85.31999207,0.00000000,-16.34027863
Simul_+60deg,60,85.67999268,85.67999268,0.00000000,-16.32810593
Simul_+60deg,60,86.04000092,86.04000092,0.00000000,-15.47325134
Simul_+60deg,60,86.39999390,86.39999390,0.00000000,-15.00485325
Simul_+60deg,60,86.75999451,86.75999451,0.00000000,-14.14847183
Simul_+60deg,60,87.11999512,87.11999512,0.00000000,-13.09682465
Simul_+60deg,60,87.47999573,87.47999573,0.00000000,-11.99213600
Simul_+60deg,60,87.83999634,87.83999634,0.00000000,-10.91175938
Simul_+60deg,60,88.19999695,88.19999695,0.00000000,-10.38968563
Simul_+60deg,60,88.55999756,88.55999756,0.00000000,-10.22883797
Simul_+60deg,60,88.91999817,88.91999817,0.00000000,-10.00585461
Simul_+60deg,60,89.27999115,89.27999115,0.00000000,-9.73008347
Simul_+60deg,60,89.63999176,89.63999176,0.00000000,-9.41163158
Simul_+60deg,60,90.00000000,90.00000000,0.00000000,-9.06042862
Simul_+60deg,60,90.35999298,90.35999298,0.00000000,-9.52451611
Simul_+60deg,60,90.71999359,90.71999359,0.00000000,-9.98151493
Simul_+60deg,60,91.07999420,91.07999420,0.00000000,-10.42290115
Simul_+60deg,60,91.43999481,91.43999481,0.00000000,-10.83781433
Simul_+60deg,60,91.79999542,91.79999542,0.00000000,-11.21319962
Simul_+60deg,60,92.15999603,92.15999603,0.00000000,-11.85358143
Simul_+60deg,60,92.51999664,92.51999664,0.00000000,-12.91917324
Simul_+60deg,60,92.87999725,92.87999725,0.00000000,-14.02049065
Simul_+60deg,60,93.23999023,93.23999023,0.00000000,-15.09358025
Simul_+60deg,60,93.59999084,93.59999084,0.00000000,-16.01438522
Simul_+60deg,60,93.95999908,93.95999908,0.00000000,-16.59850121
Simul_+60deg,60,94.31999969,94.31999969,0.00000000,-16.62819099
Simul_+60deg,60,94.67999268,94.67999268,0.00000000,-16.01470184
Simul_+60deg,60,95.03999329,95.03999329,0.00000000,-14.97741318
Simul_+60deg,60,95.39999390,95.39999390,0.00000000,-13.76778126
Simul_+60deg,60,95.75999451,95.75999451,0.00000000,-12.54439163
Simul_+60deg,60,96.11999512,96.11999512,0.00000000,-11.50187397
Simul_+60deg,60,96.47999573,96.47999573,0.00000000,-10.72065830
Simul_+60deg,60,96.83999634,96.83999634,0.00000000,-9.94597816
Simul_+60deg,60,97.19999695,97.19999695,0.00000000,-9.19413757
Simul_+60deg,60,97.55998993,97.55998993,0.00000000,-8.47336292
Simul_+60deg,60,97.91999817,97.91999817,0.00000000,-7.78710556
Simul_+60deg,60,98.27999878,98.27999878,0.00000000,-7.51971531
Simul_+60deg,60,98.63999176,98.63999176,0.00000000,-7.34606838
Simul_+60deg,60,98.99999237,98.99999237,0.00000000,-7.15274382
Simul_+60deg,60,99.35999298,99.35999298,0.00000000,-6.94255257
Simul_+60deg,60,99.71999359,99.71999359,0.00000000,-6.71823978
Simul_+60deg,60,100.07999420,100.07999420,0.00000000,-6.57753038
Simul_+60deg,60,100.43999481,100.43999481,0.00000000,-6.76528263
Simul_+60deg,60,100.79999542,100.79999542,0.00000000,-6.95153809
Simul_+60deg,60,101.15999603,101.15999603,0.00000000,-7.13571930
Simul_+60deg,60,101.51998901,101.51998901,0.00000000,-7.31719971
Simul_+60deg,60,101.87999725,101.87999725,0.00000000,-7.49527359
Simul_+60deg,60,102.23999786,102.23999786,0.00000000,-7.75278521
Simul_+60deg,60,102.59999847,102.59999847,0.00000000,-8.05352116
Simul_+60deg,60,102.95999146,102.95999146,0.00000000,-8.35597229
Simul_+60deg,60,103.31999207,103.31999207,0.00000000,-8.65892982
Simul_+60deg,60,103.67999268,103.67999268,0.00000000,-8.96084309
Simul_+60deg,60,104.03999329,104.03999329,0.00000000,-9.20952225
Simul_+60deg,60,104.39999390,104.39999390,0.00000000,-9.03194523
Simul_+60deg,60,104.75999451,104.75999451,0.00000000,-8.81914425
Simul_+60deg,60,105.11999512,105.11999512,0.00000000,-8.57639980
Simul_+60deg,60,105.47999573,105.47999573,0.00000000,-8.30899620
Simul_+60deg,60,105.83998871,105.83998871,0.00000000,-8.02202034
Simul_+60deg,60,106.19999695,106.19999695,0.00000000,-7.55347776
Simul_+60deg,60,106.55999756,106.55999756,0.00000000,-6.97717714
Simul_+60deg,60,106.91999054,106.91999054,0.00000000,-6.43418694
Simul_+60deg,60,107.27999115,107.27999115,0.00000000,-5.92112446
Simul_+60deg,60,107.63999176,107.63999176,0.00000000,-5.43511772
Simul_+60deg,60,108.00000000,108.00000000,0.00000000,-4.97357559
Simul_+60deg,60,108.35999298,108.35999298,0.00000000,-4.63093185
Simul_+60deg,60,108.71999359,108.71999359,0.00000000,-4.28690052
Simul_+60deg,60,109.07999420,109.07999420,0.00000000,-3.94369221
Simul_+60deg,60,109.43999481,109.43999481,0.00000000,-3.60305905
Simul_+60deg,60,109.79998779,109.79998779,0.00000000,-3.26630807
Simul_+60deg,60,110.15999603,110.15999603,0.00000000,-3.05602312
Simul_+60deg,60,110.51999664,110.51999664,0.00000000,-2.98300743
Simul_+60deg,60,110.87999725,110.87999725,0.00000000,-2.88853645
Simul_+60deg,60,111.23999023,111.23999023,0.00000000,-2.77400112
Simul_+60deg,60,111.59999084,111.59999084,0.00000000,-2.64100313
Simul_+60deg,60,111.95999908,111.95999908,0.00000000,-2.49127913
Simul_+60deg,60,112.31999207,112.31999207,0.00000000,-2.59780741
Simul_+60deg,60,112.67999268,112.67999268,0.00000000,-2.72121763
Simul_+60deg,60,113.03999329,113.03999329,0.00000000,-2.82589912
Simul_+60deg,60,113.39999390,113.39999390,0.00000000,-2.91037989
Simul_+60deg,60,113.75999451,113.75999451,0.00000000,-2.97342086
Simul_+60deg,60,114.11999512,114.11999512,0.00000000,-3.08748603
Simul_+60deg,60,114.47999573,114.47999573,0.00000000,-3.33881187
Simul_+60deg,60,114.83999634,114.83999634,0.00000000,-3.58599424
Simul_+60deg,60,115.19999695,115.19999695,0.00000000,-3.82741237
Simul_+60deg,60,115.55998993,115.55998993,0.00000000,-4.06117535
Simul_+60deg,60,115.91999817,115.91999817,0.00000000,-4.28523731
Simul_+60deg,60,116.27999115,116.27999115,0.00000000,-4.52786636
Simul_+60deg,60,116.63999176,116.63999176,0.00000000,-4.78005028
Simul_+60deg,60,117.00000000,117.00000000,0.00000000,-5.03437519
Simul_+60deg,60,117.35999298,117.35999298,0.00000000,-5.29026461
Simul_+60deg,60,117.72000122,117.72000122,0.00000000,-5.54709244
Simul_+60deg,60,118.07998657,118.07998657,0.00000000,-5.78497362
Simul_+60deg,60,118.43999481,118.43999481,0.00000000,-5.95588112
Simul_+60deg,60,118.79998779,118.79998779,0.00000000,-6.12636757
Simul_+60deg,60,119.15999603,119.15999603,0.00000000,-6.29611683
Simul_+60deg,60,119.51999664,119.51999664,0.00000000,-6.46474648
Simul_+60deg,60,119.87998962,119.87998962,0.00000000,-6.63185215
Simul_+60deg,60,120.23999786,120.23999786,0.00000000,-6.78055096
Simul_+60deg,60,120.59999084,120.59999084,0.00000000,-6.91948795
Simul_+60deg,60,120.95999146,120.95999146,0.00000000,-7.05676603
Simul_+60deg,60,121.31999969,121.31999969,0.00000000,-7.19207001
Simul_+60deg,60,121.67999268,121.67999268,0.00000000,-7.32506800
Simul_+60deg,60,122.03999329,122.03999329,0.00000000,-7.44981003
Simul_+60deg,60,122.39998627,122.39998627,0.00000000,-7.52786446
Simul_+60deg,60,122.75999451,122.75999451,0.00000000,-7.60483932
Simul_+60deg,60,123.12000275,123.12000275,0.00000000,-7.68064117
Simul_+60deg,60,123.47998810,123.47998810,0.00000000,-7.75518608
Simul_+60deg,60,123.83999634,123.83999634,0.00000000,-7.82838869
Simul_+60deg,60,124.19998932,124.19998932,0.00000000,-7.80281305
Simul_+60deg,60,124.55999756,124.55999756,0.00000000,-7.69803810
Simul_+60deg,60,124.91998291,124.91998291,0.00000000,-7.59211922
Simul_+60deg,60,125.27999115,125.27999115,0.00000000,-7.48518944
Simul_+60deg,60,125.63999939,125.63999939,0.00000000,-7.37739277
Simul_+60deg,60,125.99999237,125.99999237,0.00000000,-7.26885700
Simul_+60deg,60,126.35999298,126.35999298,0.00000000,-7.13142109
Simul_+60deg,60,126.71998596,126.71998596,0.00000000,-6.98195887
Simul_+60deg,60,127.07999420,127.07999420,0.00000000,-6.82180786
Simul_+60deg,60,127.43999481,127.43999481,0.00000000,-6.65229416
Simul_+60deg,60,127.79998779,127.79998779,0.00000000,-6.47470665
Simul_+60deg,60,128.15998840,128.15998840,0.00000000,-6.36895704
Simul_+60deg,60,128.51998901,128.51998901,0.00000000,-6.34170961
Simul_+60deg,60,128.87998962,128.87998962,0.00000000,-6.28974962
Simul_+60deg,60,129.24000549,129.24000549,0.00000000,-6.21395683
Simul_+60deg,60,129.59999084,129.59999084,0.00000000,-6.11556339
Simul_+60deg,60,129.95999146,129.95999146,0.00000000,-5.99609566
Simul_+60deg,60,130.31999207,130.31999207,0.00000000,-6.02441597
Simul_+60deg,60,130.67999268,130.67999268,0.00000000,-6.04643631
Simul_+60deg,60,131.03999329,131.03999329,0.00000000,-6.04037571
Simul_+60deg,60,131.39999390,131.39999390,0.00000000,-6.00635004
Simul_+60deg,60,131.75999451,131.75999451,0.00000000,-5.94500828
Simul_+60deg,60,132.11999512,132.11999512,0.00000000,-5.91626263
Simul_+60deg,60,132.47999573,132.47999573,0.00000000,-5.97304630
Simul_+60deg,60,132.83998108,132.83998108,0.00000000,-5.99350691
Simul_+60deg,60,133.19999695,133.19999695,0.00000000,-5.97712612
Simul_+60deg,60,133.55999756,133.55999756,0.00000000,-5.92432070
Simul_+60deg,60,133.91998291,133.91998291,0.00000000,-5.83639383
Simul_+60deg,60,134.27999878,134.27999878,0.00000000,-5.93719721
Simul_+60deg,60,134.63998413,134.63998413,0.00000000,-6.06011152
Simul_+60deg,60,135.00000000,135.00000000,0.00000000,-6.13715935
Simul_+60deg,60,135.36000061,135.36000061,0.00000000,-6.16581202
Simul_+60deg,60,135.71998596,135.71998596,0.00000000,-6.14510775
Simul_+60deg,60,136.08000183,136.08000183,0.00000000,-6.15230989
Simul_+60deg,60,136.43998718,136.43998718,0.00000000,-6.39211130
Simul_+60deg,60,136.79998779,136.79998779,0.00000000,-6.60026026
Simul_+60deg,60,137.16000366,137.16000366,0.00000000,-6.77136612
Simul_+60deg,60,137.51998901,137.51998901,0.00000000,-6.90051031
Simul_+60deg,60,137.87998962,137.87998962,0.00000000,-6.98368740
Simul_+60deg,60,138.23999023,138.23999023,0.00000000,-7.14136696
Simul_+60deg,60,138.59999084,138.59999084,0.00000000,-7.34024954
Simul_+60deg,60,138.95999146,138.95999146,0.00000000,-7.52227354
Simul_+60deg,60,139.31999207,139.31999207,0.00000000,-7.68484688
Simul_+60deg,60,139.67999268,139.67999268,0.00000000,-7.82542992
Simul_+60deg,60,140.03999329,140.03999329,0.00000000,-7.93961239
Simul_+60deg,60,140.39999390,140.39999390,0.00000000,-8.01659203
Simul_+60deg,60,140.75997925,140.75997925,0.00000000,-8.07542515
Simul_+60deg,60,141.11999512,141.11999512,0.00000000,-8.11534977
Simul_+60deg,60,141.47999573,141.47999573,0.00000000,-8.13583374
Simul_+60deg,60,141.83999634,141.83999634,0.00000000,-8.13660145
Simul_+60deg,60,142.19999695,142.19999695,0.00000000,-8.20089245
Simul_+60deg,60,142.55998230,142.55998230,0.00000000,-8.29845333
Simul_+60deg,60,142.91999817,142.91999817,0.00000000,-8.35663891
Simul_+60deg,60,143.27999878,143.27999878,0.00000000,-8.37383080
Simul_+60deg,60,143.63998413,143.63998413,0.00000000,-8.34954071
Simul_+60deg,60,144.00000000,144.00000000,0.00000000,-8.28445625
Simul_+60deg,60,144.35998535,144.35998535,0.00000000,-8.57160473
Simul_+60deg,60,144.72000122,144.72000122,0.00000000,-8.81682777
Simul_+60deg,60,145.07998657,145.07998657,0.00000000,-9.01154327
Simul_+60deg,60,145.43998718,145.43998718,0.00000000,-9.14814949
Simul_+60deg,60,145.80000305,145.80000305,0.00000000,-9.22077656
Simul_+60deg,60,146.15998840,146.15998840,0.00000000,-9.41162682
Simul_+60deg,60,146.51998901,146.51998901,0.00000000,-9.80687523
Simul_+60deg,60,146.87998962,146.87998962,0.00000000,-10.18425846
Simul_+60deg,60,147.23999023,147.23999023,0.00000000,-10.53525162
Simul_+60deg,60,147.59999084,147.59999084,0.00000000,-10.85003948
Simul_+60deg,60,147.95999146,147.95999146,0.00000000,-11.11805820
Simul_+60deg,60,148.31999207,148.31999207,0.00000000,-11.47074509
Simul_+60deg,60,148.67999268,148.67999268,0.00000000,-11.84997177
Simul_+60deg,60,149.03999329,149.03999329,0.00000000,-12.24263191
Simul_+60deg,60,149.39999390,149.39999390,0.00000000,-12.64924526
Simul_+60deg,60,149.75999451,149.75999451,0.00000000,-13.07016468
Simul_+60deg,60,150.11999512,150.11999512,0.00000000,-13.33344936
Simul_+60deg,60,150.47998047,150.47998047,0.00000000,-13.25212002
Simul_+60deg,60,150.83999634,150.83999634,0.00000000,-13.16365433
Simul_+60deg,60,151.19998169,151.19998169,0.00000000,-13.06851959
Simul_+60deg,60,151.55999756,151.55999756,0.00000000,-12.96716881
Simul_+60deg,60,151.91999817,151.91999817,0.00000000,-12.86008835
Simul_+60deg,60,152.27998352,152.27998352,0.00000000,-12.49153519
Simul_+60deg,60,152.63999939,152.63999939,0.00000000,-12.05747795
Simul_+60deg,60,152.99998474,152.99998474,0.00000000,-11.63397217
Simul_+60deg,60,153.35998535,153.35998535,0.00000000,-11.22177887
Simul_+60deg,60,153.72000122,153.72000122,0.00000000,-10.82136917
Simul_+60deg,60,154.07998657,154.07998657,0.00000000,-10.48031330
Simul_+60deg,60,154.43998718,154.43998718,0.00000000,-10.29375267
Simul_+60deg,60,154.79998779,154.79998779,0.00000000,-10.08342552
Simul_+60deg,60,155.15998840,155.15998840,0.00000000,-9.85296345
Simul_+60deg,60,155.52000427,155.52000427,0.00000000,-9.60594654
Simul_+60deg,60,155.87998962,155.87998962,0.00000000,-9.34570122
Simul_+60deg,60,156.23999023,156.23999023,0.00000000,-9.24152374
Simul_+60deg,60,156.59999084,156.59999084,0.00000000,-9.19920063
Simul_+60deg,60,156.95999146,156.95999146,0.00000000,-9.13373852
Simul_+60deg,60,157.31999207,157.31999207,0.00000000,-9.04617882
Simul_+60deg,60,157.67999268,157.67999268,0.00000000,-8.93785191
Simul_+60deg,60,158.03999329,158.03999329,0.00000000,-8.82525826
Simul_+60deg,60,158.39999390,158.39999390,0.00000000,-8.81269836
Simul_+60deg,60,158.75999451,158.75999451,0.00000000,-8.77958870
Simul_+60deg,60,159.11997986,159.11997986,0.00000000,-8.72639656
Simul_+60deg,60,159.47999573,159.47999573,0.00000000,-8.65385151
Simul_+60deg,60,159.83999634,159.83999634,0.00000000,-8.56291008
Simul_+60deg,60,160.19998169,160.19998169,0.00000000,-8.55923080
Simul_+60deg,60,160.55999756,160.55999756,0.00000000,-8.61735630
Simul_+60deg,60,160.91998291,160.91998291,0.00000000,-8.65143490
Simul_+60deg,60,161.27999878,161.27999878,0.00000000,-8.66089630
Simul_+60deg,60,161.63999939,161.63999939,0.00000000,-8.64557552
Simul_+60deg,60,161.99998474,161.99998474,0.00000000,-8.60573673
Simul_+60deg,60,162.36000061,162.36000061,0.00000000,-8.83347893
Simul_+60deg,60,162.71998596,162.71998596,0.00000000,-9.04638863
Simul_+60deg,60,163.07998657,163.07998657,0.00000000,-9.24159431
Simul_+60deg,60,163.44000244,163.44000244,0.00000000,-9.41609764
Simul_+60deg,60,163.79998779,163.79998779,0.00000000,-9.56696701
Simul_+60deg,60,164.15998840,164.15998840,0.00000000,-9.78850746
Simul_+60deg,60,164.51998901,164.51998901,0.00000000,-10.12423325
Simul_+60deg,60,164.87998962,164.87998962,0.00000000,-10.45909119
Simul_+60deg,60,165.23999023,165.23999023,0.00000000,-10.79060745
Simul_+60deg,60,165.59999084,165.59999084,0.00000000,-11.11575508
Simul_+60deg,60,165.95999146,165.95999146,0.00000000,-11.43089294
Simul_+60deg,60,166.31999207,166.31999207,0.00000000,-11.80690384
Simul_+60deg,60,166.67999268,166.67999268,0.00000000,-12.19533730
Simul_+60deg,60,167.03997803,167.03997803,0.00000000,-12.58564377
Simul_+60deg,60,167.39999390,167.39999390,0.00000000,-12.97489166
Simul_+60deg,60,167.75999451,167.75999451,0.00000000,-13.35916424
Simul_+60deg,60,168.11999512,168.11999512,0.00000000,-13.77739716
Simul_+60deg,60,168.47999573,168.47999573,0.00000000,-14.28258324
Simul_+60deg,60,168.83998108,168.83998108,0.00000000,-14.78817749
Simul_+60deg,60,169.19999695,169.19998169,0.00000000,-15.28616142
Simul_+60deg,60,169.55999756,169.55999756,0.00000000,-15.76572227
Simul_+60deg,60,169.91998291,169.91996765,0.00000000,-16.21268463
Simul_+60deg,60,170.27999878,170.27998352,0.00000000,-16.69634247
Simul_+60deg,60,170.63998413,170.63998413,0.00000000,-17.14844513
Simul_+60deg,60,170.99998474,171.00000000,0.00000000,-17.52076530
Simul_+60deg,60,171.35998535,171.36000061,0.00000000,-17.78705597
Simul_+60deg,60,171.71998596,171.71998596,0.00000000,-17.92521858
Simul_+60deg,60,172.08000183,172.07998657,0.00000000,-17.91018295
Simul_+60deg,60,172.43998718,172.43998718,0.00000000,-17.74200439
Simul_+60deg,60,172.79998779,172.80000305,0.00000000,-17.49295998
Simul_+60deg,60,173.15998840,173.16000366,0.00000000,-17.17649078
Simul_+60deg,60,173.51998901,173.52000427,0.00000000,-16.80723190
Simul_+60deg,60,173.87998962,173.87998962,0.00000000,-16.39936638
Simul_+60deg,60,174.23999023,174.23999023,0.00000000,-16.05952835
Simul_+60deg,60,174.59999084,174.59997559,0.00000000,-15.75548744
Simul_+60deg,60,174.95999146,174.95999146,0.00000000,-15.44486904
Simul_+60deg,60,175.31999207,175.32000732,0.00000000,-15.13042450
Simul_+60deg,60,175.67999268,175.67997742,0.00000000,-14.81437206
Simul_+60deg,60,176.03999329,176.03996277,0.00000000,-14.50965405
Simul_+60deg,60,176.39999390,176.39999390,0.00000000,-14.29121494
Simul_+60deg,60,176.75997925,176.75996399,0.00000000,-14.06790257
Simul_+60deg,60,177.11999512,177.12002563,0.00000000,-13.84085178
Simul_+60deg,60,177.47999573,177.47996521,0.00000000,-13.61129284
Simul_+60deg,60,177.83999634,177.83996582,0.00000000,-13.38012791
Simul_+60deg,60,178.19999695,178.19993591,0.00000000,-13.15579033
Simul_+60deg,60,178.55998230,178.56004333,0.00000000,-12.92995453
Simul_+60deg,60,178.91999817,178.92007446,0.00000000,-12.69629669
Simul_+60deg,60,179.27998352,179.27990723,0.00000000,-12.45671654
Simul_+60deg,60,179.63998413,179.64009094,0.00000000,-12.21241093
Simul_+60deg,60,180.00000000,180.00000000,180.00000000,-11.96450329
Simul_+60deg,60,180.35998535,179.64009094,180.00000000,-11.82658195
Simul_+60deg,60,180.71998596,179.27990723,180.00000000,-11.67548370
Simul_+60deg,60,181.07998657,178.92007446,180.00000000,-11.51362514
Simul_+60deg,60,181.43998718,178.56004333,180.00000000,-11.34210968
Simul_+60deg,60,181.80000305,178.19993591,180.00000000,-11.16232014
Simul_+60deg,60,182.15998840,177.83996582,180.00000000,-11.06378078
Simul_+60deg,60,182.51998901,177.47996521,180.00000000,-11.06791401
Simul_+60deg,60,182.87998962,177.12002563,180.00000000,-11.06408310
Simul_+60deg,60,183.23999023,176.75996399,180.00000000,-11.05230331
Simul_+60deg,60,183.59999084,176.39999390,180.00000000,-11.03264809
Simul_+60deg,60,183.95999146,176.04000854,180.00000000,-11.00521660
Simul_+60deg,60,184.31999207,175.67997742,180.00000000,-11.08240318
Simul_+60deg,60,184.67999268,175.32000732,180.00000000,-11.17024040
Simul_+60deg,60,185.03999329,174.95999146,180.00000000,-11.25472927
Simul_+60deg,60,185.39997864,174.59997559,180.00000000,-11.33563900
Simul_+60deg,60,185.75999451,174.23999023,180.00000000,-11.41271687
Simul_+60deg,60,186.11999512,173.87998962,180.00000000,-11.51154613
Simul_+60deg,60,186.47998047,173.52000427,180.00000000,-11.65677834
Simul_+60deg,60,186.83999634,173.16000366,180.00000000,-11.79573059
Simul_+60deg,60,187.19998169,172.80000305,180.00000000,-11.92761517
Simul_+60deg,60,187.55998230,172.43998718,180.00000000,-12.05163479
Simul_+60deg,60,187.91999817,172.07998657,180.00000000,-12.16697311
Simul_+60deg,60,188.27998352,171.71998596,180.00000000,-12.40283871
Simul_+60deg,60,188.63999939,171.36000061,180.00000000,-12.66520309
Simul_+60deg,60,188.99998474,171.00000000,180.00000000,-12.91387653
Simul_+60deg,60,189.35998535,170.63998413,180.00000000,-13.14545250
Simul_+60deg,60,189.72000122,170.27998352,180.00000000,-13.35620785
Simul_+60deg,60,190.07998657,169.91999817,180.00000000,-13.58734608
Simul_+60deg,60,190.43998718,169.55998230,180.00000000,-13.96282196
Simul_+60deg,60,190.79998779,169.20001221,180.00000000,-14.33066177
Simul_+60deg,60,191.15998840,168.83998108,180.00000000,-14.68572235
Simul_+60deg,60,191.51998901,168.47999573,180.00000000,-15.02176476
Simul_+60deg,60,191.87998962,168.11999512,180.00000000,-15.33158684
Simul_+60deg,60,192.23999023,167.75997925,180.00000000,-15.70866203
Simul_+60deg,60,192.59999084,167.40000916,180.00000000,-16.12249374
Simul_+60deg,60,192.95999146,167.03999329,180.00000000,-16.52072525
Simul_+60deg,60,193.31997681,166.67999268,180.00000000,-16.89457893
Simul_+60deg,60,193.67999268,166.31999207,180.00000000,-17.23377800
Simul_+60deg,60,194.03999329,165.95997620,180.00000000,-17.53732681
Simul_+60deg,60,194.39999390,165.59999084,180.00000000,-17.83920860
Simul_+60deg,60,194.75999451,165.24000549,180.00000000,-18.01406479
Simul_+60deg,60,195.11997986,164.88000488,180.00000000,-18.04555511
Simul_+60deg,60,195.47999573,164.51998901,180.00000000,-17.93056297
Simul_+60deg,60,195.83999634,164.15998840,180.00000000,-17.68020058
Simul_+60deg,60,196.19998169,163.79998779,180.00000000,-17.25873947
Simul_+60deg,60,196.55999756,163.43998718,180.00000000,-16.63346291
Simul_+60deg,60,196.91998291,163.07998657,180.00000000,-15.89738941
Simul_+60deg,60,197.27998352,162.72000122,180.00000000,-15.11045361
Simul_+60deg,60,197.63999939,162.36000061,180.00000000,-14.31362629
Simul_+60deg,60,197.99998474,161.99998474,180.00000000,-13.53154087
Simul_+60deg,60,198.36000061,161.63999939,180.00000000,-12.87792778
Simul_+60deg,60,198.71998596,161.27999878,180.00000000,-12.23724270
Simul_+60deg,60,199.07998657,160.91998291,180.00000000,-11.61609173
Simul_+60deg,60,199.43998718,160.56001282,180.00000000,-11.01806450
Simul_+60deg,60,199.79998779,160.19998169,180.00000000,-10.44448376
Simul_+60deg,60,200.15998840,159.83998108,180.00000000,-9.99662209
Simul_+60deg,60,200.51998901,159.47999573,180.00000000,-9.68752480
Simul_+60deg,60,200.87998962,159.11997986,180.00000000,-9.38626194
Simul_+60deg,60,201.23999023,158.75999451,180.00000000,-9.09268188
Simul_+60deg,60,201.59999084,158.39999390,180.00000000,-8.80656433
Simul_+60deg,60,201.95999146,158.03997803,180.00000000,-8.52770901
Simul_+60deg,60,202.31999207,157.67999268,180.00000000,-8.37786770
Simul_+60deg,60,202.67999268,157.31997681,180.00000000,-8.24471664
Simul_+60deg,60,203.03997803,156.95999146,180.00000000,-8.11273384
Simul_+60deg,60,203.39999390,156.59999084,180.00000000,-7.98189688
Simul_+60deg,60,203.75999451,156.23997498,180.00000000,-7.85224438
Simul_+60deg,60,204.11997986,155.87998962,180.00000000,-7.75783491
Simul_+60deg,60,204.47999573,155.51998901,180.00000000,-7.73096609
Simul_+60deg,60,204.83998108,155.15998840,180.00000000,-7.70268250
Simul_+60deg,60,205.19999695,154.79998779,180.00000000,-7.67301035
Simul_+60deg,60,205.55998230,154.43998718,180.00000000,-7.64198303
Simul_+60deg,60,205.91998291,154.07998657,180.00000000,-7.60962534
Simul_+60deg,60,206.27999878,153.71998596,180.00000000,-7.66267109
Simul_+60deg,60,206.63998413,153.35998535,180.00000000,-7.73978424
Simul_+60deg,60,206.99998474,152.99998474,180.00000000,-7.81622601
Simul_+60deg,60,207.35998535,152.63999939,180.00000000,-7.89192247
Simul_+60deg,60,207.71998596,152.27998352,180.00000000,-7.96682262
Simul_+60deg,60,208.07998657,151.91998291,180.00000000,-8.05018330
Simul_+60deg,60,208.43998718,151.55999756,180.00000000,-8.16575432
Simul_+60deg,60,208.79998779,151.19998169,180.00000000,-8.28117275
Simul_+60deg,60,209.15998840,150.83999634,180.00000000,-8.39631653
Simul_+60deg,60,209.51998901,150.47998047,180.00000000,-8.51109886
Simul_+60deg,60,209.87998962,150.11999512,180.00000000,-8.62539768
Simul_+60deg,60,210.23999023,149.75999451,180.00000000,-8.71857357
Simul_+60deg,60,210.59999084,149.39997864,180.00000000,-8.79373360
Simul_+60deg,60,210.95999146,149.03999329,180.00000000,-8.85925865
Simul_+60deg,60,211.31999207,148.67999268,180.00000000,-8.91469765
Simul_+60deg,60,211.67997742,148.31999207,180.00000000,-8.95964527
Simul_+60deg,60,212.03999329,147.95999146,180.00000000,-8.99508858
Simul_+60deg,60,212.39999390,147.59999084,180.00000000,-9.02596760
Simul_+60deg,60,212.75997925,147.23999023,180.00000000,-9.03810978
Simul_+60deg,60,213.11999512,146.88000488,180.00000000,-9.03136253
Simul_+60deg,60,213.47998047,146.51998901,180.00000000,-9.00580978
Simul_+60deg,60,213.83998108,146.15998840,180.00000000,-8.96178246
Simul_+60deg,60,214.19999695,145.79998779,180.00000000,-8.90012646
Simul_+60deg,60,214.55998230,145.43998718,180.00000000,-8.81772995
Simul_+60deg,60,214.91999817,145.07998657,180.00000000,-8.71446896
Simul_+60deg,60,215.27998352,144.72000122,180.00000000,-8.59185028
Simul_+60deg,60,215.63998413,144.35998535,180.00000000,-8.45151711
Simul_+60deg,60,216.00000000,143.99998474,180.00000000,-8.29525661
Simul_+60deg,60,216.35998535,143.63998413,180.00000000,-8.09386635
Simul_+60deg,60,216.71998596,143.27998352,180.00000000,-7.88532686
Simul_+60deg,60,217.07998657,142.91999817,180.00000000,-7.67107487
Simul_+60deg,60,217.43998718,142.55998230,180.00000000,-7.45235538
Simul_+60deg,60,217.79998779,142.19998169,180.00000000,-7.23030806
Simul_+60deg,60,218.15998840,141.83999634,180.00000000,-7.03166914
Simul_+60deg,60,218.51998901,141.47998047,180.00000000,-6.86449575
Simul_+60deg,60,218.87998962,141.11999512,180.00000000,-6.69736004
Simul_+60deg,60,219.23999023,140.75997925,180.00000000,-6.53047466
Simul_+60deg,60,219.59997559,140.39999390,180.00000000,-6.36404800
Simul_+60deg,60,219.95999146,140.03999329,180.00000000,-6.19826365
Simul_+60deg,60,220.31999207,139.67997742,180.00000000,-6.15153837
Simul_+60deg,60,220.67997742,139.32000732,180.00000000,-6.11830521
Simul_+60deg,60,221.03999329,138.95999146,180.00000000,-6.08368206
Simul_+60deg,60,221.39997864,138.60000610,180.00000000,-6.04771328
Simul_+60deg,60,221.75999451,138.23999023,180.00000000,-6.01042271
Simul_+60deg,60,222.11999512,137.87998962,180.00000000,-6.01944399
Simul_+60deg,60,222.47998047,137.51998901,180.00000000,-6.12372112
Simul_+60deg,60,222.83999634,137.15998840,180.00000000,-6.22877550
Simul_+60deg,60,223.19998169,136.79998779,180.00000000,-6.33458662
Simul_+60deg,60,223.55998230,136.43998718,180.00000000,-6.44115257
Simul_+60deg,60,223.91999817,136.07998657,180.00000000,-6.54846382
Simul_+60deg,60,224.27998352,135.72000122,180.00000000,-6.77175570
Simul_+60deg,60,224.63998413,135.36000061,180.00000000,-7.03290176
Simul_+60deg,60,224.99998474,135.00000000,180.00000000,-7.29952812
Simul_+60deg,60,225.35998535,134.63998413,180.00000000,-7.57165146
Simul_+60deg,60,225.71998596,134.28001404,180.00000000,-7.84918547
Simul_+60deg,60,226.07998657,133.91999817,180.00000000,-8.16272736
Simul_+60deg,60,226.43998718,133.55998230,180.00000000,-8.58320236
Simul_+60deg,60,226.79998779,133.20001221,180.00000000,-8.99562931
Simul_+60deg,60,227.15998840,132.83998108,180.00000000,-9.39319420
Simul_+60deg,60,227.51998901,132.47999573,180.00000000,-9.76732349
Simul_+60deg,60,227.87998962,132.11999512,180.00000000,-10.10800838
Simul_+60deg,60,228.23999023,131.75997925,180.00000000,-10.43405628
Simul_+60deg,60,228.59999084,131.40000916,180.00000000,-10.68909740
Simul_+60deg,60,228.95999146,131.03999329,180.00000000,-10.83506012
Simul_+60deg,60,229.31997681,130.67999268,180.00000000,-10.86032295
Simul_+60deg,60,229.67999268,130.31999207,180.00000000,-10.76279640
Simul_+60deg,60,230.03999329,129.95997620,180.00000000,-10.55330181
Simul_+60deg,60,230.39999390,129.59997559,180.00000000,-10.27139854
Simul_+60deg,60,230.75997925,129.24000549,180.00000000,-9.91483974
Simul_+60deg,60,231.11997986,128.87998962,180.00000000,-9.50188732
Simul_+60deg,60,231.47999573,128.51998901,180.00000000,-9.04968739
Simul_+60deg,60,231.83999634,128.15998840,180.00000000,-8.57291126
Simul_+60deg,60,232.19999695,127.79998016,180.00000000,-8.12677193
Simul_+60deg,60,232.55998230,127.43999481,180.00000000,-7.71480370
Simul_+60deg,60,232.91998291,127.07999420,180.00000000,-7.30672932
Simul_+60deg,60,233.27998352,126.71998596,180.00000000,-6.90475368
Simul_+60deg,60,233.63999939,126.35998535,180.00000000,-6.51041126
Simul_+60deg,60,234.00000000,125.99997711,180.00000000,-6.12471676
Simul_+60deg,60,234.35998535,125.63999939,180.00000000,-5.86711788
Simul_+60deg,60,234.71998596,125.27999115,180.00000000,-5.61485338
Simul_+60deg,60,235.07998657,124.91998291,180.00000000,-5.36785698
Simul_+60deg,60,235.44000244,124.55998230,180.00000000,-5.12605429
Simul_+60deg,60,235.79997253,124.20000458,180.00000000,-4.88934898
Simul_+60deg,60,236.15997314,123.84001160,180.00000000,-4.73584700
Simul_+60deg,60,236.51998901,123.47998810,180.00000000,-4.68114996
Simul_+60deg,60,236.87998962,123.11998749,180.00000000,-4.62593937
Simul_+60deg,60,237.23999023,122.75997925,180.00000000,-4.57023478
Simul_+60deg,60,237.59997559,122.40000153,180.00000000,-4.51407480
Simul_+60deg,60,237.95997620,122.03999329,180.00000000,-4.45747042
Simul_+60deg,60,238.31999207,121.68000793,180.00000000,-4.57699823
Simul_+60deg,60,238.67999268,121.31998444,180.00000000,-4.71675444
Simul_+60deg,60,239.03999329,120.95997620,180.00000000,-4.85424471
Simul_+60deg,60,239.39997864,120.59999847,180.00000000,-4.98908615
Simul_+60deg,60,239.75997925,120.23999786,180.00000000,-5.12091208
Simul_+60deg,60,240.11997986,119.87998962,180.00000000,-5.28493786
Simul_+60deg,60,240.47999573,119.51998138,180.00000000,-5.50935698
Simul_+60deg,60,240.83999634,119.15998077,180.00000000,-5.71696234
Simul_+60deg,60,241.19998169,118.80000305,180.00000000,-5.90464163
Simul_+60deg,60,241.55998230,118.43999481,180.00000000,-6.06930208
Simul_+60deg,60,241.91998291,118.07998657,180.00000000,-6.20791149
Simul_+60deg,60,242.27999878,117.71998596,180.00000000,-6.26797438
Simul_+60deg,60,242.63999939,117.35997772,180.00000000,-6.27406406
Simul_+60deg,60,242.99996948,117.00000000,180.00000000,-6.23905754
Simul_+60deg,60,243.35998535,116.63999176,180.00000000,-6.16392708
Simul_+60deg,60,243.71998596,116.27999115,180.00000000,-6.05072069
Simul_+60deg,60,244.07998657,115.91998291,180.00000000,-5.90427351
Simul_+60deg,60,244.44000244,115.55997467,180.00000000,-5.74268293
Simul_+60deg,60,244.79997253,115.19999695,180.00000000,-5.56782627
Simul_+60deg,60,245.15998840,114.83999634,180.00000000,-5.38143682
Simul_+60deg,60,245.51998901,114.47999573,180.00000000,-5.18525696
Simul_+60deg,60,245.87998962,114.11998749,180.00000000,-4.98088694
Simul_+60deg,60,246.24000549,113.75998688,180.00000000,-4.89227724
Simul_+60deg,60,246.59997559,113.40000916,180.00000000,-4.86108303
Simul_+60deg,60,246.95997620,113.04000092,180.00000000,-4.82659245
Simul_+60deg,60,247.31999207,112.67999268,180.00000000,-4.78888893
Simul_+60deg,60,247.67999268,112.31999207,180.00000000,-4.74805737
Simul_+60deg,60,248.03999329,111.95998383,180.00000000,-4.72899723
Simul_+60deg,60,248.39997864,111.60000610,180.00000000,-4.90666771
Simul_+60deg,60,248.75997925,111.23999786,180.00000000,-5.08349514
Simul_+60deg,60,249.11999512,110.87999725,180.00000000,-5.25905323
Simul_+60deg,60,249.47999573,110.51998901,180.00000000,-5.43285799
Simul_+60deg,60,249.83996582,110.16001129,180.00000000,-5.60438395
Simul_+60deg,60,250.19998169,109.80000305,180.00000000,-5.82628155
Simul_+60deg,60,250.55998230,109.44000244,180.00000000,-6.08110809
Simul_+60deg,60,250.91998291,109.07999420,180.00000000,-6.32181644
Simul_+60deg,60,251.27999878,108.71998596,180.00000000,-6.54506397
Simul_+60deg,60,251.63996887,108.36000824,180.00000000,-6.74727726
Simul_+60deg,60,251.99998474,108.00000763,180.00000000,-6.92489719
Simul_+60deg,60,252.35998535,107.63999939,180.00000000,-6.92694616
Simul_+60deg,60,252.71998596,107.27999115,180.00000000,-6.88854456
Simul_+60deg,60,253.08000183,106.91999054,180.00000000,-6.81074810
Simul_+60deg,60,253.43997192,106.56000519,180.00000000,-6.69564438
Simul_+60deg,60,253.79997253,106.20000458,180.00000000,-6.54613304
Simul_+60deg,60,254.15998840,105.83999634,180.00000000,-6.32866907
Simul_+60deg,60,254.51998901,105.47999573,180.00000000,-6.05541182
Simul_+60deg,60,254.87998962,105.11998749,180.00000000,-5.78127289
Simul_+60deg,60,255.23997498,104.76000977,180.00000000,-5.50742674
Simul_+60deg,60,255.59997559,104.40000153,180.00000000,-5.23477030
Simul_+60deg,60,255.95999146,104.03999329,180.00000000,-4.96409845
Simul_+60deg,60,256.31997681,103.67999268,180.00000000,-4.83724165
Simul_+60deg,60,256.67999268,103.31997681,180.00000000,-4.72882986
Simul_+60deg,60,257.03997803,102.95999908,180.00000000,-4.62113190
Simul_+60deg,60,257.39999390,102.59999847,180.00000000,-4.51413631
Simul_+60deg,60,257.75997925,102.23999786,180.00000000,-4.40786934
Simul_+60deg,60,258.11999512,101.87998962,180.00000000,-4.40136528
Simul_+60deg,60,258.48001099,101.51998901,180.00000000,-4.59357929
Simul_+60deg,60,258.83996582,101.16000366,180.00000000,-4.78614569
Simul_+60deg,60,259.19998169,100.79999542,180.00000000,-4.97875023
Simul_+60deg,60,259.55999756,100.43999481,180.00000000,-5.17097187
Simul_+60deg,60,259.91998291,100.07998657,180.00000000,-5.36235905
Simul_+60deg,60,260.27999878,99.71997833,180.00000000,-5.79779625
Simul_+60deg,60,260.63998413,99.36000061,180.00000000,-6.32428598
Simul_+60deg,60,260.99996948,98.99999237,180.00000000,-6.87564850
Simul_+60deg,60,261.35998535,98.63999176,180.00000000,-7.45253611
Simul_+60deg,60,261.72000122,98.27998352,180.00000000,-8.05498695
Simul_+60deg,60,262.07998657,97.92000580,180.00000000,-8.70421028
Simul_+60deg,60,262.43997192,97.56000519,180.00000000,-9.45422268
Simul_+60deg,60,262.79998779,97.19999695,180.00000000,-10.21532917
Simul_+60deg,60,263.16000366,96.83999634,180.00000000,-10.96457386
Simul_+60deg,60,263.51998901,96.47998047,180.00000000,-11.66527557
Simul_+60deg,60,263.87997437,96.12000275,180.00000000,-12.26456261
Simul_+60deg,60,264.23999023,95.76000214,180.00000000,-12.45085812
Simul_+60deg,60,264.59997559,95.39999390,180.00000000,-12.33544731
Simul_+60deg,60,264.95999146,95.03999329,180.00000000,-12.05856895
Simul_+60deg,60,265.32000732,94.67998505,180.00000000,-11.64889812
Simul_+60deg,60,265.67996216,94.31999969,180.00000000,-11.14191818
Simul_+60deg,60,266.03997803,93.95999908,180.00000000,-10.59999371
Simul_+60deg,60,266.39999390,93.59999084,180.00000000,-10.25376797
Simul_+60deg,60,266.75997925,93.23999023,180.00000000,-9.89368725
Simul_+60deg,60,267.11999512,92.87998962,180.00000000,-9.52499580
Simul_+60deg,60,267.47998047,92.52001190,180.00000000,-9.15197468
Simul_+60deg,60,267.83996582,92.16000366,180.00000000,-8.77800083
Simul_+60deg,60,268.19998169,91.79999542,180.00000000,-8.73729134
Simul_+60deg,60,268.55999756,91.43999481,180.00000000,-8.94896698
Simul_+60deg,60,268.91998291,91.07998657,180.00000000,-9.14054966
Simul_+60deg,60,269.27996826,90.72000885,180.00000000,-9.30880737
Simul_+60deg,60,269.63998413,90.36000061,180.00000000,-9.45064163
Simul_+60deg,60,270.00000000,90.00000000,180.00000000,-9.56315613
Simul_+60deg,60,270.35998535,89.63999176,180.00000000,-10.42268372
Simul_+60deg,60,270.72000122,89.27998352,180.00000000,-11.35391331
Simul_+60deg,60,271.07998657,88.92000580,180.00000000,-12.36152267
Simul_+60deg,60,271.43997192,88.56000519,180.00000000,-13.44464874
Simul_+60deg,60,271.79998779,88.19999695,180.00000000,-14.58747673
Simul_+60deg,60,272.16000366,87.83998871,180.00000000,-16.18657684
Simul_+60deg,60,272.51998901,87.47998810,180.00000000,-18.68863487
Simul_+60deg,60,272.87997437,87.12001038,180.00000000,-21.66830254
Simul_+60deg,60,273.23999023,86.76000214,180.00000000,-24.06981659
Simul_+60deg,60,273.59997559,86.39999390,180.00000000,-23.14491653
Simul_+60deg,60,273.95999146,86.03999329,180.00000000,-20.17744827
Simul_+60deg,60,274.32000732,85.67998505,180.00000000,-17.76195145
Simul_+60deg,60,274.67996216,85.32000732,180.00000000,-15.58259583
Simul_+60deg,60,275.03997803,84.95999908,180.00000000,-13.71397495
Simul_+60deg,60,275.39999390,84.59999847,180.00000000,-12.12222290
Simul_+60deg,60,275.75997925,84.23998260,180.00000000,-10.75073433
Simul_+60deg,60,276.11996460,83.88000488,180.00000000,-9.75351620
Simul_+60deg,60,276.47998047,83.52000427,180.00000000,-9.17739677
Simul_+60deg,60,276.83999634,83.16000366,180.00000000,-8.57290077
Simul_+60deg,60,277.19998169,82.79999542,180.00000000,-7.95923805
Simul_+60deg,60,277.55999756,82.43997955,180.00000000,-7.34948254
Simul_+60deg,60,277.91998291,82.08000183,180.00000000,-6.75211239
Simul_+60deg,60,278.27996826,81.72000885,180.00000000,-6.64466476
Simul_+60deg,60,278.63998413,81.36000061,180.00000000,-6.63526106
Simul_+60deg,60,279.00000000,80.99999237,180.00000000,-6.58223391
Simul_+60deg,60,279.35998535,80.63999176,180.00000000,-6.48715496
Simul_+60deg,60,279.71997070,80.28001404,180.00000000,-6.35273838
Simul_+60deg,60,280.07998657,79.91999817,180.00000000,-6.31356525
Simul_+60deg,60,280.43997192,79.55998993,180.00000000,-6.71936989
Simul_+60deg,60,280.79998779,79.19999695,180.00000000,-7.12098980
Simul_+60deg,60,281.16000366,78.83998871,180.00000000,-7.51318455
Simul_+60deg,60,281.51995850,78.48001099,180.00000000,-7.88931799
Simul_+60deg,60,281.87997437,78.11999512,180.00000000,-8.24151611
Simul_+60deg,60,282.23999023,77.75999451,180.00000000,-8.88529015
Simul_+60deg,60,282.59997559,77.39999390,180.00000000,-9.75100613
Simul_+60deg,60,282.95999146,77.03998566,180.00000000,-10.71077347
Simul_+60deg,60,283.31997681,76.68000793,180.00000000,-11.78680801
Simul_+60deg,60,283.67999268,76.31999969,180.00000000,-13.01030922
Simul_+60deg,60,284.03997803,75.95999908,180.00000000,-14.38531303
Simul_+60deg,60,284.39999390,75.59999084,180.00000000,-15.50544262
Simul_+60deg,60,284.76000977,75.23999023,180.00000000,-16.45205498
Simul_+60deg,60,285.11996460,74.88000488,180.00000000,-17.01310730
Simul_+60deg,60,285.47998047,74.52000427,180.00000000,-17.00746346
Simul_+60deg,60,285.83999634,74.15999603,180.00000000,-16.43713188
Simul_+60deg,60,286.19998169,73.79999542,180.00000000,-14.94130611
Simul_+60deg,60,286.55999756,73.43998718,180.00000000,-13.23457909
Simul_+60deg,60,286.91998291,73.08000946,180.00000000,-11.79991245
Simul_+60deg,60,287.27996826,72.72000122,180.00000000,-10.56418037
Simul_+60deg,60,287.63998413,72.36000061,180.00000000,-9.47989941
Simul_+60deg,60,288.00000000,71.99999237,180.00000000,-8.51441574
Simul_+60deg,60,288.35998535,71.63998413,180.00000000,-7.86043692
Simul_+60deg,60,288.71997070,71.28000641,180.00000000,-7.20878553
Simul_+60deg,60,289.07998657,70.91999817,180.00000000,-6.57030964
Simul_+60deg,60,289.44000244,70.55999756,180.00000000,-5.95145416
Simul_+60deg,60,289.79998779,70.19998932,180.00000000,-5.35560799
Simul_+60deg,60,290.15997314,69.84001160,180.00000000,-4.99110794
Simul_+60deg,60,290.51998901,69.48000336,180.00000000,-4.85323906
Simul_+60deg,60,290.87997437,69.12000275,180.00000000,-4.66591978
Simul_+60deg,60,291.23999023,68.75999451,180.00000000,-4.43545246
Simul_+60deg,60,291.60000610,68.39998627,180.00000000,-4.16874647
Simul_+60deg,60,291.95996094,68.04000854,180.00000000,-3.87282133
Simul_+60deg,60,292.31997681,67.68000793,180.00000000,-4.03144455
Simul_+60deg,60,292.67999268,67.31999969,180.00000000,-4.20851088
Simul_+60deg,60,293.03997803,66.95999146,180.00000000,-4.33756781
Simul_+60deg,60,293.39999390,66.59999084,180.00000000,-4.41405153
Simul_+60deg,60,293.75997925,66.24001312,180.00000000,-4.43510532
Simul_+60deg,60,294.11996460,65.88000488,180.00000000,-4.56987286
Simul_+60deg,60,294.47998047,65.51999664,180.00000000,-5.01858044
Simul_+60deg,60,294.83999634,65.15999603,180.00000000,-5.44896507
Simul_+60deg,60,295.19998169,64.79998779,180.00000000,-5.84984303
Simul_+60deg,60,295.55996704,64.44001007,180.00000000,-6.20791340
Simul_+60deg,60,295.91998291,64.08000183,180.00000000,-6.50858307
Simul_+60deg,60,296.27999878,63.71999741,180.00000000,-7.02323627
Simul_+60deg,60,296.63998413,63.35999298,180.00000000,-7.60571766
Simul_+60deg,60,297.00000000,62.99998856,180.00000000,-8.16781139
Simul_+60deg,60,297.35998535,62.64001083,180.00000000,-8.68848896
Simul_+60deg,60,297.71997070,62.28000259,180.00000000,-9.14117908
Simul_+60deg,60,298.07998657,61.91999817,180.00000000,-9.54999733
Simul_+60deg,60,298.44000244,61.55999374,180.00000000,-10.03023052
Simul_+60deg,60,298.79998779,61.19998932,180.00000000,-10.35337830
Simul_+60deg,60,299.15997314,60.84000778,180.00000000,-10.47909737
Simul_+60deg,60,299.51998901,60.48000336,180.00000000,-10.38982868
Simul_+60deg,60,299.87997437,60.11999893,180.00000000,-10.09815407
Simul_+60deg,60,300.23999023,59.75999069,180.00000000,-9.89928150
Simul_+60deg,60,300.60000610,59.39998627,180.00000000,-9.46774387
Simul_+60deg,60,300.95996094,59.04000854,180.00000000,-8.73157787
Simul_+60deg,60,301.31997681,58.68000412,180.00000000,-7.82538366
Simul_+60deg,60,301.67999268,58.31999207,180.00000000,-6.85594034
Simul_+60deg,60,302.03997803,57.95998383,180.00000000,-5.93551397
Simul_+60deg,60,302.39996338,57.60001373,180.00000000,-5.24613476
Simul_+60deg,60,302.75997925,57.24000549,180.00000000,-4.36978865
Simul_+60deg,60,303.11999512,56.88000107,180.00000000,-3.41639805
Simul_+60deg,60,303.47998047,56.51999283,180.00000000,-2.45601511
Simul_+60deg,60,303.83999634,56.15998840,180.00000000,-1.52606237
Simul_+60deg,60,304.19998169,55.80001068,180.00000000,-0.85709983
Simul_+60deg,60,304.55996704,55.44000244,180.00000000,-0.26209450
Simul_+60deg,60,304.91998291,55.07999802,180.00000000,0.42294708
Simul_+60deg,60,305.27999878,54.71999359,180.00000000,1.15093780
Simul_+60deg,60,305.63998413,54.35998917,180.00000000,1.88907290
Simul_+60deg,60,305.99996948,54.00000763,180.00000000,2.61665940
Simul_+60deg,60,306.35998535,53.64000702,180.00000000,2.92577696
Simul_+60deg,60,306.71997070,53.27999878,180.00000000,3.33206201
Simul_+60deg,60,307.07998657,52.91999054,180.00000000,3.80890083
Simul_+60deg,60,307.44000244,52.55998993,180.00000000,4.33178091
Simul_+60deg,60,307.79995728,52.20001221,180.00000000,4.88045883
Simul_+60deg,60,308.15997314,51.84000397,180.00000000,5.24382162
Simul_+60deg,60,308.51998901,51.47999573,180.00000000,5.42696190
Simul_+60deg,60,308.87997437,51.11999130,180.00000000,5.68866253
Simul_+60deg,60,309.23999023,50.75998688,180.00000000,6.01518202
Simul_+60deg,60,309.59997559,50.40000916,180.00000000,6.39183807
Simul_+60deg,60,309.95999146,50.04000473,180.00000000,6.80479097
Simul_+60deg,60,310.31997681,49.67999649,180.00000000,6.85146713
Simul_+60deg,60,310.67999268,49.31999207,180.00000000,6.92207241
Simul_+60deg,60,311.04000854,48.95998383,180.00000000,7.06494427
Simul_+60deg,60,311.39996338,48.60000610,180.00000000,7.27317715
Simul_+60deg,60,311.75997925,48.24000168,180.00000000,7.53766012
Simul_+60deg,60,312.11999512,47.87999725,180.00000000,7.68780661
Simul_+60deg,60,312.47998047,47.51998901,180.00000000,7.57384872
Simul_+60deg,60,312.83999634,47.15998840,180.00000000,7.52838326
Simul_+60deg,60,313.19998169,46.80000687,180.00000000,7.55357647
Simul_+60deg,60,313.55996704,46.44000244,180.00000000,7.64821911
Simul_+60deg,60,313.91998291,46.07999420,180.00000000,7.80791330
Simul_+60deg,60,314.27999878,45.71998978,180.00000000,7.63824940
Simul_+60deg,60,314.63998413,45.35998535,180.00000000,7.41126156
Simul_+60deg,60,314.99996948,45.00000763,180.00000000,7.24622345
Simul_+60deg,60,315.35998535,44.63999557,180.00000000,7.15077305
Simul_+60deg,60,315.71997070,44.27999115,180.00000000,7.12968063
Simul_+60deg,60,316.07998657,43.91999054,180.00000000,7.07582664
Simul_+60deg,60,316.43997192,43.56001282,180.00000000,6.69284916
Simul_+60deg,60,316.79998779,43.20000839,180.00000000,6.35297680
Simul_+60deg,60,317.15997314,42.84000015,180.00000000,6.06988335
Simul_+60deg,60,317.51998901,42.47999191,180.00000000,5.85705757
Simul_+60deg,60,317.88000488,42.11998749,180.00000000,5.72606087
Simul_+60deg,60,318.23995972,41.76001358,180.00000000,5.35479832
Simul_+60deg,60,318.59997559,41.40000534,180.00000000,4.85224438
Simul_+60deg,60,318.95999146,41.03999710,180.00000000,4.38671017
Simul_+60deg,60,319.31997681,40.67998886,180.00000000,3.97833252
Simul_+60deg,60,319.67999268,40.31998444,180.00000000,3.64969373
Simul_+60deg,60,320.03997803,39.96000671,180.00000000,3.36830187
Simul_+60deg,60,320.39996338,39.60000229,180.00000000,2.70015955
Simul_+60deg,60,320.75997925,39.23999786,180.00000000,2.04482222
Simul_+60deg,60,321.11999512,38.87999344,180.00000000,1.42824948
Simul_+60deg,60,321.47998047,38.51998520,180.00000000,0.88607496
Simul_+60deg,60,321.83996582,38.16000748,180.00000000,0.46166003
Simul_+60deg,60,322.19998169,37.80000687,180.00000000,-0.12109101
Simul_+60deg,60,322.55999756,37.43999481,180.00000000,-0.91563272
Simul_+60deg,60,322.91998291,37.07999039,180.00000000,-1.67268097
Simul_+60deg,60,323.27999878,36.71998215,180.00000000,-2.33723307
Simul_+60deg,60,323.63998413,36.36000443,180.00000000,-2.83732772
Simul_+60deg,60,323.99996948,36.00000381,180.00000000,-3.09946895
Simul_+60deg,60,324.35998535,35.63999557,180.00000000,-3.73464799
Simul_+60deg,60,324.72000122,35.27999115,180.00000000,-4.25518084
Simul_+60deg,60,325.07998657,34.91998672,180.00000000,-4.60373354
Simul_+60deg,60,325.43997192,34.56000900,180.00000000,-4.73224115
Simul_+60deg,60,325.79998779,34.20000076,180.00000000,-4.62073851
Simul_+60deg,60,326.15997314,33.83999634,180.00000000,-4.48094177
Simul_+60deg,60,326.51998901,33.47999191,180.00000000,-4.44104624
Simul_+60deg,60,326.88000488,33.11998367,180.00000000,-4.28465366
Simul_+60deg,60,327.23995972,32.76000214,180.00000000,-4.02376270
Simul_+60deg,60,327.59997559,32.40000534,180.00000000,-3.67624974
Simul_+60deg,60,327.95999146,32.03999710,180.00000000,-3.26239872
Simul_+60deg,60,328.31997681,31.67999268,180.00000000,-2.97780538
Simul_+60deg,60,328.67999268,31.31998444,180.00000000,-2.68449163
Simul_+60deg,60,329.03997803,30.96000671,180.00000000,-2.36754727
Simul_+60deg,60,329.39999390,30.60000420,180.00000000,-2.03307056
Simul_+60deg,60,329.75997925,30.23999786,180.00000000,-1.68645191
Simul_+60deg,60,330.11999512,29.87998581,180.00000000,-1.34600055
Simul_+60deg,60,330.47998047,29.52001190,180.00000000,-1.03159952
Simul_+60deg,60,330.83996582,29.16000557,180.00000000,-0.71866661
Simul_+60deg,60,331.19998169,28.80000305,180.00000000,-0.40839764
Simul_+60deg,60,331.55999756,28.43999672,180.00000000,-0.10169853
Simul_+60deg,60,331.91998291,28.07998657,180.00000000,0.20073467
Simul_+60deg,60,332.27996826,27.72001266,180.00000000,0.56132621
Simul_+60deg,60,332.63998413,27.36000633,180.00000000,0.93025577
Simul_+60deg,60,332.99996948,26.99999809,180.00000000,1.28889084
Simul_+60deg,60,333.35998535,26.63999557,180.00000000,1.63731229
Simul_+60deg,60,333.72000122,26.27998543,180.00000000,1.97572446
Simul_+60deg,60,334.07995605,25.92000771,180.00000000,2.31060410
Simul_+60deg,60,334.43997192,25.56000137,180.00000000,2.66207552
Simul_+60deg,60,334.79998779,25.19999886,180.00000000,3.00982141
Simul_+60deg,60,335.15997314,24.83999062,180.00000000,3.35266805
Simul_+60deg,60,335.51998901,24.47998619,180.00000000,3.68974209
Simul_+60deg,60,335.87997437,24.12000656,180.00000000,4.02040911
Simul_+60deg,60,336.23999023,23.76000595,180.00000000,4.28158092
Simul_+60deg,60,336.59997559,23.39999390,180.00000000,4.51792574
Simul_+60deg,60,336.95999146,23.03999329,180.00000000,4.76166391
Simul_+60deg,60,337.32000732,22.67998886,180.00000000,5.01095247
Simul_+60deg,60,337.67996216,22.32000923,180.00000000,5.26414347
Simul_+60deg,60,338.03997803,21.96000481,180.00000000,5.50424290
Simul_+60deg,60,338.39999390,21.59999657,180.00000000,5.62760639
Simul_+60deg,60,338.75997925,21.23999405,180.00000000,5.76339340
Simul_+60deg,60,339.11999512,20.87998390,180.00000000,5.91036892
Simul_+60deg,60,339.47998047,20.52000618,180.00000000,6.06727982
Simul_+60deg,60,339.83996582,20.16000557,180.00000000,6.23293400
Simul_+60deg,60,340.19998169,19.79999924,180.00000000,6.32734013
Simul_+60deg,60,340.55999756,19.43998718,180.00000000,6.36987638
Simul_+60deg,60,340.91998291,19.07998276,180.00000000,6.42446280
Simul_+60deg,60,341.27996826,18.72000694,180.00000000,6.49063873
Simul_+60deg,60,341.63998413,18.36000061,180.00000000,6.56788731
Simul_+60deg,60,341.99996948,17.99999428,180.00000000,6.65559816
Simul_+60deg,60,342.35998535,17.63998985,180.00000000,6.60123825
Simul_+60deg,60,342.71997070,17.28000641,180.00000000,6.55580235
Simul_+60deg,60,343.07998657,16.92000771,180.00000000,6.51957464
Simul_+60deg,60,343.43997192,16.56000137,180.00000000,6.49279499
Simul_+60deg,60,343.79998779,16.19999313,180.00000000,6.47563648
Simul_+60deg,60,344.16000366,15.83998680,180.00000000,6.41244841
Simul_+60deg,60,344.51995850,15.48001671,180.00000000,6.28408670
Simul_+60deg,60,344.87997437,15.12000275,180.00000000,6.15848255
Simul_+60deg,60,345.23999023,14.75999737,180.00000000,6.03601933
Simul_+60deg,60,345.59997559,14.39999866,180.00000000,5.91707182
Simul_+60deg,60,345.95999146,14.03999138,180.00000000,5.80202866
Simul_+60deg,60,346.31997681,13.68000603,180.00000000,5.64277697
Simul_+60deg,60,346.67996216,13.32001305,180.00000000,5.47562218
Simul_+60deg,60,347.03997803,12.95999718,180.00000000,5.30624342
Simul_+60deg,60,347.39999390,12.59998798,180.00000000,5.13465357
Simul_+60deg,60,347.75997925,12.23998928,180.00000000,4.96085882
Simul_+60deg,60,348.11996460,11.88000298,180.00000000,4.79080582
Simul_+60deg,60,348.47998047,11.51999664,180.00000000,4.62998676
Simul_+60deg,60,348.83996582,11.15999031,180.00000000,4.46625328
Simul_+60deg,60,349.19998169,10.79998875,180.00000000,4.29950619
Simul_+60deg,60,349.55999756,10.43999195,180.00000000,4.12963820
Simul_+60deg,60,349.91998291,10.08000946,180.00000000,3.95653749
Simul_+60deg,60,350.27996826,9.72000504,180.00000000,3.85832191
Simul_+60deg,60,350.63998413,9.36000347,180.00000000,3.78377867
Simul_+60deg,60,351.00000000,8.99999142,180.00000000,3.71124697
Simul_+60deg,60,351.35998535,8.63999653,180.00000000,3.64085817
Simul_+60deg,60,351.71997070,8.28000641,180.00000000,3.57273340
Simul_+60deg,60,352.07998657,7.92000675,180.00000000,3.54410672
Simul_+60deg,60,352.43997192,7.56000662,180.00000000,3.64752316
Simul_+60deg,60,352.79998779,7.19998980,180.00000000,3.75274038
Simul_+60deg,60,353.16000366,6.83999729,180.00000000,3.85955834
Simul_+60deg,60,353.51995850,6.48001719,180.00000000,3.96780634
Simul_+60deg,60,353.87997437,6.12000370,180.00000000,4.07732916
Simul_+60deg,60,354.23999023,5.76000357,180.00000000,4.24895811
Simul_+60deg,60,354.59997559,5.40000391,180.00000000,4.44759130
Simul_+60deg,60,354.95999146,5.03998899,180.00000000,4.64198494
Simul_+60deg,60,355.31997681,4.68002319,180.00000000,4.83227444
Simul_+60deg,60,355.67999268,4.32001114,180.00000000,5.01866913
Simul_+60deg,60,356.03997803,3.95997524,180.00000000,5.20010900
Simul_+60deg,60,356.39999390,3.59999967,180.00000000,5.36907673
Simul_+60deg,60,356.75997925,3.24002767,180.00000000,5.53584862
Simul_+60deg,60,357.11996460,2.87997603,180.00000000,5.70047283
Simul_+60deg,60,357.47998047,2.52002597,180.00000000,5.86287403
Simul_+60deg,60,357.83999634,2.16002965,180.00000000,6.02313805
Simul_+60deg,60,358.19998169,1.79994082,180.00000000,6.15412664
Simul_+60deg,60,358.55996704,1.44007802,180.00000000,6.26411963
Simul_+60deg,60,358.91998291,1.07992160,180.00000000,6.37569809
Simul_+60deg,60,359.27996826,0.72009277,180.00000000,6.48848438
Simul_+60deg,60,359.63998413,0.35990870,180.00000000,6.60252333
