trajectory,system,waypoint,waypoint_count,trajectory_angle_deg,distance_along_m,rx_config_name,snr_db_log_rounded,capacity_bits_s_hz_log_rounded,trajectory_angle_deg_exact,distance_along_m_exact,tx_center_x_m,tx_center_y_m,tx_center_z_m
Linear,Without Lens,0,21,,0.0,Simul_+4,17.7,5.87,,0.0,0.0,-9.5,2.0
Linear,Without Lens,0,21,,0.0,Simul_+3,17.8,5.9,,0.0,0.0,-9.5,2.0
Linear,Without Lens,0,21,,0.0,Simul_+2,17.9,5.92,,0.0,0.0,-9.5,2.0
Linear,Without Lens,0,21,,0.0,Simul_+1,17.8,5.92,,0.0,0.0,-9.5,2.0
Linear,Without Lens,0,21,,0.0,Simul_0,17.8,5.91,,0.0,0.0,-9.5,2.0
Linear,Without Lens,0,21,,0.0,Simul_-1,17.8,5.92,,0.0,0.0,-9.5,2.0
Linear,Without Lens,0,21,,0.0,Simul_-2,17.8,5.9,,0.0,0.0,-9.5,2.0
Linear,Without Lens,0,21,,0.0,Simul_-3,17.8,5.89,,0.0,0.0,-9.5,2.0
Linear,Without Lens,0,21,,0.0,Simul_-4,17.7,5.88,,0.0,0.0,-9.5,2.0
Linear,Without Lens,1,21,,0.95,Simul_+4,18.1,6.02,,0.95,0.0,-8.55,2.0
Linear,Without Lens,1,21,,0.95,Simul_+3,18.1,6.01,,0.95,0.0,-8.55,2.0
Linear,Without Lens,1,21,,0.95,Simul_+2,18.1,6.02,,0.95,0.0,-8.55,2.0
Linear,Without Lens,1,21,,0.95,Simul_+1,18.1,6.01,,0.95,0.0,-8.55,2.0
Linear,Without Lens,1,21,,0.95,Simul_0,18.0,5.99,,0.95,0.0,-8.55,2.0
Linear,Without Lens,1,21,,0.95,Simul_-1,18.0,5.97,,0.95,0.0,-8.55,2.0
Linear,Without Lens,1,21,,0.95,Simul_-2,18.0,5.99,,0.95,0.0,-8.55,2.0
Linear,Without Lens,1,21,,0.95,Simul_-3,18.1,6.0,,0.95,0.0,-8.55,2.0
Linear,Without Lens,1,21,,0.95,Simul_-4,18.1,6.01,,0.95,0.0,-8.55,2.0
Linear,Without Lens,2,21,,1.9,Simul_+4,18.9,6.26,,1.9,0.0,-7.6,2.0
Linear,Without Lens,2,21,,1.9,Simul_+3,18.8,6.23,,1.9,0.0,-7.6,2.0
Linear,Without Lens,2,21,,1.9,Simul_+2,18.8,6.25,,1.9,0.0,-7.6,2.0
Linear,Without Lens,2,21,,1.9,Simul_+1,18.9,6.27,,1.9,0.0,-7.6,2.0
Linear,Without Lens,2,21,,1.9,Simul_0,18.8,6.24,,1.9,0.0,-7.6,2.0
Linear,Without Lens,2,21,,1.9,Simul_-1,18.7,6.21,,1.9,0.0,-7.6,2.0
Linear,Without Lens,2,21,,1.9,Simul_-2,18.8,6.24,,1.9,0.0,-7.6,2.0
Linear,Without Lens,2,21,,1.9,Simul_-3,18.8,6.25,,1.9,0.0,-7.6,2.0
Linear,Without Lens,2,21,,1.9,Simul_-4,18.8,6.23,,1.9,0.0,-7.6,2.0
Linear,Without Lens,3,21,,2.85,Simul_+4,19.5,6.49,,2.8499999999999996,0.0,-6.65,2.0
Linear,Without Lens,3,21,,2.85,Simul_+3,19.5,6.47,,2.8499999999999996,0.0,-6.65,2.0
Linear,Without Lens,3,21,,2.85,Simul_+2,19.5,6.46,,2.8499999999999996,0.0,-6.65,2.0
Linear,Without Lens,3,21,,2.85,Simul_+1,19.5,6.48,,2.8499999999999996,0.0,-6.65,2.0
Linear,Without Lens,3,21,,2.85,Simul_0,19.5,6.47,,2.8499999999999996,0.0,-6.65,2.0
Linear,Without Lens,3,21,,2.85,Simul_-1,19.5,6.46,,2.8499999999999996,0.0,-6.65,2.0
Linear,Without Lens,3,21,,2.85,Simul_-2,19.5,6.48,,2.8499999999999996,0.0,-6.65,2.0
Linear,Without Lens,3,21,,2.85,Simul_-3,19.5,6.47,,2.8499999999999996,0.0,-6.65,2.0
Linear,Without Lens,3,21,,2.85,Simul_-4,19.5,6.46,,2.8499999999999996,0.0,-6.65,2.0
Linear,Without Lens,4,21,,3.8,Simul_+4,20.4,6.76,,3.8,0.0,-5.699999999999999,2.0
Linear,Without Lens,4,21,,3.8,Simul_+3,20.4,6.77,,3.8,0.0,-5.699999999999999,2.0
Linear,Without Lens,4,21,,3.8,Simul_+2,20.4,6.76,,3.8,0.0,-5.699999999999999,2.0
Linear,Without Lens,4,21,,3.8,Simul_+1,20.4,6.76,,3.8,0.0,-5.699999999999999,2.0
Linear,Without Lens,4,21,,3.8,Simul_0,20.4,6.77,,3.8,0.0,-5.699999999999999,2.0
Linear,Without Lens,4,21,,3.8,Simul_-1,20.4,6.75,,3.8,0.0,-5.699999999999999,2.0
Linear,Without Lens,4,21,,3.8,Simul_-2,20.4,6.77,,3.8,0.0,-5.699999999999999,2.0
Linear,Without Lens,4,21,,3.8,Simul_-3,20.4,6.76,,3.8,0.0,-5.699999999999999,2.0
Linear,Without Lens,4,21,,3.8,Simul_-4,20.4,6.76,,3.8,0.0,-5.699999999999999,2.0
Linear,Without Lens,5,21,,4.75,Simul_+4,21.1,7.02,,4.75,0.0,-4.75,2.0
Linear,Without Lens,5,21,,4.75,Simul_+3,21.1,7.0,,4.75,0.0,-4.75,2.0
Linear,Without Lens,5,21,,4.75,Simul_+2,21.1,7.01,,4.75,0.0,-4.75,2.0
Linear,Without Lens,5,21,,4.75,Simul_+1,21.1,7.0,,4.75,0.0,-4.75,2.0
Linear,Without Lens,5,21,,4.75,Simul_0,21.1,7.0,,4.75,0.0,-4.75,2.0
Linear,Without Lens,5,21,,4.75,Simul_-1,21.1,7.0,,4.75,0.0,-4.75,2.0
Linear,Without Lens,5,21,,4.75,Simul_-2,21.1,7.0,,4.75,0.0,-4.75,2.0
Linear,Without Lens,5,21,,4.75,Simul_-3,21.1,7.0,,4.75,0.0,-4.75,2.0
Linear,Without Lens,5,21,,4.75,Simul_-4,21.1,7.0,,4.75,0.0,-4.75,2.0
Linear,Without Lens,6,21,,5.7,Simul_+4,21.9,7.28,,5.699999999999999,0.0,-3.8,2.0
Linear,Without Lens,6,21,,5.7,Simul_+3,21.9,7.28,,5.699999999999999,0.0,-3.8,2.0
Linear,Without Lens,6,21,,5.7,Simul_+2,21.9,7.27,,5.699999999999999,0.0,-3.8,2.0
Linear,Without Lens,6,21,,5.7,Simul_+1,21.9,7.27,,5.699999999999999,0.0,-3.8,2.0
Linear,Without Lens,6,21,,5.7,Simul_0,21.9,7.27,,5.699999999999999,0.0,-3.8,2.0
Linear,Without Lens,6,21,,5.7,Simul_-1,21.9,7.28,,5.699999999999999,0.0,-3.8,2.0
Linear,Without Lens,6,21,,5.7,Simul_-2,21.9,7.28,,5.699999999999999,0.0,-3.8,2.0
Linear,Without Lens,6,21,,5.7,Simul_-3,21.9,7.28,,5.699999999999999,0.0,-3.8,2.0
Linear,Without Lens,6,21,,5.7,Simul_-4,21.9,7.28,,5.699999999999999,0.0,-3.8,2.0
Linear,Without Lens,7,21,,6.65,Simul_+4,22.6,7.5,,6.6499999999999995,0.0,-2.8500000000000005,2.0
Linear,Without Lens,7,21,,6.65,Simul_+3,22.6,7.5,,6.6499999999999995,0.0,-2.8500000000000005,2.0
Linear,Without Lens,7,21,,6.65,Simul_+2,22.6,7.5,,6.6499999999999995,0.0,-2.8500000000000005,2.0
Linear,Without Lens,7,21,,6.65,Simul_+1,22.6,7.49,,6.6499999999999995,0.0,-2.8500000000000005,2.0
Linear,Without Lens,7,21,,6.65,Simul_0,22.6,7.5,,6.6499999999999995,0.0,-2.8500000000000005,2.0
Linear,Without Lens,7,21,,6.65,Simul_-1,22.6,7.5,,6.6499999999999995,0.0,-2.8500000000000005,2.0
Linear,Without Lens,7,21,,6.65,Simul_-2,22.6,7.5,,6.6499999999999995,0.0,-2.8500000000000005,2.0
Linear,Without Lens,7,21,,6.65,Simul_-3,22.6,7.51,,6.6499999999999995,0.0,-2.8500000000000005,2.0
Linear,Without Lens,7,21,,6.65,Simul_-4,22.6,7.5,,6.6499999999999995,0.0,-2.8500000000000005,2.0
Linear,Without Lens,8,21,,7.6,Simul_+4,23.1,7.66,,7.6,0.0,-1.8999999999999995,2.0
Linear,Without Lens,8,21,,7.6,Simul_+3,23.1,7.66,,7.6,0.0,-1.8999999999999995,2.0
Linear,Without Lens,8,21,,7.6,Simul_+2,23.1,7.66,,7.6,0.0,-1.8999999999999995,2.0
Linear,Without Lens,8,21,,7.6,Simul_+1,23.1,7.66,,7.6,0.0,-1.8999999999999995,2.0
Linear,Without Lens,8,21,,7.6,Simul_0,23.1,7.66,,7.6,0.0,-1.8999999999999995,2.0
Linear,Without Lens,8,21,,7.6,Simul_-1,23.1,7.66,,7.6,0.0,-1.8999999999999995,2.0
Linear,Without Lens,8,21,,7.6,Simul_-2,23.1,7.66,,7.6,0.0,-1.8999999999999995,2.0
Linear,Without Lens,8,21,,7.6,Simul_-3,23.1,7.67,,7.6,0.0,-1.8999999999999995,2.0
Linear,Without Lens,8,21,,7.6,Simul_-4,23.1,7.67,,7.6,0.0,-1.8999999999999995,2.0
Linear,Without Lens,9,21,,8.55,Simul_+4,23.5,7.79,,8.549999999999999,0.0,-0.9499999999999993,2.0
Linear,Without Lens,9,21,,8.55,Simul_+3,23.4,7.79,,8.549999999999999,0.0,-0.9499999999999993,2.0
Linear,Without Lens,9,21,,8.55,Simul_+2,23.5,7.79,,8.549999999999999,0.0,-0.9499999999999993,2.0
Linear,Without Lens,9,21,,8.55,Simul_+1,23.4,7.79,,8.549999999999999,0.0,-0.9499999999999993,2.0
Linear,Without Lens,9,21,,8.55,Simul_0,23.4,7.79,,8.549999999999999,0.0,-0.9499999999999993,2.0
Linear,Without Lens,9,21,,8.55,Simul_-1,23.4,7.79,,8.549999999999999,0.0,-0.9499999999999993,2.0
Linear,Without Lens,9,21,,8.55,Simul_-2,23.4,7.79,,8.549999999999999,0.0,-0.9499999999999993,2.0
Linear,Without Lens,9,21,,8.55,Simul_-3,23.4,7.79,,8.549999999999999,0.0,-0.9499999999999993,2.0
Linear,Without Lens,9,21,,8.55,Simul_-4,23.4,7.79,,8.549999999999999,0.0,-0.9499999999999993,2.0
Linear,Without Lens,10,21,,9.5,Simul_+4,23.6,7.84,,9.5,0.0,0.0,2.0
Linear,Without Lens,10,21,,9.5,Simul_+3,23.6,7.83,,9.5,0.0,0.0,2.0
Linear,Without Lens,10,21,,9.5,Simul_+2,23.6,7.84,,9.5,0.0,0.0,2.0
Linear,Without Lens,10,21,,9.5,Simul_+1,23.5,7.81,,9.5,0.0,0.0,2.0
Linear,Without Lens,10,21,,9.5,Simul_0,23.7,7.85,,9.5,0.0,0.0,2.0
Linear,Without Lens,10,21,,9.5,Simul_-1,23.5,7.81,,9.5,0.0,0.0,2.0
Linear,Without Lens,10,21,,9.5,Simul_-2,23.6,7.84,,9.5,0.0,0.0,2.0
Linear,Without Lens,10,21,,9.5,Simul_-3,23.6,7.83,,9.5,0.0,0.0,2.0
Linear,Without Lens,10,21,,9.5,Simul_-4,23.6,7.84,,9.5,0.0,0.0,2.0
Linear,Without Lens,11,21,,10.45,Simul_+4,23.4,7.79,,10.45,0.0,0.9500000000000011,2.0
Linear,Without Lens,11,21,,10.45,Simul_+3,23.4,7.79,,10.45,0.0,0.9500000000000011,2.0
Linear,Without Lens,11,21,,10.45,Simul_+2,23.4,7.79,,10.45,0.0,0.9500000000000011,2.0
Linear,Without Lens,11,21,,10.45,Simul_+1,23.4,7.79,,10.45,0.0,0.9500000000000011,2.0
Linear,Without Lens,11,21,,10.45,Simul_0,23.4,7.79,,10.45,0.0,0.9500000000000011,2.0
Linear,Without Lens,11,21,,10.45,Simul_-1,23.4,7.79,,10.45,0.0,0.9500000000000011,2.0
Linear,Without Lens,11,21,,10.45,Simul_-2,23.5,7.79,,10.45,0.0,0.9500000000000011,2.0
Linear,Without Lens,11,21,,10.45,Simul_-3,23.4,7.79,,10.45,0.0,0.9500000000000011,2.0
Linear,Without Lens,11,21,,10.45,Simul_-4,23.5,7.79,,10.45,0.0,0.9500000000000011,2.0
Linear,Without Lens,12,21,,11.4,Simul_+4,23.1,7.67,,11.399999999999999,0.0,1.9000000000000004,2.0
Linear,Without Lens,12,21,,11.4,Simul_+3,23.1,7.67,,11.399999999999999,0.0,1.9000000000000004,2.0
Linear,Without Lens,12,21,,11.4,Simul_+2,23.1,7.66,,11.399999999999999,0.0,1.9000000000000004,2.0
Linear,Without Lens,12,21,,11.4,Simul_+1,23.1,7.66,,11.399999999999999,0.0,1.9000000000000004,2.0
Linear,Without Lens,12,21,,11.4,Simul_0,23.1,7.66,,11.399999999999999,0.0,1.9000000000000004,2.0
Linear,Without Lens,12,21,,11.4,Simul_-1,23.1,7.66,,11.399999999999999,0.0,1.9000000000000004,2.0
Linear,Without Lens,12,21,,11.4,Simul_-2,23.1,7.66,,11.399999999999999,0.0,1.9000000000000004,2.0
Linear,Without Lens,12,21,,11.4,Simul_-3,23.1,7.66,,11.399999999999999,0.0,1.9000000000000004,2.0
Linear,Without Lens,12,21,,11.4,Simul_-4,23.1,7.66,,11.399999999999999,0.0,1.9000000000000004,2.0
Linear,Without Lens,13,21,,12.35,Simul_+4,22.6,7.49,,12.35,0.0,2.8499999999999996,2.0
Linear,Without Lens,13,21,,12.35,Simul_+3,22.6,7.5,,12.35,0.0,2.8499999999999996,2.0
Linear,Without Lens,13,21,,12.35,Simul_+2,22.6,7.49,,12.35,0.0,2.8499999999999996,2.0
Linear,Without Lens,13,21,,12.35,Simul_+1,22.6,7.49,,12.35,0.0,2.8499999999999996,2.0
Linear,Without Lens,13,21,,12.35,Simul_0,22.5,7.49,,12.35,0.0,2.8499999999999996,2.0
Linear,Without Lens,13,21,,12.35,Simul_-1,22.5,7.49,,12.35,0.0,2.8499999999999996,2.0
Linear,Without Lens,13,21,,12.35,Simul_-2,22.5,7.49,,12.35,0.0,2.8499999999999996,2.0
Linear,Without Lens,13,21,,12.35,Simul_-3,22.6,7.5,,12.35,0.0,2.8499999999999996,2.0
Linear,Without Lens,13,21,,12.35,Simul_-4,22.6,7.5,,12.35,0.0,2.8499999999999996,2.0
Linear,Without Lens,14,21,,13.3,Simul_+4,21.9,7.27,,13.299999999999999,0.0,3.799999999999999,2.0
Linear,Without Lens,14,21,,13.3,Simul_+3,21.9,7.27,,13.299999999999999,0.0,3.799999999999999,2.0
Linear,Without Lens,14,21,,13.3,Simul_+2,21.9,7.27,,13.299999999999999,0.0,3.799999999999999,2.0
Linear,Without Lens,14,21,,13.3,Simul_+1,21.9,7.27,,13.299999999999999,0.0,3.799999999999999,2.0
Linear,Without Lens,14,21,,13.3,Simul_0,21.9,7.27,,13.299999999999999,0.0,3.799999999999999,2.0
Linear,Without Lens,14,21,,13.3,Simul_-1,21.9,7.26,,13.299999999999999,0.0,3.799999999999999,2.0
Linear,Without Lens,14,21,,13.3,Simul_-2,21.9,7.27,,13.299999999999999,0.0,3.799999999999999,2.0
Linear,Without Lens,14,21,,13.3,Simul_-3,21.9,7.27,,13.299999999999999,0.0,3.799999999999999,2.0
Linear,Without Lens,14,21,,13.3,Simul_-4,21.9,7.27,,13.299999999999999,0.0,3.799999999999999,2.0
Linear,Without Lens,15,21,,14.25,Simul_+4,21.1,7.0,,14.25,0.0,4.75,2.0
Linear,Without Lens,15,21,,14.25,Simul_+3,21.1,7.0,,14.25,0.0,4.75,2.0
Linear,Without Lens,15,21,,14.25,Simul_+2,21.1,7.0,,14.25,0.0,4.75,2.0
Linear,Without Lens,15,21,,14.25,Simul_+1,21.1,7.0,,14.25,0.0,4.75,2.0
Linear,Without Lens,15,21,,14.25,Simul_0,21.1,7.0,,14.25,0.0,4.75,2.0
Linear,Without Lens,15,21,,14.25,Simul_-1,21.1,7.0,,14.25,0.0,4.75,2.0
Linear,Without Lens,15,21,,14.25,Simul_-2,21.1,7.01,,14.25,0.0,4.75,2.0
Linear,Without Lens,15,21,,14.25,Simul_-3,21.1,7.0,,14.25,0.0,4.75,2.0
Linear,Without Lens,15,21,,14.25,Simul_-4,21.1,7.02,,14.25,0.0,4.75,2.0
Linear,Without Lens,16,21,,15.2,Simul_+4,20.4,6.77,,15.2,0.0,5.700000000000001,2.0
Linear,Without Lens,16,21,,15.2,Simul_+3,20.4,6.77,,15.2,0.0,5.700000000000001,2.0
Linear,Without Lens,16,21,,15.2,Simul_+2,20.4,6.78,,15.2,0.0,5.700000000000001,2.0
Linear,Without Lens,16,21,,15.2,Simul_+1,20.4,6.76,,15.2,0.0,5.700000000000001,2.0
Linear,Without Lens,16,21,,15.2,Simul_0,20.4,6.77,,15.2,0.0,5.700000000000001,2.0
Linear,Without Lens,16,21,,15.2,Simul_-1,20.4,6.76,,15.2,0.0,5.700000000000001,2.0
Linear,Without Lens,16,21,,15.2,Simul_-2,20.4,6.77,,15.2,0.0,5.700000000000001,2.0
Linear,Without Lens,16,21,,15.2,Simul_-3,20.4,6.77,,15.2,0.0,5.700000000000001,2.0
Linear,Without Lens,16,21,,15.2,Simul_-4,20.4,6.77,,15.2,0.0,5.700000000000001,2.0
Linear,Without Lens,17,21,,16.15,Simul_+4,19.5,6.47,,16.15,0.0,6.649999999999999,2.0
Linear,Without Lens,17,21,,16.15,Simul_+3,19.5,6.47,,16.15,0.0,6.649999999999999,2.0
Linear,Without Lens,17,21,,16.15,Simul_+2,19.5,6.48,,16.15,0.0,6.649999999999999,2.0
Linear,Without Lens,17,21,,16.15,Simul_+1,19.5,6.47,,16.15,0.0,6.649999999999999,2.0
Linear,Without Lens,17,21,,16.15,Simul_0,19.5,6.48,,16.15,0.0,6.649999999999999,2.0
Linear,Without Lens,17,21,,16.15,Simul_-1,19.5,6.49,,16.15,0.0,6.649999999999999,2.0
Linear,Without Lens,17,21,,16.15,Simul_-2,19.5,6.47,,16.15,0.0,6.649999999999999,2.0
Linear,Without Lens,17,21,,16.15,Simul_-3,19.5,6.48,,16.15,0.0,6.649999999999999,2.0
Linear,Without Lens,17,21,,16.15,Simul_-4,19.6,6.5,,16.15,0.0,6.649999999999999,2.0
Linear,Without Lens,18,21,,17.1,Simul_+4,18.8,6.25,,17.099999999999998,0.0,7.600000000000001,2.0
Linear,Without Lens,18,21,,17.1,Simul_+3,18.9,6.26,,17.099999999999998,0.0,7.600000000000001,2.0
Linear,Without Lens,18,21,,17.1,Simul_+2,18.8,6.26,,17.099999999999998,0.0,7.600000000000001,2.0
Linear,Without Lens,18,21,,17.1,Simul_+1,18.7,6.22,,17.099999999999998,0.0,7.600000000000001,2.0
Linear,Without Lens,18,21,,17.1,Simul_0,18.8,6.25,,17.099999999999998,0.0,7.600000000000001,2.0
Linear,Without Lens,18,21,,17.1,Simul_-1,18.9,6.28,,17.099999999999998,0.0,7.600000000000001,2.0
Linear,Without Lens,18,21,,17.1,Simul_-2,18.9,6.26,,17.099999999999998,0.0,7.600000000000001,2.0
Linear,Without Lens,18,21,,17.1,Simul_-3,18.8,6.24,,17.099999999999998,0.0,7.600000000000001,2.0
Linear,Without Lens,18,21,,17.1,Simul_-4,18.9,6.27,,17.099999999999998,0.0,7.600000000000001,2.0
Linear,Without Lens,19,21,,18.05,Simul_+4,18.1,6.03,,18.05,0.0,8.55,2.0
Linear,Without Lens,19,21,,18.05,Simul_+3,18.1,6.02,,18.05,0.0,8.55,2.0
Linear,Without Lens,19,21,,18.05,Simul_+2,18.1,6.0,,18.05,0.0,8.55,2.0
Linear,Without Lens,19,21,,18.05,Simul_+1,18.0,5.98,,18.05,0.0,8.55,2.0
Linear,Without Lens,19,21,,18.05,Simul_0,18.1,6.0,,18.05,0.0,8.55,2.0
Linear,Without Lens,19,21,,18.05,Simul_-1,18.1,6.02,,18.05,0.0,8.55,2.0
Linear,Without Lens,19,21,,18.05,Simul_-2,18.1,6.03,,18.05,0.0,8.55,2.0
Linear,Without Lens,19,21,,18.05,Simul_-3,18.1,6.02,,18.05,0.0,8.55,2.0
Linear,Without Lens,19,21,,18.05,Simul_-4,18.2,6.04,,18.05,0.0,8.55,2.0
Linear,Without Lens,20,21,,19.0,Simul_+4,17.8,5.89,,19.0,0.0,9.5,2.0
Linear,Without Lens,20,21,,19.0,Simul_+3,17.8,5.9,,19.0,0.0,9.5,2.0
Linear,Without Lens,20,21,,19.0,Simul_+2,17.8,5.91,,19.0,0.0,9.5,2.0
Linear,Without Lens,20,21,,19.0,Simul_+1,17.9,5.93,,19.0,0.0,9.5,2.0
Linear,Without Lens,20,21,,19.0,Simul_0,17.9,5.92,,19.0,0.0,9.5,2.0
Linear,Without Lens,20,21,,19.0,Simul_-1,17.9,5.93,,19.0,0.0,9.5,2.0
Linear,Without Lens,20,21,,19.0,Simul_-2,17.9,5.93,,19.0,0.0,9.5,2.0
Linear,Without Lens,20,21,,19.0,Simul_-3,17.9,5.92,,19.0,0.0,9.5,2.0
Linear,Without Lens,20,21,,19.0,Simul_-4,17.7,5.88,,19.0,0.0,9.5,2.0
Half-Circular,Without Lens,0,37,,0.0,Simul_+4,17.7,5.86,-90.0,0.0,5.51091059616309e-16,-9.0,2.0
Half-Circular,Without Lens,0,37,,0.0,Simul_+3,17.7,5.87,-90.0,0.0,5.51091059616309e-16,-9.0,2.0
Half-Circular,Without Lens,0,37,,0.0,Simul_+2,17.9,5.94,-90.0,0.0,5.51091059616309e-16,-9.0,2.0
Half-Circular,Without Lens,0,37,,0.0,Simul_+1,18.1,5.99,-90.0,0.0,5.51091059616309e-16,-9.0,2.0
Half-Circular,Without Lens,0,37,,0.0,Simul_0,18.0,5.98,-90.0,0.0,5.51091059616309e-16,-9.0,2.0
Half-Circular,Without Lens,0,37,,0.0,Simul_-1,17.8,5.91,-90.0,0.0,5.51091059616309e-16,-9.0,2.0
Half-Circular,Without Lens,0,37,,0.0,Simul_-2,17.7,5.87,-90.0,0.0,5.51091059616309e-16,-9.0,2.0
Half-Circular,Without Lens,0,37,,0.0,Simul_-3,17.8,5.89,-90.0,0.0,5.51091059616309e-16,-9.0,2.0
Half-Circular,Without Lens,0,37,,0.0,Simul_-4,17.9,5.92,-90.0,0.0,5.51091059616309e-16,-9.0,2.0
Half-Circular,Without Lens,1,37,,0.79,Simul_+4,17.8,5.91,-85.0,0.7853981633974483,0.7844016847289232,-8.96575228282571,2.0
Half-Circular,Without Lens,1,37,,0.79,Simul_+3,17.9,5.95,-85.0,0.7853981633974483,0.7844016847289232,-8.96575228282571,2.0
Half-Circular,Without Lens,1,37,,0.79,Simul_+2,18.0,5.98,-85.0,0.7853981633974483,0.7844016847289232,-8.96575228282571,2.0
Half-Circular,Without Lens,1,37,,0.79,Simul_+1,18.1,6.0,-85.0,0.7853981633974483,0.7844016847289232,-8.96575228282571,2.0
Half-Circular,Without Lens,1,37,,0.79,Simul_0,18.0,6.0,-85.0,0.7853981633974483,0.7844016847289232,-8.96575228282571,2.0
Half-Circular,Without Lens,1,37,,0.79,Simul_-1,17.9,5.95,-85.0,0.7853981633974483,0.7844016847289232,-8.96575228282571,2.0
Half-Circular,Without Lens,1,37,,0.79,Simul_-2,17.9,5.93,-85.0,0.7853981633974483,0.7844016847289232,-8.96575228282571,2.0
Half-Circular,Without Lens,1,37,,0.79,Simul_-3,18.0,5.98,-85.0,0.7853981633974483,0.7844016847289232,-8.96575228282571,2.0
Half-Circular,Without Lens,1,37,,0.79,Simul_-4,18.1,6.01,-85.0,0.7853981633974483,0.7844016847289232,-8.96575228282571,2.0
Half-Circular,Without Lens,2,37,,1.57,Simul_+4,17.9,5.96,-80.0,1.5707963267948966,1.5628335990023738,-8.863269777109872,2.0
Half-Circular,Without Lens,2,37,,1.57,Simul_+3,17.8,5.91,-80.0,1.5707963267948966,1.5628335990023738,-8.863269777109872,2.0
Half-Circular,Without Lens,2,37,,1.57,Simul_+2,17.7,5.9,-80.0,1.5707963267948966,1.5628335990023738,-8.863269777109872,2.0
Half-Circular,Without Lens,2,37,,1.57,Simul_+1,17.9,5.94,-80.0,1.5707963267948966,1.5628335990023738,-8.863269777109872,2.0
Half-Circular,Without Lens,2,37,,1.57,Simul_0,18.1,6.0,-80.0,1.5707963267948966,1.5628335990023738,-8.863269777109872,2.0
Half-Circular,Without Lens,2,37,,1.57,Simul_-1,18.1,6.0,-80.0,1.5707963267948966,1.5628335990023738,-8.863269777109872,2.0
Half-Circular,Without Lens,2,37,,1.57,Simul_-2,17.8,5.93,-80.0,1.5707963267948966,1.5628335990023738,-8.863269777109872,2.0
Half-Circular,Without Lens,2,37,,1.57,Simul_-3,17.7,5.89,-80.0,1.5707963267948966,1.5628335990023738,-8.863269777109872,2.0
Half-Circular,Without Lens,2,37,,1.57,Simul_-4,17.9,5.93,-80.0,1.5707963267948966,1.5628335990023738,-8.863269777109872,2.0
Half-Circular,Without Lens,3,37,,2.36,Simul_+4,18.0,5.97,-75.0,2.356194490192345,2.3293714059226867,-8.693332436601615,2.0
Half-Circular,Without Lens,3,37,,2.36,Simul_+3,17.9,5.94,-75.0,2.356194490192345,2.3293714059226867,-8.693332436601615,2.0
Half-Circular,Without Lens,3,37,,2.36,Simul_+2,17.9,5.94,-75.0,2.356194490192345,2.3293714059226867,-8.693332436601615,2.0
Half-Circular,Without Lens,3,37,,2.36,Simul_+1,17.9,5.94,-75.0,2.356194490192345,2.3293714059226867,-8.693332436601615,2.0
Half-Circular,Without Lens,3,37,,2.36,Simul_0,17.9,5.93,-75.0,2.356194490192345,2.3293714059226867,-8.693332436601615,2.0
Half-Circular,Without Lens,3,37,,2.36,Simul_-1,17.9,5.95,-75.0,2.356194490192345,2.3293714059226867,-8.693332436601615,2.0
Half-Circular,Without Lens,3,37,,2.36,Simul_-2,18.0,5.97,-75.0,2.356194490192345,2.3293714059226867,-8.693332436601615,2.0
Half-Circular,Without Lens,3,37,,2.36,Simul_-3,18.0,5.96,-75.0,2.356194490192345,2.3293714059226867,-8.693332436601615,2.0
Half-Circular,Without Lens,3,37,,2.36,Simul_-4,17.9,5.94,-75.0,2.356194490192345,2.3293714059226867,-8.693332436601615,2.0
Half-Circular,Without Lens,4,37,,3.14,Simul_+4,18.1,5.99,-70.0,3.141592653589793,3.0781812899310195,-8.457233587073175,2.0
Half-Circular,Without Lens,4,37,,3.14,Simul_+3,18.1,6.02,-70.0,3.141592653589793,3.0781812899310195,-8.457233587073175,2.0
Half-Circular,Without Lens,4,37,,3.14,Simul_+2,18.1,5.99,-70.0,3.141592653589793,3.0781812899310195,-8.457233587073175,2.0
Half-Circular,Without Lens,4,37,,3.14,Simul_+1,18.1,5.97,-70.0,3.141592653589793,3.0781812899310195,-8.457233587073175,2.0
Half-Circular,Without Lens,4,37,,3.14,Simul_0,17.9,5.94,-70.0,3.141592653589793,3.0781812899310195,-8.457233587073175,2.0
Half-Circular,Without Lens,4,37,,3.14,Simul_-1,17.9,5.94,-70.0,3.141592653589793,3.0781812899310195,-8.457233587073175,2.0
Half-Circular,Without Lens,4,37,,3.14,Simul_-2,17.9,5.94,-70.0,3.141592653589793,3.0781812899310195,-8.457233587073175,2.0
Half-Circular,Without Lens,4,37,,3.14,Simul_-3,18.0,5.97,-70.0,3.141592653589793,3.0781812899310195,-8.457233587073175,2.0
Half-Circular,Without Lens,4,37,,3.14,Simul_-4,18.0,5.99,-70.0,3.141592653589793,3.0781812899310195,-8.457233587073175,2.0
Half-Circular,Without Lens,5,37,,3.93,Simul_+4,18.4,6.11,-65.0,3.9269908169872414,3.803564355666295,-8.15677008332985,2.0
Half-Circular,Without Lens,5,37,,3.93,Simul_+3,18.4,6.08,-65.0,3.9269908169872414,3.803564355666295,-8.15677008332985,2.0
Half-Circular,Without Lens,5,37,,3.93,Simul_+2,18.3,6.05,-65.0,3.9269908169872414,3.803564355666295,-8.15677008332985,2.0
Half-Circular,Without Lens,5,37,,3.93,Simul_+1,18.3,6.04,-65.0,3.9269908169872414,3.803564355666295,-8.15677008332985,2.0
Half-Circular,Without Lens,5,37,,3.93,Simul_0,18.2,6.02,-65.0,3.9269908169872414,3.803564355666295,-8.15677008332985,2.0
Half-Circular,Without Lens,5,37,,3.93,Simul_-1,18.2,6.01,-65.0,3.9269908169872414,3.803564355666295,-8.15677008332985,2.0
Half-Circular,Without Lens,5,37,,3.93,Simul_-2,18.2,5.99,-65.0,3.9269908169872414,3.803564355666295,-8.15677008332985,2.0
Half-Circular,Without Lens,5,37,,3.93,Simul_-3,18.1,5.96,-65.0,3.9269908169872414,3.803564355666295,-8.15677008332985,2.0
Half-Circular,Without Lens,5,37,,3.93,Simul_-4,17.9,5.93,-65.0,3.9269908169872414,3.803564355666295,-8.15677008332985,2.0
Half-Circular,Without Lens,6,37,,4.71,Simul_+4,18.3,6.05,-60.0,4.71238898038469,4.500000000000001,-7.794228634059947,2.0
Half-Circular,Without Lens,6,37,,4.71,Simul_+3,18.2,6.04,-60.0,4.71238898038469,4.500000000000001,-7.794228634059947,2.0
Half-Circular,Without Lens,6,37,,4.71,Simul_+2,18.2,6.02,-60.0,4.71238898038469,4.500000000000001,-7.794228634059947,2.0
Half-Circular,Without Lens,6,37,,4.71,Simul_+1,18.2,6.03,-60.0,4.71238898038469,4.500000000000001,-7.794228634059947,2.0
Half-Circular,Without Lens,6,37,,4.71,Simul_0,18.2,6.02,-60.0,4.71238898038469,4.500000000000001,-7.794228634059947,2.0
Half-Circular,Without Lens,6,37,,4.71,Simul_-1,18.2,6.01,-60.0,4.71238898038469,4.500000000000001,-7.794228634059947,2.0
Half-Circular,Without Lens,6,37,,4.71,Simul_-2,18.3,6.05,-60.0,4.71238898038469,4.500000000000001,-7.794228634059947,2.0
Half-Circular,Without Lens,6,37,,4.71,Simul_-3,18.3,6.05,-60.0,4.71238898038469,4.500000000000001,-7.794228634059947,2.0
Half-Circular,Without Lens,6,37,,4.71,Simul_-4,18.2,6.03,-60.0,4.71238898038469,4.500000000000001,-7.794228634059947,2.0
Half-Circular,Without Lens,7,37,,5.5,Simul_+4,18.2,6.04,-55.0,5.497787143782138,5.162187927159414,-7.372368398600926,2.0
Half-Circular,Without Lens,7,37,,5.5,Simul_+3,18.3,6.05,-55.0,5.497787143782138,5.162187927159414,-7.372368398600926,2.0
Half-Circular,Without Lens,7,37,,5.5,Simul_+2,18.3,6.04,-55.0,5.497787143782138,5.162187927159414,-7.372368398600926,2.0
Half-Circular,Without Lens,7,37,,5.5,Simul_+1,18.1,6.0,-55.0,5.497787143782138,5.162187927159414,-7.372368398600926,2.0
Half-Circular,Without Lens,7,37,,5.5,Simul_0,18.1,6.02,-55.0,5.497787143782138,5.162187927159414,-7.372368398600926,2.0
Half-Circular,Without Lens,7,37,,5.5,Simul_-1,18.2,6.04,-55.0,5.497787143782138,5.162187927159414,-7.372368398600926,2.0
Half-Circular,Without Lens,7,37,,5.5,Simul_-2,18.2,6.04,-55.0,5.497787143782138,5.162187927159414,-7.372368398600926,2.0
Half-Circular,Without Lens,7,37,,5.5,Simul_-3,18.2,6.05,-55.0,5.497787143782138,5.162187927159414,-7.372368398600926,2.0
Half-Circular,Without Lens,7,37,,5.5,Simul_-4,18.2,6.04,-55.0,5.497787143782138,5.162187927159414,-7.372368398600926,2.0
Half-Circular,Without Lens,8,37,,6.28,Simul_+4,18.3,6.07,-50.0,6.283185307179586,5.785088487178855,-6.894399988070802,2.0
Half-Circular,Without Lens,8,37,,6.28,Simul_+3,18.4,6.1,-50.0,6.283185307179586,5.785088487178855,-6.894399988070802,2.0
Half-Circular,Without Lens,8,37,,6.28,Simul_+2,18.3,6.08,-50.0,6.283185307179586,5.785088487178855,-6.894399988070802,2.0
Half-Circular,Without Lens,8,37,,6.28,Simul_+1,18.3,6.07,-50.0,6.283185307179586,5.785088487178855,-6.894399988070802,2.0
Half-Circular,Without Lens,8,37,,6.28,Simul_0,18.3,6.07,-50.0,6.283185307179586,5.785088487178855,-6.894399988070802,2.0
Half-Circular,Without Lens,8,37,,6.28,Simul_-1,18.4,6.1,-50.0,6.283185307179586,5.785088487178855,-6.894399988070802,2.0
Half-Circular,Without Lens,8,37,,6.28,Simul_-2,18.3,6.07,-50.0,6.283185307179586,5.785088487178855,-6.894399988070802,2.0
Half-Circular,Without Lens,8,37,,6.28,Simul_-3,18.3,6.08,-50.0,6.283185307179586,5.785088487178855,-6.894399988070802,2.0
Half-Circular,Without Lens,8,37,,6.28,Simul_-4,18.3,6.09,-50.0,6.283185307179586,5.785088487178855,-6.894399988070802,2.0
Half-Circular,Without Lens,9,37,,7.07,Simul_+4,18.3,6.07,-45.0,7.0685834705770345,6.3639610306789285,-6.3639610306789285,2.0
Half-Circular,Without Lens,9,37,,7.07,Simul_+3,18.4,6.1,-45.0,7.0685834705770345,6.3639610306789285,-6.3639610306789285,2.0
Half-Circular,Without Lens,9,37,,7.07,Simul_+2,18.4,6.1,-45.0,7.0685834705770345,6.3639610306789285,-6.3639610306789285,2.0
Half-Circular,Without Lens,9,37,,7.07,Simul_+1,18.4,6.08,-45.0,7.0685834705770345,6.3639610306789285,-6.3639610306789285,2.0
Half-Circular,Without Lens,9,37,,7.07,Simul_0,18.4,6.1,-45.0,7.0685834705770345,6.3639610306789285,-6.3639610306789285,2.0
Half-Circular,Without Lens,9,37,,7.07,Simul_-1,18.3,6.07,-45.0,7.0685834705770345,6.3639610306789285,-6.3639610306789285,2.0
Half-Circular,Without Lens,9,37,,7.07,Simul_-2,18.4,6.09,-45.0,7.0685834705770345,6.3639610306789285,-6.3639610306789285,2.0
Half-Circular,Without Lens,9,37,,7.07,Simul_-3,18.3,6.09,-45.0,7.0685834705770345,6.3639610306789285,-6.3639610306789285,2.0
Half-Circular,Without Lens,9,37,,7.07,Simul_-4,18.3,6.05,-45.0,7.0685834705770345,6.3639610306789285,-6.3639610306789285,2.0
Half-Circular,Without Lens,10,37,,7.85,Simul_+4,18.3,6.05,-40.0,7.853981633974483,6.894399988070802,-5.785088487178854,2.0
Half-Circular,Without Lens,10,37,,7.85,Simul_+3,18.0,5.96,-40.0,7.853981633974483,6.894399988070802,-5.785088487178854,2.0
Half-Circular,Without Lens,10,37,,7.85,Simul_+2,18.3,6.05,-40.0,7.853981633974483,6.894399988070802,-5.785088487178854,2.0
Half-Circular,Without Lens,10,37,,7.85,Simul_+1,18.0,5.96,-40.0,7.853981633974483,6.894399988070802,-5.785088487178854,2.0
Half-Circular,Without Lens,10,37,,7.85,Simul_0,18.0,5.99,-40.0,7.853981633974483,6.894399988070802,-5.785088487178854,2.0
Half-Circular,Without Lens,10,37,,7.85,Simul_-1,18.1,6.0,-40.0,7.853981633974483,6.894399988070802,-5.785088487178854,2.0
Half-Circular,Without Lens,10,37,,7.85,Simul_-2,17.9,5.94,-40.0,7.853981633974483,6.894399988070802,-5.785088487178854,2.0
Half-Circular,Without Lens,10,37,,7.85,Simul_-3,18.1,5.97,-40.0,7.853981633974483,6.894399988070802,-5.785088487178854,2.0
Half-Circular,Without Lens,10,37,,7.85,Simul_-4,18.0,5.97,-40.0,7.853981633974483,6.894399988070802,-5.785088487178854,2.0
Half-Circular,Without Lens,11,37,,8.64,Simul_+4,18.6,6.15,-35.0,8.639379797371932,7.372368398600926,-5.162187927159414,2.0
Half-Circular,Without Lens,11,37,,8.64,Simul_+3,18.5,6.13,-35.0,8.639379797371932,7.372368398600926,-5.162187927159414,2.0
Half-Circular,Without Lens,11,37,,8.64,Simul_+2,18.6,6.13,-35.0,8.639379797371932,7.372368398600926,-5.162187927159414,2.0
Half-Circular,Without Lens,11,37,,8.64,Simul_+1,18.5,6.13,-35.0,8.639379797371932,7.372368398600926,-5.162187927159414,2.0
Half-Circular,Without Lens,11,37,,8.64,Simul_0,18.5,6.13,-35.0,8.639379797371932,7.372368398600926,-5.162187927159414,2.0
Half-Circular,Without Lens,11,37,,8.64,Simul_-1,18.5,6.15,-35.0,8.639379797371932,7.372368398600926,-5.162187927159414,2.0
Half-Circular,Without Lens,11,37,,8.64,Simul_-2,18.5,6.13,-35.0,8.639379797371932,7.372368398600926,-5.162187927159414,2.0
Half-Circular,Without Lens,11,37,,8.64,Simul_-3,18.6,6.16,-35.0,8.639379797371932,7.372368398600926,-5.162187927159414,2.0
Half-Circular,Without Lens,11,37,,8.64,Simul_-4,18.6,6.14,-35.0,8.639379797371932,7.372368398600926,-5.162187927159414,2.0
Half-Circular,Without Lens,12,37,,9.42,Simul_+4,18.5,6.13,-30.0,9.42477796076938,7.794228634059948,-4.499999999999999,2.0
Half-Circular,Without Lens,12,37,,9.42,Simul_+3,18.5,6.15,-30.0,9.42477796076938,7.794228634059948,-4.499999999999999,2.0
Half-Circular,Without Lens,12,37,,9.42,Simul_+2,18.7,6.19,-30.0,9.42477796076938,7.794228634059948,-4.499999999999999,2.0
Half-Circular,Without Lens,12,37,,9.42,Simul_+1,18.5,6.16,-30.0,9.42477796076938,7.794228634059948,-4.499999999999999,2.0
Half-Circular,Without Lens,12,37,,9.42,Simul_0,18.7,6.19,-30.0,9.42477796076938,7.794228634059948,-4.499999999999999,2.0
Half-Circular,Without Lens,12,37,,9.42,Simul_-1,18.7,6.18,-30.0,9.42477796076938,7.794228634059948,-4.499999999999999,2.0
Half-Circular,Without Lens,12,37,,9.42,Simul_-2,18.6,6.17,-30.0,9.42477796076938,7.794228634059948,-4.499999999999999,2.0
Half-Circular,Without Lens,12,37,,9.42,Simul_-3,18.7,6.19,-30.0,9.42477796076938,7.794228634059948,-4.499999999999999,2.0
Half-Circular,Without Lens,12,37,,9.42,Simul_-4,18.6,6.16,-30.0,9.42477796076938,7.794228634059948,-4.499999999999999,2.0
Half-Circular,Without Lens,13,37,,10.21,Simul_+4,18.1,6.02,-25.0,10.210176124166829,8.15677008332985,-3.803564355666295,2.0
Half-Circular,Without Lens,13,37,,10.21,Simul_+3,18.2,6.03,-25.0,10.210176124166829,8.15677008332985,-3.803564355666295,2.0
Half-Circular,Without Lens,13,37,,10.21,Simul_+2,18.1,6.01,-25.0,10.210176124166829,8.15677008332985,-3.803564355666295,2.0
Half-Circular,Without Lens,13,37,,10.21,Simul_+1,18.1,6.01,-25.0,10.210176124166829,8.15677008332985,-3.803564355666295,2.0
Half-Circular,Without Lens,13,37,,10.21,Simul_0,18.2,6.01,-25.0,10.210176124166829,8.15677008332985,-3.803564355666295,2.0
Half-Circular,Without Lens,13,37,,10.21,Simul_-1,18.2,6.02,-25.0,10.210176124166829,8.15677008332985,-3.803564355666295,2.0
Half-Circular,Without Lens,13,37,,10.21,Simul_-2,18.2,6.03,-25.0,10.210176124166829,8.15677008332985,-3.803564355666295,2.0
Half-Circular,Without Lens,13,37,,10.21,Simul_-3,18.3,6.05,-25.0,10.210176124166829,8.15677008332985,-3.803564355666295,2.0
Half-Circular,Without Lens,13,37,,10.21,Simul_-4,18.2,6.02,-25.0,10.210176124166829,8.15677008332985,-3.803564355666295,2.0
Half-Circular,Without Lens,14,37,,10.99,Simul_+4,18.4,6.1,-20.0,10.995574287564276,8.457233587073176,-3.0781812899310186,2.0
Half-Circular,Without Lens,14,37,,10.99,Simul_+3,18.4,6.09,-20.0,10.995574287564276,8.457233587073176,-3.0781812899310186,2.0
Half-Circular,Without Lens,14,37,,10.99,Simul_+2,18.4,6.09,-20.0,10.995574287564276,8.457233587073176,-3.0781812899310186,2.0
Half-Circular,Without Lens,14,37,,10.99,Simul_+1,18.4,6.09,-20.0,10.995574287564276,8.457233587073176,-3.0781812899310186,2.0
Half-Circular,Without Lens,14,37,,10.99,Simul_0,18.4,6.08,-20.0,10.995574287564276,8.457233587073176,-3.0781812899310186,2.0
Half-Circular,Without Lens,14,37,,10.99,Simul_-1,18.4,6.09,-20.0,10.995574287564276,8.457233587073176,-3.0781812899310186,2.0
Half-Circular,Without Lens,14,37,,10.99,Simul_-2,18.4,6.09,-20.0,10.995574287564276,8.457233587073176,-3.0781812899310186,2.0
Half-Circular,Without Lens,14,37,,10.99,Simul_-3,18.5,6.13,-20.0,10.995574287564276,8.457233587073176,-3.0781812899310186,2.0
Half-Circular,Without Lens,14,37,,10.99,Simul_-4,18.4,6.1,-20.0,10.995574287564276,8.457233587073176,-3.0781812899310186,2.0
Half-Circular,Without Lens,15,37,,11.78,Simul_+4,18.3,6.07,-15.0,11.780972450961725,8.693332436601615,-2.3293714059226867,2.0
Half-Circular,Without Lens,15,37,,11.78,Simul_+3,18.3,6.06,-15.0,11.780972450961725,8.693332436601615,-2.3293714059226867,2.0
Half-Circular,Without Lens,15,37,,11.78,Simul_+2,18.3,6.05,-15.0,11.780972450961725,8.693332436601615,-2.3293714059226867,2.0
Half-Circular,Without Lens,15,37,,11.78,Simul_+1,18.3,6.05,-15.0,11.780972450961725,8.693332436601615,-2.3293714059226867,2.0
Half-Circular,Without Lens,15,37,,11.78,Simul_0,18.2,6.05,-15.0,11.780972450961725,8.693332436601615,-2.3293714059226867,2.0
Half-Circular,Without Lens,15,37,,11.78,Simul_-1,18.2,6.04,-15.0,11.780972450961725,8.693332436601615,-2.3293714059226867,2.0
Half-Circular,Without Lens,15,37,,11.78,Simul_-2,18.2,6.06,-15.0,11.780972450961725,8.693332436601615,-2.3293714059226867,2.0
Half-Circular,Without Lens,15,37,,11.78,Simul_-3,18.3,6.06,-15.0,11.780972450961725,8.693332436601615,-2.3293714059226867,2.0
Half-Circular,Without Lens,15,37,,11.78,Simul_-4,18.2,6.06,-15.0,11.780972450961725,8.693332436601615,-2.3293714059226867,2.0
Half-Circular,Without Lens,16,37,,12.56,Simul_+4,18.3,6.08,-10.0,12.566370614359172,8.863269777109872,-1.562833599002373,2.0
Half-Circular,Without Lens,16,37,,12.56,Simul_+3,18.3,6.06,-10.0,12.566370614359172,8.863269777109872,-1.562833599002373,2.0
Half-Circular,Without Lens,16,37,,12.56,Simul_+2,18.3,6.06,-10.0,12.566370614359172,8.863269777109872,-1.562833599002373,2.0
Half-Circular,Without Lens,16,37,,12.56,Simul_+1,18.3,6.05,-10.0,12.566370614359172,8.863269777109872,-1.562833599002373,2.0
Half-Circular,Without Lens,16,37,,12.56,Simul_0,18.2,6.04,-10.0,12.566370614359172,8.863269777109872,-1.562833599002373,2.0
Half-Circular,Without Lens,16,37,,12.56,Simul_-1,18.3,6.05,-10.0,12.566370614359172,8.863269777109872,-1.562833599002373,2.0
Half-Circular,Without Lens,16,37,,12.56,Simul_-2,18.3,6.06,-10.0,12.566370614359172,8.863269777109872,-1.562833599002373,2.0
Half-Circular,Without Lens,16,37,,12.56,Simul_-3,18.3,6.06,-10.0,12.566370614359172,8.863269777109872,-1.562833599002373,2.0
Half-Circular,Without Lens,16,37,,12.56,Simul_-4,18.3,6.06,-10.0,12.566370614359172,8.863269777109872,-1.562833599002373,2.0
Half-Circular,Without Lens,17,37,,13.35,Simul_+4,18.7,6.22,-5.0,13.351768777756622,8.96575228282571,-0.7844016847289235,2.0
Half-Circular,Without Lens,17,37,,13.35,Simul_+3,18.7,6.22,-5.0,13.351768777756622,8.96575228282571,-0.7844016847289235,2.0
Half-Circular,Without Lens,17,37,,13.35,Simul_+2,18.7,6.21,-5.0,13.351768777756622,8.96575228282571,-0.7844016847289235,2.0
Half-Circular,Without Lens,17,37,,13.35,Simul_+1,18.7,6.21,-5.0,13.351768777756622,8.96575228282571,-0.7844016847289235,2.0
Half-Circular,Without Lens,17,37,,13.35,Simul_0,18.7,6.21,-5.0,13.351768777756622,8.96575228282571,-0.7844016847289235,2.0
Half-Circular,Without Lens,17,37,,13.35,Simul_-1,18.7,6.22,-5.0,13.351768777756622,8.96575228282571,-0.7844016847289235,2.0
Half-Circular,Without Lens,17,37,,13.35,Simul_-2,18.7,6.22,-5.0,13.351768777756622,8.96575228282571,-0.7844016847289235,2.0
Half-Circular,Without Lens,17,37,,13.35,Simul_-3,18.7,6.2,-5.0,13.351768777756622,8.96575228282571,-0.7844016847289235,2.0
Half-Circular,Without Lens,17,37,,13.35,Simul_-4,18.7,6.2,-5.0,13.351768777756622,8.96575228282571,-0.7844016847289235,2.0
Half-Circular,Without Lens,18,37,,14.13,Simul_+4,18.2,6.02,0.0,14.137166941154069,9.0,0.0,2.0
Half-Circular,Without Lens,18,37,,14.13,Simul_+3,18.2,6.03,0.0,14.137166941154069,9.0,0.0,2.0
Half-Circular,Without Lens,18,37,,14.13,Simul_+2,18.3,6.05,0.0,14.137166941154069,9.0,0.0,2.0
Half-Circular,Without Lens,18,37,,14.13,Simul_+1,18.3,6.05,0.0,14.137166941154069,9.0,0.0,2.0
Half-Circular,Without Lens,18,37,,14.13,Simul_0,18.3,6.05,0.0,14.137166941154069,9.0,0.0,2.0
Half-Circular,Without Lens,18,37,,14.13,Simul_-1,18.3,6.05,0.0,14.137166941154069,9.0,0.0,2.0
Half-Circular,Without Lens,18,37,,14.13,Simul_-2,18.3,6.05,0.0,14.137166941154069,9.0,0.0,2.0
Half-Circular,Without Lens,18,37,,14.13,Simul_-3,18.2,6.03,0.0,14.137166941154069,9.0,0.0,2.0
Half-Circular,Without Lens,18,37,,14.13,Simul_-4,18.2,6.02,0.0,14.137166941154069,9.0,0.0,2.0
Half-Circular,Without Lens,19,37,,14.92,Simul_+4,18.7,6.2,5.0,14.922565104551518,8.96575228282571,0.7844016847289235,2.0
Half-Circular,Without Lens,19,37,,14.92,Simul_+3,18.7,6.2,5.0,14.922565104551518,8.96575228282571,0.7844016847289235,2.0
Half-Circular,Without Lens,19,37,,14.92,Simul_+2,18.7,6.21,5.0,14.922565104551518,8.96575228282571,0.7844016847289235,2.0
Half-Circular,Without Lens,19,37,,14.92,Simul_+1,18.7,6.21,5.0,14.922565104551518,8.96575228282571,0.7844016847289235,2.0
Half-Circular,Without Lens,19,37,,14.92,Simul_0,18.7,6.21,5.0,14.922565104551518,8.96575228282571,0.7844016847289235,2.0
Half-Circular,Without Lens,19,37,,14.92,Simul_-1,18.7,6.21,5.0,14.922565104551518,8.96575228282571,0.7844016847289235,2.0
Half-Circular,Without Lens,19,37,,14.92,Simul_-2,18.7,6.21,5.0,14.922565104551518,8.96575228282571,0.7844016847289235,2.0
Half-Circular,Without Lens,19,37,,14.92,Simul_-3,18.7,6.21,5.0,14.922565104551518,8.96575228282571,0.7844016847289235,2.0
Half-Circular,Without Lens,19,37,,14.92,Simul_-4,18.7,6.22,5.0,14.922565104551518,8.96575228282571,0.7844016847289235,2.0
Half-Circular,Without Lens,20,37,,15.7,Simul_+4,18.3,6.06,10.0,15.707963267948966,8.863269777109872,1.562833599002373,2.0
Half-Circular,Without Lens,20,37,,15.7,Simul_+3,18.3,6.06,10.0,15.707963267948966,8.863269777109872,1.562833599002373,2.0
Half-Circular,Without Lens,20,37,,15.7,Simul_+2,18.3,6.06,10.0,15.707963267948966,8.863269777109872,1.562833599002373,2.0
Half-Circular,Without Lens,20,37,,15.7,Simul_+1,18.3,6.05,10.0,15.707963267948966,8.863269777109872,1.562833599002373,2.0
Half-Circular,Without Lens,20,37,,15.7,Simul_0,18.2,6.04,10.0,15.707963267948966,8.863269777109872,1.562833599002373,2.0
Half-Circular,Without Lens,20,37,,15.7,Simul_-1,18.3,6.05,10.0,15.707963267948966,8.863269777109872,1.562833599002373,2.0
Half-Circular,Without Lens,20,37,,15.7,Simul_-2,18.3,6.06,10.0,15.707963267948966,8.863269777109872,1.562833599002373,2.0
Half-Circular,Without Lens,20,37,,15.7,Simul_-3,18.3,6.06,10.0,15.707963267948966,8.863269777109872,1.562833599002373,2.0
Half-Circular,Without Lens,20,37,,15.7,Simul_-4,18.3,6.08,10.0,15.707963267948966,8.863269777109872,1.562833599002373,2.0
Half-Circular,Without Lens,21,37,,16.49,Simul_+4,18.2,6.06,15.0,16.493361431346415,8.693332436601615,2.3293714059226867,2.0
Half-Circular,Without Lens,21,37,,16.49,Simul_+3,18.3,6.06,15.0,16.493361431346415,8.693332436601615,2.3293714059226867,2.0
Half-Circular,Without Lens,21,37,,16.49,Simul_+2,18.2,6.06,15.0,16.493361431346415,8.693332436601615,2.3293714059226867,2.0
Half-Circular,Without Lens,21,37,,16.49,Simul_+1,18.2,6.04,15.0,16.493361431346415,8.693332436601615,2.3293714059226867,2.0
Half-Circular,Without Lens,21,37,,16.49,Simul_0,18.2,6.05,15.0,16.493361431346415,8.693332436601615,2.3293714059226867,2.0
Half-Circular,Without Lens,21,37,,16.49,Simul_-1,18.3,6.05,15.0,16.493361431346415,8.693332436601615,2.3293714059226867,2.0
Half-Circular,Without Lens,21,37,,16.49,Simul_-2,18.3,6.05,15.0,16.493361431346415,8.693332436601615,2.3293714059226867,2.0
Half-Circular,Without Lens,21,37,,16.49,Simul_-3,18.3,6.06,15.0,16.493361431346415,8.693332436601615,2.3293714059226867,2.0
Half-Circular,Without Lens,21,37,,16.49,Simul_-4,18.3,6.07,15.0,16.493361431346415,8.693332436601615,2.3293714059226867,2.0
Half-Circular,Without Lens,22,37,,17.27,Simul_+4,18.4,6.1,20.0,17.278759594743864,8.457233587073176,3.0781812899310186,2.0
Half-Circular,Without Lens,22,37,,17.27,Simul_+3,18.5,6.12,20.0,17.278759594743864,8.457233587073176,3.0781812899310186,2.0
Half-Circular,Without Lens,22,37,,17.27,Simul_+2,18.4,6.09,20.0,17.278759594743864,8.457233587073176,3.0781812899310186,2.0
Half-Circular,Without Lens,22,37,,17.27,Simul_+1,18.4,6.09,20.0,17.278759594743864,8.457233587073176,3.0781812899310186,2.0
Half-Circular,Without Lens,22,37,,17.27,Simul_0,18.4,6.08,20.0,17.278759594743864,8.457233587073176,3.0781812899310186,2.0
Half-Circular,Without Lens,22,37,,17.27,Simul_-1,18.4,6.09,20.0,17.278759594743864,8.457233587073176,3.0781812899310186,2.0
Half-Circular,Without Lens,22,37,,17.27,Simul_-2,18.4,6.09,20.0,17.278759594743864,8.457233587073176,3.0781812899310186,2.0
Half-Circular,Without Lens,22,37,,17.27,Simul_-3,18.4,6.09,20.0,17.278759594743864,8.457233587073176,3.0781812899310186,2.0
Half-Circular,Without Lens,22,37,,17.27,Simul_-4,18.4,6.09,20.0,17.278759594743864,8.457233587073176,3.0781812899310186,2.0
Half-Circular,Without Lens,23,37,,18.06,Simul_+4,18.1,6.02,25.0,18.06415775814131,8.15677008332985,3.803564355666295,2.0
Half-Circular,Without Lens,23,37,,18.06,Simul_+3,18.3,6.04,25.0,18.06415775814131,8.15677008332985,3.803564355666295,2.0
Half-Circular,Without Lens,23,37,,18.06,Simul_+2,18.2,6.02,25.0,18.06415775814131,8.15677008332985,3.803564355666295,2.0
Half-Circular,Without Lens,23,37,,18.06,Simul_+1,18.2,6.02,25.0,18.06415775814131,8.15677008332985,3.803564355666295,2.0
Half-Circular,Without Lens,23,37,,18.06,Simul_0,18.2,6.01,25.0,18.06415775814131,8.15677008332985,3.803564355666295,2.0
Half-Circular,Without Lens,23,37,,18.06,Simul_-1,18.1,6.01,25.0,18.06415775814131,8.15677008332985,3.803564355666295,2.0
Half-Circular,Without Lens,23,37,,18.06,Simul_-2,18.1,6.01,25.0,18.06415775814131,8.15677008332985,3.803564355666295,2.0
Half-Circular,Without Lens,23,37,,18.06,Simul_-3,18.1,6.02,25.0,18.06415775814131,8.15677008332985,3.803564355666295,2.0
Half-Circular,Without Lens,23,37,,18.06,Simul_-4,18.1,6.02,25.0,18.06415775814131,8.15677008332985,3.803564355666295,2.0
Half-Circular,Without Lens,24,37,,18.84,Simul_+4,18.6,6.16,30.0,18.84955592153876,7.794228634059948,4.499999999999999,2.0
Half-Circular,Without Lens,24,37,,18.84,Simul_+3,18.7,6.19,30.0,18.84955592153876,7.794228634059948,4.499999999999999,2.0
Half-Circular,Without Lens,24,37,,18.84,Simul_+2,18.6,6.16,30.0,18.84955592153876,7.794228634059948,4.499999999999999,2.0
Half-Circular,Without Lens,24,37,,18.84,Simul_+1,18.6,6.18,30.0,18.84955592153876,7.794228634059948,4.499999999999999,2.0
Half-Circular,Without Lens,24,37,,18.84,Simul_0,18.7,6.18,30.0,18.84955592153876,7.794228634059948,4.499999999999999,2.0
Half-Circular,Without Lens,24,37,,18.84,Simul_-1,18.5,6.15,30.0,18.84955592153876,7.794228634059948,4.499999999999999,2.0
Half-Circular,Without Lens,24,37,,18.84,Simul_-2,18.6,6.18,30.0,18.84955592153876,7.794228634059948,4.499999999999999,2.0
Half-Circular,Without Lens,24,37,,18.84,Simul_-3,18.5,6.14,30.0,18.84955592153876,7.794228634059948,4.499999999999999,2.0
Half-Circular,Without Lens,24,37,,18.84,Simul_-4,18.5,6.12,30.0,18.84955592153876,7.794228634059948,4.499999999999999,2.0
Half-Circular,Without Lens,25,37,,19.63,Simul_+4,18.5,6.14,35.0,19.634954084936208,7.372368398600926,5.162187927159414,2.0
Half-Circular,Without Lens,25,37,,19.63,Simul_+3,18.6,6.15,35.0,19.634954084936208,7.372368398600926,5.162187927159414,2.0
Half-Circular,Without Lens,25,37,,19.63,Simul_+2,18.5,6.12,35.0,19.634954084936208,7.372368398600926,5.162187927159414,2.0
Half-Circular,Without Lens,25,37,,19.63,Simul_+1,18.5,6.15,35.0,19.634954084936208,7.372368398600926,5.162187927159414,2.0
Half-Circular,Without Lens,25,37,,19.63,Simul_0,18.5,6.12,35.0,19.634954084936208,7.372368398600926,5.162187927159414,2.0
Half-Circular,Without Lens,25,37,,19.63,Simul_-1,18.5,6.13,35.0,19.634954084936208,7.372368398600926,5.162187927159414,2.0
Half-Circular,Without Lens,25,37,,19.63,Simul_-2,18.5,6.13,35.0,19.634954084936208,7.372368398600926,5.162187927159414,2.0
Half-Circular,Without Lens,25,37,,19.63,Simul_-3,18.5,6.12,35.0,19.634954084936208,7.372368398600926,5.162187927159414,2.0
Half-Circular,Without Lens,25,37,,19.63,Simul_-4,18.5,6.14,35.0,19.634954084936208,7.372368398600926,5.162187927159414,2.0
Half-Circular,Without Lens,26,37,,20.41,Simul_+4,18.0,5.96,40.0,20.420352248333657,6.894399988070802,5.785088487178854,2.0
Half-Circular,Without Lens,26,37,,20.41,Simul_+3,18.0,5.97,40.0,20.420352248333657,6.894399988070802,5.785088487178854,2.0
Half-Circular,Without Lens,26,37,,20.41,Simul_+2,17.9,5.93,40.0,20.420352248333657,6.894399988070802,5.785088487178854,2.0
Half-Circular,Without Lens,26,37,,20.41,Simul_+1,18.1,5.99,40.0,20.420352248333657,6.894399988070802,5.785088487178854,2.0
Half-Circular,Without Lens,26,37,,20.41,Simul_0,18.0,5.98,40.0,20.420352248333657,6.894399988070802,5.785088487178854,2.0
Half-Circular,Without Lens,26,37,,20.41,Simul_-1,18.0,5.95,40.0,20.420352248333657,6.894399988070802,5.785088487178854,2.0
Half-Circular,Without Lens,26,37,,20.41,Simul_-2,18.2,6.04,40.0,20.420352248333657,6.894399988070802,5.785088487178854,2.0
Half-Circular,Without Lens,26,37,,20.41,Simul_-3,18.0,5.96,40.0,20.420352248333657,6.894399988070802,5.785088487178854,2.0
Half-Circular,Without Lens,26,37,,20.41,Simul_-4,18.3,6.04,40.0,20.420352248333657,6.894399988070802,5.785088487178854,2.0
Half-Circular,Without Lens,27,37,,21.2,Simul_+4,18.2,6.04,45.0,21.205750411731103,6.3639610306789285,6.3639610306789285,2.0
Half-Circular,Without Lens,27,37,,21.2,Simul_+3,18.3,6.08,45.0,21.205750411731103,6.3639610306789285,6.3639610306789285,2.0
Half-Circular,Without Lens,27,37,,21.2,Simul_+2,18.4,6.08,45.0,21.205750411731103,6.3639610306789285,6.3639610306789285,2.0
Half-Circular,Without Lens,27,37,,21.2,Simul_+1,18.3,6.06,45.0,21.205750411731103,6.3639610306789285,6.3639610306789285,2.0
Half-Circular,Without Lens,27,37,,21.2,Simul_0,18.4,6.09,45.0,21.205750411731103,6.3639610306789285,6.3639610306789285,2.0
Half-Circular,Without Lens,27,37,,21.2,Simul_-1,18.3,6.07,45.0,21.205750411731103,6.3639610306789285,6.3639610306789285,2.0
Half-Circular,Without Lens,27,37,,21.2,Simul_-2,18.4,6.09,45.0,21.205750411731103,6.3639610306789285,6.3639610306789285,2.0
Half-Circular,Without Lens,27,37,,21.2,Simul_-3,18.4,6.09,45.0,21.205750411731103,6.3639610306789285,6.3639610306789285,2.0
Half-Circular,Without Lens,27,37,,21.2,Simul_-4,18.3,6.06,45.0,21.205750411731103,6.3639610306789285,6.3639610306789285,2.0
Half-Circular,Without Lens,28,37,,21.98,Simul_+4,18.3,6.08,50.0,21.991148575128552,5.785088487178855,6.894399988070802,2.0
Half-Circular,Without Lens,28,37,,21.98,Simul_+3,18.3,6.07,50.0,21.991148575128552,5.785088487178855,6.894399988070802,2.0
Half-Circular,Without Lens,28,37,,21.98,Simul_+2,18.3,6.07,50.0,21.991148575128552,5.785088487178855,6.894399988070802,2.0
Half-Circular,Without Lens,28,37,,21.98,Simul_+1,18.4,6.1,50.0,21.991148575128552,5.785088487178855,6.894399988070802,2.0
Half-Circular,Without Lens,28,37,,21.98,Simul_0,18.3,6.06,50.0,21.991148575128552,5.785088487178855,6.894399988070802,2.0
Half-Circular,Without Lens,28,37,,21.98,Simul_-1,18.3,6.07,50.0,21.991148575128552,5.785088487178855,6.894399988070802,2.0
Half-Circular,Without Lens,28,37,,21.98,Simul_-2,18.3,6.08,50.0,21.991148575128552,5.785088487178855,6.894399988070802,2.0
Half-Circular,Without Lens,28,37,,21.98,Simul_-3,18.4,6.09,50.0,21.991148575128552,5.785088487178855,6.894399988070802,2.0
Half-Circular,Without Lens,28,37,,21.98,Simul_-4,18.3,6.07,50.0,21.991148575128552,5.785088487178855,6.894399988070802,2.0
Half-Circular,Without Lens,29,37,,22.77,Simul_+4,18.2,6.04,55.0,22.776546738526,5.162187927159414,7.372368398600926,2.0
Half-Circular,Without Lens,29,37,,22.77,Simul_+3,18.2,6.05,55.0,22.776546738526,5.162187927159414,7.372368398600926,2.0
Half-Circular,Without Lens,29,37,,22.77,Simul_+2,18.2,6.04,55.0,22.776546738526,5.162187927159414,7.372368398600926,2.0
Half-Circular,Without Lens,29,37,,22.77,Simul_+1,18.2,6.04,55.0,22.776546738526,5.162187927159414,7.372368398600926,2.0
Half-Circular,Without Lens,29,37,,22.77,Simul_0,18.1,6.01,55.0,22.776546738526,5.162187927159414,7.372368398600926,2.0
Half-Circular,Without Lens,29,37,,22.77,Simul_-1,18.1,6.0,55.0,22.776546738526,5.162187927159414,7.372368398600926,2.0
Half-Circular,Without Lens,29,37,,22.77,Simul_-2,18.2,6.04,55.0,22.776546738526,5.162187927159414,7.372368398600926,2.0
Half-Circular,Without Lens,29,37,,22.77,Simul_-3,18.2,6.05,55.0,22.776546738526,5.162187927159414,7.372368398600926,2.0
Half-Circular,Without Lens,29,37,,22.77,Simul_-4,18.2,6.04,55.0,22.776546738526,5.162187927159414,7.372368398600926,2.0
Half-Circular,Without Lens,30,37,,23.55,Simul_+4,18.2,6.03,60.0,23.56194490192345,4.500000000000001,7.794228634059947,2.0
Half-Circular,Without Lens,30,37,,23.55,Simul_+3,18.3,6.05,60.0,23.56194490192345,4.500000000000001,7.794228634059947,2.0
Half-Circular,Without Lens,30,37,,23.55,Simul_+2,18.2,6.05,60.0,23.56194490192345,4.500000000000001,7.794228634059947,2.0
Half-Circular,Without Lens,30,37,,23.55,Simul_+1,18.1,6.01,60.0,23.56194490192345,4.500000000000001,7.794228634059947,2.0
Half-Circular,Without Lens,30,37,,23.55,Simul_0,18.2,6.02,60.0,23.56194490192345,4.500000000000001,7.794228634059947,2.0
Half-Circular,Without Lens,30,37,,23.55,Simul_-1,18.2,6.03,60.0,23.56194490192345,4.500000000000001,7.794228634059947,2.0
Half-Circular,Without Lens,30,37,,23.55,Simul_-2,18.2,6.02,60.0,23.56194490192345,4.500000000000001,7.794228634059947,2.0
Half-Circular,Without Lens,30,37,,23.55,Simul_-3,18.2,6.04,60.0,23.56194490192345,4.500000000000001,7.794228634059947,2.0
Half-Circular,Without Lens,30,37,,23.55,Simul_-4,18.3,6.05,60.0,23.56194490192345,4.500000000000001,7.794228634059947,2.0
Half-Circular,Without Lens,31,37,,24.34,Simul_+4,17.9,5.93,65.0,24.347343065320896,3.803564355666295,8.15677008332985,2.0
Half-Circular,Without Lens,31,37,,24.34,Simul_+3,18.1,5.97,65.0,24.347343065320896,3.803564355666295,8.15677008332985,2.0
Half-Circular,Without Lens,31,37,,24.34,Simul_+2,18.2,6.0,65.0,24.347343065320896,3.803564355666295,8.15677008332985,2.0
Half-Circular,Without Lens,31,37,,24.34,Simul_+1,18.2,6.02,65.0,24.347343065320896,3.803564355666295,8.15677008332985,2.0
Half-Circular,Without Lens,31,37,,24.34,Simul_0,18.2,6.03,65.0,24.347343065320896,3.803564355666295,8.15677008332985,2.0
Half-Circular,Without Lens,31,37,,24.34,Simul_-1,18.3,6.05,65.0,24.347343065320896,3.803564355666295,8.15677008332985,2.0
Half-Circular,Without Lens,31,37,,24.34,Simul_-2,18.3,6.06,65.0,24.347343065320896,3.803564355666295,8.15677008332985,2.0
Half-Circular,Without Lens,31,37,,24.34,Simul_-3,18.4,6.09,65.0,24.347343065320896,3.803564355666295,8.15677008332985,2.0
Half-Circular,Without Lens,31,37,,24.34,Simul_-4,18.4,6.11,65.0,24.347343065320896,3.803564355666295,8.15677008332985,2.0
Half-Circular,Without Lens,32,37,,25.12,Simul_+4,18.1,6.0,70.0,25.132741228718345,3.0781812899310195,8.457233587073175,2.0
Half-Circular,Without Lens,32,37,,25.12,Simul_+3,18.0,5.98,70.0,25.132741228718345,3.0781812899310195,8.457233587073175,2.0
Half-Circular,Without Lens,32,37,,25.12,Simul_+2,17.9,5.94,70.0,25.132741228718345,3.0781812899310195,8.457233587073175,2.0
Half-Circular,Without Lens,32,37,,25.12,Simul_+1,17.9,5.94,70.0,25.132741228718345,3.0781812899310195,8.457233587073175,2.0
Half-Circular,Without Lens,32,37,,25.12,Simul_0,18.0,5.94,70.0,25.132741228718345,3.0781812899310195,8.457233587073175,2.0
Half-Circular,Without Lens,32,37,,25.12,Simul_-1,18.1,5.97,70.0,25.132741228718345,3.0781812899310195,8.457233587073175,2.0
Half-Circular,Without Lens,32,37,,25.12,Simul_-2,18.1,6.0,70.0,25.132741228718345,3.0781812899310195,8.457233587073175,2.0
Half-Circular,Without Lens,32,37,,25.12,Simul_-3,18.2,6.02,70.0,25.132741228718345,3.0781812899310195,8.457233587073175,2.0
Half-Circular,Without Lens,32,37,,25.12,Simul_-4,18.1,6.0,70.0,25.132741228718345,3.0781812899310195,8.457233587073175,2.0
Half-Circular,Without Lens,33,37,,25.91,Simul_+4,17.9,5.95,75.0,25.91813939211579,2.3293714059226867,8.693332436601615,2.0
Half-Circular,Without Lens,33,37,,25.91,Simul_+3,18.0,5.97,75.0,25.91813939211579,2.3293714059226867,8.693332436601615,2.0
Half-Circular,Without Lens,33,37,,25.91,Simul_+2,18.1,5.97,75.0,25.91813939211579,2.3293714059226867,8.693332436601615,2.0
Half-Circular,Without Lens,33,37,,25.91,Simul_+1,18.0,5.95,75.0,25.91813939211579,2.3293714059226867,8.693332436601615,2.0
Half-Circular,Without Lens,33,37,,25.91,Simul_0,17.9,5.94,75.0,25.91813939211579,2.3293714059226867,8.693332436601615,2.0
Half-Circular,Without Lens,33,37,,25.91,Simul_-1,17.9,5.94,75.0,25.91813939211579,2.3293714059226867,8.693332436601615,2.0
Half-Circular,Without Lens,33,37,,25.91,Simul_-2,18.0,5.95,75.0,25.91813939211579,2.3293714059226867,8.693332436601615,2.0
Half-Circular,Without Lens,33,37,,25.91,Simul_-3,17.9,5.95,75.0,25.91813939211579,2.3293714059226867,8.693332436601615,2.0
Half-Circular,Without Lens,33,37,,25.91,Simul_-4,18.0,5.98,75.0,25.91813939211579,2.3293714059226867,8.693332436601615,2.0
Half-Circular,Without Lens,34,37,,26.7,Simul_+4,17.9,5.94,80.0,26.703537555513243,1.5628335990023738,8.863269777109872,2.0
Half-Circular,Without Lens,34,37,,26.7,Simul_+3,17.7,5.9,80.0,26.703537555513243,1.5628335990023738,8.863269777109872,2.0
Half-Circular,Without Lens,34,37,,26.7,Simul_+2,17.9,5.94,80.0,26.703537555513243,1.5628335990023738,8.863269777109872,2.0
Half-Circular,Without Lens,34,37,,26.7,Simul_+1,18.1,6.01,80.0,26.703537555513243,1.5628335990023738,8.863269777109872,2.0
Half-Circular,Without Lens,34,37,,26.7,Simul_0,18.1,6.01,80.0,26.703537555513243,1.5628335990023738,8.863269777109872,2.0
Half-Circular,Without Lens,34,37,,26.7,Simul_-1,17.9,5.95,80.0,26.703537555513243,1.5628335990023738,8.863269777109872,2.0
Half-Circular,Without Lens,34,37,,26.7,Simul_-2,17.8,5.91,80.0,26.703537555513243,1.5628335990023738,8.863269777109872,2.0
Half-Circular,Without Lens,34,37,,26.7,Simul_-3,17.8,5.92,80.0,26.703537555513243,1.5628335990023738,8.863269777109872,2.0
Half-Circular,Without Lens,34,37,,26.7,Simul_-4,18.0,5.97,80.0,26.703537555513243,1.5628335990023738,8.863269777109872,2.0
Half-Circular,Without Lens,35,37,,27.48,Simul_+4,18.2,6.02,85.0,27.48893571891069,0.7844016847289232,8.96575228282571,2.0
Half-Circular,Without Lens,35,37,,27.48,Simul_+3,18.0,5.99,85.0,27.48893571891069,0.7844016847289232,8.96575228282571,2.0
Half-Circular,Without Lens,35,37,,27.48,Simul_+2,17.9,5.94,85.0,27.48893571891069,0.7844016847289232,8.96575228282571,2.0
Half-Circular,Without Lens,35,37,,27.48,Simul_+1,18.0,5.96,85.0,27.48893571891069,0.7844016847289232,8.96575228282571,2.0
Half-Circular,Without Lens,35,37,,27.48,Simul_0,18.1,6.01,85.0,27.48893571891069,0.7844016847289232,8.96575228282571,2.0
Half-Circular,Without Lens,35,37,,27.48,Simul_-1,18.1,6.01,85.0,27.48893571891069,0.7844016847289232,8.96575228282571,2.0
Half-Circular,Without Lens,35,37,,27.48,Simul_-2,18.0,6.0,85.0,27.48893571891069,0.7844016847289232,8.96575228282571,2.0
Half-Circular,Without Lens,35,37,,27.48,Simul_-3,17.9,5.96,85.0,27.48893571891069,0.7844016847289232,8.96575228282571,2.0
Half-Circular,Without Lens,35,37,,27.48,Simul_-4,17.8,5.92,85.0,27.48893571891069,0.7844016847289232,8.96575228282571,2.0
Half-Circular,Without Lens,36,37,,28.27,Simul_+4,17.9,5.93,90.0,28.274333882308138,5.51091059616309e-16,9.0,2.0
Half-Circular,Without Lens,36,37,,28.27,Simul_+3,17.8,5.91,90.0,28.274333882308138,5.51091059616309e-16,9.0,2.0
Half-Circular,Without Lens,36,37,,28.27,Simul_+2,17.7,5.88,90.0,28.274333882308138,5.51091059616309e-16,9.0,2.0
Half-Circular,Without Lens,36,37,,28.27,Simul_+1,17.8,5.92,90.0,28.274333882308138,5.51091059616309e-16,9.0,2.0
Half-Circular,Without Lens,36,37,,28.27,Simul_0,18.1,5.99,90.0,28.274333882308138,5.51091059616309e-16,9.0,2.0
Half-Circular,Without Lens,36,37,,28.27,Simul_-1,18.1,6.0,90.0,28.274333882308138,5.51091059616309e-16,9.0,2.0
Half-Circular,Without Lens,36,37,,28.27,Simul_-2,18.0,5.96,90.0,28.274333882308138,5.51091059616309e-16,9.0,2.0
Half-Circular,Without Lens,36,37,,28.27,Simul_-3,17.7,5.89,90.0,28.274333882308138,5.51091059616309e-16,9.0,2.0
Half-Circular,Without Lens,36,37,,28.27,Simul_-4,17.7,5.88,90.0,28.274333882308138,5.51091059616309e-16,9.0,2.0
Linear,Lens,0,21,,0.0,Simul_+60deg,11.5,3.87,,0.0,0.0,-9.5,2.0
Linear,Lens,0,21,,0.0,Simul_+45deg,10.9,3.67,,0.0,0.0,-9.5,2.0
Linear,Lens,0,21,,0.0,Simul_+30deg,8.2,2.87,,0.0,0.0,-9.5,2.0
Linear,Lens,0,21,,0.0,Simul_+15deg,5.0,2.04,,0.0,0.0,-9.5,2.0
Linear,Lens,0,21,,0.0,Simul_+0deg,10.6,3.59,,0.0,0.0,-9.5,2.0
Linear,Lens,0,21,,0.0,Simul_-15deg,18.7,6.16,,0.0,0.0,-9.5,2.0
Linear,Lens,0,21,,0.0,Simul_-30deg,19.9,6.55,,0.0,0.0,-9.5,2.0
Linear,Lens,0,21,,0.0,Simul_-45deg,25.3,8.41,,0.0,0.0,-9.5,2.0
Linear,Lens,0,21,,0.0,Simul_-60deg,26.7,8.82,,0.0,0.0,-9.5,2.0
Linear,Lens,1,21,,0.95,Simul_+60deg,11.5,3.86,,0.95,0.0,-8.55,2.0
Linear,Lens,1,21,,0.95,Simul_+45deg,11.1,3.74,,0.95,0.0,-8.55,2.0
Linear,Lens,1,21,,0.95,Simul_+30deg,8.0,2.82,,0.95,0.0,-8.55,2.0
Linear,Lens,1,21,,0.95,Simul_+15deg,5.7,2.19,,0.95,0.0,-8.55,2.0
Linear,Lens,1,21,,0.95,Simul_+0deg,10.6,3.58,,0.95,0.0,-8.55,2.0
Linear,Lens,1,21,,0.95,Simul_-15deg,16.2,5.35,,0.95,0.0,-8.55,2.0
Linear,Lens,1,21,,0.95,Simul_-30deg,19.8,6.55,,0.95,0.0,-8.55,2.0
Linear,Lens,1,21,,0.95,Simul_-45deg,26.5,8.8,,0.95,0.0,-8.55,2.0
Linear,Lens,1,21,,0.95,Simul_-60deg,26.0,8.63,,0.95,0.0,-8.55,2.0
Linear,Lens,2,21,,1.9,Simul_+60deg,12.0,4.03,,1.9,0.0,-7.6,2.0
Linear,Lens,2,21,,1.9,Simul_+45deg,11.6,3.88,,1.9,0.0,-7.6,2.0
Linear,Lens,2,21,,1.9,Simul_+30deg,7.7,2.76,,1.9,0.0,-7.6,2.0
Linear,Lens,2,21,,1.9,Simul_+15deg,7.5,2.7,,1.9,0.0,-7.6,2.0
Linear,Lens,2,21,,1.9,Simul_+0deg,12.1,4.05,,1.9,0.0,-7.6,2.0
Linear,Lens,2,21,,1.9,Simul_-15deg,18.5,6.09,,1.9,0.0,-7.6,2.0
Linear,Lens,2,21,,1.9,Simul_-30deg,22.5,7.44,,1.9,0.0,-7.6,2.0
Linear,Lens,2,21,,1.9,Simul_-45deg,28.0,9.29,,1.9,0.0,-7.6,2.0
Linear,Lens,2,21,,1.9,Simul_-60deg,24.9,8.26,,1.9,0.0,-7.6,2.0
Linear,Lens,3,21,,2.85,Simul_+60deg,12.0,4.01,,2.8499999999999996,0.0,-6.65,2.0
Linear,Lens,3,21,,2.85,Simul_+45deg,12.0,4.02,,2.8499999999999996,0.0,-6.65,2.0
Linear,Lens,3,21,,2.85,Simul_+30deg,7.1,2.56,,2.8499999999999996,0.0,-6.65,2.0
Linear,Lens,3,21,,2.85,Simul_+15deg,8.9,3.06,,2.8499999999999996,0.0,-6.65,2.0
Linear,Lens,3,21,,2.85,Simul_+0deg,12.6,4.2,,2.8499999999999996,0.0,-6.65,2.0
Linear,Lens,3,21,,2.85,Simul_-15deg,17.4,5.69,,2.8499999999999996,0.0,-6.65,2.0
Linear,Lens,3,21,,2.85,Simul_-30deg,25.5,8.46,,2.8499999999999996,0.0,-6.65,2.0
Linear,Lens,3,21,,2.85,Simul_-45deg,29.1,9.67,,2.8499999999999996,0.0,-6.65,2.0
Linear,Lens,3,21,,2.85,Simul_-60deg,22.7,7.48,,2.8499999999999996,0.0,-6.65,2.0
Linear,Lens,4,21,,3.8,Simul_+60deg,12.1,4.04,,3.8,0.0,-5.699999999999999,2.0
Linear,Lens,4,21,,3.8,Simul_+45deg,12.3,4.1,,3.8,0.0,-5.699999999999999,2.0
Linear,Lens,4,21,,3.8,Simul_+30deg,8.2,2.86,,3.8,0.0,-5.699999999999999,2.0
Linear,Lens,4,21,,3.8,Simul_+15deg,10.9,3.68,,3.8,0.0,-5.699999999999999,2.0
Linear,Lens,4,21,,3.8,Simul_+0deg,15.0,4.96,,3.8,0.0,-5.699999999999999,2.0
Linear,Lens,4,21,,3.8,Simul_-15deg,19.9,6.56,,3.8,0.0,-5.699999999999999,2.0
Linear,Lens,4,21,,3.8,Simul_-30deg,28.4,9.44,,3.8,0.0,-5.699999999999999,2.0
Linear,Lens,4,21,,3.8,Simul_-45deg,29.5,9.79,,3.8,0.0,-5.699999999999999,2.0
Linear,Lens,4,21,,3.8,Simul_-60deg,19.9,6.61,,3.8,0.0,-5.699999999999999,2.0
Linear,Lens,5,21,,4.75,Simul_+60deg,13.1,4.37,,4.75,0.0,-4.75,2.0
Linear,Lens,5,21,,4.75,Simul_+45deg,11.9,3.98,,4.75,0.0,-4.75,2.0
Linear,Lens,5,21,,4.75,Simul_+30deg,10.6,3.61,,4.75,0.0,-4.75,2.0
Linear,Lens,5,21,,4.75,Simul_+15deg,12.7,4.26,,4.75,0.0,-4.75,2.0
Linear,Lens,5,21,,4.75,Simul_+0deg,14.7,4.88,,4.75,0.0,-4.75,2.0
Linear,Lens,5,21,,4.75,Simul_-15deg,23.3,7.71,,4.75,0.0,-4.75,2.0
Linear,Lens,5,21,,4.75,Simul_-30deg,30.8,10.22,,4.75,0.0,-4.75,2.0
Linear,Lens,5,21,,4.75,Simul_-45deg,28.5,9.47,,4.75,0.0,-4.75,2.0
Linear,Lens,5,21,,4.75,Simul_-60deg,18.4,6.03,,4.75,0.0,-4.75,2.0
Linear,Lens,6,21,,5.7,Simul_+60deg,14.8,4.9,,5.699999999999999,0.0,-3.8,2.0
Linear,Lens,6,21,,5.7,Simul_+45deg,12.1,4.05,,5.699999999999999,0.0,-3.8,2.0
Linear,Lens,6,21,,5.7,Simul_+30deg,12.2,4.11,,5.699999999999999,0.0,-3.8,2.0
Linear,Lens,6,21,,5.7,Simul_+15deg,14.0,4.67,,5.699999999999999,0.0,-3.8,2.0
Linear,Lens,6,21,,5.7,Simul_+0deg,16.8,5.57,,5.699999999999999,0.0,-3.8,2.0
Linear,Lens,6,21,,5.7,Simul_-15deg,28.6,9.49,,5.699999999999999,0.0,-3.8,2.0
Linear,Lens,6,21,,5.7,Simul_-30deg,32.0,10.64,,5.699999999999999,0.0,-3.8,2.0
Linear,Lens,6,21,,5.7,Simul_-45deg,24.9,8.26,,5.699999999999999,0.0,-3.8,2.0
Linear,Lens,6,21,,5.7,Simul_-60deg,18.8,6.21,,5.699999999999999,0.0,-3.8,2.0
Linear,Lens,7,21,,6.65,Simul_+60deg,14.3,4.76,,6.6499999999999995,0.0,-2.8500000000000005,2.0
Linear,Lens,7,21,,6.65,Simul_+45deg,13.1,4.36,,6.6499999999999995,0.0,-2.8500000000000005,2.0
Linear,Lens,7,21,,6.65,Simul_+30deg,13.4,4.48,,6.6499999999999995,0.0,-2.8500000000000005,2.0
Linear,Lens,7,21,,6.65,Simul_+15deg,12.9,4.31,,6.6499999999999995,0.0,-2.8500000000000005,2.0
Linear,Lens,7,21,,6.65,Simul_+0deg,22.6,7.48,,6.6499999999999995,0.0,-2.8500000000000005,2.0
Linear,Lens,7,21,,6.65,Simul_-15deg,32.1,10.67,,6.6499999999999995,0.0,-2.8500000000000005,2.0
Linear,Lens,7,21,,6.65,Simul_-30deg,31.5,10.47,,6.6499999999999995,0.0,-2.8500000000000005,2.0
Linear,Lens,7,21,,6.65,Simul_-45deg,17.8,5.88,,6.6499999999999995,0.0,-2.8500000000000005,2.0
Linear,Lens,7,21,,6.65,Simul_-60deg,16.9,5.6,,6.6499999999999995,0.0,-2.8500000000000005,2.0
Linear,Lens,8,21,,7.6,Simul_+60deg,12.9,4.31,,7.6,0.0,-1.8999999999999995,2.0
Linear,Lens,8,21,,7.6,Simul_+45deg,12.6,4.2,,7.6,0.0,-1.8999999999999995,2.0
Linear,Lens,8,21,,7.6,Simul_+30deg,13.7,4.52,,7.6,0.0,-1.8999999999999995,2.0
Linear,Lens,8,21,,7.6,Simul_+15deg,15.9,5.29,,7.6,0.0,-1.8999999999999995,2.0
Linear,Lens,8,21,,7.6,Simul_+0deg,28.9,9.61,,7.6,0.0,-1.8999999999999995,2.0
Linear,Lens,8,21,,7.6,Simul_-15deg,33.8,11.21,,7.6,0.0,-1.8999999999999995,2.0
Linear,Lens,8,21,,7.6,Simul_-30deg,27.1,9.0,,7.6,0.0,-1.8999999999999995,2.0
Linear,Lens,8,21,,7.6,Simul_-45deg,19.2,6.38,,7.6,0.0,-1.8999999999999995,2.0
Linear,Lens,8,21,,7.6,Simul_-60deg,15.5,5.15,,7.6,0.0,-1.8999999999999995,2.0
Linear,Lens,9,21,,8.55,Simul_+60deg,12.0,4.02,,8.549999999999999,0.0,-0.9499999999999993,2.0
Linear,Lens,9,21,,8.55,Simul_+45deg,15.7,5.21,,8.549999999999999,0.0,-0.9499999999999993,2.0
Linear,Lens,9,21,,8.55,Simul_+30deg,15.6,5.18,,8.549999999999999,0.0,-0.9499999999999993,2.0
Linear,Lens,9,21,,8.55,Simul_+15deg,22.8,7.58,,8.549999999999999,0.0,-0.9499999999999993,2.0
Linear,Lens,9,21,,8.55,Simul_+0deg,32.5,10.79,,8.549999999999999,0.0,-0.9499999999999993,2.0
Linear,Lens,9,21,,8.55,Simul_-15deg,32.7,10.87,,8.549999999999999,0.0,-0.9499999999999993,2.0
Linear,Lens,9,21,,8.55,Simul_-30deg,23.6,7.84,,8.549999999999999,0.0,-0.9499999999999993,2.0
Linear,Lens,9,21,,8.55,Simul_-45deg,15.8,5.23,,8.549999999999999,0.0,-0.9499999999999993,2.0
Linear,Lens,9,21,,8.55,Simul_-60deg,13.1,4.4,,8.549999999999999,0.0,-0.9499999999999993,2.0
Linear,Lens,10,21,,9.5,Simul_+60deg,13.0,4.32,,9.5,0.0,0.0,2.0
Linear,Lens,10,21,,9.5,Simul_+45deg,15.9,5.21,,9.5,0.0,0.0,2.0
Linear,Lens,10,21,,9.5,Simul_+30deg,15.2,4.98,,9.5,0.0,0.0,2.0
Linear,Lens,10,21,,9.5,Simul_+15deg,29.1,9.64,,9.5,0.0,0.0,2.0
Linear,Lens,10,21,,9.5,Simul_+0deg,34.1,11.34,,9.5,0.0,0.0,2.0
Linear,Lens,10,21,,9.5,Simul_-15deg,29.1,9.64,,9.5,0.0,0.0,2.0
Linear,Lens,10,21,,9.5,Simul_-30deg,15.2,4.98,,9.5,0.0,0.0,2.0
Linear,Lens,10,21,,9.5,Simul_-45deg,15.8,5.19,,9.5,0.0,0.0,2.0
Linear,Lens,10,21,,9.5,Simul_-60deg,13.0,4.32,,9.5,0.0,0.0,2.0
Linear,Lens,11,21,,10.45,Simul_+60deg,13.1,4.39,,10.45,0.0,0.9500000000000011,2.0
Linear,Lens,11,21,,10.45,Simul_+45deg,15.8,5.23,,10.45,0.0,0.9500000000000011,2.0
Linear,Lens,11,21,,10.45,Simul_+30deg,23.6,7.83,,10.45,0.0,0.9500000000000011,2.0
Linear,Lens,11,21,,10.45,Simul_+15deg,32.7,10.87,,10.45,0.0,0.9500000000000011,2.0
Linear,Lens,11,21,,10.45,Simul_+0deg,32.5,10.79,,10.45,0.0,0.9500000000000011,2.0
Linear,Lens,11,21,,10.45,Simul_-15deg,22.8,7.58,,10.45,0.0,0.9500000000000011,2.0
Linear,Lens,11,21,,10.45,Simul_-30deg,15.6,5.19,,10.45,0.0,0.9500000000000011,2.0
Linear,Lens,11,21,,10.45,Simul_-45deg,15.6,5.15,,10.45,0.0,0.9500000000000011,2.0
Linear,Lens,11,21,,10.45,Simul_-60deg,12.0,4.05,,10.45,0.0,0.9500000000000011,2.0
Linear,Lens,12,21,,11.4,Simul_+60deg,15.4,5.11,,11.399999999999999,0.0,1.9000000000000004,2.0
Linear,Lens,12,21,,11.4,Simul_+45deg,19.6,6.51,,11.399999999999999,0.0,1.9000000000000004,2.0
Linear,Lens,12,21,,11.4,Simul_+30deg,27.1,8.99,,11.399999999999999,0.0,1.9000000000000004,2.0
Linear,Lens,12,21,,11.4,Simul_+15deg,33.8,11.21,,11.399999999999999,0.0,1.9000000000000004,2.0
Linear,Lens,12,21,,11.4,Simul_+0deg,28.8,9.57,,11.399999999999999,0.0,1.9000000000000004,2.0
Linear,Lens,12,21,,11.4,Simul_-15deg,16.0,5.3,,11.399999999999999,0.0,1.9000000000000004,2.0
Linear,Lens,12,21,,11.4,Simul_-30deg,13.7,4.54,,11.399999999999999,0.0,1.9000000000000004,2.0
Linear,Lens,12,21,,11.4,Simul_-45deg,12.7,4.24,,11.399999999999999,0.0,1.9000000000000004,2.0
Linear,Lens,12,21,,11.4,Simul_-60deg,13.0,4.33,,11.399999999999999,0.0,1.9000000000000004,2.0
Linear,Lens,13,21,,12.35,Simul_+60deg,16.9,5.6,,12.35,0.0,2.8499999999999996,2.0
Linear,Lens,13,21,,12.35,Simul_+45deg,17.9,5.94,,12.35,0.0,2.8499999999999996,2.0
Linear,Lens,13,21,,12.35,Simul_+30deg,31.5,10.47,,12.35,0.0,2.8499999999999996,2.0
Linear,Lens,13,21,,12.35,Simul_+15deg,32.1,10.66,,12.35,0.0,2.8499999999999996,2.0
Linear,Lens,13,21,,12.35,Simul_+0deg,22.4,7.42,,12.35,0.0,2.8499999999999996,2.0
Linear,Lens,13,21,,12.35,Simul_-15deg,13.0,4.34,,12.35,0.0,2.8499999999999996,2.0
Linear,Lens,13,21,,12.35,Simul_-30deg,13.4,4.49,,12.35,0.0,2.8499999999999996,2.0
Linear,Lens,13,21,,12.35,Simul_-45deg,12.9,4.31,,12.35,0.0,2.8499999999999996,2.0
Linear,Lens,13,21,,12.35,Simul_-60deg,14.3,4.79,,12.35,0.0,2.8499999999999996,2.0
Linear,Lens,14,21,,13.3,Simul_+60deg,18.8,6.21,,13.299999999999999,0.0,3.799999999999999,2.0
Linear,Lens,14,21,,13.3,Simul_+45deg,25.2,8.36,,13.299999999999999,0.0,3.799999999999999,2.0
Linear,Lens,14,21,,13.3,Simul_+30deg,32.0,10.64,,13.299999999999999,0.0,3.799999999999999,2.0
Linear,Lens,14,21,,13.3,Simul_+15deg,28.6,9.48,,13.299999999999999,0.0,3.799999999999999,2.0
Linear,Lens,14,21,,13.3,Simul_+0deg,16.7,5.51,,13.299999999999999,0.0,3.799999999999999,2.0
Linear,Lens,14,21,,13.3,Simul_-15deg,14.0,4.68,,13.299999999999999,0.0,3.799999999999999,2.0
Linear,Lens,14,21,,13.3,Simul_-30deg,12.3,4.13,,13.299999999999999,0.0,3.799999999999999,2.0
Linear,Lens,14,21,,13.3,Simul_-45deg,12.1,4.07,,13.299999999999999,0.0,3.799999999999999,2.0
Linear,Lens,14,21,,13.3,Simul_-60deg,14.8,4.93,,13.299999999999999,0.0,3.799999999999999,2.0
Linear,Lens,15,21,,14.25,Simul_+60deg,18.3,6.02,,14.25,0.0,4.75,2.0
Linear,Lens,15,21,,14.25,Simul_+45deg,28.7,9.52,,14.25,0.0,4.75,2.0
Linear,Lens,15,21,,14.25,Simul_+30deg,30.8,10.22,,14.25,0.0,4.75,2.0
Linear,Lens,15,21,,14.25,Simul_+15deg,23.3,7.72,,14.25,0.0,4.75,2.0
Linear,Lens,15,21,,14.25,Simul_+0deg,14.6,4.85,,14.25,0.0,4.75,2.0
Linear,Lens,15,21,,14.25,Simul_-15deg,12.7,4.26,,14.25,0.0,4.75,2.0
Linear,Lens,15,21,,14.25,Simul_-30deg,10.6,3.61,,14.25,0.0,4.75,2.0
Linear,Lens,15,21,,14.25,Simul_-45deg,11.8,3.94,,14.25,0.0,4.75,2.0
Linear,Lens,15,21,,14.25,Simul_-60deg,13.2,4.4,,14.25,0.0,4.75,2.0
Linear,Lens,16,21,,15.2,Simul_+60deg,19.9,6.61,,15.2,0.0,5.700000000000001,2.0
Linear,Lens,16,21,,15.2,Simul_+45deg,29.5,9.79,,15.2,0.0,5.700000000000001,2.0
Linear,Lens,16,21,,15.2,Simul_+30deg,28.4,9.44,,15.2,0.0,5.700000000000001,2.0
Linear,Lens,16,21,,15.2,Simul_+15deg,19.6,6.47,,15.2,0.0,5.700000000000001,2.0
Linear,Lens,16,21,,15.2,Simul_+0deg,15.1,5.0,,15.2,0.0,5.700000000000001,2.0
Linear,Lens,16,21,,15.2,Simul_-15deg,11.0,3.7,,15.2,0.0,5.700000000000001,2.0
Linear,Lens,16,21,,15.2,Simul_-30deg,8.2,2.87,,15.2,0.0,5.700000000000001,2.0
Linear,Lens,16,21,,15.2,Simul_-45deg,12.1,4.06,,15.2,0.0,5.700000000000001,2.0
Linear,Lens,16,21,,15.2,Simul_-60deg,12.2,4.09,,15.2,0.0,5.700000000000001,2.0
Linear,Lens,17,21,,16.15,Simul_+60deg,22.7,7.48,,16.15,0.0,6.649999999999999,2.0
Linear,Lens,17,21,,16.15,Simul_+45deg,29.0,9.63,,16.15,0.0,6.649999999999999,2.0
Linear,Lens,17,21,,16.15,Simul_+30deg,25.5,8.46,,16.15,0.0,6.649999999999999,2.0
Linear,Lens,17,21,,16.15,Simul_+15deg,17.4,5.71,,16.15,0.0,6.649999999999999,2.0
Linear,Lens,17,21,,16.15,Simul_+0deg,12.8,4.26,,16.15,0.0,6.649999999999999,2.0
Linear,Lens,17,21,,16.15,Simul_-15deg,9.0,3.09,,16.15,0.0,6.649999999999999,2.0
Linear,Lens,17,21,,16.15,Simul_-30deg,7.0,2.53,,16.15,0.0,6.649999999999999,2.0
Linear,Lens,17,21,,16.15,Simul_-45deg,12.0,4.01,,16.15,0.0,6.649999999999999,2.0
Linear,Lens,17,21,,16.15,Simul_-60deg,12.1,4.05,,16.15,0.0,6.649999999999999,2.0
Linear,Lens,18,21,,17.1,Simul_+60deg,24.9,8.26,,17.099999999999998,0.0,7.600000000000001,2.0
Linear,Lens,18,21,,17.1,Simul_+45deg,27.8,9.23,,17.099999999999998,0.0,7.600000000000001,2.0
Linear,Lens,18,21,,17.1,Simul_+30deg,22.4,7.42,,17.099999999999998,0.0,7.600000000000001,2.0
Linear,Lens,18,21,,17.1,Simul_+15deg,18.1,5.97,,17.099999999999998,0.0,7.600000000000001,2.0
Linear,Lens,18,21,,17.1,Simul_+0deg,12.1,4.05,,17.099999999999998,0.0,7.600000000000001,2.0
Linear,Lens,18,21,,17.1,Simul_-15deg,7.6,2.72,,17.099999999999998,0.0,7.600000000000001,2.0
Linear,Lens,18,21,,17.1,Simul_-30deg,7.9,2.79,,17.099999999999998,0.0,7.600000000000001,2.0
Linear,Lens,18,21,,17.1,Simul_-45deg,11.7,3.91,,17.099999999999998,0.0,7.600000000000001,2.0
Linear,Lens,18,21,,17.1,Simul_-60deg,12.2,4.08,,17.099999999999998,0.0,7.600000000000001,2.0
Linear,Lens,19,21,,18.05,Simul_+60deg,26.0,8.62,,18.05,0.0,8.55,2.0
Linear,Lens,19,21,,18.05,Simul_+45deg,26.3,8.73,,18.05,0.0,8.55,2.0
Linear,Lens,19,21,,18.05,Simul_+30deg,19.8,6.56,,18.05,0.0,8.55,2.0
Linear,Lens,19,21,,18.05,Simul_+15deg,16.3,5.37,,18.05,0.0,8.55,2.0
Linear,Lens,19,21,,18.05,Simul_+0deg,10.6,3.6,,18.05,0.0,8.55,2.0
Linear,Lens,19,21,,18.05,Simul_-15deg,5.8,2.22,,18.05,0.0,8.55,2.0
Linear,Lens,19,21,,18.05,Simul_-30deg,8.0,2.82,,18.05,0.0,8.55,2.0
Linear,Lens,19,21,,18.05,Simul_-45deg,11.2,3.76,,18.05,0.0,8.55,2.0
Linear,Lens,19,21,,18.05,Simul_-60deg,11.6,3.89,,18.05,0.0,8.55,2.0
Linear,Lens,20,21,,19.0,Simul_+60deg,26.7,8.82,,19.0,0.0,9.5,2.0
Linear,Lens,20,21,,19.0,Simul_+45deg,25.1,8.33,,19.0,0.0,9.5,2.0
Linear,Lens,20,21,,19.0,Simul_+30deg,19.6,6.47,,19.0,0.0,9.5,2.0
Linear,Lens,20,21,,19.0,Simul_+15deg,18.4,6.08,,19.0,0.0,9.5,2.0
Linear,Lens,20,21,,19.0,Simul_+0deg,10.7,3.61,,19.0,0.0,9.5,2.0
Linear,Lens,20,21,,19.0,Simul_-15deg,5.0,2.03,,19.0,0.0,9.5,2.0
Linear,Lens,20,21,,19.0,Simul_-30deg,8.2,2.87,,19.0,0.0,9.5,2.0
Linear,Lens,20,21,,19.0,Simul_-45deg,10.9,3.68,,19.0,0.0,9.5,2.0
Linear,Lens,20,21,,19.0,Simul_-60deg,11.6,3.91,,19.0,0.0,9.5,2.0
Half-Circular,Lens,0,37,,0.0,Simul_+60deg,11.4,3.84,-90.0,0.0,5.51091059616309e-16,-9.0,2.0
Half-Circular,Lens,0,37,,0.0,Simul_+45deg,10.8,3.65,-90.0,0.0,5.51091059616309e-16,-9.0,2.0
Half-Circular,Lens,0,37,,0.0,Simul_+30deg,8.2,2.88,-90.0,0.0,5.51091059616309e-16,-9.0,2.0
Half-Circular,Lens,0,37,,0.0,Simul_+15deg,5.1,2.04,-90.0,0.0,5.51091059616309e-16,-9.0,2.0
Half-Circular,Lens,0,37,,0.0,Simul_+0deg,10.2,3.46,-90.0,0.0,5.51091059616309e-16,-9.0,2.0
Half-Circular,Lens,0,37,,0.0,Simul_-15deg,17.6,5.83,-90.0,0.0,5.51091059616309e-16,-9.0,2.0
Half-Circular,Lens,0,37,,0.0,Simul_-30deg,19.3,6.38,-90.0,0.0,5.51091059616309e-16,-9.0,2.0
Half-Circular,Lens,0,37,,0.0,Simul_-45deg,26.0,8.62,-90.0,0.0,5.51091059616309e-16,-9.0,2.0
Half-Circular,Lens,0,37,,0.0,Simul_-60deg,26.5,8.78,-90.0,0.0,5.51091059616309e-16,-9.0,2.0
Half-Circular,Lens,1,37,,0.79,Simul_+60deg,11.5,3.85,-85.0,0.7853981633974483,0.7844016847289232,-8.96575228282571,2.0
Half-Circular,Lens,1,37,,0.79,Simul_+45deg,10.7,3.62,-85.0,0.7853981633974483,0.7844016847289232,-8.96575228282571,2.0
Half-Circular,Lens,1,37,,0.79,Simul_+30deg,7.8,2.76,-85.0,0.7853981633974483,0.7844016847289232,-8.96575228282571,2.0
Half-Circular,Lens,1,37,,0.79,Simul_+15deg,5.7,2.19,-85.0,0.7853981633974483,0.7844016847289232,-8.96575228282571,2.0
Half-Circular,Lens,1,37,,0.79,Simul_+0deg,9.4,3.22,-85.0,0.7853981633974483,0.7844016847289232,-8.96575228282571,2.0
Half-Circular,Lens,1,37,,0.79,Simul_-15deg,18.8,6.2,-85.0,0.7853981633974483,0.7844016847289232,-8.96575228282571,2.0
Half-Circular,Lens,1,37,,0.79,Simul_-30deg,21.3,7.04,-85.0,0.7853981633974483,0.7844016847289232,-8.96575228282571,2.0
Half-Circular,Lens,1,37,,0.79,Simul_-45deg,26.6,8.83,-85.0,0.7853981633974483,0.7844016847289232,-8.96575228282571,2.0
Half-Circular,Lens,1,37,,0.79,Simul_-60deg,25.1,8.31,-85.0,0.7853981633974483,0.7844016847289232,-8.96575228282571,2.0
Half-Circular,Lens,2,37,,1.57,Simul_+60deg,11.4,3.83,-80.0,1.5707963267948966,1.5628335990023738,-8.863269777109872,2.0
Half-Circular,Lens,2,37,,1.57,Simul_+45deg,10.9,3.69,-80.0,1.5707963267948966,1.5628335990023738,-8.863269777109872,2.0
Half-Circular,Lens,2,37,,1.57,Simul_+30deg,6.9,2.54,-80.0,1.5707963267948966,1.5628335990023738,-8.863269777109872,2.0
Half-Circular,Lens,2,37,,1.57,Simul_+15deg,6.3,2.36,-80.0,1.5707963267948966,1.5628335990023738,-8.863269777109872,2.0
Half-Circular,Lens,2,37,,1.57,Simul_+0deg,9.1,3.13,-80.0,1.5707963267948966,1.5628335990023738,-8.863269777109872,2.0
Half-Circular,Lens,2,37,,1.57,Simul_-15deg,17.0,5.65,-80.0,1.5707963267948966,1.5628335990023738,-8.863269777109872,2.0
Half-Circular,Lens,2,37,,1.57,Simul_-30deg,22.2,7.35,-80.0,1.5707963267948966,1.5628335990023738,-8.863269777109872,2.0
Half-Circular,Lens,2,37,,1.57,Simul_-45deg,27.0,8.98,-80.0,1.5707963267948966,1.5628335990023738,-8.863269777109872,2.0
Half-Circular,Lens,2,37,,1.57,Simul_-60deg,23.8,7.91,-80.0,1.5707963267948966,1.5628335990023738,-8.863269777109872,2.0
Half-Circular,Lens,3,37,,2.36,Simul_+60deg,12.3,4.1,-75.0,2.356194490192345,2.3293714059226867,-8.693332436601615,2.0
Half-Circular,Lens,3,37,,2.36,Simul_+45deg,10.5,3.54,-75.0,2.356194490192345,2.3293714059226867,-8.693332436601615,2.0
Half-Circular,Lens,3,37,,2.36,Simul_+30deg,5.6,2.16,-75.0,2.356194490192345,2.3293714059226867,-8.693332436601615,2.0
Half-Circular,Lens,3,37,,2.36,Simul_+15deg,7.0,2.53,-75.0,2.356194490192345,2.3293714059226867,-8.693332436601615,2.0
Half-Circular,Lens,3,37,,2.36,Simul_+0deg,8.6,2.99,-75.0,2.356194490192345,2.3293714059226867,-8.693332436601615,2.0
Half-Circular,Lens,3,37,,2.36,Simul_-15deg,16.9,5.62,-75.0,2.356194490192345,2.3293714059226867,-8.693332436601615,2.0
Half-Circular,Lens,3,37,,2.36,Simul_-30deg,23.6,7.8,-75.0,2.356194490192345,2.3293714059226867,-8.693332436601615,2.0
Half-Circular,Lens,3,37,,2.36,Simul_-45deg,27.2,9.03,-75.0,2.356194490192345,2.3293714059226867,-8.693332436601615,2.0
Half-Circular,Lens,3,37,,2.36,Simul_-60deg,22.2,7.36,-75.0,2.356194490192345,2.3293714059226867,-8.693332436601615,2.0
Half-Circular,Lens,4,37,,3.14,Simul_+60deg,12.4,4.12,-70.0,3.141592653589793,3.0781812899310195,-8.457233587073175,2.0
Half-Circular,Lens,4,37,,3.14,Simul_+45deg,10.4,3.52,-70.0,3.141592653589793,3.0781812899310195,-8.457233587073175,2.0
Half-Circular,Lens,4,37,,3.14,Simul_+30deg,6.0,2.28,-70.0,3.141592653589793,3.0781812899310195,-8.457233587073175,2.0
Half-Circular,Lens,4,37,,3.14,Simul_+15deg,8.1,2.83,-70.0,3.141592653589793,3.0781812899310195,-8.457233587073175,2.0
Half-Circular,Lens,4,37,,3.14,Simul_+0deg,9.6,3.28,-70.0,3.141592653589793,3.0781812899310195,-8.457233587073175,2.0
Half-Circular,Lens,4,37,,3.14,Simul_-15deg,17.5,5.8,-70.0,3.141592653589793,3.0781812899310195,-8.457233587073175,2.0
Half-Circular,Lens,4,37,,3.14,Simul_-30deg,24.9,8.24,-70.0,3.141592653589793,3.0781812899310195,-8.457233587073175,2.0
Half-Circular,Lens,4,37,,3.14,Simul_-45deg,27.2,9.01,-70.0,3.141592653589793,3.0781812899310195,-8.457233587073175,2.0
Half-Circular,Lens,4,37,,3.14,Simul_-60deg,20.0,6.63,-70.0,3.141592653589793,3.0781812899310195,-8.457233587073175,2.0
Half-Circular,Lens,5,37,,3.93,Simul_+60deg,13.2,4.38,-65.0,3.9269908169872414,3.803564355666295,-8.15677008332985,2.0
Half-Circular,Lens,5,37,,3.93,Simul_+45deg,10.2,3.45,-65.0,3.9269908169872414,3.803564355666295,-8.15677008332985,2.0
Half-Circular,Lens,5,37,,3.93,Simul_+30deg,6.4,2.38,-65.0,3.9269908169872414,3.803564355666295,-8.15677008332985,2.0
Half-Circular,Lens,5,37,,3.93,Simul_+15deg,8.3,2.9,-65.0,3.9269908169872414,3.803564355666295,-8.15677008332985,2.0
Half-Circular,Lens,5,37,,3.93,Simul_+0deg,9.4,3.24,-65.0,3.9269908169872414,3.803564355666295,-8.15677008332985,2.0
Half-Circular,Lens,5,37,,3.93,Simul_-15deg,18.6,6.14,-65.0,3.9269908169872414,3.803564355666295,-8.15677008332985,2.0
Half-Circular,Lens,5,37,,3.93,Simul_-30deg,25.9,8.58,-65.0,3.9269908169872414,3.803564355666295,-8.15677008332985,2.0
Half-Circular,Lens,5,37,,3.93,Simul_-45deg,26.8,8.89,-65.0,3.9269908169872414,3.803564355666295,-8.15677008332985,2.0
Half-Circular,Lens,5,37,,3.93,Simul_-60deg,18.5,6.12,-65.0,3.9269908169872414,3.803564355666295,-8.15677008332985,2.0
Half-Circular,Lens,6,37,,4.71,Simul_+60deg,13.7,4.54,-60.0,4.71238898038469,4.500000000000001,-7.794228634059947,2.0
Half-Circular,Lens,6,37,,4.71,Simul_+45deg,9.9,3.37,-60.0,4.71238898038469,4.500000000000001,-7.794228634059947,2.0
Half-Circular,Lens,6,37,,4.71,Simul_+30deg,7.3,2.64,-60.0,4.71238898038469,4.500000000000001,-7.794228634059947,2.0
Half-Circular,Lens,6,37,,4.71,Simul_+15deg,9.3,3.23,-60.0,4.71238898038469,4.500000000000001,-7.794228634059947,2.0
Half-Circular,Lens,6,37,,4.71,Simul_+0deg,10.2,3.46,-60.0,4.71238898038469,4.500000000000001,-7.794228634059947,2.0
Half-Circular,Lens,6,37,,4.71,Simul_-15deg,20.2,6.67,-60.0,4.71238898038469,4.500000000000001,-7.794228634059947,2.0
Half-Circular,Lens,6,37,,4.71,Simul_-30deg,27.0,8.94,-60.0,4.71238898038469,4.500000000000001,-7.794228634059947,2.0
Half-Circular,Lens,6,37,,4.71,Simul_-45deg,26.1,8.63,-60.0,4.71238898038469,4.500000000000001,-7.794228634059947,2.0
Half-Circular,Lens,6,37,,4.71,Simul_-60deg,17.0,5.64,-60.0,4.71238898038469,4.500000000000001,-7.794228634059947,2.0
Half-Circular,Lens,7,37,,5.5,Simul_+60deg,13.4,4.45,-55.0,5.497787143782138,5.162187927159414,-7.372368398600926,2.0
Half-Circular,Lens,7,37,,5.5,Simul_+45deg,9.4,3.21,-55.0,5.497787143782138,5.162187927159414,-7.372368398600926,2.0
Half-Circular,Lens,7,37,,5.5,Simul_+30deg,7.4,2.67,-55.0,5.497787143782138,5.162187927159414,-7.372368398600926,2.0
Half-Circular,Lens,7,37,,5.5,Simul_+15deg,9.7,3.34,-55.0,5.497787143782138,5.162187927159414,-7.372368398600926,2.0
Half-Circular,Lens,7,37,,5.5,Simul_+0deg,10.9,3.66,-55.0,5.497787143782138,5.162187927159414,-7.372368398600926,2.0
Half-Circular,Lens,7,37,,5.5,Simul_-15deg,21.9,7.25,-55.0,5.497787143782138,5.162187927159414,-7.372368398600926,2.0
Half-Circular,Lens,7,37,,5.5,Simul_-30deg,27.4,9.09,-55.0,5.497787143782138,5.162187927159414,-7.372368398600926,2.0
Half-Circular,Lens,7,37,,5.5,Simul_-45deg,25.0,8.28,-55.0,5.497787143782138,5.162187927159414,-7.372368398600926,2.0
Half-Circular,Lens,7,37,,5.5,Simul_-60deg,16.6,5.49,-55.0,5.497787143782138,5.162187927159414,-7.372368398600926,2.0
Half-Circular,Lens,8,37,,6.28,Simul_+60deg,14.3,4.73,-50.0,6.283185307179586,5.785088487178855,-6.894399988070802,2.0
Half-Circular,Lens,8,37,,6.28,Simul_+45deg,9.6,3.29,-50.0,6.283185307179586,5.785088487178855,-6.894399988070802,2.0
Half-Circular,Lens,8,37,,6.28,Simul_+30deg,7.7,2.73,-50.0,6.283185307179586,5.785088487178855,-6.894399988070802,2.0
Half-Circular,Lens,8,37,,6.28,Simul_+15deg,9.6,3.3,-50.0,6.283185307179586,5.785088487178855,-6.894399988070802,2.0
Half-Circular,Lens,8,37,,6.28,Simul_+0deg,11.8,3.95,-50.0,6.283185307179586,5.785088487178855,-6.894399988070802,2.0
Half-Circular,Lens,8,37,,6.28,Simul_-15deg,23.9,7.9,-50.0,6.283185307179586,5.785088487178855,-6.894399988070802,2.0
Half-Circular,Lens,8,37,,6.28,Simul_-30deg,27.6,9.15,-50.0,6.283185307179586,5.785088487178855,-6.894399988070802,2.0
Half-Circular,Lens,8,37,,6.28,Simul_-45deg,23.9,7.92,-50.0,6.283185307179586,5.785088487178855,-6.894399988070802,2.0
Half-Circular,Lens,8,37,,6.28,Simul_-60deg,16.4,5.42,-50.0,6.283185307179586,5.785088487178855,-6.894399988070802,2.0
Half-Circular,Lens,9,37,,7.07,Simul_+60deg,14.3,4.75,-45.0,7.0685834705770345,6.3639610306789285,-6.3639610306789285,2.0
Half-Circular,Lens,9,37,,7.07,Simul_+45deg,9.8,3.36,-45.0,7.0685834705770345,6.3639610306789285,-6.3639610306789285,2.0
Half-Circular,Lens,9,37,,7.07,Simul_+30deg,8.2,2.89,-45.0,7.0685834705770345,6.3639610306789285,-6.3639610306789285,2.0
Half-Circular,Lens,9,37,,7.07,Simul_+15deg,9.4,3.23,-45.0,7.0685834705770345,6.3639610306789285,-6.3639610306789285,2.0
Half-Circular,Lens,9,37,,7.07,Simul_+0deg,14.1,4.66,-45.0,7.0685834705770345,6.3639610306789285,-6.3639610306789285,2.0
Half-Circular,Lens,9,37,,7.07,Simul_-15deg,25.3,8.36,-45.0,7.0685834705770345,6.3639610306789285,-6.3639610306789285,2.0
Half-Circular,Lens,9,37,,7.07,Simul_-30deg,27.6,9.14,-45.0,7.0685834705770345,6.3639610306789285,-6.3639610306789285,2.0
Half-Circular,Lens,9,37,,7.07,Simul_-45deg,22.2,7.29,-45.0,7.0685834705770345,6.3639610306789285,-6.3639610306789285,2.0
Half-Circular,Lens,9,37,,7.07,Simul_-60deg,15.9,5.27,-45.0,7.0685834705770345,6.3639610306789285,-6.3639610306789285,2.0
Half-Circular,Lens,10,37,,7.85,Simul_+60deg,14.7,4.86,-40.0,7.853981633974483,6.894399988070802,-5.785088487178854,2.0
Half-Circular,Lens,10,37,,7.85,Simul_+45deg,10.0,3.42,-40.0,7.853981633974483,6.894399988070802,-5.785088487178854,2.0
Half-Circular,Lens,10,37,,7.85,Simul_+30deg,8.9,3.09,-40.0,7.853981633974483,6.894399988070802,-5.785088487178854,2.0
Half-Circular,Lens,10,37,,7.85,Simul_+15deg,9.1,3.12,-40.0,7.853981633974483,6.894399988070802,-5.785088487178854,2.0
Half-Circular,Lens,10,37,,7.85,Simul_+0deg,17.1,5.64,-40.0,7.853981633974483,6.894399988070802,-5.785088487178854,2.0
Half-Circular,Lens,10,37,,7.85,Simul_-15deg,26.3,8.73,-40.0,7.853981633974483,6.894399988070802,-5.785088487178854,2.0
Half-Circular,Lens,10,37,,7.85,Simul_-30deg,26.7,8.85,-40.0,7.853981633974483,6.894399988070802,-5.785088487178854,2.0
Half-Circular,Lens,10,37,,7.85,Simul_-45deg,20.7,6.84,-40.0,7.853981633974483,6.894399988070802,-5.785088487178854,2.0
Half-Circular,Lens,10,37,,7.85,Simul_-60deg,16.0,5.3,-40.0,7.853981633974483,6.894399988070802,-5.785088487178854,2.0
Half-Circular,Lens,11,37,,8.64,Simul_+60deg,14.7,4.89,-35.0,8.639379797371932,7.372368398600926,-5.162187927159414,2.0
Half-Circular,Lens,11,37,,8.64,Simul_+45deg,10.5,3.54,-35.0,8.639379797371932,7.372368398600926,-5.162187927159414,2.0
Half-Circular,Lens,11,37,,8.64,Simul_+30deg,9.0,3.11,-35.0,8.639379797371932,7.372368398600926,-5.162187927159414,2.0
Half-Circular,Lens,11,37,,8.64,Simul_+15deg,9.6,3.31,-35.0,8.639379797371932,7.372368398600926,-5.162187927159414,2.0
Half-Circular,Lens,11,37,,8.64,Simul_+0deg,19.7,6.49,-35.0,8.639379797371932,7.372368398600926,-5.162187927159414,2.0
Half-Circular,Lens,11,37,,8.64,Simul_-15deg,27.6,9.15,-35.0,8.639379797371932,7.372368398600926,-5.162187927159414,2.0
Half-Circular,Lens,11,37,,8.64,Simul_-30deg,26.2,8.67,-35.0,8.639379797371932,7.372368398600926,-5.162187927159414,2.0
Half-Circular,Lens,11,37,,8.64,Simul_-45deg,19.1,6.31,-35.0,8.639379797371932,7.372368398600926,-5.162187927159414,2.0
Half-Circular,Lens,11,37,,8.64,Simul_-60deg,15.2,5.07,-35.0,8.639379797371932,7.372368398600926,-5.162187927159414,2.0
Half-Circular,Lens,12,37,,9.42,Simul_+60deg,14.9,4.94,-30.0,9.42477796076938,7.794228634059948,-4.499999999999999,2.0
Half-Circular,Lens,12,37,,9.42,Simul_+45deg,11.1,3.75,-30.0,9.42477796076938,7.794228634059948,-4.499999999999999,2.0
Half-Circular,Lens,12,37,,9.42,Simul_+30deg,8.2,2.91,-30.0,9.42477796076938,7.794228634059948,-4.499999999999999,2.0
Half-Circular,Lens,12,37,,9.42,Simul_+15deg,9.7,3.33,-30.0,9.42477796076938,7.794228634059948,-4.499999999999999,2.0
Half-Circular,Lens,12,37,,9.42,Simul_+0deg,22.2,7.33,-30.0,9.42477796076938,7.794228634059948,-4.499999999999999,2.0
Half-Circular,Lens,12,37,,9.42,Simul_-15deg,28.1,9.32,-30.0,9.42477796076938,7.794228634059948,-4.499999999999999,2.0
Half-Circular,Lens,12,37,,9.42,Simul_-30deg,24.9,8.24,-30.0,9.42477796076938,7.794228634059948,-4.499999999999999,2.0
Half-Circular,Lens,12,37,,9.42,Simul_-45deg,18.7,6.17,-30.0,9.42477796076938,7.794228634059948,-4.499999999999999,2.0
Half-Circular,Lens,12,37,,9.42,Simul_-60deg,15.4,5.11,-30.0,9.42477796076938,7.794228634059948,-4.499999999999999,2.0
Half-Circular,Lens,13,37,,10.21,Simul_+60deg,14.8,4.91,-25.0,10.210176124166829,8.15677008332985,-3.803564355666295,2.0
Half-Circular,Lens,13,37,,10.21,Simul_+45deg,11.4,3.84,-25.0,10.210176124166829,8.15677008332985,-3.803564355666295,2.0
Half-Circular,Lens,13,37,,10.21,Simul_+30deg,8.5,2.95,-25.0,10.210176124166829,8.15677008332985,-3.803564355666295,2.0
Half-Circular,Lens,13,37,,10.21,Simul_+15deg,11.2,3.77,-25.0,10.210176124166829,8.15677008332985,-3.803564355666295,2.0
Half-Circular,Lens,13,37,,10.21,Simul_+0deg,23.5,7.8,-25.0,10.210176124166829,8.15677008332985,-3.803564355666295,2.0
Half-Circular,Lens,13,37,,10.21,Simul_-15deg,28.0,9.27,-25.0,10.210176124166829,8.15677008332985,-3.803564355666295,2.0
Half-Circular,Lens,13,37,,10.21,Simul_-30deg,22.9,7.59,-25.0,10.210176124166829,8.15677008332985,-3.803564355666295,2.0
Half-Circular,Lens,13,37,,10.21,Simul_-45deg,18.0,5.93,-25.0,10.210176124166829,8.15677008332985,-3.803564355666295,2.0
Half-Circular,Lens,13,37,,10.21,Simul_-60deg,15.0,5.01,-25.0,10.210176124166829,8.15677008332985,-3.803564355666295,2.0
Half-Circular,Lens,14,37,,10.99,Simul_+60deg,15.0,4.96,-20.0,10.995574287564276,8.457233587073176,-3.0781812899310186,2.0
Half-Circular,Lens,14,37,,10.99,Simul_+45deg,12.5,4.15,-20.0,10.995574287564276,8.457233587073176,-3.0781812899310186,2.0
Half-Circular,Lens,14,37,,10.99,Simul_+30deg,9.2,3.17,-20.0,10.995574287564276,8.457233587073176,-3.0781812899310186,2.0
Half-Circular,Lens,14,37,,10.99,Simul_+15deg,14.9,4.94,-20.0,10.995574287564276,8.457233587073176,-3.0781812899310186,2.0
Half-Circular,Lens,14,37,,10.99,Simul_+0deg,25.3,8.37,-20.0,10.995574287564276,8.457233587073176,-3.0781812899310186,2.0
Half-Circular,Lens,14,37,,10.99,Simul_-15deg,27.8,9.22,-20.0,10.995574287564276,8.457233587073176,-3.0781812899310186,2.0
Half-Circular,Lens,14,37,,10.99,Simul_-30deg,21.2,7.01,-20.0,10.995574287564276,8.457233587073176,-3.0781812899310186,2.0
Half-Circular,Lens,14,37,,10.99,Simul_-45deg,17.6,5.83,-20.0,10.995574287564276,8.457233587073176,-3.0781812899310186,2.0
Half-Circular,Lens,14,37,,10.99,Simul_-60deg,15.2,5.06,-20.0,10.995574287564276,8.457233587073176,-3.0781812899310186,2.0
Half-Circular,Lens,15,37,,11.78,Simul_+60deg,15.0,5.0,-15.0,11.780972450961725,8.693332436601615,-2.3293714059226867,2.0
Half-Circular,Lens,15,37,,11.78,Simul_+45deg,12.5,4.19,-15.0,11.780972450961725,8.693332436601615,-2.3293714059226867,2.0
Half-Circular,Lens,15,37,,11.78,Simul_+30deg,9.0,3.11,-15.0,11.780972450961725,8.693332436601615,-2.3293714059226867,2.0
Half-Circular,Lens,15,37,,11.78,Simul_+15deg,17.3,5.76,-15.0,11.780972450961725,8.693332436601615,-2.3293714059226867,2.0
Half-Circular,Lens,15,37,,11.78,Simul_+0deg,26.4,8.77,-15.0,11.780972450961725,8.693332436601615,-2.3293714059226867,2.0
Half-Circular,Lens,15,37,,11.78,Simul_-15deg,27.2,9.03,-15.0,11.780972450961725,8.693332436601615,-2.3293714059226867,2.0
Half-Circular,Lens,15,37,,11.78,Simul_-30deg,18.9,6.24,-15.0,11.780972450961725,8.693332436601615,-2.3293714059226867,2.0
Half-Circular,Lens,15,37,,11.78,Simul_-45deg,16.6,5.45,-15.0,11.780972450961725,8.693332436601615,-2.3293714059226867,2.0
Half-Circular,Lens,15,37,,11.78,Simul_-60deg,15.1,4.99,-15.0,11.780972450961725,8.693332436601615,-2.3293714059226867,2.0
Half-Circular,Lens,16,37,,12.56,Simul_+60deg,15.4,5.15,-10.0,12.566370614359172,8.863269777109872,-1.562833599002373,2.0
Half-Circular,Lens,16,37,,12.56,Simul_+45deg,13.2,4.4,-10.0,12.566370614359172,8.863269777109872,-1.562833599002373,2.0
Half-Circular,Lens,16,37,,12.56,Simul_+30deg,9.7,3.35,-10.0,12.566370614359172,8.863269777109872,-1.562833599002373,2.0
Half-Circular,Lens,16,37,,12.56,Simul_+15deg,19.9,6.6,-10.0,12.566370614359172,8.863269777109872,-1.562833599002373,2.0
Half-Circular,Lens,16,37,,12.56,Simul_+0deg,27.2,9.02,-10.0,12.566370614359172,8.863269777109872,-1.562833599002373,2.0
Half-Circular,Lens,16,37,,12.56,Simul_-15deg,26.3,8.73,-10.0,12.566370614359172,8.863269777109872,-1.562833599002373,2.0
Half-Circular,Lens,16,37,,12.56,Simul_-30deg,16.8,5.57,-10.0,12.566370614359172,8.863269777109872,-1.562833599002373,2.0
Half-Circular,Lens,16,37,,12.56,Simul_-45deg,16.3,5.41,-10.0,12.566370614359172,8.863269777109872,-1.562833599002373,2.0
Half-Circular,Lens,16,37,,12.56,Simul_-60deg,16.0,5.35,-10.0,12.566370614359172,8.863269777109872,-1.562833599002373,2.0
Half-Circular,Lens,17,37,,13.35,Simul_+60deg,15.2,5.05,-5.0,13.351768777756622,8.96575228282571,-0.7844016847289235,2.0
Half-Circular,Lens,17,37,,13.35,Simul_+45deg,14.0,4.66,-5.0,13.351768777756622,8.96575228282571,-0.7844016847289235,2.0
Half-Circular,Lens,17,37,,13.35,Simul_+30deg,11.6,3.9,-5.0,13.351768777756622,8.96575228282571,-0.7844016847289235,2.0
Half-Circular,Lens,17,37,,13.35,Simul_+15deg,21.9,7.26,-5.0,13.351768777756622,8.96575228282571,-0.7844016847289235,2.0
Half-Circular,Lens,17,37,,13.35,Simul_+0deg,27.8,9.22,-5.0,13.351768777756622,8.96575228282571,-0.7844016847289235,2.0
Half-Circular,Lens,17,37,,13.35,Simul_-15deg,25.6,8.49,-5.0,13.351768777756622,8.96575228282571,-0.7844016847289235,2.0
Half-Circular,Lens,17,37,,13.35,Simul_-30deg,16.2,5.38,-5.0,13.351768777756622,8.96575228282571,-0.7844016847289235,2.0
Half-Circular,Lens,17,37,,13.35,Simul_-45deg,15.2,5.03,-5.0,13.351768777756622,8.96575228282571,-0.7844016847289235,2.0
Half-Circular,Lens,17,37,,13.35,Simul_-60deg,14.5,4.8,-5.0,13.351768777756622,8.96575228282571,-0.7844016847289235,2.0
Half-Circular,Lens,18,37,,14.13,Simul_+60deg,14.8,4.91,0.0,14.137166941154069,9.0,0.0,2.0
Half-Circular,Lens,18,37,,14.13,Simul_+45deg,14.4,4.76,0.0,14.137166941154069,9.0,0.0,2.0
Half-Circular,Lens,18,37,,14.13,Simul_+30deg,14.5,4.79,0.0,14.137166941154069,9.0,0.0,2.0
Half-Circular,Lens,18,37,,14.13,Simul_+15deg,23.8,7.86,0.0,14.137166941154069,9.0,0.0,2.0
Half-Circular,Lens,18,37,,14.13,Simul_+0deg,28.0,9.25,0.0,14.137166941154069,9.0,0.0,2.0
Half-Circular,Lens,18,37,,14.13,Simul_-15deg,23.8,7.84,0.0,14.137166941154069,9.0,0.0,2.0
Half-Circular,Lens,18,37,,14.13,Simul_-30deg,14.5,4.78,0.0,14.137166941154069,9.0,0.0,2.0
Half-Circular,Lens,18,37,,14.13,Simul_-45deg,14.5,4.8,0.0,14.137166941154069,9.0,0.0,2.0
Half-Circular,Lens,18,37,,14.13,Simul_-60deg,14.9,4.96,0.0,14.137166941154069,9.0,0.0,2.0
Half-Circular,Lens,19,37,,14.92,Simul_+60deg,14.4,4.79,5.0,14.922565104551518,8.96575228282571,0.7844016847289235,2.0
Half-Circular,Lens,19,37,,14.92,Simul_+45deg,15.0,4.99,5.0,14.922565104551518,8.96575228282571,0.7844016847289235,2.0
Half-Circular,Lens,19,37,,14.92,Simul_+30deg,15.9,5.29,5.0,14.922565104551518,8.96575228282571,0.7844016847289235,2.0
Half-Circular,Lens,19,37,,14.92,Simul_+15deg,25.5,8.46,5.0,14.922565104551518,8.96575228282571,0.7844016847289235,2.0
Half-Circular,Lens,19,37,,14.92,Simul_+0deg,27.8,9.22,5.0,14.922565104551518,8.96575228282571,0.7844016847289235,2.0
Half-Circular,Lens,19,37,,14.92,Simul_-15deg,21.9,7.28,5.0,14.922565104551518,8.96575228282571,0.7844016847289235,2.0
Half-Circular,Lens,19,37,,14.92,Simul_-30deg,12.0,4.01,5.0,14.922565104551518,8.96575228282571,0.7844016847289235,2.0
Half-Circular,Lens,19,37,,14.92,Simul_-45deg,14.1,4.68,5.0,14.922565104551518,8.96575228282571,0.7844016847289235,2.0
Half-Circular,Lens,19,37,,14.92,Simul_-60deg,15.4,5.13,5.0,14.922565104551518,8.96575228282571,0.7844016847289235,2.0
Half-Circular,Lens,20,37,,15.7,Simul_+60deg,15.6,5.21,10.0,15.707963267948966,8.863269777109872,1.562833599002373,2.0
Half-Circular,Lens,20,37,,15.7,Simul_+45deg,16.2,5.36,10.0,15.707963267948966,8.863269777109872,1.562833599002373,2.0
Half-Circular,Lens,20,37,,15.7,Simul_+30deg,16.9,5.59,10.0,15.707963267948966,8.863269777109872,1.562833599002373,2.0
Half-Circular,Lens,20,37,,15.7,Simul_+15deg,26.3,8.74,10.0,15.707963267948966,8.863269777109872,1.562833599002373,2.0
Half-Circular,Lens,20,37,,15.7,Simul_+0deg,27.2,9.02,10.0,15.707963267948966,8.863269777109872,1.562833599002373,2.0
Half-Circular,Lens,20,37,,15.7,Simul_-15deg,19.9,6.62,10.0,15.707963267948966,8.863269777109872,1.562833599002373,2.0
Half-Circular,Lens,20,37,,15.7,Simul_-30deg,9.9,3.41,10.0,15.707963267948966,8.863269777109872,1.562833599002373,2.0
Half-Circular,Lens,20,37,,15.7,Simul_-45deg,13.3,4.42,10.0,15.707963267948966,8.863269777109872,1.562833599002373,2.0
Half-Circular,Lens,20,37,,15.7,Simul_-60deg,15.7,5.22,10.0,15.707963267948966,8.863269777109872,1.562833599002373,2.0
Half-Circular,Lens,21,37,,16.49,Simul_+60deg,14.8,4.91,15.0,16.493361431346415,8.693332436601615,2.3293714059226867,2.0
Half-Circular,Lens,21,37,,16.49,Simul_+45deg,16.5,5.42,15.0,16.493361431346415,8.693332436601615,2.3293714059226867,2.0
Half-Circular,Lens,21,37,,16.49,Simul_+30deg,18.8,6.24,15.0,16.493361431346415,8.693332436601615,2.3293714059226867,2.0
Half-Circular,Lens,21,37,,16.49,Simul_+15deg,27.2,9.02,15.0,16.493361431346415,8.693332436601615,2.3293714059226867,2.0
Half-Circular,Lens,21,37,,16.49,Simul_+0deg,26.4,8.76,15.0,16.493361431346415,8.693332436601615,2.3293714059226867,2.0
Half-Circular,Lens,21,37,,16.49,Simul_-15deg,17.4,5.77,15.0,16.493361431346415,8.693332436601615,2.3293714059226867,2.0
Half-Circular,Lens,21,37,,16.49,Simul_-30deg,9.2,3.16,15.0,16.493361431346415,8.693332436601615,2.3293714059226867,2.0
Half-Circular,Lens,21,37,,16.49,Simul_-45deg,12.5,4.21,15.0,16.493361431346415,8.693332436601615,2.3293714059226867,2.0
Half-Circular,Lens,21,37,,16.49,Simul_-60deg,15.2,5.06,15.0,16.493361431346415,8.693332436601615,2.3293714059226867,2.0
Half-Circular,Lens,22,37,,17.27,Simul_+60deg,14.9,4.97,20.0,17.278759594743864,8.457233587073176,3.0781812899310186,2.0
Half-Circular,Lens,22,37,,17.27,Simul_+45deg,17.6,5.81,20.0,17.278759594743864,8.457233587073176,3.0781812899310186,2.0
Half-Circular,Lens,22,37,,17.27,Simul_+30deg,21.1,6.99,20.0,17.278759594743864,8.457233587073176,3.0781812899310186,2.0
Half-Circular,Lens,22,37,,17.27,Simul_+15deg,27.8,9.22,20.0,17.278759594743864,8.457233587073176,3.0781812899310186,2.0
Half-Circular,Lens,22,37,,17.27,Simul_+0deg,25.2,8.36,20.0,17.278759594743864,8.457233587073176,3.0781812899310186,2.0
Half-Circular,Lens,22,37,,17.27,Simul_-15deg,15.0,4.96,20.0,17.278759594743864,8.457233587073176,3.0781812899310186,2.0
Half-Circular,Lens,22,37,,17.27,Simul_-30deg,9.3,3.21,20.0,17.278759594743864,8.457233587073176,3.0781812899310186,2.0
Half-Circular,Lens,22,37,,17.27,Simul_-45deg,12.5,4.15,20.0,17.278759594743864,8.457233587073176,3.0781812899310186,2.0
Half-Circular,Lens,22,37,,17.27,Simul_-60deg,15.3,5.03,20.0,17.278759594743864,8.457233587073176,3.0781812899310186,2.0
Half-Circular,Lens,23,37,,18.06,Simul_+60deg,14.8,4.94,25.0,18.06415775814131,8.15677008332985,3.803564355666295,2.0
Half-Circular,Lens,23,37,,18.06,Simul_+45deg,17.9,5.9,25.0,18.06415775814131,8.15677008332985,3.803564355666295,2.0
Half-Circular,Lens,23,37,,18.06,Simul_+30deg,22.9,7.56,25.0,18.06415775814131,8.15677008332985,3.803564355666295,2.0
Half-Circular,Lens,23,37,,18.06,Simul_+15deg,27.9,9.26,25.0,18.06415775814131,8.15677008332985,3.803564355666295,2.0
Half-Circular,Lens,23,37,,18.06,Simul_+0deg,23.4,7.77,25.0,18.06415775814131,8.15677008332985,3.803564355666295,2.0
Half-Circular,Lens,23,37,,18.06,Simul_-15deg,11.2,3.79,25.0,18.06415775814131,8.15677008332985,3.803564355666295,2.0
Half-Circular,Lens,23,37,,18.06,Simul_-30deg,8.6,2.97,25.0,18.06415775814131,8.15677008332985,3.803564355666295,2.0
Half-Circular,Lens,23,37,,18.06,Simul_-45deg,11.4,3.81,25.0,18.06415775814131,8.15677008332985,3.803564355666295,2.0
Half-Circular,Lens,23,37,,18.06,Simul_-60deg,14.9,4.96,25.0,18.06415775814131,8.15677008332985,3.803564355666295,2.0
Half-Circular,Lens,24,37,,18.84,Simul_+60deg,15.1,5.0,30.0,18.84955592153876,7.794228634059948,4.499999999999999,2.0
Half-Circular,Lens,24,37,,18.84,Simul_+45deg,18.6,6.15,30.0,18.84955592153876,7.794228634059948,4.499999999999999,2.0
Half-Circular,Lens,24,37,,18.84,Simul_+30deg,24.8,8.21,30.0,18.84955592153876,7.794228634059948,4.499999999999999,2.0
Half-Circular,Lens,24,37,,18.84,Simul_+15deg,28.0,9.3,30.0,18.84955592153876,7.794228634059948,4.499999999999999,2.0
Half-Circular,Lens,24,37,,18.84,Simul_+0deg,22.0,7.29,30.0,18.84955592153876,7.794228634059948,4.499999999999999,2.0
Half-Circular,Lens,24,37,,18.84,Simul_-15deg,9.9,3.41,30.0,18.84955592153876,7.794228634059948,4.499999999999999,2.0
Half-Circular,Lens,24,37,,18.84,Simul_-30deg,8.4,2.95,30.0,18.84955592153876,7.794228634059948,4.499999999999999,2.0
Half-Circular,Lens,24,37,,18.84,Simul_-45deg,11.0,3.72,30.0,18.84955592153876,7.794228634059948,4.499999999999999,2.0
Half-Circular,Lens,24,37,,18.84,Simul_-60deg,15.1,5.0,30.0,18.84955592153876,7.794228634059948,4.499999999999999,2.0
Half-Circular,Lens,25,37,,19.63,Simul_+60deg,15.0,5.02,35.0,19.634954084936208,7.372368398600926,5.162187927159414,2.0
Half-Circular,Lens,25,37,,19.63,Simul_+45deg,19.1,6.31,35.0,19.634954084936208,7.372368398600926,5.162187927159414,2.0
Half-Circular,Lens,25,37,,19.63,Simul_+30deg,26.1,8.64,35.0,19.634954084936208,7.372368398600926,5.162187927159414,2.0
Half-Circular,Lens,25,37,,19.63,Simul_+15deg,27.5,9.12,35.0,19.634954084936208,7.372368398600926,5.162187927159414,2.0
Half-Circular,Lens,25,37,,19.63,Simul_+0deg,19.5,6.44,35.0,19.634954084936208,7.372368398600926,5.162187927159414,2.0
Half-Circular,Lens,25,37,,19.63,Simul_-15deg,9.9,3.39,35.0,19.634954084936208,7.372368398600926,5.162187927159414,2.0
Half-Circular,Lens,25,37,,19.63,Simul_-30deg,9.3,3.19,35.0,19.634954084936208,7.372368398600926,5.162187927159414,2.0
Half-Circular,Lens,25,37,,19.63,Simul_-45deg,10.4,3.51,35.0,19.634954084936208,7.372368398600926,5.162187927159414,2.0
Half-Circular,Lens,25,37,,19.63,Simul_-60deg,14.9,4.95,35.0,19.634954084936208,7.372368398600926,5.162187927159414,2.0
Half-Circular,Lens,26,37,,20.41,Simul_+60deg,15.7,5.2,40.0,20.420352248333657,6.894399988070802,5.785088487178854,2.0
Half-Circular,Lens,26,37,,20.41,Simul_+45deg,20.7,6.86,40.0,20.420352248333657,6.894399988070802,5.785088487178854,2.0
Half-Circular,Lens,26,37,,20.41,Simul_+30deg,26.7,8.86,40.0,20.420352248333657,6.894399988070802,5.785088487178854,2.0
Half-Circular,Lens,26,37,,20.41,Simul_+15deg,26.4,8.73,40.0,20.420352248333657,6.894399988070802,5.785088487178854,2.0
Half-Circular,Lens,26,37,,20.41,Simul_+0deg,16.9,5.56,40.0,20.420352248333657,6.894399988070802,5.785088487178854,2.0
Half-Circular,Lens,26,37,,20.41,Simul_-15deg,9.1,3.13,40.0,20.420352248333657,6.894399988070802,5.785088487178854,2.0
Half-Circular,Lens,26,37,,20.41,Simul_-30deg,8.8,3.07,40.0,20.420352248333657,6.894399988070802,5.785088487178854,2.0
Half-Circular,Lens,26,37,,20.41,Simul_-45deg,9.9,3.39,40.0,20.420352248333657,6.894399988070802,5.785088487178854,2.0
Half-Circular,Lens,26,37,,20.41,Simul_-60deg,14.8,4.91,40.0,20.420352248333657,6.894399988070802,5.785088487178854,2.0
Half-Circular,Lens,27,37,,21.2,Simul_+60deg,15.8,5.23,45.0,21.205750411731103,6.3639610306789285,6.3639610306789285,2.0
Half-Circular,Lens,27,37,,21.2,Simul_+45deg,22.3,7.33,45.0,21.205750411731103,6.3639610306789285,6.3639610306789285,2.0
Half-Circular,Lens,27,37,,21.2,Simul_+30deg,27.5,9.12,45.0,21.205750411731103,6.3639610306789285,6.3639610306789285,2.0
Half-Circular,Lens,27,37,,21.2,Simul_+15deg,25.2,8.36,45.0,21.205750411731103,6.3639610306789285,6.3639610306789285,2.0
Half-Circular,Lens,27,37,,21.2,Simul_+0deg,13.8,4.57,45.0,21.205750411731103,6.3639610306789285,6.3639610306789285,2.0
Half-Circular,Lens,27,37,,21.2,Simul_-15deg,9.4,3.23,45.0,21.205750411731103,6.3639610306789285,6.3639610306789285,2.0
Half-Circular,Lens,27,37,,21.2,Simul_-30deg,8.4,2.92,45.0,21.205750411731103,6.3639610306789285,6.3639610306789285,2.0
Half-Circular,Lens,27,37,,21.2,Simul_-45deg,9.7,3.32,45.0,21.205750411731103,6.3639610306789285,6.3639610306789285,2.0
Half-Circular,Lens,27,37,,21.2,Simul_-60deg,14.4,4.77,45.0,21.205750411731103,6.3639610306789285,6.3639610306789285,2.0
Half-Circular,Lens,28,37,,21.98,Simul_+60deg,16.2,5.35,50.0,21.991148575128552,5.785088487178855,6.894399988070802,2.0
Half-Circular,Lens,28,37,,21.98,Simul_+45deg,24.0,7.95,50.0,21.991148575128552,5.785088487178855,6.894399988070802,2.0
Half-Circular,Lens,28,37,,21.98,Simul_+30deg,27.6,9.14,50.0,21.991148575128552,5.785088487178855,6.894399988070802,2.0
Half-Circular,Lens,28,37,,21.98,Simul_+15deg,23.8,7.88,50.0,21.991148575128552,5.785088487178855,6.894399988070802,2.0
Half-Circular,Lens,28,37,,21.98,Simul_+0deg,11.5,3.86,50.0,21.991148575128552,5.785088487178855,6.894399988070802,2.0
Half-Circular,Lens,28,37,,21.98,Simul_-15deg,9.8,3.33,50.0,21.991148575128552,5.785088487178855,6.894399988070802,2.0
Half-Circular,Lens,28,37,,21.98,Simul_-30deg,7.8,2.77,50.0,21.991148575128552,5.785088487178855,6.894399988070802,2.0
Half-Circular,Lens,28,37,,21.98,Simul_-45deg,9.5,3.25,50.0,21.991148575128552,5.785088487178855,6.894399988070802,2.0
Half-Circular,Lens,28,37,,21.98,Simul_-60deg,14.4,4.78,50.0,21.991148575128552,5.785088487178855,6.894399988070802,2.0
Half-Circular,Lens,29,37,,22.77,Simul_+60deg,16.4,5.44,55.0,22.776546738526,5.162187927159414,7.372368398600926,2.0
Half-Circular,Lens,29,37,,22.77,Simul_+45deg,25.1,8.31,55.0,22.776546738526,5.162187927159414,7.372368398600926,2.0
Half-Circular,Lens,29,37,,22.77,Simul_+30deg,27.4,9.08,55.0,22.776546738526,5.162187927159414,7.372368398600926,2.0
Half-Circular,Lens,29,37,,22.77,Simul_+15deg,21.9,7.23,55.0,22.776546738526,5.162187927159414,7.372368398600926,2.0
Half-Circular,Lens,29,37,,22.77,Simul_+0deg,10.6,3.57,55.0,22.776546738526,5.162187927159414,7.372368398600926,2.0
Half-Circular,Lens,29,37,,22.77,Simul_-15deg,9.8,3.36,55.0,22.776546738526,5.162187927159414,7.372368398600926,2.0
Half-Circular,Lens,29,37,,22.77,Simul_-30deg,7.5,2.7,55.0,22.776546738526,5.162187927159414,7.372368398600926,2.0
Half-Circular,Lens,29,37,,22.77,Simul_-45deg,9.3,3.2,55.0,22.776546738526,5.162187927159414,7.372368398600926,2.0
Half-Circular,Lens,29,37,,22.77,Simul_-60deg,13.4,4.47,55.0,22.776546738526,5.162187927159414,7.372368398600926,2.0
Half-Circular,Lens,30,37,,23.55,Simul_+60deg,16.9,5.61,60.0,23.56194490192345,4.500000000000001,7.794228634059947,2.0
Half-Circular,Lens,30,37,,23.55,Simul_+45deg,26.1,8.64,60.0,23.56194490192345,4.500000000000001,7.794228634059947,2.0
Half-Circular,Lens,30,37,,23.55,Simul_+30deg,26.9,8.92,60.0,23.56194490192345,4.500000000000001,7.794228634059947,2.0
Half-Circular,Lens,30,37,,23.55,Simul_+15deg,20.1,6.64,60.0,23.56194490192345,4.500000000000001,7.794228634059947,2.0
Half-Circular,Lens,30,37,,23.55,Simul_+0deg,10.1,3.43,60.0,23.56194490192345,4.500000000000001,7.794228634059947,2.0
Half-Circular,Lens,30,37,,23.55,Simul_-15deg,9.5,3.26,60.0,23.56194490192345,4.500000000000001,7.794228634059947,2.0
Half-Circular,Lens,30,37,,23.55,Simul_-30deg,7.5,2.67,60.0,23.56194490192345,4.500000000000001,7.794228634059947,2.0
Half-Circular,Lens,30,37,,23.55,Simul_-45deg,9.9,3.37,60.0,23.56194490192345,4.500000000000001,7.794228634059947,2.0
Half-Circular,Lens,30,37,,23.55,Simul_-60deg,13.8,4.59,60.0,23.56194490192345,4.500000000000001,7.794228634059947,2.0
Half-Circular,Lens,31,37,,24.34,Simul_+60deg,18.4,6.11,65.0,24.347343065320896,3.803564355666295,8.15677008332985,2.0
Half-Circular,Lens,31,37,,24.34,Simul_+45deg,26.8,8.89,65.0,24.347343065320896,3.803564355666295,8.15677008332985,2.0
Half-Circular,Lens,31,37,,24.34,Simul_+30deg,25.9,8.58,65.0,24.347343065320896,3.803564355666295,8.15677008332985,2.0
Half-Circular,Lens,31,37,,24.34,Simul_+15deg,18.4,6.1,65.0,24.347343065320896,3.803564355666295,8.15677008332985,2.0
Half-Circular,Lens,31,37,,24.34,Simul_+0deg,9.5,3.26,65.0,24.347343065320896,3.803564355666295,8.15677008332985,2.0
Half-Circular,Lens,31,37,,24.34,Simul_-15deg,8.3,2.9,65.0,24.347343065320896,3.803564355666295,8.15677008332985,2.0
Half-Circular,Lens,31,37,,24.34,Simul_-30deg,6.5,2.41,65.0,24.347343065320896,3.803564355666295,8.15677008332985,2.0
Half-Circular,Lens,31,37,,24.34,Simul_-45deg,10.2,3.46,65.0,24.347343065320896,3.803564355666295,8.15677008332985,2.0
Half-Circular,Lens,31,37,,24.34,Simul_-60deg,13.3,4.42,65.0,24.347343065320896,3.803564355666295,8.15677008332985,2.0
Half-Circular,Lens,32,37,,25.12,Simul_+60deg,19.9,6.6,70.0,25.132741228718345,3.0781812899310195,8.457233587073175,2.0
Half-Circular,Lens,32,37,,25.12,Simul_+45deg,27.1,8.99,70.0,25.132741228718345,3.0781812899310195,8.457233587073175,2.0
Half-Circular,Lens,32,37,,25.12,Simul_+30deg,24.9,8.23,70.0,25.132741228718345,3.0781812899310195,8.457233587073175,2.0
Half-Circular,Lens,32,37,,25.12,Simul_+15deg,17.4,5.76,70.0,25.132741228718345,3.0781812899310195,8.457233587073175,2.0
Half-Circular,Lens,32,37,,25.12,Simul_+0deg,9.8,3.33,70.0,25.132741228718345,3.0781812899310195,8.457233587073175,2.0
Half-Circular,Lens,32,37,,25.12,Simul_-15deg,8.1,2.84,70.0,25.132741228718345,3.0781812899310195,8.457233587073175,2.0
Half-Circular,Lens,32,37,,25.12,Simul_-30deg,6.1,2.3,70.0,25.132741228718345,3.0781812899310195,8.457233587073175,2.0
Half-Circular,Lens,32,37,,25.12,Simul_-45deg,10.5,3.53,70.0,25.132741228718345,3.0781812899310195,8.457233587073175,2.0
Half-Circular,Lens,32,37,,25.12,Simul_-60deg,12.6,4.18,70.0,25.132741228718345,3.0781812899310195,8.457233587073175,2.0
Half-Circular,Lens,33,37,,25.91,Simul_+60deg,22.2,7.34,75.0,25.91813939211579,2.3293714059226867,8.693332436601615,2.0
Half-Circular,Lens,33,37,,25.91,Simul_+45deg,27.1,8.98,75.0,25.91813939211579,2.3293714059226867,8.693332436601615,2.0
Half-Circular,Lens,33,37,,25.91,Simul_+30deg,23.6,7.79,75.0,25.91813939211579,2.3293714059226867,8.693332436601615,2.0
Half-Circular,Lens,33,37,,25.91,Simul_+15deg,16.8,5.58,75.0,25.91813939211579,2.3293714059226867,8.693332436601615,2.0
Half-Circular,Lens,33,37,,25.91,Simul_+0deg,8.6,3.02,75.0,25.91813939211579,2.3293714059226867,8.693332436601615,2.0
Half-Circular,Lens,33,37,,25.91,Simul_-15deg,7.1,2.57,75.0,25.91813939211579,2.3293714059226867,8.693332436601615,2.0
Half-Circular,Lens,33,37,,25.91,Simul_-30deg,5.7,2.18,75.0,25.91813939211579,2.3293714059226867,8.693332436601615,2.0
Half-Circular,Lens,33,37,,25.91,Simul_-45deg,10.7,3.6,75.0,25.91813939211579,2.3293714059226867,8.693332436601615,2.0
Half-Circular,Lens,33,37,,25.91,Simul_-60deg,12.4,4.14,75.0,25.91813939211579,2.3293714059226867,8.693332436601615,2.0
Half-Circular,Lens,34,37,,26.7,Simul_+60deg,23.8,7.9,80.0,26.703537555513243,1.5628335990023738,8.863269777109872,2.0
Half-Circular,Lens,34,37,,26.7,Simul_+45deg,26.9,8.93,80.0,26.703537555513243,1.5628335990023738,8.863269777109872,2.0
Half-Circular,Lens,34,37,,26.7,Simul_+30deg,22.2,7.33,80.0,26.703537555513243,1.5628335990023738,8.863269777109872,2.0
Half-Circular,Lens,34,37,,26.7,Simul_+15deg,16.9,5.61,80.0,26.703537555513243,1.5628335990023738,8.863269777109872,2.0
Half-Circular,Lens,34,37,,26.7,Simul_+0deg,9.1,3.14,80.0,26.703537555513243,1.5628335990023738,8.863269777109872,2.0
Half-Circular,Lens,34,37,,26.7,Simul_-15deg,6.3,2.36,80.0,26.703537555513243,1.5628335990023738,8.863269777109872,2.0
Half-Circular,Lens,34,37,,26.7,Simul_-30deg,6.9,2.52,80.0,26.703537555513243,1.5628335990023738,8.863269777109872,2.0
Half-Circular,Lens,34,37,,26.7,Simul_-45deg,11.1,3.75,80.0,26.703537555513243,1.5628335990023738,8.863269777109872,2.0
Half-Circular,Lens,34,37,,26.7,Simul_-60deg,11.6,3.89,80.0,26.703537555513243,1.5628335990023738,8.863269777109872,2.0
Half-Circular,Lens,35,37,,27.48,Simul_+60deg,25.1,8.3,85.0,27.48893571891069,0.7844016847289232,8.96575228282571,2.0
Half-Circular,Lens,35,37,,27.48,Simul_+45deg,26.4,8.76,85.0,27.48893571891069,0.7844016847289232,8.96575228282571,2.0
Half-Circular,Lens,35,37,,27.48,Simul_+30deg,21.1,6.95,85.0,27.48893571891069,0.7844016847289232,8.96575228282571,2.0
Half-Circular,Lens,35,37,,27.48,Simul_+15deg,18.4,6.1,85.0,27.48893571891069,0.7844016847289232,8.96575228282571,2.0
Half-Circular,Lens,35,37,,27.48,Simul_+0deg,9.4,3.21,85.0,27.48893571891069,0.7844016847289232,8.96575228282571,2.0
Half-Circular,Lens,35,37,,27.48,Simul_-15deg,5.9,2.23,85.0,27.48893571891069,0.7844016847289232,8.96575228282571,2.0
Half-Circular,Lens,35,37,,27.48,Simul_-30deg,8.0,2.81,85.0,27.48893571891069,0.7844016847289232,8.96575228282571,2.0
Half-Circular,Lens,35,37,,27.48,Simul_-45deg,10.9,3.66,85.0,27.48893571891069,0.7844016847289232,8.96575228282571,2.0
Half-Circular,Lens,35,37,,27.48,Simul_-60deg,11.6,3.9,85.0,27.48893571891069,0.7844016847289232,8.96575228282571,2.0
Half-Circular,Lens,36,37,,28.27,Simul_+60deg,26.5,8.77,90.0,28.274333882308138,5.51091059616309e-16,9.0,2.0
Half-Circular,Lens,36,37,,28.27,Simul_+45deg,25.8,8.55,90.0,28.274333882308138,5.51091059616309e-16,9.0,2.0
Half-Circular,Lens,36,37,,28.27,Simul_+30deg,19.2,6.33,90.0,28.274333882308138,5.51091059616309e-16,9.0,2.0
Half-Circular,Lens,36,37,,28.27,Simul_+15deg,17.4,5.75,90.0,28.274333882308138,5.51091059616309e-16,9.0,2.0
Half-Circular,Lens,36,37,,28.27,Simul_+0deg,10.2,3.47,90.0,28.274333882308138,5.51091059616309e-16,9.0,2.0
Half-Circular,Lens,36,37,,28.27,Simul_-15deg,5.1,2.06,90.0,28.274333882308138,5.51091059616309e-16,9.0,2.0
Half-Circular,Lens,36,37,,28.27,Simul_-30deg,8.3,2.89,90.0,28.274333882308138,5.51091059616309e-16,9.0,2.0
Half-Circular,Lens,36,37,,28.27,Simul_-45deg,10.8,3.66,90.0,28.274333882308138,5.51091059616309e-16,9.0,2.0
Half-Circular,Lens,36,37,,28.27,Simul_-60deg,11.5,3.87,90.0,28.274333882308138,5.51091059616309e-16,9.0,2.0
