freq_hz,freq_ghz,dataset,sv1,sv2,sv3,condition_number,effective_rank,capacity_20db_bps_hz
37000000000.0,37.0,With Lens,0.1242309180595937,0.07587147901979847,0.0639310442923061,1.943201764256876,2.5416157768105427,1.0362972203985108
37005000000.0,37.005,With Lens,0.12408327428981632,0.07588357828588155,0.06390613402341715,1.9416488915500418,2.543052822777351,1.0350718769403202
37010000000.0,37.01,With Lens,0.12388950439487624,0.07592273890428732,0.06387701826185602,1.9395004301391525,2.5451729192631545,1.0336264012212197
37015000000.0,37.015,With Lens,0.12369669981559676,0.07594548382510168,0.06383844664550545,1.9376520939252153,2.5470372575445395,1.0320377446703868
37020000000.0,37.02,With Lens,0.12355275454302635,0.07593543303836778,0.06380774223636869,1.936328574130376,2.548183921531654,1.0306763333354536
37025000000.0,37.025,With Lens,0.12348795469525158,0.07592353422513841,0.06379903880343325,1.9355770402077945,2.5486980421447516,1.0300461137031651
37030000000.0,37.03,With Lens,0.12350428698963835,0.07596496072995494,0.06380109438023406,1.9357706664652556,2.5488838540614602,1.0304396284516169
37035000000.0,37.035,With Lens,0.12358263611027319,0.07608219318146685,0.06379712263163517,1.9371192776802773,2.5489433018482752,1.031753940704795
37040000000.0,37.04,With Lens,0.1236960830766274,0.07623470383217908,0.06378637216382023,1.9392243026291451,2.5488276959966627,1.033525677902583
37045000000.0,37.045,With Lens,0.12381535230393824,0.07635639040057345,0.0637765669847551,1.941392554628012,2.548404842014011,1.035160385421347
37050000000.0,37.05,With Lens,0.12390996796197203,0.0764152945387786,0.0637785377438683,1.9428160686215292,2.5478735783712447,1.036279097212948
37055000000.0,37.055,With Lens,0.12395801674513111,0.0764277491461135,0.06381592920338483,1.9424306484681935,2.5478784577610782,1.0369365470836458
37060000000.0,37.06,With Lens,0.12396102147734295,0.07642597586796211,0.06390534938916416,1.9397597018437063,2.548854561811137,1.0374328267717785
37065000000.0,37.065,With Lens,0.12394410758901557,0.076426483759946,0.06401044247778831,1.936310745422894,2.550244019557948,1.0378715053914416
37070000000.0,37.07,With Lens,0.12393988473872544,0.07642614735020446,0.06404937320144313,1.9350678787896847,2.5507314865018986,1.038047068350391
37075000000.0,37.075,With Lens,0.12397105295459944,0.07641315484720185,0.06397554013606056,1.9377882967606506,2.5494423400154007,1.0378129244817302
37080000000.0,37.08,With Lens,0.12404067791059929,0.07638074192713859,0.0638361472052199,1.943110343295537,2.546822261971482,1.0374084354378084
37085000000.0,37.085,With Lens,0.12412848596490876,0.07633704014787282,0.06372916804418302,1.947749982846964,2.544277503839417,1.0372543207651246
37090000000.0,37.09,With Lens,0.12419812415074641,0.07629673583161227,0.06371503647945836,1.9492749437691637,2.5430224632244594,1.0374796223138707
37095000000.0,37.095,With Lens,0.12421731722896716,0.07625506906470553,0.06378203036657848,1.9475284263458712,2.543238281313082,1.0377367729815645
37100000000.0,37.1,With Lens,0.1241771119590808,0.0761818817998424,0.06387172104098014,1.944164176810089,2.544102593040506,1.0374548871545135
37105000000.0,37.105,With Lens,0.12409133077847723,0.07605893685630392,0.06391659577937478,1.9414571327736483,2.5445396986611715,1.0362666061195527
37110000000.0,37.11,With Lens,0.12398081312854874,0.07591792173797342,0.06387910088344319,1.9408665966474694,2.5441542026577366,1.0343280035905351
37115000000.0,37.115,With Lens,0.12386300491155548,0.07582301057891075,0.06378759633341813,1.9418039247649785,2.543611989183707,1.032323580619255
37120000000.0,37.12,With Lens,0.12375376171671086,0.07581130516590277,0.06372156675537413,1.9421016779420879,2.54395885791077,1.0310344253082082
37125000000.0,37.125,With Lens,0.12367027493543686,0.0758616445436585,0.06373435295003267,1.9404021412501602,2.5454412417056593,1.0307537617723186
37130000000.0,37.13,With Lens,0.12362735991920319,0.07591979219394536,0.0637978244896214,1.937798990925072,2.547121500541871,1.0311145661802303
37135000000.0,37.135,With Lens,0.12363438481857421,0.07594707295494926,0.06384429362240593,1.936498593747228,2.547801662294577,1.0315881655989851
37140000000.0,37.14,With Lens,0.12369406009497881,0.07594825318802004,0.06384180717498014,1.9375087512161624,2.547127596492426,1.0320520800783555
37145000000.0,37.145,With Lens,0.12379563496705524,0.07596734384211115,0.06380422591484303,1.9402419383988825,2.5457399454015337,1.0327663211494404
37150000000.0,37.15,With Lens,0.12391059566706558,0.07605107614559532,0.06374659490519988,1.9437994429559415,2.5445100320287133,1.0338744187724915
37155000000.0,37.155,With Lens,0.12400215114549201,0.07619953634262472,0.06367063103349307,1.9475564971275745,2.5438584952712553,1.0350972564238037
37160000000.0,37.16,With Lens,0.1240465507152568,0.07635030896300728,0.06359100103856305,1.9506934737516102,2.54369479628816,1.0359444062416987
37165000000.0,37.165,With Lens,0.12404601600673104,0.07642870224789255,0.06354333605544613,1.9521483086517835,2.5437932410586153,1.0361655403241936
37170000000.0,37.17,With Lens,0.12402286350135071,0.0764169298690635,0.06356207445753098,1.9512085557279384,2.5441659761807323,1.036011484585284
37175000000.0,37.175,With Lens,0.12400719860209722,0.07636433590590275,0.06366654444987406,1.9477607850969603,2.5451086984839195,1.0361276839562206
37180000000.0,37.18,With Lens,0.12402668060188755,0.07633011854505373,0.06385126112398924,1.9424311817592292,2.5467337885452808,1.03706848589457
37185000000.0,37.185,With Lens,0.12409491028600125,0.0763285713835992,0.06406330524348477,1.9370669342512838,2.548397626316112,1.0387449032018106
37190000000.0,37.19,With Lens,0.12419587289817981,0.07633202370193315,0.06420169921825392,1.934463953609319,2.548898425254423,1.0403132375270774
37195000000.0,37.195,With Lens,0.12428383890689135,0.07630921212714192,0.06418871272214494,1.9362257573988355,2.5476018281285886,1.0407965572852975
37200000000.0,37.2,With Lens,0.12430570281790175,0.07625308643005345,0.06404822702998775,1.9408141112118702,2.545299790463116,1.0398622577602774
37205000000.0,37.205,With Lens,0.12423105673619572,0.07618233445379521,0.06388805421508541,1.9445115094280327,2.543702604309905,1.0379715788287778
37210000000.0,37.21,With Lens,0.12406560594689717,0.0761269276381225,0.06379837720842108,1.9446514374745116,2.5440304806254153,1.0358416296930952
37215000000.0,37.215,With Lens,0.12384827040673889,0.07610181084227965,0.06378342879328448,1.9416997917769263,2.5460344195392195,1.0338932673290127
37220000000.0,37.22,With Lens,0.12363733222748866,0.0760927063350876,0.0637905124924397,1.9381774404484031,2.548354011373485,1.0322135561168262
37225000000.0,37.225,With Lens,0.12348861985127071,0.07607556748054352,0.06377309939095335,1.9363747572348415,2.5496453272897823,1.030843106797417
37230000000.0,37.23,With Lens,0.12342976814117992,0.07605444445513339,0.06372264952956626,1.936984244258559,2.5495397338148504,1.0299777522421492
37235000000.0,37.235,With Lens,0.12345108192262927,0.07606211616985749,0.0636750151360945,1.938768002783723,2.5488224253603713,1.0299355475102283
37240000000.0,37.24,With Lens,0.12352197057008196,0.07611535129948475,0.063691799297909,1.9393700905249383,2.5486739684252813,1.0309108757115732
37245000000.0,37.245,With Lens,0.12361490665107146,0.07618345979628714,0.06380498973798784,1.9373862006512375,2.549510591979778,1.0326720831852172
37250000000.0,37.25,With Lens,0.12371447107915735,0.07621489034055444,0.06396474911658113,1.9341039054757696,2.5505038213053295,1.03451353177839
37255000000.0,37.255,With Lens,0.12381092749335687,0.07618938918348342,0.06406983328070957,1.9324371729032486,2.55043672276546,1.0356862818816794
37260000000.0,37.26,With Lens,0.12389398600747438,0.07613692711979342,0.06405784775087807,1.93409535845319,2.5489588861011008,1.035953946835548
37265000000.0,37.265,With Lens,0.12395563224021652,0.07611265538816507,0.06394934988801568,1.9383407721467114,2.5468452853643635,1.0357033383571121
37270000000.0,37.27,With Lens,0.12399467577176622,0.07615553665099647,0.06380066805284047,1.9434698656928224,2.5450699403210946,1.0354702612530295
37275000000.0,37.275,With Lens,0.1240180162993232,0.076259737850424,0.06365234003522509,1.94836538972003,2.5439695185736797,1.035493450183764
37280000000.0,37.28,With Lens,0.12404419537032928,0.07637275862983316,0.06353452799187395,1.9523902874700587,2.5432542349608735,1.0357596120426915
37285000000.0,37.285,With Lens,0.12409711617094984,0.0764304379295818,0.06348800589325844,1.9546544961514891,2.542611123832467,1.036281276198027
37290000000.0,37.29,With Lens,0.12418965582487355,0.07640510343723277,0.06354460150391256,1.9543698895841997,2.5420443116636786,1.0371601136669404
37295000000.0,37.295,With Lens,0.12430550670330322,0.07632049455164587,0.0636953232109983,1.951564109212956,2.541816787693797,1.0383665183370867
37300000000.0,37.3,With Lens,0.1244029451838722,0.07621626382991357,0.063891695770955,1.9470909901944635,2.5421431937627226,1.0395560620306084
37305000000.0,37.305,With Lens,0.12443724322810129,0.0761090342590713,0.06406312749665011,1.9424159901435998,2.542838723753018,1.0400968079836295
37310000000.0,37.31,With Lens,0.124382044591663,0.0759982356782115,0.0641307403423302,1.939507386437628,2.543293322719775,1.0393482557213836
37315000000.0,37.315,With Lens,0.12423868290575357,0.07589635883628149,0.06404620235480162,1.9398290349441658,2.5430531346427996,1.0371344419069397
37320000000.0,37.32,With Lens,0.12403508324768678,0.07583401538068751,0.06384724340468688,1.9426850187017102,2.5424955620020184,1.0340699333889125
37325000000.0,37.325,With Lens,0.12381890430584234,0.0758356953678149,0.06365410663701382,1.9451832858470075,2.542670964389778,1.031333041844416
37330000000.0,37.33,With Lens,0.1236390193660379,0.07589912385040051,0.06357439175303833,1.9447928003200907,2.544258425347693,1.0298742275866632
37335000000.0,37.335,With Lens,0.1235270510872245,0.07599749028731823,0.06361503845245077,1.9417900875679754,2.5467681056606897,1.0298140665259652
37340000000.0,37.34,With Lens,0.12349126821748102,0.07609468444863397,0.06370206261562612,1.9385756621825396,2.54895899715913,1.0305976909848324
37345000000.0,37.345,With Lens,0.12352347893463117,0.07616447794639536,0.06376793209933751,1.9370783224114376,2.549932907222807,1.0316352649716003
37350000000.0,37.35,With Lens,0.12360268341251279,0.07621081266575058,0.06379918665126742,1.937370833395371,2.549802116652904,1.032712400044714
37355000000.0,37.355,With Lens,0.1236963127688936,0.07626188496667395,0.06382344035514524,1.9381016140870193,2.549472134594058,1.0338947596452916
37360000000.0,37.36,With Lens,0.12376839822790243,0.0763318575324597,0.06388076889485556,1.9374907404702473,2.5499110971206935,1.0352027318969448
37365000000.0,37.365,With Lens,0.12379783237864747,0.07639483173225041,0.06399290336531957,1.9345556439581502,2.55138424959054,1.0364288038050453
37370000000.0,37.37,With Lens,0.12378998019308673,0.07641152867796058,0.064128048116991,1.9303562766677762,2.5531463986600893,1.0372021068257578
37375000000.0,37.375,With Lens,0.12377069640677245,0.07638019991471023,0.06420453470880096,1.9277563020763757,2.553971513890268,1.0372725069056115
37380000000.0,37.38,With Lens,0.12377363844865767,0.07634563359235964,0.06415830843853718,1.929191112749352,2.55313167420252,1.0368322314569038
37385000000.0,37.385,With Lens,0.12382718958420473,0.07635487031386246,0.06400387910794658,1.934682574088398,2.550862334828113,1.0364738551911816
37390000000.0,37.39,With Lens,0.1239408499277495,0.0764139279315987,0.0638132750589074,1.9422424223382526,2.547922872881465,1.0367018277686757
37395000000.0,37.395,With Lens,0.12409343317052668,0.07648442842024132,0.0636515135858389,1.9495755274252398,2.5449746554641055,1.0374655359776341
37400000000.0,37.4,With Lens,0.12423899087184354,0.0765083482068714,0.06355393099026824,1.9548592657607247,2.5424571121811526,1.0382349997650488
37405000000.0,37.405,With Lens,0.12433050384363147,0.07644165932733138,0.06354670022308263,1.9565217927471519,2.5408284797232796,1.038507661702646
37410000000.0,37.41,With Lens,0.12434152174827735,0.07628487302431347,0.0636430066938261,1.95373424681929,2.5405282302962435,1.0381495705324668
37415000000.0,37.415,With Lens,0.12427106037332214,0.07609001206182806,0.06380914098636045,1.947543227386273,2.54159701380366,1.0372940062338019
37420000000.0,37.42,With Lens,0.12413818866931042,0.0759239194161339,0.06396989360070124,1.940572067294319,2.5435144201715376,1.0360971286504053
37425000000.0,37.425,With Lens,0.12397774814060422,0.07582091850294909,0.06405409202604803,1.9355164396083833,2.5453792508342854,1.0346573281093054
37430000000.0,37.43,With Lens,0.12383088948833358,0.0757742234013481,0.06402904107149401,1.9339800724184761,2.546318474444063,1.0330781953947104
37435000000.0,37.435,With Lens,0.12372785402613365,0.07576957114622505,0.06390423752683223,1.9361447505602827,2.5459880520085427,1.0315621012708585
37440000000.0,37.44,With Lens,0.12367743388163492,0.07580513007544108,0.06373581364465482,1.9404699933882006,2.5449103683909615,1.030472156397822
37445000000.0,37.445,With Lens,0.1236721561309642,0.075876617796557,0.06361829980321373,1.9439714125261296,2.544212556868678,1.0302341265574577
37450000000.0,37.45,With Lens,0.12369971689322301,0.0759634756754623,0.06362547553173431,1.9441853417901078,2.5447107851301802,1.031021970738699
37455000000.0,37.455,With Lens,0.12374685534615867,0.07604309607890095,0.06373933222947825,1.941452020561459,2.5461573962851936,1.0324957584340893
37460000000.0,37.46,With Lens,0.12379705190163226,0.07610887388820049,0.06386220459078748,1.9385026353990096,2.547556110189307,1.0339586849654834
37465000000.0,37.465,With Lens,0.12383533291757695,0.07616801668446534,0.06390779654322816,1.937718707510326,2.5481445324088616,1.034869938617253
37470000000.0,37.47,With Lens,0.1238552577473684,0.07622837992146747,0.06386570625122505,1.9393077289424425,2.5479407827287663,1.0351699763142168
37475000000.0,37.475,With Lens,0.12385968354699028,0.07629276262377024,0.06378273291330837,1.9418999138111055,2.547470052875364,1.035151962639039
37480000000.0,37.48,With Lens,0.1238570878148471,0.07635508676378139,0.06371763593745673,1.9438431133324123,2.5472618001136085,1.0351630996987373
37485000000.0,37.485,With Lens,0.12386393666278461,0.0763968551425304,0.06371618428661611,1.9439948899890858,2.5475113051879466,1.0354661225477957
37490000000.0,37.49,With Lens,0.12390455656286503,0.0764002584299719,0.06379168647268532,1.942330786566039,2.547960707992896,1.0362149728777752
37495000000.0,37.495,With Lens,0.12399696899458244,0.07637231028136633,0.06390544496795643,1.9403193117074329,2.5480241574740035,1.0373866629537245
37500000000.0,37.5,With Lens,0.12413255478915455,0.07634463649424124,0.06398944026564796,1.939891242583564,2.5472750226155045,1.0387404023565627
37505000000.0,37.505,With Lens,0.12427123945590768,0.07633840107808823,0.06400665184450066,1.9415363227843145,2.5459044085441738,1.0398893790229395
37510000000.0,37.51,With Lens,0.12435864313707895,0.07633972014720265,0.0639755173030647,1.9438474025613177,2.544604334146318,1.0404186178623571
37515000000.0,37.515,With Lens,0.12434950037540433,0.07631847514848943,0.0639328877737162,1.9450005264196175,2.5440421047178248,1.0399851017028134
37520000000.0,37.52,With Lens,0.12422825323133353,0.07626274929674774,0.06389798682151189,1.944165370629656,2.5445100513464736,1.038497066957485
37525000000.0,37.525,With Lens,0.12402074783437331,0.07618450212427158,0.06388172720927247,1.9414119381601758,2.545951027615604,1.0362918461779902
37530000000.0,37.53,With Lens,0.12378896019032551,0.07610376690612793,0.06389720155201886,1.937314267034819,2.5480029979853387,1.0340528572446175
37535000000.0,37.535,With Lens,0.1236024187419579,0.07603856363421078,0.06393620084785456,1.9332149408765738,2.549957629578935,1.0323942465734854
37540000000.0,37.54,With Lens,0.1235032967455405,0.07600085122013873,0.06395966519543568,1.9309559605755098,2.5510027602772083,1.0315093922048661
37545000000.0,37.545,With Lens,0.12349334688537737,0.0759901356149667,0.06393729744759284,1.9314758648752792,2.5507684431889253,1.0312442917303626
37550000000.0,37.55,With Lens,0.12354639075581586,0.07599576738930565,0.06388492520520787,1.9338895734630117,2.5496342694548475,1.0314131833124396
37555000000.0,37.555,With Lens,0.12362749308848525,0.07601413025035113,0.06384421088345126,1.9363931573086468,2.548429767943366,1.0319443874865084
37560000000.0,37.56,With Lens,0.12370526952659311,0.0760531011137118,0.06384142561079756,1.937695913633713,2.5478655843364244,1.0327810052628463
37565000000.0,37.565,With Lens,0.12375841975336511,0.0761113261960992,0.06387813059536539,1.9374145517393129,2.5481820016314076,1.033755417049074
37570000000.0,37.57,With Lens,0.12378182469953115,0.07616430690216726,0.06393767133915405,1.935976429966254,2.5490416694774463,1.0345871199455474
37575000000.0,37.575,With Lens,0.12378357343019297,0.0761896511574551,0.06397742783531682,1.934800719854229,2.5496846530828345,1.0349717073687201
37580000000.0,37.58,With Lens,0.1237784829322731,0.07619715276489229,0.06393829151992791,1.9359053861127107,2.549355111997002,1.034765794815056
37585000000.0,37.585,With Lens,0.12378568303880909,0.0762183532478483,0.06379819117109087,1.9402694773406146,2.5478476166181263,1.0341951242462692
37590000000.0,37.59,With Lens,0.12382976231079838,0.07626833100719198,0.06361312351726539,1.9466071694654241,2.5456506868905047,1.033850693214646
37595000000.0,37.595,With Lens,0.12393060077456723,0.07632954763339038,0.063483730237058,1.952163181208655,2.5435582365212728,1.0343247483306783
37600000000.0,37.6,With Lens,0.12408507679712878,0.07636841530501132,0.06348265373100719,1.954629642971608,2.542173603708155,1.0357759961765582
37605000000.0,37.605,With Lens,0.12426048558910781,0.07635532847820874,0.06362103235383089,1.9531353232061404,2.541741430385749,1.0378246991742195
37610000000.0,37.61,With Lens,0.1244093469302609,0.0762785629946381,0.06385934721526142,1.9481775551336822,2.5422171714430273,1.0398143549767265
37615000000.0,37.615,With Lens,0.12448832982596382,0.07615689808757724,0.06411486596085905,1.9416453260927296,2.5432665462588813,1.041074348004388
37620000000.0,37.62,With Lens,0.12447166794950472,0.07603571444220729,0.06427918399400341,1.9364226521779841,2.544312160160872,1.0410914028244724
37625000000.0,37.625,With Lens,0.12435875903873883,0.07595333719377133,0.06427676067882393,1.9347390522700842,2.544835585131925,1.0396820881557807
37630000000.0,37.63,With Lens,0.12417713987833243,0.07591282500373656,0.06412009731980665,1.936633677565773,2.544707882689088,1.037150371565364
37635000000.0,37.635,With Lens,0.12397351921123663,0.07589552799992068,0.06389938283405747,1.940136409974221,2.5442802146977805,1.0342430491385117
37640000000.0,37.64,With Lens,0.12379186609496291,0.07589685338411735,0.06371433277109927,1.942920230204698,2.5441671618758614,1.0318193380341447
37645000000.0,37.645,With Lens,0.1236602519106521,0.07592996194514645,0.06362755115832809,1.943501669629579,2.5448912006004876,1.0305169167691992
37650000000.0,37.65,With Lens,0.12358909720969115,0.07599696957595181,0.06365514693056916,1.9415413076415329,2.546543017458432,1.0305158268685801
37655000000.0,37.655,With Lens,0.12357677776984534,0.07607772222228457,0.06376570954189416,1.937981693572393,2.548611036591227,1.031510682110564
37660000000.0,37.66,With Lens,0.12360756597081807,0.07615100828101783,0.06388826874527662,1.934745899339409,2.550277693333921,1.0328652724206744
37665000000.0,37.665,With Lens,0.12365168977046807,0.07621175746088468,0.0639593416023834,1.9332858449227734,2.551104034692935,1.033970399102417
37670000000.0,37.67,With Lens,0.12367846502592683,0.0762630826229142,0.06397692760791386,1.9331729367170793,2.5514316784020536,1.0345918096295712
37675000000.0,37.675,With Lens,0.1236723075348942,0.07630468098641503,0.06398903869264358,1.9327108214412358,2.551977278104929,1.0348645013563922
37680000000.0,37.68,With Lens,0.1236377248992572,0.07633313686642058,0.06402854614525434,1.9309781705612092,2.5530384816069382,1.0349809751357155
37685000000.0,37.685,With Lens,0.1235952735386618,0.07634371201544307,0.06407944188900337,1.9287819914653768,2.554168958222608,1.034987427908892
37690000000.0,37.69,With Lens,0.12357732523668374,0.07633107801575653,0.0641061579225821,1.9276982000063407,2.554566460790049,1.0349132407641355
37695000000.0,37.695,With Lens,0.12361882077622302,0.07630332241088386,0.06408543138284355,1.9289691605215173,2.553650147095963,1.034957096818429
37700000000.0,37.7,With Lens,0.12373906323166485,0.07629440118503347,0.06400814456838819,1.933176849072049,2.5513807519046656,1.0354307619344847
37705000000.0,37.705,With Lens,0.12392474548986454,0.07633896124787903,0.06388501650562221,1.9398092427346953,2.5483074254114633,1.0365016778531524
37710000000.0,37.71,With Lens,0.12413376493302238,0.0764231149824118,0.06376253515265323,1.946813511034889,2.545307796402162,1.0380055093984994
37715000000.0,37.715,With Lens,0.12431179750827777,0.07647581782093973,0.06370737793429564,1.9512935791594856,2.5431609662317194,1.0394366415775007
37720000000.0,37.72,With Lens,0.1244113322912984,0.07642500968006688,0.0637536517081339,1.9514385287427483,2.5421886533043483,1.040159346167617
37725000000.0,37.725,With Lens,0.12440466210036061,0.07625838352557925,0.06387754525582982,1.947549199051395,2.542310301702651,1.0397517977816908
37730000000.0,37.73,With Lens,0.124296558895387,0.0760288153779652,0.064025370293539,1.9413641549517155,2.5432829758761533,1.0382898575744324
37735000000.0,37.735,With Lens,0.124128047790191,0.07581550126362553,0.06414161797776581,1.9352185321115383,2.5446803254381942,1.0362840412608516
37740000000.0,37.74,With Lens,0.12395790007515832,0.07568160069324953,0.06417120161964054,1.9316749094070131,2.54576744155423,1.0342839013528846
37745000000.0,37.745,With Lens,0.12383346108218117,0.07564961288040258,0.06407541250905224,1.9326205830463692,2.5457784595723885,1.032587930364238
37750000000.0,37.75,With Lens,0.12377187385396925,0.07569575687308147,0.0638779519826366,1.937630591031051,2.544588205047758,1.0313154245153484
37755000000.0,37.755,With Lens,0.123762678888638,0.07577666333031469,0.06367507805663301,1.9436596336570282,2.5430392432349307,1.030641864351832
37760000000.0,37.76,With Lens,0.12377986052981581,0.07586953893458835,0.06357091411311043,1.94711468690818,2.5424249566848314,1.030784020279338
37765000000.0,37.765,With Lens,0.12379497758121533,0.07597738263566478,0.0636044353397472,1.9463261786690889,2.543537628585127,1.031744391650785
37770000000.0,37.77,With Lens,0.12378946910349399,0.07609415015748262,0.0637376096951871,1.9421730701150135,2.5460909081484804,1.0331353913253958
37775000000.0,37.775,With Lens,0.12376280168617057,0.07618433663815664,0.06389479793282292,1.936977746080222,2.5489246590097645,1.0343282035324897
37780000000.0,37.78,With Lens,0.12372658054417301,0.07621424326390241,0.06400024175234426,1.9332205184934486,2.550770936733626,1.0347971603107822
37785000000.0,37.785,With Lens,0.12369192395950081,0.07619363707078787,0.06401470750261788,1.932242273456337,2.551146538928668,1.0344759202495344
37790000000.0,37.79,With Lens,0.12366690475242287,0.07616877694574434,0.06396711058843592,1.9332888982292031,2.5506736890391695,1.0338684249131487
37795000000.0,37.795,With Lens,0.12366611313386494,0.07617992031195056,0.06393801992957329,1.934156129171363,2.550441635601046,1.0337731307465265
37800000000.0,37.8,With Lens,0.12371134264795981,0.07623442132348326,0.06398381347850926,1.9334787334848633,2.55091570367487,1.034712059036398
37805000000.0,37.805,With Lens,0.1238178744592775,0.07630969540182633,0.06408106489098418,1.9322068799873817,2.551474882006587,1.0365409727396775
37810000000.0,37.81,With Lens,0.12397849410579057,0.07637039263911663,0.06415825034898337,1.932385833956195,2.5510941817873767,1.0385989192365115
37815000000.0,37.815,With Lens,0.12415917885683582,0.07639084609012821,0.06416744153890808,1.9349248759053548,2.5493921558647883,1.0401995371068589
37820000000.0,37.82,With Lens,0.12430738234994178,0.07637697020356544,0.06410924658007477,1.938993031132839,2.5469967056891187,1.0409677778521462
37825000000.0,37.825,With Lens,0.12436864729023618,0.07635748678312834,0.06401158032343915,1.9429085590735846,2.5450531051323413,1.0408021162003793
37830000000.0,37.83,With Lens,0.12431212243166134,0.07634131829692217,0.06391559088757184,1.9449420822898689,2.5444407907613833,1.0397369573815904
37835000000.0,37.835,With Lens,0.12415193822110127,0.07629471821376965,0.06386796927987831,1.9438842289951357,2.545264393394018,1.0379291187028366
37840000000.0,37.84,With Lens,0.12394402413318813,0.07618092735613828,0.06389288974919456,1.939871942241438,2.5468896097218092,1.0357253383503278
37845000000.0,37.845,With Lens,0.12375560270817788,0.07601523834418406,0.06396827533510245,1.9346402894227674,2.548450812195208,1.033631695991541
37850000000.0,37.85,With Lens,0.12363487165540639,0.07586437793475567,0.06404655673408845,1.9303906089552878,2.549421330934295,1.0321802989454272
37855000000.0,37.855,With Lens,0.12359673716288891,0.07579006877623679,0.06409342417291122,1.928384054336833,2.5497578189075543,1.0316791804588956
37860000000.0,37.86,With Lens,0.12362718981420504,0.07580573400416757,0.06409337509854753,1.928860660311937,2.5495525594005404,1.0320146362724367
37865000000.0,37.865,With Lens,0.12369169128126775,0.0758814382794768,0.06403746813300684,1.9315518693580787,2.548834935400778,1.03268313051631
37870000000.0,37.87,With Lens,0.12374924291745318,0.07597003830322624,0.0639411146675149,1.9353626154459835,2.5478370547353757,1.0331575214546378
37875000000.0,37.875,With Lens,0.12376992818764428,0.07603373909356102,0.06386347769129778,1.938039277878372,2.547248830511169,1.0332909874357412
37880000000.0,37.88,With Lens,0.12374630870996597,0.07606435983537736,0.06387092889007691,1.9374433855962192,2.5478456762203816,1.0333329306885177
37885000000.0,37.885,With Lens,0.12369056738134135,0.07608422363064091,0.06396729837316484,1.9336531403869832,2.549721650263228,1.0335370095512144
37890000000.0,37.89,With Lens,0.12362716217296685,0.07611492735483251,0.06407998356568763,1.9292633252041664,2.5519539334291834,1.0338363502960004
37895000000.0,37.895,With Lens,0.12358871662771324,0.07614814032988386,0.06412099142481238,1.9274299083886142,2.553114673600871,1.0339597013870787
37900000000.0,37.9,With Lens,0.1236108970709865,0.0761637210626087,0.06404875416440067,1.9299500620059122,2.552176960970129,1.0338384123407818
37905000000.0,37.905,With Lens,0.12371476074163515,0.07616901519400086,0.0638887414453963,1.936409419605961,2.549256021720124,1.0338228396257279
37910000000.0,37.91,With Lens,0.12389173072934397,0.07619546475145174,0.06372393364220849,1.9441946478847383,2.5456466502131017,1.0344893634392347
37915000000.0,37.915,With Lens,0.12410490047788,0.0762495881778752,0.06366156677161443,1.9494477872828004,2.5430408618283398,1.0361660534505315
37920000000.0,37.92,With Lens,0.12430472865479603,0.07628868386608165,0.06376166723826275,1.949521303925409,2.5423251429240374,1.0385230276900879
37925000000.0,37.925,With Lens,0.12444419111940738,0.07625829250974893,0.0639784214926426,1.9450963030358326,2.543031104976571,1.0406091469384857
37930000000.0,37.93,With Lens,0.12448735232304393,0.07614404220227594,0.064187673586062,1.9394277026746092,2.5439999123506953,1.0413827605275454
37935000000.0,37.935,With Lens,0.12442370512214407,0.07598526371859056,0.06428522365384129,1.9354946292499875,2.544486025967765,1.0404363329447086
37940000000.0,37.94,With Lens,0.12427593778180371,0.07585157074501273,0.06424915651087956,1.934281234661183,2.5445811589311935,1.0382553011280178
37945000000.0,37.945,With Lens,0.12408988815268167,0.07580319513821288,0.06412202502240466,1.9352147426617272,2.5447736113595743,1.0358014843302756
37950000000.0,37.95,With Lens,0.12391371858516796,0.07585070016858275,0.06396772795506328,1.937128651375834,2.5453452528959915,1.0338669972324401
37955000000.0,37.955,With Lens,0.12378156332513188,0.07594053280062524,0.06385162616969912,1.938581219468966,2.5462151619220363,1.0327473527710902
37960000000.0,37.96,With Lens,0.1237085513544459,0.07599913293589618,0.06382333501777024,1.9382965700554806,2.5471774313232554,1.0323782026624633
37965000000.0,37.965,With Lens,0.12368942362220268,0.07600217725665653,0.06388918855379493,1.9359992891137716,2.548165797728612,1.0326022155076475
37970000000.0,37.97,With Lens,0.12369879750286687,0.07599255768782646,0.06400859385402523,1.932534212280434,2.549346873213855,1.0332634174854955
37975000000.0,37.975,With Lens,0.12370347861687096,0.07602254098689169,0.06413076829924985,1.9289255672041894,2.550934633842526,1.0341463422033574
37980000000.0,37.98,With Lens,0.12368090353661733,0.07609471093649695,0.06422316541144917,1.925798934765189,2.5528269346843464,1.0349125550080478
37985000000.0,37.985,With Lens,0.12362720997707342,0.07616785086926123,0.06426500303135538,1.923709704281112,2.5544908620774427,1.0351656511983163
37990000000.0,37.99,With Lens,0.12355264122615105,0.07620436424753188,0.06424691792660306,1.9230905577027058,2.5554013371188695,1.0347042425338453
37995000000.0,37.995,With Lens,0.12347703879096768,0.07619974534664749,0.06419045913414718,1.9236042311665287,2.5555504021299793,1.033773938659856
38000000000.0,38.0,With Lens,0.12343033358720265,0.0761799259790365,0.0641429928205079,1.9242995713124773,2.555360505370184,1.0330269208475067
38005000000.0,38.005,With Lens,0.12344537897853275,0.0761842153888256,0.06412689521473058,1.9250172422222014,2.5550477176000403,1.0330843885506165
38010000000.0,38.01,With Lens,0.12354264660756456,0.07623650483604133,0.06410950518836252,1.9270566235783497,2.554212134658468,1.0340771169581544
38015000000.0,38.015,With Lens,0.12371812662298541,0.07631779208083633,0.06404251152039399,1.9318125364834895,2.552192871457401,1.0355957477468747
38020000000.0,38.02,With Lens,0.12394255636051922,0.07637575521628423,0.06392339769411039,1.9389231616506943,2.5488524746742556,1.0370759743750741
38025000000.0,38.025,With Lens,0.12416686139403295,0.07637164657178758,0.06380508160286542,1.9460340504988358,2.5450123527754163,1.0381798262156632
38030000000.0,38.03,With Lens,0.12433310167601824,0.07630782992629644,0.06375881837868784,1.9500534175140563,2.5421397577345126,1.0388492144604213
38035000000.0,38.035,With Lens,0.1243948271980766,0.07620289001587237,0.0638359781280591,1.9486632906060046,2.5414833965260764,1.0391085778612252
38040000000.0,38.04,With Lens,0.12434243506407182,0.07605930288105896,0.06403555812913123,1.9417717077335135,2.5431497245130266,1.0388940334138472
38045000000.0,38.045,With Lens,0.12420983315108262,0.07587747871098509,0.06428273074717396,1.9322426366671304,2.545904032551855,1.0380747638929946
38050000000.0,38.05,With Lens,0.12405535195486467,0.07569058354731852,0.06445243472838995,1.9247581953676125,2.5479610566874804,1.0366360192856132
38055000000.0,38.055,With Lens,0.12393309900142718,0.07555920797655148,0.06445167302081041,1.9228841268621713,2.5481944966568006,1.0348653551895268
38060000000.0,38.06,With Lens,0.12387219617483194,0.07553006702133473,0.06428551420300828,1.9269068266865519,2.5467381360517427,1.033303517395682
38065000000.0,38.065,With Lens,0.12387061764524837,0.07560846526409498,0.06404130479243263,1.9342300730244555,2.544636343410188,1.0324445602605161
38070000000.0,38.07,With Lens,0.12389802364196151,0.07575758679386538,0.06382195309298165,1.9413073031697345,2.5430754855801196,1.032384995922921
38075000000.0,38.075,With Lens,0.12391283707751181,0.07591313020939892,0.06370103300992651,1.9452249237183097,2.5428205440173453,1.0328007267815449
38080000000.0,38.08,With Lens,0.12388686994127147,0.07601289399568041,0.0637123125657027,1.9444729747254794,2.5440615224353293,1.0332682097350845
38085000000.0,38.085,With Lens,0.12381804010872573,0.07603787936332752,0.06384015473813055,1.9395009397552647,2.5464882965860323,1.033569435287099
38090000000.0,38.09,With Lens,0.1237227088131127,0.07602643761966674,0.06401759497053057,1.932636002181375,2.549466791053145,1.0337082582497406
38095000000.0,38.095,With Lens,0.1236231308782138,0.07603024561386634,0.06416510492234127,1.926641139725935,2.5522698654550493,1.0337468909969434
38100000000.0,38.1,With Lens,0.12354303694793392,0.07606065708808833,0.06424100776834646,1.9231179777476564,2.554260568895838,1.0337146060422444
38105000000.0,38.105,With Lens,0.12350849541828385,0.07609319835131197,0.06425087222447838,1.9222851167961175,2.5550185377010943,1.0336957658914476
38110000000.0,38.11,With Lens,0.12353897885179012,0.07611534671571578,0.06422083237892505,1.9236589479698356,2.554525331939506,1.0339085605923082
38115000000.0,38.115,With Lens,0.12363806888000584,0.07614528004390013,0.06418204264310179,1.9263654409929303,2.5532447012447084,1.0346621435909356
38120000000.0,38.12,With Lens,0.12379117523852359,0.07620181500261371,0.06416795403173424,1.9291744158977346,2.55187190857975,1.0361390879392562
38125000000.0,38.125,With Lens,0.12396848362501367,0.07627830606162178,0.06419212621481274,1.9312101177357037,2.5508344196569475,1.038137772683922
38130000000.0,38.13,With Lens,0.12412766308226836,0.0763493820380515,0.06422523956972835,1.9326928776576204,2.5500538973861184,1.0400097178993581
38135000000.0,38.135,With Lens,0.12422163627857762,0.07638501160266814,0.06422029872791557,1.9343048652712105,2.5492634036210533,1.0409433033551723
38140000000.0,38.14,With Lens,0.12422181802215272,0.07635823523368379,0.06416889028640138,1.9358573518681794,2.5484568949755033,1.0405009970042864
38145000000.0,38.145,With Lens,0.12413624208677534,0.07626037383636693,0.06411471441883707,1.93615838754019,2.5479712571917483,1.0389305162025295
38150000000.0,38.15,With Lens,0.12400492408960732,0.0761159003842119,0.06410959417854437,1.9342646865655593,2.5481598011350557,1.0369800850059034
38155000000.0,38.155,With Lens,0.1238764854196626,0.07596580698266474,0.0641708926910574,1.9304154925201087,2.549024360370396,1.035379718203724
38160000000.0,38.16,With Lens,0.12378871537397192,0.07583130727293595,0.06427758522818344,1.9258457662111264,2.5500836409272174,1.0344436692108943
38165000000.0,38.165,With Lens,0.1237586029500287,0.075713947045326,0.06437987095782591,1.9223182822329783,2.550596477730402,1.0340446117976874
38170000000.0,38.17,With Lens,0.12377890975353917,0.07563123747760181,0.0644110624395365,1.9217026558090398,2.5500352520665484,1.0338688714917252
38175000000.0,38.175,With Lens,0.12382017223722216,0.07562266671539243,0.06432535921999814,1.9249044815085563,2.5485391618493987,1.0336754999247042
38180000000.0,38.18,With Lens,0.12384681099404231,0.07570705606029013,0.06414341092941528,1.9307799382593775,2.5468857650509404,1.0334129972405837
38185000000.0,38.185,With Lens,0.12383569541021291,0.07585025900425786,0.0639508972622528,1.936418419625635,2.5460065715700795,1.0331581755698789
38190000000.0,38.19,With Lens,0.1237823960802054,0.07598710810106743,0.06383798679072392,1.9390084541041919,2.546435227250561,1.032965572329604
38195000000.0,38.195,With Lens,0.12369536311181223,0.07606549697749448,0.06384401868374835,1.937462046750813,2.548106045739962,1.032792993293757
38200000000.0,38.2,With Lens,0.12359373164834038,0.0760674119577385,0.06395370714067124,1.9325499204680379,2.5504902053008056,1.0325974834648992
38205000000.0,38.205,With Lens,0.12350869025787113,0.07601272582411575,0.06411407103412708,1.926389765393763,2.5528006085455925,1.0324612873826888
38210000000.0,38.21,With Lens,0.12347767829438153,0.07595348197100993,0.06424933561210341,1.921851442011185,2.5541894625314474,1.0325881771485435
38215000000.0,38.215,With Lens,0.12352730832773236,0.07594319623278187,0.06429356203357746,1.9213013623855517,2.554061443020924,1.0331562834950718
38220000000.0,38.22,With Lens,0.12366152620215388,0.07599325781885329,0.06423875458994459,1.9250299447976977,2.5523803385732844,1.0342224567857785
38225000000.0,38.225,With Lens,0.12385924940443548,0.07606515107458589,0.06414695497522249,1.9308671698021762,2.549762458869192,1.0357229831339976
38230000000.0,38.23,With Lens,0.12407920431859508,0.07611401421322632,0.06409737662886093,1.9357922405630297,2.5471913916168654,1.0374880213179396
38235000000.0,38.235,With Lens,0.12426692485785892,0.0761240233439806,0.06412651987387427,1.9378398375940311,2.5455503904757215,1.0391883225026135
38240000000.0,38.24,With Lens,0.12437249557932194,0.07609742745719834,0.06421648388560597,1.9367690046822985,2.545198120937628,1.04034649104086
38245000000.0,38.245,With Lens,0.12437290958786498,0.07603417659432715,0.06431844338014149,1.93370521815622,2.54582670561426,1.0405158001915233
38250000000.0,38.25,With Lens,0.1242819418624096,0.07594169925492544,0.06437440395943636,1.9306111469509248,2.546688538989031,1.0395354621456596
38255000000.0,38.255,With Lens,0.12414038268843039,0.07585043195946058,0.06434270912166927,1.9293620735441264,2.5471209649392414,1.037687366333234
38260000000.0,38.26,With Lens,0.12399723995886065,0.07579442028707209,0.0642340676248289,1.9303968212489633,2.546992260262596,1.0356252916730802
38265000000.0,38.265,With Lens,0.12389307222449764,0.07578351507856532,0.06411505773617261,1.932355309330078,2.546692418285887,1.0340914363593294
38270000000.0,38.27,With Lens,0.12384646279760554,0.07580600181479095,0.06405872846360876,1.9333268981129044,2.546750316393317,1.0335562319714364
38275000000.0,38.275,With Lens,0.1238449654995417,0.0758462873080678,0.06409009611287757,1.9323573065239583,2.547459188618869,1.0339610163990303
38280000000.0,38.28,With Lens,0.1238522455789901,0.07588889198358505,0.06418579477602007,1.929589654707548,2.5488220148421474,1.0347983895698487
38285000000.0,38.285,With Lens,0.12383092741611709,0.07591909858782094,0.064304895667399,1.9256842909224456,2.550658830408923,1.035462289119775
38290000000.0,38.29,With Lens,0.12376337240668463,0.07593841042264127,0.06440261956035295,1.9217133286124108,2.5526670023538953,1.0355796919226534
38295000000.0,38.295,With Lens,0.12365526111362979,0.07596724325960236,0.06443631178741385,1.9190307092930634,2.5544723279249504,1.0350879258470451
38300000000.0,38.3,With Lens,0.12352876990362752,0.07601284785672997,0.06439217612176018,1.9183816628598638,2.5557364344686695,1.034130907094486
38305000000.0,38.305,With Lens,0.12341467683836733,0.0760474259723902,0.06430781161341992,1.9191241894571458,2.5563167323972236,1.0329857202598203
38310000000.0,38.31,With Lens,0.12334419837032258,0.07604082182173902,0.06424634746740066,1.919863202073999,2.556338653398373,1.0320564229105638
38315000000.0,38.315,With Lens,0.12333851178151652,0.07600763263471998,0.06424463738920816,1.9198257908174445,2.5561090678863994,1.0317988953815487
38320000000.0,38.32,With Lens,0.12340364330191317,0.07599907622753786,0.06429259657266413,1.9194067416835645,2.555867896776874,1.0325197356058176
38325000000.0,38.325,With Lens,0.1235345369890242,0.07604920222496026,0.0643492332637868,1.9197514985550657,2.5554863857302124,1.0341656200740041
38330000000.0,38.33,With Lens,0.12371829819430218,0.07614409894111009,0.06436509159202417,1.9221334909066268,2.554432910569499,1.036281581344413
38335000000.0,38.335,With Lens,0.12392731989850285,0.07623639474430671,0.06430496414992307,1.9271812298903384,2.5522220854003654,1.038168691816026
38340000000.0,38.34,With Lens,0.12411761396903485,0.07627121564204231,0.06418480036553972,1.9337539925678815,2.5490619615579244,1.0392304595752946
38345000000.0,38.345,With Lens,0.12424280734557458,0.07620695126900129,0.06408337268269707,1.938768234948423,2.546008091189617,1.0392731104406208
38350000000.0,38.35,With Lens,0.12427787890623412,0.07604101305438157,0.06408737692400304,1.939194344833414,2.5442962512399747,1.0385533004846856
38355000000.0,38.355,With Lens,0.12422931902114243,0.07582282498189195,0.06421133133317751,1.9346946472195956,2.544422702263158,1.0375061098846579
38360000000.0,38.36,With Lens,0.12413090278605234,0.07562262938196501,0.06438110454702307,1.928064199261894,2.5457531029346767,1.0364283977565711
38365000000.0,38.365,With Lens,0.1240294765922987,0.07548224960236719,0.06449552063166981,1.9230711742079556,2.546981780811989,1.0353943673037116
38370000000.0,38.37,With Lens,0.1239673332286937,0.07541284043366656,0.06449113477265626,1.9222383613763745,2.547030797992297,1.0344571360039285
38375000000.0,38.375,With Lens,0.12396013750156086,0.07542584892032546,0.06436631447030573,1.925854206842116,2.545807821261512,1.0338002629378582
38380000000.0,38.38,With Lens,0.12398787520457008,0.0755332326856267,0.06417674810352547,1.9319750356400336,2.5442557793613343,1.0336441053022913
38385000000.0,38.385,With Lens,0.12401004410107692,0.07570922013348742,0.0640149446359095,1.9372045825610678,2.5436452984104916,1.0340166447811867
38390000000.0,38.39,With Lens,0.12399226869556935,0.07588090464168648,0.06396049369938453,1.9385758540003655,2.544651117172594,1.0346320397634958
38395000000.0,38.395,With Lens,0.12392217615954265,0.075975497870847,0.06403110013804326,1.935343542315867,2.547011423038129,1.0350412510814224
38400000000.0,38.4,With Lens,0.1238059551550959,0.07596953598399159,0.06418406104328492,1.928920562873121,2.549978678084452,1.034918139930042
38405000000.0,38.405,With Lens,0.12366426854399078,0.07589211386106198,0.06436107279508833,1.9214140345004957,2.5529007348456787,1.0342892472446552
38410000000.0,38.41,With Lens,0.12352959808626886,0.07580287813166448,0.06451502711702015,1.9147414735206656,2.555379987678803,1.0335204107544869
38415000000.0,38.415,With Lens,0.12343819909296419,0.07576565589654764,0.06460423497108599,1.910682777192698,2.5570807896038183,1.0330593419902996
38420000000.0,38.42,With Lens,0.12341731010524498,0.0758154572891979,0.06459813213168529,1.9105399186102623,2.5576542597420393,1.0331662797832613
38425000000.0,38.425,With Lens,0.12347534928062974,0.07593172868223051,0.06450882449513166,1.9140846271342016,2.556971591816801,1.033848277580598
38430000000.0,38.43,With Lens,0.12360192590615712,0.07605961831043859,0.0643970358174211,1.9193729080418256,2.5553745229035587,1.035020300438708
38435000000.0,38.435,With Lens,0.12376813294853939,0.07616481287922335,0.06432708329132748,1.9240439114581416,2.5536268747199524,1.0365947066354861
38440000000.0,38.44,With Lens,0.12392867408540413,0.07625068712263787,0.06431995019986315,1.9267532655158648,2.5524946134377857,1.0383486280388672
38445000000.0,38.445,With Lens,0.12403731021820986,0.07631667969200184,0.06435066286749526,1.9275218729854524,2.552196717271441,1.0397777070162928
38450000000.0,38.45,With Lens,0.12407056442231557,0.07632621490933028,0.06437777072366128,1.9272267900496731,2.5522187906550333,1.0402460157015243
38455000000.0,38.455,With Lens,0.12403740728305739,0.07623790365851305,0.06437191244072989,1.9268870937656886,2.5517894413088076,1.039410003693587
38460000000.0,38.46,With Lens,0.12396828385912953,0.07605645348062896,0.06434014862207021,1.926764027035608,2.550689790331808,1.0375785455476425
38465000000.0,38.465,With Lens,0.12389729799310156,0.0758339139203895,0.06433353428578292,1.9258587200063348,2.5495474620774337,1.035619562157044
38470000000.0,38.47,With Lens,0.12385205499901662,0.07563526934144237,0.06440752647520927,1.922943820031465,2.549224515877391,1.0344507309111073
38475000000.0,38.475,With Lens,0.12384622959996396,0.07551011652605993,0.06455299143219165,1.918520379184219,2.5498822461170794,1.0344329397486833
38480000000.0,38.48,With Lens,0.12387348086969573,0.07547668719881524,0.06468017055229702,1.915169360438499,2.5507340978885966,1.0351375875138549
38485000000.0,38.485,With Lens,0.12391091005994974,0.07551293450666717,0.06468940047160443,1.9154747015214761,2.5507311641086936,1.035704201678784
38490000000.0,38.49,With Lens,0.12393277326775046,0.07557599654180468,0.06455352408650905,1.9198451985621494,2.5494895922878014,1.0355202046483525
38495000000.0,38.495,With Lens,0.12392116744097588,0.07564420621766499,0.06433482123297456,1.926191214431487,2.547715908653194,1.0346546171984126
38500000000.0,38.5,With Lens,0.12386758542302248,0.07572818731966947,0.0641353901630538,1.931345316651373,2.546742505084707,1.0336624274285566
38505000000.0,38.505,With Lens,0.12377275374873009,0.0758255437704064,0.06404312049819869,1.932647141268068,2.547544928257002,1.0330103283580714
38510000000.0,38.51,With Lens,0.12365264667753294,0.07588995192758269,0.06409172072397129,1.9293076434954406,2.54995228787091,1.0327217187906022
38515000000.0,38.515,With Lens,0.12353847474758894,0.07587255878558762,0.06424500269331256,1.922927380629535,2.5528043499125754,1.0325477667240608
38520000000.0,38.52,With Lens,0.12346563212071843,0.07578687961042313,0.06441882238217252,1.916608027825214,2.5548634471089122,1.032394893136987
38525000000.0,38.525,With Lens,0.12346023565163292,0.07570756290724824,0.06453806905085006,1.9129831038848963,2.5556105420707884,1.032516826447954
38530000000.0,38.53,With Lens,0.12353293371670906,0.07570624340150614,0.06457501994600416,1.9130142556673444,2.5552170143916446,1.0332826711551066
38535000000.0,38.535,With Lens,0.1236771546275937,0.07579849718775107,0.06453742767158156,1.916363249817807,2.553975898090234,1.0347779556136256
38540000000.0,38.54,With Lens,0.12386421526753544,0.07593754461994083,0.06444380151582997,1.922050101856723,2.55201968749415,1.0365933052277314
38545000000.0,38.545,With Lens,0.1240467648839301,0.07604094751829912,0.06433034062132154,1.928277756434205,2.5495904651859203,1.0380489614229367
38550000000.0,38.55,With Lens,0.12417555374549732,0.07603957103660407,0.06426056896396973,1.9323755725711258,2.547376191312527,1.0386771020242194
38555000000.0,38.555,With Lens,0.12421944893462157,0.07593284841012123,0.06429138173107316,1.932132201703547,2.5463581847765537,1.0385367422072798
38560000000.0,38.56,With Lens,0.12417647852617282,0.07579855229646193,0.06441805261591352,1.9276658247737355,2.5471452812894086,1.0380644992361892
38565000000.0,38.565,With Lens,0.12407345258187563,0.07572173805376385,0.06457103502982782,1.9215032332153477,2.549363026450161,1.0376154595513092
38570000000.0,38.57,With Lens,0.1239589891604626,0.07571579853663568,0.06466683444311161,1.9168866116295082,2.551650185617902,1.0371992159609944
38575000000.0,38.575,With Lens,0.12388516502074794,0.07572960475949259,0.06466269317101625,1.9158676965882542,2.5525296228739105,1.0366790433893596
38580000000.0,38.58,With Lens,0.12387871038316806,0.0757221900604899,0.06457737779774658,1.918298862662875,2.551577204544905,1.036117368596049
38585000000.0,38.585,With Lens,0.12392305946716144,0.07570257004170773,0.06448137041855409,1.9218428309256808,2.549842127660499,1.0358237814294688
38590000000.0,38.59,With Lens,0.12396972729713765,0.07569884051517892,0.06445517627000105,1.9233478902893957,2.5490020269684672,1.0360262508001585
38595000000.0,38.595,With Lens,0.12396918653488259,0.07571870078153826,0.0645239278814067,1.9212901415849128,2.549951001583134,1.0365179227163956
38600000000.0,38.6,With Lens,0.12389794759165956,0.07574717876079722,0.06462813834076314,1.9170898431018701,2.5521467862903657,1.0366986956106123
38605000000.0,38.605,With Lens,0.1237649916591909,0.07576215316283508,0.06467454706773819,1.9136584215976518,2.554254090366976,1.0359956740113443
38610000000.0,38.61,With Lens,0.12360513674888568,0.07574940374878979,0.06462342288406386,1.9126986970442061,2.55532801140851,1.034379267215938
38615000000.0,38.615,With Lens,0.12346315854615271,0.07572179540727507,0.06451664752049176,1.9136635781786147,2.555455100728208,1.0325101134598167
38620000000.0,38.62,With Lens,0.12337350311034082,0.07572372028216129,0.06442764427318806,1.9149156313586249,2.5554518352250915,1.0313312918256348
38625000000.0,38.625,With Lens,0.1233471979481093,0.0757907333006606,0.06440242189745445,1.9152571334120077,2.5560114381398042,1.0313968153832191
38630000000.0,38.63,With Lens,0.12337760381961628,0.07589943476849406,0.06444125473591474,1.9145748220643326,2.557014814956711,1.032512901096735
38635000000.0,38.635,With Lens,0.12345562022002672,0.07598340101027982,0.06451193641004556,1.9136864755590048,2.557649153389592,1.0340264949804918
38640000000.0,38.64,With Lens,0.12357427531897301,0.07600413060205265,0.06457016420024889,1.9137983749853418,2.557175836439035,1.0354053367737641
38645000000.0,38.645,With Lens,0.1237186435996392,0.07598527272265802,0.06458741356745344,1.9155224952680698,2.555632282858132,1.036521103420319
38650000000.0,38.65,With Lens,0.12386198530207268,0.07596592807079153,0.06457045195088659,1.9182455993382896,2.553709858627307,1.0374396892083464
38655000000.0,38.655,With Lens,0.12397530911335335,0.07594377949227929,0.06454733424704867,1.9206882911515735,2.5520231636245683,1.0380713153341325
38660000000.0,38.66,With Lens,0.12404082740400785,0.07588008956452552,0.0645343228107771,1.9220907883036356,2.550628472877333,1.038126932567459
38665000000.0,38.665,With Lens,0.12405686104375171,0.07574593831209649,0.06453105796500379,1.922436497337913,2.5492963934493904,1.0374146686777614
38670000000.0,38.67,With Lens,0.12403764827651606,0.07555320620654003,0.0645445142533353,1.9217380394199264,2.5480428513113864,1.0361588444371115
38675000000.0,38.675,With Lens,0.12401110286975801,0.07535925408856492,0.06458914710815104,1.9199990775866433,2.547201937553919,1.0350098248938053
38680000000.0,38.68,With Lens,0.12400519981368852,0.07524786801630587,0.06465246884418344,1.9180272931656939,2.5470361378104562,1.0346302636674043
38685000000.0,38.685,With Lens,0.1240309853262079,0.07527601136902147,0.0646832251610904,1.9175139306569025,2.5473371443234423,1.035172848153462
38690000000.0,38.69,With Lens,0.1240751065243617,0.07541869077444247,0.06463225486638105,1.9197087705027647,2.547485807699807,1.0361120333264218
38695000000.0,38.695,With Lens,0.12411058248448292,0.07558003864671772,0.06450286668853725,1.924109560645907,2.546996101248207,1.0366709098054963
38700000000.0,38.7,With Lens,0.1241106593411088,0.07567758215734458,0.06435576100232489,1.928508923025947,2.5461497354127687,1.036466649747506
38705000000.0,38.705,With Lens,0.12405655298220357,0.07570232107450528,0.06427357194314708,1.9301331672049795,2.5460194415253627,1.035744350081838
38710000000.0,38.71,With Lens,0.12394224009356138,0.07569267802596122,0.06431522583435019,1.9271057278534025,2.547667802990269,1.0350104360180246
38715000000.0,38.715,With Lens,0.12378226272584805,0.07567359636026158,0.06447652389036447,1.9198036007078598,2.5510926375428036,1.0345105317296477
38720000000.0,38.72,With Lens,0.1236112597365021,0.07564486360634026,0.0646813045736082,1.9110817345347575,2.5550410647058053,1.034104356377682
38725000000.0,38.725,With Lens,0.12347269218274445,0.07561200058365992,0.06482509754209179,1.9047050735646331,2.5579048251699534,1.0335980162342309
38730000000.0,38.73,With Lens,0.1234002208378905,0.07559915679384756,0.0648538736906822,1.9027424857679685,2.5589169930515006,1.0331063741854476
38735000000.0,38.735,With Lens,0.12340854861677404,0.07563612600321547,0.06479845124491516,1.9044984292963036,2.558512401896973,1.0330946669695857
38740000000.0,38.74,With Lens,0.12348943776872295,0.07574396494063186,0.06473080570548678,1.9077383082573867,2.557761398456851,1.0340210462787693
38745000000.0,38.745,With Lens,0.12361103436617847,0.07591616445857256,0.06469645795958547,1.9106306321034718,2.5574683984259146,1.035845006394111
38750000000.0,38.75,With Lens,0.12372876741197397,0.07609639960720817,0.06469534920116621,1.9124831837176886,2.557653552477376,1.0378712894984632
38755000000.0,38.755,With Lens,0.12380636850146536,0.07619529462978797,0.06470665640062781,1.9133482610339936,2.557745105320975,1.0391515140081533
38760000000.0,38.76,With Lens,0.12383286420382904,0.07615874500618756,0.06471180311793996,1.913605528471189,2.5572127434094494,1.0391640575929966
38765000000.0,38.765,With Lens,0.123821180379988,0.07601902952891999,0.0647028112432876,1.9136908891703444,2.5560873482447635,1.0381657989247681
38770000000.0,38.77,With Lens,0.12379597893308139,0.07585472082256815,0.0646884357279857,1.9137265809555573,2.554840347651699,1.0368821206468195
38775000000.0,38.775,With Lens,0.12378431024655276,0.07571044269836313,0.0646902249936863,1.9134932713347956,2.5537871694423306,1.0359172938916552
38780000000.0,38.78,With Lens,0.12380816817226652,0.07557623949183001,0.0647187173237171,1.913019498717649,2.5527226729180414,1.0354409329672487
38785000000.0,38.785,With Lens,0.12387225525793877,0.07543587981238664,0.06475979808138871,1.912795575771543,2.5512991355827643,1.0353139482172806
38790000000.0,38.79,With Lens,0.12395847018286762,0.07530602829561611,0.0647918778326959,1.9131791565441327,2.5496123975266083,1.0353774920523047
38795000000.0,38.795,With Lens,0.1240339582832594,0.07522760283939282,0.0648056823799827,1.9139364593986783,2.548269709781085,1.035570625620952
38800000000.0,38.8,With Lens,0.12406798913048331,0.07524075515171567,0.06479300170697579,1.9148362610452392,2.547864030480909,1.0358497301663052
38805000000.0,38.805,With Lens,0.12404249907021735,0.07535975772994635,0.06473186662616945,1.9162509214599122,2.5484675790347087,1.0360394785100744
38810000000.0,38.81,With Lens,0.12395644174489465,0.07554463350904088,0.06460947024033216,1.918549111822239,2.549596702168056,1.0358204082900346
38815000000.0,38.815,With Lens,0.12382790156315318,0.07570172924732353,0.06446019047673884,1.920998071016216,2.5506414120499707,1.0349532171861011
38820000000.0,38.82,With Lens,0.12369033977093873,0.07574592415523261,0.06436012393156731,1.9218474455154235,2.5513896739781967,1.0335948582474108
38825000000.0,38.825,With Lens,0.1235787000545961,0.075671926860552,0.06437540302663397,1.919657108841214,2.5521736594835787,1.032346146455115
38830000000.0,38.83,With Lens,0.12351313016476645,0.07555155006923561,0.06451638555904986,1.9144459054005543,2.5534832046241482,1.0318620479039367
38835000000.0,38.835,With Lens,0.12349795226505625,0.07545988910815574,0.06473209686418532,1.907831790528396,2.5553108758377396,1.0323600935504502
38840000000.0,38.84,With Lens,0.12353161235818873,0.07542792859843692,0.06493169579342077,1.9024855403623329,2.5569092166641783,1.033521891227664
38845000000.0,38.845,With Lens,0.12361021833839875,0.07545708794175304,0.06502507794514897,1.9009622478679453,2.557332720188458,1.0348304417221799
38850000000.0,38.85,With Lens,0.12372096755389644,0.0755416326314337,0.0649765923678515,1.9040851950726478,2.556282613475115,1.0359531317808963
38855000000.0,38.855,With Lens,0.12383988168461223,0.07566064194214467,0.0648319092173679,1.9101686681692942,2.5543523367124723,1.0368251268311384
38860000000.0,38.86,With Lens,0.12393830494551623,0.07577308420075454,0.06468403423115923,1.9160571293775823,2.5525494053929054,1.0374803742247747
38865000000.0,38.865,With Lens,0.12399275668188418,0.07584025861043552,0.0646039520520679,1.9192751022716315,2.5516097812613308,1.0378836926328538
38870000000.0,38.87,With Lens,0.12399166053657831,0.07584302877099995,0.06460632583302053,1.9191876172782714,2.55167164735915,1.0379049539781204
38875000000.0,38.875,With Lens,0.12394341235757456,0.07577739702194318,0.06466937380408147,1.9165704732670865,2.5523642943800144,1.0374669858458223
38880000000.0,38.88,With Lens,0.12388100983577588,0.07565802299455186,0.06476191112098255,1.9128683464012077,2.553092736567817,1.0367506187457551
38885000000.0,38.885,With Lens,0.12384722028521174,0.07553277144468201,0.06485064176919075,1.909730064445547,2.5534097120866615,1.0362044719316512
38890000000.0,38.89,With Lens,0.123867321463496,0.07546191627647424,0.06490799953183415,1.9083521654791598,2.553235352169264,1.0362444306154077
38895000000.0,38.895,With Lens,0.12393091525457191,0.07546225981978125,0.06492848971103138,1.9087293698980956,2.552768161499297,1.0368600078501073
38900000000.0,38.9,With Lens,0.1239990432938728,0.07549099261903258,0.06492865716532847,1.9097737225356877,2.552262978032849,1.037573357130762
38905000000.0,38.905,With Lens,0.12402645883165912,0.0754991735139876,0.06492584601442343,1.9102786709025916,2.5519990062933973,1.0378240616000418
38910000000.0,38.91,With Lens,0.12398245011558537,0.07548225022562756,0.06492515394021307,1.909621195965985,2.5523325180638143,1.0373700018026106
38915000000.0,38.915,With Lens,0.12386489911921227,0.07546740965560804,0.06492598381259045,1.907786248980834,2.553509671708849,1.0363573053368424
38920000000.0,38.92,With Lens,0.12370326523185066,0.0754748723189104,0.06492257049410585,1.9053969103561812,2.5553124167720758,1.0351103824205397
38925000000.0,38.925,With Lens,0.12354551655263152,0.07550810158981204,0.06489725635299966,1.9037093938243361,2.557043472314656,1.033931938193506
38930000000.0,38.93,With Lens,0.12343319034362546,0.0755610777819695,0.06483364864156162,1.903844576541364,2.558009957146589,1.0330227793688902
38935000000.0,38.935,With Lens,0.12338459393328531,0.07561375351807235,0.06474881565199442,1.905588429546584,2.558032493997111,1.0324981258906083
38940000000.0,38.94,With Lens,0.12339712832247131,0.0756395453349416,0.06469502706088459,1.9073665153017414,2.557505373474673,1.0324605594924807
38945000000.0,38.945,With Lens,0.12345766017205258,0.07563653477128887,0.06471654117753387,1.9076677758994713,2.5570564280570536,1.0330362346788375
38950000000.0,38.95,With Lens,0.12354693801211677,0.07563617131614794,0.06480841610995969,1.9063409573610952,2.557103248511451,1.0342391300849905
38955000000.0,38.955,With Lens,0.12364226820301272,0.07566229150105096,0.06492409279799172,1.904412720678591,2.5575697660795536,1.0357825278592268
38960000000.0,38.96,With Lens,0.12372388853807777,0.07569550975049158,0.06500843124161997,1.9031975726075783,2.5578939210331533,1.0370905846670635
38965000000.0,38.965,With Lens,0.12378212783637502,0.07569736076122183,0.06502197831956703,1.9036967350949596,2.557421448700092,1.0376350690036211
38970000000.0,38.97,With Lens,0.12381771691756326,0.07565217434525813,0.06495680782972908,1.9061545826285975,2.5559242914187412,1.0372822896486278
38975000000.0,38.975,With Lens,0.12383780994370903,0.07556672784843653,0.06484718707267921,1.9096866885669923,2.55375956500141,1.0363187025202991
38980000000.0,38.98,With Lens,0.12385491365488327,0.075447836742758,0.06475567790425182,1.9126494797570641,2.551544503691694,1.0352276682776973
38985000000.0,38.985,With Lens,0.12388392083683124,0.0753097079378406,0.06472909588107979,1.9138830714464266,2.5497596530081963,1.0344691238644377
38990000000.0,38.99,With Lens,0.12393251216121402,0.07519126701245935,0.06476870989809227,1.9134627253840728,2.548664130533562,1.0343475115648797
38995000000.0,38.995,With Lens,0.12399568812713792,0.0751363800120028,0.06484374449574967,1.9122228225926325,2.54834221551309,1.0349219560424696
39000000000.0,39.0,With Lens,0.12405977686907503,0.07515718558003918,0.06491954130712824,1.910977409439169,2.5486623864608706,1.035968673444474
37000000000.0,37.0,Without Lens,0.05970250032739964,0.04767626887942457,0.03255762901245171,1.8337484066965175,2.704138432087314,0.3174305336152295
37005000000.0,37.005,Without Lens,0.05968491477343635,0.04767134975929956,0.032516039008030746,1.835553056099345,2.7034597106805367,0.31719360672958513
37010000000.0,37.01,Without Lens,0.05967694150819798,0.047712337654094286,0.03245476273579631,1.838773002101682,2.702382201725817,0.31714250974210634
37015000000.0,37.015,Without Lens,0.05969316226435204,0.047779703611180675,0.03239893357335461,1.8424421942531044,2.701154973354192,0.31734502761935934
37020000000.0,37.02,Without Lens,0.059740397825349505,0.047821976807448,0.03235961698996441,1.846140448568245,2.699707725083513,0.317649792411292
37025000000.0,37.025,Without Lens,0.05981808058175812,0.04780992264744294,0.03232618307957991,1.8504529419541813,2.697688926575151,0.3178968828396733
37030000000.0,37.03,Without Lens,0.0599197251443787,0.04775439138607996,0.032271909502329464,1.8567145876525697,2.694627607068421,0.31801961439011783
37035000000.0,37.035,Without Lens,0.060026112442317266,0.04768386046833181,0.03218563532622687,1.864996972528432,2.69067693979061,0.3180082273219465
37040000000.0,37.04,Without Lens,0.060104503080848935,0.04762625583802643,0.03209599965595419,1.8726477980161256,2.6871269941037528,0.3178991652751909
37045000000.0,37.045,Without Lens,0.06012808942569652,0.047601163675032775,0.032047082851406346,1.876242206022127,2.6855166993553214,0.3177681547439819
37050000000.0,37.05,Without Lens,0.060096586344075435,0.0476066051431587,0.032051696292133294,1.8749892609841503,2.6861487004173745,0.31764251132486726
37055000000.0,37.055,Without Lens,0.06003577540662873,0.04761879661490628,0.032082672592079586,1.8712834859478031,2.6878789046714076,0.3174731907973736
37060000000.0,37.06,Without Lens,0.059978890716942984,0.04762378313717136,0.03210903044547463,1.8679757652226543,2.689405144719708,0.3172799640857908
37065000000.0,37.065,Without Lens,0.05994992488808818,0.047640677956430386,0.032122441856613726,1.8662941365319967,2.690246177764432,0.31724279452544696
37070000000.0,37.07,Without Lens,0.05995465728365338,0.04769184557914543,0.03212887968588407,1.866067471689486,2.6905482631886017,0.31750445716064923
37075000000.0,37.075,Without Lens,0.05997732429530639,0.04775972810563822,0.032133682001448206,1.8664939888495604,2.6906022452488387,0.31792515292670315
37080000000.0,37.08,Without Lens,0.05998807602525947,0.04780012268099576,0.032140498008287686,1.8664326859462805,2.690766285660073,0.31817340956940615
37085000000.0,37.085,Without Lens,0.05996529909753768,0.047796761869329955,0.03214937499126441,1.86520886063357,2.691311545751697,0.31806826167361346
37090000000.0,37.09,Without Lens,0.05991427331486126,0.04777742796581767,0.0321513021707494,1.8635100064273615,2.6920721059805492,0.3177287445966707
37095000000.0,37.095,Without Lens,0.05985980746243851,0.04777550532770406,0.03213886033931662,1.8625367181800738,2.6926345413460777,0.317403129927403
37100000000.0,37.1,Without Lens,0.059823394650617645,0.04779574207708444,0.03212346080468071,1.8622960649962341,2.692940434411172,0.3172563257615625
37105000000.0,37.105,Without Lens,0.05981316447180053,0.04781734625021974,0.03212502150095881,1.8618871420837906,2.6932276609261208,0.3173007066533217
37110000000.0,37.11,Without Lens,0.059828655399919495,0.04781016162896212,0.03213958787858813,1.8615252823381172,2.6932871133707215,0.31739315479046626
37115000000.0,37.115,Without Lens,0.05986404827586894,0.047751488372634626,0.03213604597360267,1.8628317971987818,2.692400051581489,0.31731399774385427
37120000000.0,37.12,Without Lens,0.05990645693186042,0.04765242262743761,0.032093846867449864,1.866602566506871,2.69033337428125,0.31698370063069936
37125000000.0,37.125,Without Lens,0.05994154003229079,0.04757090737155044,0.032029564074616504,1.8714441411893765,2.6879395523050875,0.31662556883531245
37130000000.0,37.13,Without Lens,0.05996581112845464,0.04756916910451651,0.031978520439305706,1.8751902935055418,2.6863771597809687,0.31659122202460427
37135000000.0,37.135,Without Lens,0.05998789260718891,0.04764815050232942,0.03196154034722595,1.876877395628883,2.685998702109081,0.3169907206438133
37140000000.0,37.14,Without Lens,0.060018021825747815,0.047743006888453225,0.03197543609547941,1.8770040116585924,2.6862682134322524,0.3175917534122967
37145000000.0,37.145,Without Lens,0.0600620855974998,0.047788736614789176,0.031999767531674335,1.8769538103065448,2.6863353531083733,0.3180865371611326
37150000000.0,37.15,Without Lens,0.06012161166625975,0.04777119171812912,0.032005668258870405,1.8784676257961581,2.6854536247770184,0.31833625052591596
37155000000.0,37.155,Without Lens,0.06018844356739745,0.047713462107384,0.03197282863056983,1.8824872914074966,2.683380032381295,0.3183372269013093
37160000000.0,37.16,Without Lens,0.06024027851565975,0.047641022711446976,0.03191223723445175,1.8876858451849834,2.6808257859885396,0.3181162467258068
37165000000.0,37.165,Without Lens,0.06025447250543103,0.04757208611798217,0.03186022500601615,1.8912130248312182,2.6790728741259513,0.31774186012616584
37170000000.0,37.17,Without Lens,0.060232101701611446,0.04751934878787739,0.03184086714752759,1.8916602183771998,2.6787296288763516,0.3173446024417972
37175000000.0,37.175,Without Lens,0.06020035066199033,0.04748565118228364,0.03184531838472036,1.8903987686577801,2.679177166178168,0.31705054324326465
37180000000.0,37.18,Without Lens,0.060188333883784084,0.04746976206426649,0.03185445239795456,1.8894794715620007,2.679502902238771,0.31694804953845285
37185000000.0,37.185,Without Lens,0.060202811337414175,0.04748378412903533,0.031869221006297146,1.8890581393727353,2.679679255412038,0.3171261660021238
37190000000.0,37.19,Without Lens,0.06022752025636987,0.04754400911030327,0.03190360948262012,1.8877964353588126,2.6803671109564404,0.31761180170606923
37195000000.0,37.195,Without Lens,0.06023783761166834,0.047633788527107125,0.03195772726628555,1.8849224511411822,2.681875605197509,0.3182079451691839
37200000000.0,37.2,Without Lens,0.0602161771653835,0.04770039676694035,0.032012373686046036,1.8810281847869126,2.6837863032693567,0.3185424468913128
37205000000.0,37.205,Without Lens,0.06016559627042455,0.04770687214423442,0.03204405894440926,1.8775897390153087,2.6853439185538157,0.31840317221678116
37210000000.0,37.21,Without Lens,0.06011462723437878,0.04767086111736194,0.03203320875531653,1.876634579244316,2.685737358922222,0.3179542125696505
37215000000.0,37.215,Without Lens,0.06010009504730884,0.0476368268047508,0.031969194514109386,1.8799377325814095,2.6843436135948218,0.31754369350262834
37220000000.0,37.22,Without Lens,0.060135658214905345,0.04762379061940461,0.03186263729021341,1.887340889806883,2.681268325111296,0.3173553405502796
37225000000.0,37.225,Without Lens,0.06020034559355264,0.047616221283748476,0.03174665189001207,1.8962738433684243,2.6775257178710077,0.3173139199098341
37230000000.0,37.23,Without Lens,0.06025996188655502,0.04759176610726792,0.03165128899463418,1.9038707048161876,2.6742482333808346,0.3172365918317424
37235000000.0,37.235,Without Lens,0.06029314474100876,0.04754139840296109,0.03158068709906577,1.9091777373897723,2.671832804443855,0.3169861501953768
37240000000.0,37.24,Without Lens,0.060295631848736986,0.04747699465685892,0.031527918177040204,1.9124520531344977,2.6702477251709342,0.3165703157139688
37245000000.0,37.245,Without Lens,0.06027215459519352,0.04743684350417892,0.03150289916301436,1.9132256457829568,2.669843088474832,0.31620502655275917
37250000000.0,37.25,Without Lens,0.06023450907874593,0.04746721180050132,0.03152666178086713,1.910589503494499,2.6711528085783414,0.31620905654579673
37255000000.0,37.255,Without Lens,0.06020070035791936,0.04757433996413466,0.031599633269769965,1.9051075638751422,2.6739117106075527,0.31670412026441963
37260000000.0,37.26,Without Lens,0.060188503272314106,0.04770251028403686,0.031688575169984225,1.8993754988809133,2.676772870768137,0.31744902456658947
37265000000.0,37.265,Without Lens,0.06020564245203949,0.04778073217014192,0.03174967913754818,1.8962598705710507,2.6782753922129823,0.3180517401366678
37270000000.0,37.27,Without Lens,0.06025108991123908,0.04778526145494126,0.03175228293835782,1.8975356835981625,2.67763728769082,0.3183136429839394
37275000000.0,37.275,Without Lens,0.060316354059011486,0.047741258053107465,0.03168837205815896,1.9034223010355475,2.674918471152221,0.31827464790389187
37280000000.0,37.28,Without Lens,0.060380717549989804,0.04767970155902404,0.031582778397498866,1.9118241210460296,2.671149385508548,0.318034324849972
37285000000.0,37.285,Without Lens,0.060415947883954275,0.04761450928542651,0.03149065732190649,1.9185356236411708,2.6681233558509985,0.3176686008025137
37290000000.0,37.29,Without Lens,0.060407946020643165,0.047554027807908385,0.031466658154676405,1.9197445665727824,2.6673938522608363,0.31729943635025815
37295000000.0,37.295,Without Lens,0.060372223490275136,0.04750657395187184,0.03152449220371539,1.9150894834448697,2.669082605301403,0.31708228306930497
37300000000.0,37.3,Without Lens,0.06033922489557351,0.04747334451894621,0.031633070154868145,1.9074729262814742,2.6719749004955524,0.31708947020625133
37305000000.0,37.305,Without Lens,0.060325915061895795,0.047454593918558864,0.031749856870331314,1.9000373862556654,2.6748024867338906,0.31728541777684843
37310000000.0,37.31,Without Lens,0.0603264925712975,0.047459675391810785,0.03184366012414,1.8944584993094205,2.676984565931187,0.3175874969950833
37315000000.0,37.315,Without Lens,0.06032682168222924,0.04749100932395998,0.031890106278482044,1.891709646729367,2.678204983760922,0.3178599716752328
37320000000.0,37.32,Without Lens,0.06031942950320933,0.04752430074458096,0.03187069317669688,1.8926299835647602,2.6780411416301018,0.31790562199730504
37325000000.0,37.325,Without Lens,0.06030890351130518,0.04752839984769119,0.03178754516948236,1.8972494789942056,2.676312305700898,0.317622362465578
37330000000.0,37.33,Without Lens,0.06031275683775971,0.04750492887443073,0.03166683234505672,1.9046034090357857,2.6733407188786615,0.31718614173676796
37335000000.0,37.335,Without Lens,0.06035322312526569,0.047484221095780085,0.03153978795455975,1.913558303315744,2.669633646500725,0.31693385126306667
37340000000.0,37.34,Without Lens,0.06043627249720948,0.047480192280398674,0.03142781119694182,1.923018822993643,2.6656608452923733,0.3170186238938124
37345000000.0,37.345,Without Lens,0.060537404945481516,0.047472773819535935,0.03134786245601084,1.9311493735954457,2.662116910471397,0.31727783122547215
37350000000.0,37.35,Without Lens,0.0606178913975062,0.047439277844692276,0.031311778141285676,1.9359453533422744,2.659792997097334,0.3174481646979257
37355000000.0,37.355,Without Lens,0.06065551686116769,0.04738280147592234,0.03131352883800978,1.9370386894095846,2.6589253479753565,0.3174091652025758
37360000000.0,37.36,Without Lens,0.06065342797793561,0.047326993141781765,0.031331198974376646,1.9358795693563893,2.6590763069295504,0.31721335244440096
37365000000.0,37.365,Without Lens,0.060626365838214805,0.047301910934444226,0.03134907502288408,1.93391242944039,2.6598026975992624,0.3170187111385216
37370000000.0,37.37,Without Lens,0.0605895189898365,0.04733691404243238,0.031367160266451394,1.9316227058858033,2.66101466770159,0.3170284071590118
37375000000.0,37.375,Without Lens,0.0605597293534054,0.04744006557022798,0.031383379973849684,1.929675178513819,2.6624197708948194,0.31735855892026515
37380000000.0,37.38,Without Lens,0.06055273865476873,0.047573006731726375,0.03138092997508234,1.929603064754611,2.6631540872037776,0.31788004867946473
37385000000.0,37.385,Without Lens,0.060571226535101205,0.04766778234410625,0.031346833299754726,1.9322917232464163,2.6625304097173177,0.3182799931449135
37390000000.0,37.39,Without Lens,0.06060187258765307,0.04768290378790594,0.031291429440308334,1.9366923682172292,2.6608126807414227,0.3183419524795192
37395000000.0,37.395,Without Lens,0.06062526826943249,0.04763023768158772,0.0312411121704112,1.9405605004949646,2.658990410772089,0.31809251444833947
37400000000.0,37.4,Without Lens,0.060624210785974665,0.04754693455331557,0.031219232825554923,1.9418866288203567,2.658069807162891,0.31766885102324904
37405000000.0,37.405,Without Lens,0.06058646747637734,0.04746092112897898,0.031240895330467897,1.9393319825021138,2.658747870358303,0.31717036704766216
37410000000.0,37.41,Without Lens,0.06051397123123279,0.047393175570580724,0.03131053077548449,1.9327034621404118,2.6612092718866807,0.3167095351046616
37415000000.0,37.415,Without Lens,0.060433391846263215,0.047365022063281595,0.03140850112485289,1.9241093870106247,2.664667554410961,0.3164585355216218
37420000000.0,37.42,Without Lens,0.06038303069639137,0.04738260407941714,0.03149075357315038,1.9174844627368683,2.667496324282366,0.3165130590641631
37425000000.0,37.425,Without Lens,0.060381625180726005,0.047426534163835105,0.03151664776065685,1.9158644548517672,2.668346633706957,0.3167680634142008
37430000000.0,37.43,Without Lens,0.06041369122868077,0.047471840659304744,0.031477806828689496,1.919247155860253,2.6671515259108394,0.3170125726353131
37435000000.0,37.435,Without Lens,0.06045061055683096,0.04750690622068951,0.03139428227116807,1.9255293060911185,2.664779379983102,0.3171083529737695
37440000000.0,37.44,Without Lens,0.06047900351422879,0.04752344749088971,0.03129394975677669,1.9326101046459336,2.6620510245688838,0.31703296021811533
37445000000.0,37.445,Without Lens,0.06050599307702049,0.04750825509275855,0.031206727464759755,1.9388765818314968,2.659486208675275,0.316854452637221
37450000000.0,37.45,Without Lens,0.060548859141153,0.04746262780082364,0.03116287014778251,1.9429808247447817,2.657526031169223,0.31675560899353117
37455000000.0,37.455,Without Lens,0.060623001977726056,0.04741379328508814,0.03117402459119488,1.9446639557360539,2.6563333065984485,0.31696567494559913
37460000000.0,37.46,Without Lens,0.06072802608521434,0.04738757032574871,0.031217528716785202,1.9453181780068896,2.655511422791948,0.3175267859948044
37465000000.0,37.465,Without Lens,0.06083730880633767,0.0473793472164205,0.03125224246280176,1.9466541922151595,2.6545016388953844,0.31816174295318406
37470000000.0,37.47,Without Lens,0.060909832344550066,0.04736816667817493,0.031250332657725394,1.949093886829155,2.653209670759225,0.31848671547887464
37475000000.0,37.475,Without Lens,0.06092352794519119,0.04734775715106523,0.031206817737339125,1.9522505773568786,2.651847462604945,0.31834504348738535
37480000000.0,37.48,Without Lens,0.060892538328336264,0.04732586896038642,0.03113002569647647,1.9560709304274213,2.6504213369124843,0.3178677700860653
37485000000.0,37.485,Without Lens,0.060849952413411325,0.0473056964122569,0.031040451304456932,1.9603436759527464,2.6488875990868905,0.31730097991036105
37490000000.0,37.49,Without Lens,0.060819079292679296,0.047288070355371935,0.030972975670825506,1.9636175722685516,2.647695146182422,0.3168705814725836
37495000000.0,37.495,Without Lens,0.060806860084424444,0.04728289760649655,0.03096003000317055,1.964043965015452,2.6475593260319457,0.31674769926926655
37500000000.0,37.5,Without Lens,0.060810852751513454,0.04729578659065969,0.031006510662557118,1.9612285114347776,2.6486688109929517,0.3169572599620425
37505000000.0,37.505,Without Lens,0.06082073878123395,0.047310724033990295,0.031090482911890687,1.9562494076916639,2.650579019041123,0.3173149354406718
37510000000.0,37.51,Without Lens,0.06081973931782379,0.047307089111251574,0.031184330593910098,1.9503301228374328,2.652792775979597,0.3175665944038909
37515000000.0,37.515,Without Lens,0.06079742832155177,0.04729026987323254,0.03126286782696875,1.9447169292992752,2.6549160077071168,0.3176076520551825
37520000000.0,37.52,Without Lens,0.06076056122433306,0.04728570890607621,0.031298433497763595,1.9413291476288952,2.656331254689914,0.31750008290045373
37525000000.0,37.525,Without Lens,0.060725332164999986,0.0473064084465614,0.031270827241577565,1.9419163968985071,2.6563719105674313,0.3173239928525563
37530000000.0,37.53,Without Lens,0.0607044375778855,0.04734420457232723,0.03118768498372878,1.946423327334369,2.654959493682773,0.31713355169179697
37535000000.0,37.535,Without Lens,0.06070775513849397,0.04738615451825713,0.03108133258850163,1.9531902297185442,2.652617450557198,0.3170201070980487
37540000000.0,37.54,Without Lens,0.060744136031416464,0.04741817695986664,0.030982604248237976,1.96058844972243,2.649855249220339,0.3170596504253262
37545000000.0,37.545,Without Lens,0.06081008240389055,0.047417157155200305,0.030904671123561808,1.9676663815887938,2.6469225177774756,0.31717378667213575
37550000000.0,37.55,Without Lens,0.06087938250886534,0.04736811839692518,0.03085238447469603,1.9732472398947425,2.6442784398724886,0.3171763233080789
37555000000.0,37.555,Without Lens,0.06091859983562328,0.04729282153541506,0.03083113750752851,1.9758790871970864,2.6427113660911417,0.31700071557065307
37560000000.0,37.56,Without Lens,0.06091496688083368,0.04724061760094407,0.03084043136861897,1.975165851370562,2.642699212980948,0.31678761476390876
37565000000.0,37.565,Without Lens,0.060882962488645616,0.04724363763608891,0.03087186517382413,1.9721180481271188,2.643992374298083,0.3167239713436892
37570000000.0,37.57,Without Lens,0.06084810157422375,0.04729495212133414,0.030917116361552498,1.968104038638365,2.6459291810827175,0.3168897620624288
37575000000.0,37.575,Without Lens,0.06083309079845314,0.047367973482146726,0.030964100500974992,1.96463290760013,2.647693834559093,0.3172563848828461
37580000000.0,37.58,Without Lens,0.06085295586682334,0.047434630900809356,0.030984754755007494,1.9639644188885763,2.6482220370662204,0.3177022075025725
37585000000.0,37.585,Without Lens,0.06090591797069544,0.047464179222795166,0.03094559640306317,1.968161064902489,2.6465881434525587,0.3179906451285852
37590000000.0,37.59,Without Lens,0.060967896940742804,0.04743274221399181,0.030842910707121172,1.9767231932058287,2.642960295505039,0.31788472480627344
37595000000.0,37.595,Without Lens,0.06100793191827154,0.04734730938124916,0.030719191970011876,1.9859875213458602,2.638874115253923,0.31737632161457896
37600000000.0,37.6,Without Lens,0.06101344961725197,0.047245640408624015,0.03063554754687743,1.9915899829729287,2.6362020582083545,0.3167354404355866
37605000000.0,37.605,Without Lens,0.060993340067621596,0.04716417665320484,0.030633658531228132,1.9910563410323525,2.6360199481682214,0.3162807904220036
37610000000.0,37.61,Without Lens,0.06096019046918915,0.047119065700888224,0.030720859531207796,1.9843256796660498,2.638397832839285,0.3161668494452592
37615000000.0,37.615,Without Lens,0.060922061154079436,0.047119140766867455,0.030872955466158314,1.9733148392890256,2.6426630016752624,0.31640500480213196
37620000000.0,37.62,Without Lens,0.06088968919374025,0.047169152300677,0.031039717866310983,1.9616701883694307,2.6474489982495455,0.31692851101560676
37625000000.0,37.625,Without Lens,0.06087656273054055,0.04724890788511486,0.031162975578413233,1.953490050311822,2.6510325290527925,0.31755437676121073
37630000000.0,37.63,Without Lens,0.06088695992424849,0.047310901465745084,0.031205684538998357,1.951149632630454,2.6522156234888015,0.3179949968524596
37635000000.0,37.635,Without Lens,0.060915198808365066,0.04731857474605438,0.031165798867220547,1.9545527797278521,2.650854202383698,0.3180588212649297
37640000000.0,37.64,Without Lens,0.06095899649190906,0.047276682856462825,0.031060787089675395,1.9625708877213812,2.647416711680866,0.3178054762438991
37645000000.0,37.645,Without Lens,0.06102235151701783,0.04721609343286081,0.030913032837533102,1.9740007988775354,2.6425190478284653,0.31745316631928927
37650000000.0,37.65,Without Lens,0.06110230823666344,0.047162549824117855,0.030754340737471762,1.9867864753873605,2.637098857215404,0.31718845646030974
37655000000.0,37.655,Without Lens,0.06118337086729237,0.0471283593180376,0.030628367360121214,1.997604708991261,2.632532259498797,0.31710746037739296
37660000000.0,37.66,Without Lens,0.061249377803942184,0.047114563930579785,0.03056701970593885,2.003773295308933,2.629877350034333,0.31721965000253693
37665000000.0,37.665,Without Lens,0.06129013910677102,0.04710566275505011,0.030567068429019403,2.0051036051787063,2.629145939504359,0.3173957236577003
37670000000.0,37.67,Without Lens,0.061295584892554864,0.04707892144682227,0.03059824502045029,2.0032385795848113,2.6296421329591793,0.3174004028565002
37675000000.0,37.675,Without Lens,0.061257509028897865,0.047036927539900575,0.030630897138121903,1.9998601004950454,2.6308056012006125,0.31711719417454187
37680000000.0,37.68,Without Lens,0.06118604177432995,0.04701888899779706,0.030648189672387652,1.99639986662753,2.6323041160926546,0.31671653545173495
37685000000.0,37.685,Without Lens,0.06111457308903674,0.047060636574137026,0.03064232709865249,1.9944494715521879,2.6336068430938724,0.31650193253187897
37690000000.0,37.69,Without Lens,0.061077900793376314,0.04715242555677035,0.030613689414621375,1.9951172812318712,2.634072098190001,0.3166157066802679
37695000000.0,37.695,Without Lens,0.0610896615085804,0.047249842765023496,0.030571130157901326,1.9982794614739274,2.6334211597639636,0.3169674017237943
37700000000.0,37.7,Without Lens,0.06114142810963051,0.047315731147966125,0.030520647646196688,2.0032808221633402,2.6317316659450385,0.31737301648875726
37705000000.0,37.705,Without Lens,0.06121101317512133,0.04733621181629904,0.030461657924619055,2.0094445721436163,2.629281137376977,0.31765598923422217
37710000000.0,37.71,Without Lens,0.06126519053489021,0.04731155638665154,0.030404378050738024,2.015012128603732,2.6268614333315687,0.31767256493512236
37715000000.0,37.715,Without Lens,0.06126926513549016,0.04725497473910602,0.030384240877625597,2.01648168148271,2.6259753066356804,0.31739732675987986
37720000000.0,37.72,Without Lens,0.061213416731009225,0.04719439826814549,0.030436940935872753,2.0111553542775233,2.6278159689932745,0.31699835376424296
37725000000.0,37.725,Without Lens,0.06112480530794669,0.04715417861362603,0.03055982659091738,2.000168591470786,2.632009848597539,0.3167145833140886
37730000000.0,37.73,Without Lens,0.06104627204363685,0.047136001452875186,0.030707095676435738,1.988018426974943,2.636740853051931,0.3166482296757235
37735000000.0,37.735,Without Lens,0.06100593834056382,0.04713046130878243,0.0308215303510046,1.9793286590837755,2.6401133022327055,0.3167424973154583
37740000000.0,37.74,Without Lens,0.061009494351772775,0.047137859660887814,0.030865320557862477,1.9766356949832982,2.6411420917143853,0.31691819816810185
37745000000.0,37.745,Without Lens,0.061049041984118244,0.047157924342609285,0.030827975047805878,1.9803130724430533,2.6397134417792607,0.31710201521628106
37750000000.0,37.75,Without Lens,0.06110742342502798,0.04716892941378882,0.030727648140925226,1.9886788323262803,2.636412795553049,0.31716562285797983
37755000000.0,37.755,Without Lens,0.061162689707080005,0.04714364740695739,0.03060554101207797,1.9984188380444954,2.632418368957225,0.3169986245648669
37760000000.0,37.76,Without Lens,0.06120549058077159,0.04708616555206008,0.030502879385951108,2.0065479657294705,2.628892158551666,0.3166874320991376
37765000000.0,37.765,Without Lens,0.061248088066879446,0.047033119062144434,0.03043794156684335,2.0122283214315058,2.626292918348269,0.3165022271758887
37770000000.0,37.77,Without Lens,0.061306114410572585,0.04701456069426768,0.030407709170219545,2.0161372258392314,2.624478581870481,0.31664218272280903
37775000000.0,37.775,Without Lens,0.0613748488295004,0.047028744709660744,0.030407863774454973,2.018387390996541,2.6234202006711325,0.31706268656303177
37780000000.0,37.78,Without Lens,0.061433002084798856,0.047052928148566715,0.03043437927820907,2.018539675911337,2.6232380991341295,0.3175449421686699
37785000000.0,37.785,Without Lens,0.06146628350883403,0.04706069730119714,0.030465726265068722,2.017555169177431,2.623486242677338,0.31784145009952464
37790000000.0,37.79,Without Lens,0.06147526902958544,0.04703224105218226,0.030465206184474007,2.017884555165594,2.62314508404739,0.3177672387966893
37795000000.0,37.795,Without Lens,0.06146609343628776,0.0469719607675176,0.030412055988084784,2.0211094396370215,2.6216354605191885,0.31731430436998626
37800000000.0,37.8,Without Lens,0.06144783723695494,0.046919851602600635,0.030322672748340263,2.0264650727504994,2.6194481096374203,0.316745998753063
37805000000.0,37.805,Without Lens,0.061435817410322,0.04692295516838119,0.03023922077659723,2.031660070350373,2.617645348445661,0.3164601176048679
37810000000.0,37.81,Without Lens,0.0614424184473172,0.046985407984341435,0.03020098671823514,2.0344506959508943,2.6170009421934077,0.31664964956539393
37815000000.0,37.815,Without Lens,0.0614632419172485,0.04706127764197312,0.03022646662674919,2.0334246366347046,2.6177475163009376,0.31715040252183857
37820000000.0,37.82,Without Lens,0.06148239222151756,0.04710171726500745,0.03030438678950384,2.0288281247391042,2.6195703202465106,0.31764158204301235
37825000000.0,37.825,Without Lens,0.06149067632894873,0.04709293680961034,0.030395343299202807,2.0230295056598844,2.6215792756146414,0.3179056505000104
37830000000.0,37.83,Without Lens,0.061487157271879755,0.04704829813560608,0.03045547885173924,2.0189194059698186,2.6228118969558705,0.3178696846743175
37835000000.0,37.835,Without Lens,0.06146723429989342,0.04698786898119035,0.030469420662423658,2.017341746694178,2.6231020826578106,0.3175501690183518
37840000000.0,37.84,Without Lens,0.06142605214682946,0.04693502858016013,0.030453889598471905,2.0170182842559345,2.6230846658451865,0.31706753275379834
37845000000.0,37.845,Without Lens,0.06137481158448969,0.046911819639864995,0.03042927417486355,2.016966005557538,2.623204835516697,0.3166312216671995
37850000000.0,37.85,Without Lens,0.061340188547092854,0.04692200838101172,0.03039513711963361,2.0180921805241807,2.623026096239718,0.31639564866978587
37855000000.0,37.855,Without Lens,0.061340554418751164,0.04694838406681443,0.03033991982318686,2.0217770770729757,2.6218493102608993,0.3163520215207873
37860000000.0,37.86,Without Lens,0.06137100958659023,0.046975514503563895,0.030264799829551794,2.0278016022648546,2.619686913897873,0.3164134228334926
37865000000.0,37.865,Without Lens,0.06141283828364492,0.04700141917024087,0.03018840996831701,2.0343184138581067,2.617291682044187,0.3165263713128905
37870000000.0,37.87,Without Lens,0.0614474910371472,0.047021466505586834,0.030133294293685765,2.039189291362117,2.615494927561118,0.31663748277070985
37875000000.0,37.875,Without Lens,0.06146124848931281,0.04702189527545489,0.030117170114861844,2.0407378334322215,2.614874192805681,0.3166661653791749
37880000000.0,37.88,Without Lens,0.06145357143739187,0.04700348696570725,0.030145241395936297,2.0385828273936486,2.615571082909189,0.31662729752912183
37885000000.0,37.885,Without Lens,0.061447073744759606,0.04699397892352332,0.030199492673086505,2.034705496874808,2.616940553174418,0.31670595463538154
37890000000.0,37.89,Without Lens,0.0614744429776019,0.047018249107762526,0.03024172116862598,2.0327693200669428,2.6176608219616684,0.3170709631454337
37895000000.0,37.895,Without Lens,0.061544761875162536,0.04706555690432797,0.030239358154978867,2.035253577795575,2.6167230342042145,0.3176330483634498
37900000000.0,37.9,Without Lens,0.06163059372591071,0.04709910928484323,0.03018599854488571,2.041694715987871,2.6142005771151147,0.3180754114041408
37905000000.0,37.905,Without Lens,0.061693933757292756,0.04708905244698383,0.030095920095464666,2.0499102058218774,2.6108820682602505,0.3181129307652777
37910000000.0,37.91,Without Lens,0.06171546895906783,0.04702651651579293,0.02998947658749334,2.0579041711186563,2.6075199342280655,0.317664176092977
37915000000.0,37.915,Without Lens,0.061695062830565514,0.04692236786116499,0.029898436882859442,2.0634879031396736,2.6049561675625754,0.3168638206448379
37920000000.0,37.92,Without Lens,0.06164214540541846,0.046810369045014635,0.029869342063986424,2.063726253941851,2.6043978286911815,0.3160336533072943
37925000000.0,37.925,Without Lens,0.06157592423424993,0.04673771825426325,0.029938625841858087,2.056738494261777,2.6067364313333043,0.31557421124047935
37930000000.0,37.93,Without Lens,0.0615231024846643,0.046730961311013085,0.03009864380513452,2.044048990478737,2.6115002222969372,0.3157167934561473
37935000000.0,37.935,Without Lens,0.06150126599230121,0.0467714337921533,0.030293895725672936,2.0301537494295,2.616887044734759,0.3163220365949481
37940000000.0,37.94,Without Lens,0.06150875955388748,0.04681898523167409,0.030451015661864814,2.019924728846325,2.620873399068161,0.3170061475345183
37945000000.0,37.945,Without Lens,0.06153704680626435,0.04685218115092524,0.030511044540239667,2.0168777481579125,2.6220591466380316,0.31746482182078356
37950000000.0,37.95,Without Lens,0.061582390296944685,0.0468719104592644,0.030450342515188678,2.022387441659393,2.619957437321736,0.3176134298834224
37955000000.0,37.955,Without Lens,0.06163759226016635,0.04687872079994955,0.030295198317493596,2.03456638950518,2.615315653698947,0.3174927126255966
37960000000.0,37.96,Without Lens,0.06168705526872647,0.046868344473076126,0.03011253787224412,2.0485505250484315,2.609970303054849,0.31719450819691375
37965000000.0,37.965,Without Lens,0.0617238866955588,0.046844256745963334,0.029971053430336132,2.0594500236379094,2.605731632724423,0.3168904584961293
37970000000.0,37.97,Without Lens,0.06176246947526154,0.046815231976437964,0.029899391226655813,2.065676488429612,2.603128129943775,0.3167715805370101
37975000000.0,37.975,Without Lens,0.061819366733042135,0.04678121147482381,0.02988397028362284,2.0686463728322164,2.6015539910441055,0.31688578395117395
37980000000.0,37.98,Without Lens,0.06188587192960861,0.046740293274262705,0.029899944647073778,2.0697654346883616,2.600533986010941,0.31710974658072616
37985000000.0,37.985,Without Lens,0.06193136198343427,0.046706991456304726,0.02993007495764427,2.0692016999983065,2.6002659761960363,0.3172946039650309
37990000000.0,37.99,Without Lens,0.06193107308591363,0.04670504009373962,0.029959158797556073,2.06718331126726,2.6009694187576353,0.31736623888968946
37995000000.0,37.995,Without Lens,0.061882820596428606,0.04674172821354345,0.029969568510752127,2.064855240549327,2.6023010576088175,0.3172942951395251
38000000000.0,38.0,Without Lens,0.061806772781641754,0.046804306471357415,0.02994912713071865,2.063725347048492,2.603521216204126,0.3170982876383922
38005000000.0,38.005,Without Lens,0.06174177946897014,0.046877958219475234,0.029895683027427046,2.0652406373297003,2.603806493428143,0.31691555957720896
38010000000.0,38.01,Without Lens,0.061730579733793305,0.046947941919329945,0.029812694230748928,2.07061392224404,2.602419937183303,0.3169193279518314
38015000000.0,38.015,Without Lens,0.06178620696917964,0.04698654793928453,0.0297130872452162,2.079427373509537,2.5992846145085653,0.3170979722426749
38020000000.0,38.02,Without Lens,0.06187004205451825,0.04696296429195417,0.029627747660473113,2.088246557366902,2.5956108209376927,0.3172043200628988
38025000000.0,38.025,Without Lens,0.06191952707494309,0.04687518133234034,0.02959330229617402,2.092349358488065,2.593334453895674,0.31700118104248265
38030000000.0,38.03,Without Lens,0.06189890333721398,0.04675852220533379,0.02962625977851427,2.089325611804183,2.5937027196763243,0.31649395305072997
38035000000.0,38.035,Without Lens,0.061818138529036795,0.04665938636176899,0.02971581827581298,2.0803108282349845,2.596604898926008,0.31590091750406324
38040000000.0,38.04,Without Lens,0.06171180412639883,0.046610829853003626,0.02984110429824674,2.068013418994839,2.60116859628652,0.3154859553773645
38045000000.0,38.045,Without Lens,0.0616161790284012,0.046630703083086054,0.029981180472763106,2.055161873441822,2.606372407073643,0.3154570156428909
38050000000.0,38.05,Without Lens,0.06156266730464731,0.04671687538956846,0.03010621750901144,2.0448489514240795,2.6109192548212383,0.3158870102415909
38055000000.0,38.055,Without Lens,0.06156928607592668,0.046833361168020546,0.030177109944690042,2.0402644981170703,2.613304835887188,0.31660971035807
38060000000.0,38.06,Without Lens,0.06163072175971479,0.04692185050315249,0.03016686545116972,2.0429938887576755,2.612595891947148,0.3172757129924963
38065000000.0,38.065,Without Lens,0.06172552462855939,0.046940924655432134,0.030079410152030178,2.0520856066186286,2.608990166348251,0.3176090813008209
38070000000.0,38.07,Without Lens,0.06183611106090532,0.046890352581462555,0.02994543195382018,2.0649597292924273,2.6035118718455155,0.3176039592878442
38075000000.0,38.075,Without Lens,0.06195043779141085,0.046795868913579154,0.02980741248525312,2.078356778605326,2.597545552165522,0.31742565899031855
38080000000.0,38.08,Without Lens,0.06204884611625483,0.046687344473415125,0.029707957190793857,2.0886271552687923,2.592663995976769,0.31721457665076314
38085000000.0,38.085,Without Lens,0.062108361420181564,0.0465956993340305,0.029674223312002677,2.093007145196615,2.5901595247901414,0.31705256962291406
38090000000.0,38.09,Without Lens,0.06212588992905793,0.046546342259750684,0.029699340724218155,2.091827239733902,2.5901207087999363,0.31700885392068306
38095000000.0,38.095,Without Lens,0.062121305928165046,0.04653916090823358,0.029744226145189956,2.0885164611421874,2.5912529598168996,0.31707924483178235
38100000000.0,38.1,Without Lens,0.06211231984751245,0.04654654575038615,0.029766549540398184,2.0866482950338483,2.5920105341246567,0.3171245635374755
38105000000.0,38.105,Without Lens,0.06209834208567993,0.04654572688784417,0.029747012928881995,2.0875488316807553,2.59176453477516,0.3169928526027194
38110000000.0,38.11,Without Lens,0.062074348289686034,0.04654338783983314,0.02968886299501907,2.090829423144305,2.5907281888537668,0.3166946680758565
38115000000.0,38.115,Without Lens,0.06204654997434337,0.04655895344052692,0.029606031783785545,2.0957401663104562,2.5892740447524503,0.31638314786038063
38120000000.0,38.12,Without Lens,0.062027504899713426,0.04659627733053914,0.02952259237363952,2.101018234262425,2.587804415397766,0.3162078183530929
38125000000.0,38.125,Without Lens,0.06202762307385357,0.04664260097566171,0.029469847014776517,2.1047826628605235,2.5868249626793154,0.3162567020830821
38130000000.0,38.13,Without Lens,0.062055393096918404,0.04668222438555562,0.02946756867898679,2.1058877905040694,2.5865740803951494,0.3165630858401172
38135000000.0,38.135,Without Lens,0.062110197470926325,0.0466987513853163,0.02950950783744003,2.1047520620497893,2.5867934717500147,0.3170378588514761
38140000000.0,38.14,Without Lens,0.06216632645987287,0.0466771178693298,0.029572622602260977,2.1021580431327704,2.587240581548932,0.3174187512669643
38145000000.0,38.145,Without Lens,0.06218166169353247,0.046622018636685136,0.029635501204375404,2.0982152879652305,2.5881349430764504,0.31744344373190436
38150000000.0,38.15,Without Lens,0.06213537154622317,0.046565508431676145,0.029684409262191527,2.093198857265582,2.5897284398371285,0.31709766890786356
38155000000.0,38.155,Without Lens,0.06205154827744237,0.04654175748438687,0.02971020831018757,2.08855985220962,2.5916348005060907,0.3166264806649441
38160000000.0,38.16,Without Lens,0.06197651284155382,0.04655700727018272,0.029714120477895622,2.085759626897193,2.5931306118744377,0.3163043214714193
38165000000.0,38.165,Without Lens,0.06194276566493851,0.0465958252880604,0.029706506094894603,2.0851582298863502,2.5937981031741586,0.31626705907294084
38170000000.0,38.17,Without Lens,0.06195896387006241,0.046644262610612636,0.029692441056737077,2.0866914832522405,2.593515803391258,0.31651611509584093
38175000000.0,38.175,Without Lens,0.06201648597884524,0.04668988308947852,0.029661970703594,2.0907742981261523,2.592101434918923,0.3169265347142052
38180000000.0,38.18,Without Lens,0.062091199095312785,0.046709875260760814,0.02960545459284021,2.097289163407372,2.5895701045614734,0.31724893372049173
38185000000.0,38.185,Without Lens,0.06214871327492676,0.04668212954840127,0.029535180010243963,2.104226663029348,2.586651877447941,0.31724302601832427
38190000000.0,38.19,Without Lens,0.06216879838753014,0.046610958835234334,0.029479112284907422,2.10891012547074,2.5844081836166732,0.3168970601991406
38195000000.0,38.195,Without Lens,0.06216115173877894,0.04652750647179366,0.029454936631566,2.1103814452672305,2.58333404993585,0.3164413834810227
38200000000.0,38.2,Without Lens,0.06214954190226087,0.046466764354115994,0.029458256379170433,2.109749507992131,2.5831710910350103,0.3161356546221536
38205000000.0,38.205,Without Lens,0.06214782740477146,0.046451676767032275,0.02947077885581265,2.10879487470735,2.5834000627404348,0.31609817167997734
38210000000.0,38.21,Without Lens,0.06216147470065991,0.046488881278160005,0.02946957912731243,2.1093438230696893,2.583408627500698,0.3163222627156451
38215000000.0,38.215,Without Lens,0.06219749714863936,0.046558920880633896,0.02943368508660847,2.113139994724532,2.582410618535532,0.3167065921748818
38220000000.0,38.22,Without Lens,0.06225388028267947,0.04661478719263443,0.02935890575116602,2.1204427988671544,2.5799915653360093,0.3170333890911903
38225000000.0,38.225,Without Lens,0.062305372489070254,0.04661376282045839,0.02927081941880529,2.128583132491386,2.576907927420196,0.31706079100874424
38230000000.0,38.23,Without Lens,0.06231958050503393,0.04655832789719961,0.029212613961344183,2.1333106509228785,2.574805062134802,0.3167453934789927
38235000000.0,38.235,Without Lens,0.062288590905912676,0.046491916928145756,0.029216163505934853,2.1319907691938957,2.574935373477188,0.3163134902893228
38240000000.0,38.24,Without Lens,0.06223415982101128,0.04645334902215123,0.02928654611596405,2.125008513280695,2.577342709895482,0.3160565514121911
38245000000.0,38.245,Without Lens,0.06218651112451906,0.0464467563378069,0.02940775168807331,2.1146299038474132,2.581131471690182,0.3161091184022915
38250000000.0,38.25,Without Lens,0.062169836717142185,0.04645335149476328,0.02954769087784819,2.1040505998981702,2.584937254039698,0.31643385320494677
38255000000.0,38.255,Without Lens,0.06219909668214207,0.04645323339951373,0.02965868344330885,2.097163105740437,2.5871727257953827,0.31689543117918206
38260000000.0,38.26,Without Lens,0.06226817490502191,0.046433371430526386,0.029696533991833515,2.0968162453620187,2.586762648755034,0.3172838181108277
38265000000.0,38.265,Without Lens,0.06234388918158955,0.04639312537410987,0.029649047812031877,2.1027282082323664,2.583976498206564,0.31738627586711166
38270000000.0,38.27,Without Lens,0.06238989607649185,0.04635003280530901,0.0295440706690014,2.111756933412475,2.580256459592809,0.3171608836789248
38275000000.0,38.275,Without Lens,0.06240205428191929,0.04632573444521693,0.02942743344105555,2.1205401553932104,2.576969475658829,0.31680294866232195
38280000000.0,38.28,Without Lens,0.06240692670427676,0.04632123729383389,0.029335805513245702,2.1273295760056357,2.574574189245344,0.3165584440491121
38285000000.0,38.285,Without Lens,0.06242683761372134,0.0463192019865788,0.029285579838516682,2.13165789982471,2.572962287784515,0.31651812442857924
38290000000.0,38.29,Without Lens,0.062458981836162004,0.04631357433035374,0.029271548663198,2.1337778385019064,2.5720099891535853,0.3166271587581139
38295000000.0,38.295,Without Lens,0.06248672120320272,0.046319377485391784,0.02927184319599617,2.134704015213832,2.5715793462028356,0.316799578888402
38300000000.0,38.3,Without Lens,0.0624950217063083,0.04634633329678371,0.029263876794371164,2.1355687814517137,2.5714450620080758,0.3169340199931181
38305000000.0,38.305,Without Lens,0.06247375807586317,0.046380725598348625,0.029243039771227237,2.136363338579194,2.5715603115521355,0.31690705524232105
38310000000.0,38.31,Without Lens,0.062427174084498833,0.046404195325776686,0.029219894789049246,2.1364612889672245,2.5719711151580036,0.31669388325532105
38315000000.0,38.315,Without Lens,0.062384854769303305,0.04641786572143849,0.029197179477903536,2.136674017314455,2.572241678729426,0.3164639457168798
38320000000.0,38.32,Without Lens,0.062386097521069064,0.04643658086038744,0.029159196187875634,2.139499906619825,2.571413533172556,0.3164448611943217
38325000000.0,38.325,Without Lens,0.062441970775312675,0.04646911307665046,0.02909127132258661,2.1464160188431647,2.568995389970397,0.3166922713073694
38330000000.0,38.33,Without Lens,0.06252229991260688,0.04651081300055975,0.02900313255818325,2.155708518284387,2.565716610792907,0.31705384767835076
38335000000.0,38.335,Without Lens,0.06258343420517608,0.04654298819901203,0.02892649921346497,2.1635329509920154,2.5629836213318127,0.3173058262005098
38340000000.0,38.34,Without Lens,0.06259768924262857,0.046534433540685996,0.028894042633597027,2.1664565957912054,2.561857653176942,0.31725821387926034
38345000000.0,38.345,Without Lens,0.06255517935249073,0.0464606319471347,0.028925257471595748,2.1626490071495184,2.5628125035066183,0.3168084827261096
38350000000.0,38.35,Without Lens,0.06246062731382245,0.046337469748715415,0.029020346809382824,2.1523046476352845,2.5658898947642963,0.3160504762736914
38355000000.0,38.355,Without Lens,0.062341776854269434,0.04622523867280907,0.029156750926434185,2.1381592555207836,2.570503889206971,0.3153239851974657
38360000000.0,38.36,Without Lens,0.06224507212202133,0.046180864330643494,0.029296893245154717,2.1246304719465696,2.5753442937141466,0.315009898756307
38365000000.0,38.365,Without Lens,0.06220717453644018,0.04620905558161196,0.029407450077159496,2.1153542511581422,2.5789728315141653,0.31522934819991283
38370000000.0,38.37,Without Lens,0.062235003006190476,0.0462688335361523,0.029469370211954896,2.1118538522734864,2.580481858987531,0.31579540828609365
38375000000.0,38.375,Without Lens,0.06231614061497144,0.0463166359808907,0.02946980132257149,2.1145762040561267,2.5794452077058887,0.3164255939921198
38380000000.0,38.38,Without Lens,0.06243277593549085,0.04633266433460727,0.029398662547758966,2.1236604159820884,2.575774144402491,0.31691588899916595
38385000000.0,38.385,Without Lens,0.06255625484473504,0.046318061876763184,0.029267127918837496,2.1374237683387896,2.570240729760469,0.31715112935925294
38390000000.0,38.39,Without Lens,0.06264898082056328,0.046287080195073646,0.02912061040578742,2.1513622121091407,2.5647263827552056,0.317116127325741
38395000000.0,38.395,Without Lens,0.06269178272590496,0.046256677508191846,0.029017667971178544,2.160469366048741,2.5611630033115094,0.31693803550335015
38400000000.0,38.4,Without Lens,0.06270226712437484,0.04623052211337199,0.02899039586400492,2.1628634330663723,2.5600879016441165,0.3168113402122211
38405000000.0,38.405,Without Lens,0.06271269007529176,0.04619668735194505,0.029027838619604257,2.1604326418205346,2.5605724683063094,0.3168281417964546
38410000000.0,38.41,Without Lens,0.06273750352990674,0.046151843005129374,0.029086658705369563,2.1569168244933214,2.561247770944166,0.31693442748254036
38415000000.0,38.415,Without Lens,0.06276975610667763,0.04611846334300896,0.029116628581176973,2.155804403373006,2.5611593429184483,0.31704978402956574
38420000000.0,38.42,Without Lens,0.06279643836537946,0.046123131727026555,0.0290852604444112,2.159046795726594,2.5599444862520846,0.31712614336357453
38425000000.0,38.425,Without Lens,0.0628045683727297,0.046161018162555134,0.028997337907526677,2.165873590638397,2.5579099470165736,0.3170876711628898
38430000000.0,38.43,Without Lens,0.0627844414265354,0.04619988373583767,0.028892254909549036,2.1730543920192544,2.555941723313271,0.31685681073345
38435000000.0,38.435,Without Lens,0.06274527860171977,0.046216393293844346,0.028812431269651016,2.177715515032264,2.5547529265227973,0.31650080485856247
38440000000.0,38.44,Without Lens,0.06272112818754912,0.04621214943935076,0.028772571860934966,2.179893006808568,2.554137208436068,0.31624696561525734
38445000000.0,38.445,Without Lens,0.06273977110642873,0.04619784293591349,0.02876295313824633,2.181270150004283,2.5534538212222757,0.31626114918744946
38450000000.0,38.45,Without Lens,0.06278836128589692,0.04617695195580875,0.028776958541901383,2.1818970616534203,2.5527874591998185,0.31647149525546453
38455000000.0,38.455,Without Lens,0.06282512946850502,0.046147680584121886,0.028815629306691386,2.1802449219429736,2.552878378336607,0.3166506714760074
38460000000.0,38.46,Without Lens,0.06281917367860007,0.04610785953778726,0.02887407018132672,2.1756258568362883,2.5541265518790186,0.31661165787578716
38465000000.0,38.465,Without Lens,0.06276726153049057,0.046058898682479796,0.02893595582432092,2.169178786129268,2.556191624776523,0.31629928099710874
38470000000.0,38.47,Without Lens,0.06268352482728037,0.04601856408582157,0.02898458680468968,2.1626502820160347,2.558554951429514,0.3158176339566007
38475000000.0,38.475,Without Lens,0.06259256310579882,0.046024023464821734,0.02901369638169426,2.157345354495769,2.5609310899707167,0.3154345628916469
38480000000.0,38.48,Without Lens,0.06253064716294654,0.0461009523259469,0.02902428246762375,2.154425255222028,2.5629055207241276,0.31545204474475197
38485000000.0,38.485,Without Lens,0.06252787689663081,0.04622448928108931,0.029021040222670824,2.1545704915079136,2.5638546524492316,0.3159406183211781
38490000000.0,38.49,Without Lens,0.06258496543714531,0.04632640128429399,0.029010594595528433,2.1573141229856727,2.5633977606428338,0.3166394757996118
38495000000.0,38.495,Without Lens,0.0626768058850511,0.04635080807364681,0.028993520086095917,2.1617522018345157,2.561563114995581,0.3171839157761335
38500000000.0,38.5,Without Lens,0.0627786277600519,0.0462944321561775,0.028958253133843846,2.1679010632959,2.558458799114749,0.31739697672254724
38505000000.0,38.505,Without Lens,0.06287222875465019,0.04619570204697331,0.028895633161326713,2.1758384183391772,2.55445512742072,0.31731739593902925
38510000000.0,38.51,Without Lens,0.06293518886337675,0.04610132390010288,0.028820229175697685,2.1837157671336667,2.5506799013833947,0.31705915190453243
38515000000.0,38.515,Without Lens,0.06294931996795879,0.046043506515953125,0.02876427852409685,2.1884546805241065,2.5485419866705303,0.31674467298615233
38520000000.0,38.52,Without Lens,0.0629251523427281,0.04602958837256209,0.028745391708636645,2.1890518306564606,2.548375776218381,0.3165070496026864
38525000000.0,38.525,Without Lens,0.06289981002936147,0.046039547029994375,0.028746583945783756,2.1880794653024136,2.548935382032479,0.31641597035710206
38530000000.0,38.53,Without Lens,0.06290103318496557,0.04604436694528228,0.028733182708609164,2.1891425611587008,2.5486162204287024,0.3164063922833102
38535000000.0,38.535,Without Lens,0.06292323994665312,0.046033905232335685,0.028686493687113263,2.193479643520181,2.5469603843078223,0.3163563582534412
38540000000.0,38.54,Without Lens,0.06294159997057294,0.04601866909869717,0.02862016081572624,2.1992049721812785,2.5448344161045338,0.3162135944732961
38545000000.0,38.545,Without Lens,0.06293486249567248,0.04600422629559408,0.028571604023093455,2.202706660949255,2.543604189836713,0.3159878612156792
38550000000.0,38.55,Without Lens,0.0628945899717909,0.04597997988035422,0.028578365254354695,2.2007763359454997,2.544281645542847,0.31569047292089236
38555000000.0,38.555,Without Lens,0.06283312895900535,0.04594189059513882,0.028649747864391218,2.1931477113311937,2.5468513539371496,0.31539605363089834
38560000000.0,38.56,Without Lens,0.06278985864742175,0.0459095935275295,0.028752101838845825,2.1838354287751187,2.549928286820994,0.3153067338328361
38565000000.0,38.565,Without Lens,0.06280817106281224,0.04590642664650799,0.028831052438359397,2.178490403605477,2.5515663682394307,0.3156041731715619
38570000000.0,38.57,Without Lens,0.0628915390264248,0.04593183061117303,0.028855142620999735,2.1795608447505854,2.5509111016953105,0.316219341892737
38575000000.0,38.575,Without Lens,0.06299424236518951,0.0459627176076137,0.02883621975100282,2.18455272255299,2.5488796721699636,0.31684499963136364
38580000000.0,38.58,Without Lens,0.0630655853324456,0.04597557585119473,0.028805932415646777,2.1893262964884865,2.546965506593526,0.3171983334200813
38585000000.0,38.585,Without Lens,0.06309191502341965,0.04596014061292294,0.028782777474812303,2.192002320784752,2.545785812343078,0.3172132144144645
38590000000.0,38.59,Without Lens,0.06309131455450638,0.0459228763277816,0.028765884382672628,2.1932687246879836,2.545052585112077,0.3170106668919442
38595000000.0,38.595,Without Lens,0.06308612745416571,0.045888574336748394,0.028749035418441753,2.1943737080548313,2.544425693487289,0.31679601718146666
38600000000.0,38.6,Without Lens,0.06309177841173473,0.04588522451791556,0.028729738124404887,2.196044326562814,2.543810511296392,0.31676056430642413
38605000000.0,38.605,Without Lens,0.06311415315740321,0.04591392799733359,0.028708703067622052,2.1984327543024382,2.5431307387531383,0.3169423003764085
38610000000.0,38.61,Without Lens,0.06314235738972736,0.045940285264907774,0.028687005684430323,2.2010787073534637,2.5423107011938635,0.31714395663662587
38615000000.0,38.615,Without Lens,0.06315370677486801,0.04592939446276027,0.0286620040807302,2.2033946613428537,2.541385519000308,0.3170927338710549
38620000000.0,38.62,Without Lens,0.06314032322844011,0.04588451300294767,0.02862157909328447,2.2060391225323706,2.5402150577386338,0.3167274303794817
38625000000.0,38.625,Without Lens,0.06312063275796713,0.04584130339012682,0.028551707410256904,2.210748094710851,2.5384238100861536,0.3162567653234598
38630000000.0,38.63,Without Lens,0.06311450002078133,0.04583125869825059,0.02845713666449261,2.217879499434405,2.5360502034160786,0.3159300828134184
38635000000.0,38.635,Without Lens,0.06311867364999312,0.04586074701247034,0.02836725068485358,2.2250543188415057,2.5339509840020558,0.3158347699348921
38640000000.0,38.64,Without Lens,0.06312086933973776,0.045916076733468765,0.02831306831987787,2.229389927880838,2.5330131758517154,0.3159308832960452
38645000000.0,38.645,Without Lens,0.06312376368711248,0.04597183058246867,0.02829863858498903,2.230628992894251,2.5330739517860508,0.3161383064923564
38650000000.0,38.65,Without Lens,0.06313631456764573,0.04599947459153893,0.028305012142047035,2.230570128385738,2.5332511641743434,0.31633668997889014
38655000000.0,38.655,Without Lens,0.06314872394044944,0.04598467606451287,0.028317857440966612,2.229996533886566,2.53323243659405,0.3163761293633299
38660000000.0,38.66,Without Lens,0.06313629484155547,0.045939797215620845,0.028341888814032216,2.2276671557012238,2.5336774831120716,0.31618793382431765
38665000000.0,38.665,Without Lens,0.06308604830747362,0.0458889398056968,0.02839056737681672,2.2220777580862534,2.5353646187990395,0.3158381808004789
38670000000.0,38.67,Without Lens,0.06300740510171517,0.045845162677517676,0.028470119764456493,2.213106429582946,2.5383989987572937,0.3154484515837862
38675000000.0,38.675,Without Lens,0.06292603216971612,0.045811526222716156,0.028571326443217016,2.2024189984590334,2.5421168079833056,0.3151449056136231
38680000000.0,38.68,Without Lens,0.06288122004275395,0.04579622868689274,0.02866667465400332,2.193530320544959,2.545191849250634,0.3150978724706792
38685000000.0,38.685,Without Lens,0.0629158369859932,0.04580732549639114,0.028721206816216545,2.1905707997781527,2.5460486349794706,0.3154750558310402
38690000000.0,38.69,Without Lens,0.06304132871925809,0.0458326458714779,0.02871748308435143,2.195224718478557,2.5439436799075557,0.3162407062258371
38695000000.0,38.695,Without Lens,0.06321176109894593,0.04584175093578162,0.028671366719923555,2.2046999613387968,2.5398315871446084,0.3170677902843059
38700000000.0,38.7,Without Lens,0.06335439466867832,0.04581317852727392,0.02861415307070222,2.2140929529571265,2.5355994555298307,0.3175625763574953
38705000000.0,38.705,Without Lens,0.06342681142440983,0.045749786873291294,0.028562527470779205,2.220630211710025,2.532440007765244,0.31755285228244273
38710000000.0,38.71,Without Lens,0.06343636899288718,0.04566996798083512,0.02851339494942111,2.2247918602963517,2.530307722234115,0.31714490839340514
38715000000.0,38.715,Without Lens,0.06341233665260966,0.0455964251748629,0.02846290160319242,2.2278943143835095,2.5287915339427656,0.3165791069261763
38720000000.0,38.72,Without Lens,0.06337986347297006,0.04555227857818396,0.028417614221241665,2.2303020577144275,2.527822940582741,0.31610289206064046
38725000000.0,38.725,Without Lens,0.06335756936054014,0.045550655738128505,0.028385639734868857,2.2320289397146067,2.527396975474869,0.3158913485928814
38730000000.0,38.73,Without Lens,0.06335512463474545,0.04558104867791744,0.02836463933169436,2.2335952836866526,2.5271850048027864,0.3159469706388345
38735000000.0,38.735,Without Lens,0.06336598578221518,0.04561889403061392,0.02834331803684403,2.2356587079834656,2.5267931379109805,0.31610394233132916
38740000000.0,38.74,Without Lens,0.06337834740940407,0.045652670522958426,0.02830805047986331,2.2388806835881443,2.5259821268382554,0.3162154429369832
38745000000.0,38.745,Without Lens,0.06339563213022643,0.045690218762984264,0.02825069105837266,2.244038278541079,2.524554162036689,0.3163106270396219
38750000000.0,38.75,Without Lens,0.06343033771414086,0.045736255078076785,0.028178545531016983,2.251015321011553,2.5225135686723164,0.31649578664988853
38755000000.0,38.755,Without Lens,0.06347696076635252,0.045778010627307526,0.028116617908569605,2.2576314467397416,2.5204810212811557,0.31675509095404264
38760000000.0,38.76,Without Lens,0.06351019024303887,0.045797627390388986,0.028090097547639012,2.260945877291086,2.519390292750552,0.3169448789765472
38765000000.0,38.765,Without Lens,0.06351512741809004,0.04578646310486911,0.02809933791024901,2.2603780779803855,2.519437776903432,0.31694983424215417
38770000000.0,38.77,Without Lens,0.06349896448508294,0.0457424948618577,0.028122306576987718,2.257957195340573,2.5199143288795627,0.31674241363552585
38775000000.0,38.775,Without Lens,0.06346795463537935,0.045669009671903134,0.028143196657821074,2.2551793034406926,2.5203333773823218,0.3163285597273684
38780000000.0,38.78,Without Lens,0.06341343457506952,0.04558472848532204,0.028171257319239,2.2509976695915017,2.521254443493436,0.315763423439466
38785000000.0,38.785,Without Lens,0.06333081408034442,0.04552239846176566,0.02822725081447929,2.2436054611403606,2.5235911657917764,0.3152118198884937
38790000000.0,38.79,Without Lens,0.063240003932395,0.045506616429975916,0.028316585123718832,2.2333202840699617,2.5273502110060466,0.31489616782663027
38795000000.0,38.795,Without Lens,0.06317487088789074,0.04553646067373935,0.02841831537102523,2.223033633876223,2.5313744737869723,0.31493927094321994
38800000000.0,38.8,Without Lens,0.06316495384810984,0.04559474190721958,0.028493645998866977,2.216808401796721,2.53398737742925,0.315325728774427
38805000000.0,38.805,Without Lens,0.06322783467842649,0.04566169885927684,0.028504675049132105,2.218156655686963,2.533741485384323,0.31596723480995575
38810000000.0,38.81,Without Lens,0.06335776432726012,0.04571370861632614,0.028437214362569626,2.2279877177651595,2.5301778238366803,0.31669881012110856
38815000000.0,38.815,Without Lens,0.06350911757400936,0.04572526832001028,0.028316362711414494,2.2428416467630727,2.524515427883078,0.31723931655332277
38820000000.0,38.82,Without Lens,0.06361354234014864,0.04568735758091253,0.028192456854879745,2.2564029331533044,2.519156059218037,0.31731813815462495
38825000000.0,38.825,Without Lens,0.06363247279734055,0.04561858660900552,0.028106993849225954,2.2639373366886386,2.516007393244821,0.31691242551913407
38830000000.0,38.83,Without Lens,0.06359014342601858,0.04554886652301699,0.0280689880850867,2.2654946887737855,2.515149340717785,0.3162983185595495
38835000000.0,38.835,Without Lens,0.06354372437738211,0.04549689957226485,0.028063990842397857,2.264244053321989,2.5153706717972972,0.315822233908566
38840000000.0,38.84,Without Lens,0.06353140107933784,0.04547093605977468,0.028074774619831624,2.2629353909206507,2.515625064612534,0.3156779724601898
38845000000.0,38.845,Without Lens,0.06355531426890812,0.04547693335441775,0.0280876611864875,2.262748537407006,2.515580365245496,0.315865234863656
38850000000.0,38.85,Without Lens,0.06359559942212598,0.04551147048515649,0.028089993520096456,2.2639948057171213,2.5152390269852023,0.3162298256478046
38855000000.0,38.855,Without Lens,0.06362408683752349,0.045553478486042145,0.028074279125353506,2.2662767778804844,2.514718754614952,0.31651411572994903
38860000000.0,38.86,Without Lens,0.06361690174458712,0.045576325009062196,0.028044870972544444,2.2683970201491466,2.5143093434676955,0.31649168330440136
38865000000.0,38.865,Without Lens,0.06357817139049582,0.04556698784808059,0.02801379121978372,2.2695311352786858,2.5141223893493656,0.31616299929660013
38870000000.0,38.87,Without Lens,0.06354502027781617,0.04552606393347949,0.027992126958833595,2.270103317667434,2.513782482563234,0.31575984801074564
38875000000.0,38.875,Without Lens,0.0635528903074023,0.045457524290691574,0.027989143475257487,2.2706264792841306,2.512925040773833,0.3155138808731775
38880000000.0,38.88,Without Lens,0.06360081080045185,0.04537134809336178,0.028010858001223205,2.2705770311525075,2.5118049577569628,0.31547690162143877
38885000000.0,38.885,Without Lens,0.06366162347515798,0.04528952962241477,0.0280520213265664,2.269413057050112,2.5109771566376486,0.3155791151851534
38890000000.0,38.89,Without Lens,0.06371485822748292,0.04523429086391425,0.028094428609898834,2.2678823304145626,2.5105622686646676,0.31575284083369143
38895000000.0,38.895,Without Lens,0.0637513785521758,0.045212789299610784,0.028122819633358578,2.2668914206794373,2.510414794246672,0.3159372391519743
38900000000.0,38.9,Without Lens,0.0637593110593352,0.045222355883033534,0.028139029774313623,2.2658674293573946,2.510777090367033,0.3160617587672984
38905000000.0,38.905,Without Lens,0.06373061493151931,0.04526620467007136,0.028153475799986435,2.263685499591138,2.5120909370384545,0.3161235348013432
38910000000.0,38.91,Without Lens,0.06368146856230472,0.04534687972222112,0.02816622541239816,2.2609159598031736,2.5140806257432153,0.31622096264096444
38915000000.0,38.915,Without Lens,0.06364659871308605,0.045446362881511916,0.028164072373506138,2.2598507015966276,2.515599423651766,0.3164336248077878
38920000000.0,38.92,Without Lens,0.06365135451056733,0.04552807839320702,0.028134431656879743,2.2624005804290914,2.5155263636371257,0.3167155260521273
38925000000.0,38.925,Without Lens,0.0637006766501469,0.04556167809523929,0.028075437851296584,2.2689112450370947,2.513451589212258,0.31696391472346286
38930000000.0,38.93,Without Lens,0.06378650796775814,0.04553967763845447,0.027994633092188546,2.27852630744272,2.5096430435652337,0.3171248929261384
38935000000.0,38.935,Without Lens,0.06388513464564465,0.04547444579032922,0.027907190329432525,2.2891998044771893,2.505017495736078,0.31716183478525134
38940000000.0,38.94,Without Lens,0.06395310358292508,0.045392687388399376,0.02783207198341281,2.2978204289295983,2.5010847903794686,0.31699906368807784
38945000000.0,38.945,Without Lens,0.06395328579595566,0.04533006564114465,0.027781195664979476,2.30203503719511,2.4991691217977388,0.3166117309003491
38950000000.0,38.95,Without Lens,0.06389222602614304,0.04531168776741028,0.02775104938093848,2.3023354954652295,2.499318998371328,0.31612786812148264
38955000000.0,38.955,Without Lens,0.0638164103649242,0.04533101720990601,0.02773047616207666,2.301309576941111,2.5003463964743986,0.31574329818105773
38960000000.0,38.96,Without Lens,0.06376666035817725,0.04535811819235851,0.02771664210179415,2.3006632666389817,2.5011490253592936,0.31554916440668723
38965000000.0,38.965,Without Lens,0.06374815469739505,0.04537095107771089,0.02771629893996072,2.3000240701504495,2.501596696307353,0.31550073170444676
38970000000.0,38.97,Without Lens,0.06374363499016286,0.045367710056874413,0.027732257562241173,2.298537536913437,2.502057015294601,0.3155045831124177
38975000000.0,38.975,Without Lens,0.0637337838244922,0.045351260523725005,0.02775807664322425,2.296044666338567,2.502739717487432,0.3154514118687723
38980000000.0,38.98,Without Lens,0.0637030074161205,0.04531827333839227,0.027788001328183133,2.2924645304198856,2.5037458605343548,0.3152286037640398
38985000000.0,38.985,Without Lens,0.06364999050365609,0.045270501471402345,0.027823245571992693,2.287655131352726,2.505147789830568,0.3148396620879729
38990000000.0,38.99,Without Lens,0.06360277134200296,0.045222209005656405,0.027865744038785834,2.282471670358968,2.50662634046269,0.31449927244732967
38995000000.0,38.995,Without Lens,0.06360556576653141,0.04519004925100297,0.027912058266748845,2.278784500901663,2.507452128276512,0.31450451697541526
39000000000.0,39.0,Without Lens,0.06367659907455694,0.045181276409486146,0.027956062013174406,2.277738511402253,2.507205706123384,0.3149671231390581
